application_id,application_date,age,sexo,monthly_income_declared,app_tenure_months,avg_monthly_topups,num_transactions_last_90d,pct_p2p_transfers,device_price_tier,has_bureau_record,bureau_score,utility_payment_ontime_rate,telco_payment_ontime_rate,digital_engagement_score,monto_bono_referidos,requested_amount,product_type,disbursed_flag,default_60_90d,ingreso_corrupto,split
CAND-02052,2024-01-01,22,M,1149897.0,7,14838,2,0.712,3,False,,0.524,0.728,52.7,0,1160359,compra_cartera,True,0,False,train
CAND-00752,2024-01-01,33,M,616023.0,11,51171,3,0.288,3,False,,0.822,0.938,50.3,0,273514,libre_inversion,True,0,False,train
CAND-00542,2024-01-01,43,M,3064570.0,7,31961,6,0.36,1,False,,0.547,0.915,81.2,0,283447,libre_inversion,True,0,False,train
CAND-01204,2024-01-01,34,H,1817355.0,7,43710,3,0.515,2,False,,0.501,0.922,59.6,0,741165,libre_inversion,True,0,False,train
CAND-02825,2024-01-01,30,M,879261.0,5,37064,2,0.544,4,True,530.0,0.697,0.738,19.5,0,167681,avance_efectivo,True,0,False,train
CAND-00041,2024-01-01,33,M,1058109.0,10,94087,5,0.29,3,True,671.0,0.882,0.785,71.9,0,450975,avance_efectivo,True,0,False,train
CAND-02119,2024-01-01,30,M,1666860.0,7,47544,2,0.362,2,True,608.0,0.652,0.562,59.4,0,1943117,libre_inversion,True,0,False,train
CAND-01906,2024-01-01,26,H,612921.0,11,43080,3,0.401,3,False,,0.722,0.821,81.4,0,217470,libre_inversion,True,0,False,train
CAND-00216,2024-01-01,44,M,1116303.0,2,39277,3,0.566,3,False,,0.906,0.432,38.3,0,948963,compra_cartera,True,0,False,train
CAND-00900,2024-01-01,18,H,1710183.0,6,19957,3,0.423,2,True,547.0,0.662,0.701,69.6,0,560432,compra_cartera,True,0,False,train
CAND-00611,2024-01-01,52,H,1138372.0,12,64233,6,0.3,2,False,,0.739,0.72,57.7,0,954515,libre_inversion,True,0,False,train
CAND-01966,2024-01-01,23,M,948986.0,7,89729,2,0.26,4,True,729.0,,0.719,76.4,0,1487092,avance_efectivo,True,0,False,train
CAND-01433,2024-01-01,45,H,1373462.0,1,63814,2,0.568,2,False,,0.637,0.717,34.7,0,1358436,compra_cartera,True,0,False,train
CAND-00139,2024-01-02,38,H,711816.0,12,12348,6,0.493,1,False,,0.697,,32.8,0,508978,avance_efectivo,True,1,False,train
CAND-01203,2024-01-02,27,H,575284.0,4,45156,4,0.367,2,False,,0.882,0.695,45.5,0,583882,avance_efectivo,True,0,False,train
CAND-02965,2024-01-02,31,NB,885475.0,7,52610,2,0.311,3,True,799.0,0.542,0.8,77.9,0,1134938,libre_inversion,True,1,False,train
CAND-00941,2024-01-02,41,H,1566378.0,15,30012,9,0.28,2,False,,0.955,0.63,32.0,0,306144,libre_inversion,True,0,False,train
CAND-00841,2024-01-02,36,M,2083011.0,22,28737,12,0.357,1,False,,0.956,0.909,39.9,0,1057778,libre_inversion,True,0,False,train
CAND-02808,2024-01-02,37,M,1534142.0,6,15431,1,0.734,3,False,,,0.908,41.7,0,451621,libre_inversion,True,0,False,train
CAND-02996,2024-01-02,24,H,883507.0,20,83700,6,0.763,1,True,838.0,0.442,0.593,76.6,0,501687,libre_inversion,True,1,False,train
CAND-02186,2024-01-02,46,H,434014.0,10,57079,9,0.624,3,False,,0.84,0.907,38.4,0,1649418,libre_inversion,True,0,False,train
CAND-02901,2024-01-03,48,M,1714773.0,2,14201,2,0.092,5,False,,0.706,0.893,42.0,0,412404,libre_inversion,True,0,False,train
CAND-00576,2024-01-03,47,H,1543329.0,16,47974,7,0.613,1,True,760.0,0.456,0.613,86.9,0,2207363,compra_cartera,True,0,False,train
CAND-02102,2024-01-03,32,H,1367693.0,4,37363,2,0.777,4,False,,0.8,0.697,27.9,0,1844593,libre_inversion,True,0,False,train
CAND-01201,2024-01-03,29,M,2017745.0,29,57025,14,0.424,3,False,,0.957,,67.4,0,1352506,libre_inversion,True,0,False,train
CAND-02767,2024-01-03,35,M,1926277.0,12,36831,6,0.302,1,False,,0.673,0.602,29.6,0,787611,avance_efectivo,True,0,False,train
CAND-02270,2024-01-03,24,H,1072830.0,11,129788,7,0.289,3,True,632.0,0.681,0.887,62.5,0,256490,compra_cartera,True,0,False,train
CAND-02702,2024-01-03,51,H,1696442.0,20,3811,10,0.47,4,False,,0.933,0.909,22.1,0,379416,libre_inversion,True,0,False,train
CAND-00426,2024-01-03,36,H,1682456.0,5,67489,2,0.109,2,True,650.0,0.788,0.361,64.5,0,2698698,avance_efectivo,True,0,False,train
CAND-01789,2024-01-03,35,H,885891.0,12,4456,10,0.434,1,True,633.0,0.869,0.619,49.8,0,1544428,compra_cartera,True,0,False,train
CAND-02640,2024-01-03,49,M,1763944.0,11,29664,8,0.28,3,True,710.0,0.805,0.844,31.1,0,716946,libre_inversion,True,0,False,train
CAND-01863,2024-01-03,29,H,1586948.0,30,71022,14,0.289,3,True,591.0,0.591,0.642,69.6,0,282336,libre_inversion,True,0,False,train
CAND-02927,2024-01-03,45,M,596247.0,7,10120,5,0.414,1,True,640.0,0.94,0.692,40.3,0,846965,compra_cartera,True,0,False,train
CAND-00653,2024-01-03,30,H,1626809.0,26,25746,8,0.577,2,False,,0.554,,51.9,0,984754,compra_cartera,True,0,False,train
CAND-01566,2024-01-03,32,M,1142335.0,15,61112,8,0.261,1,True,555.0,0.715,,37.3,0,470246,compra_cartera,True,0,False,train
CAND-00999,2024-01-03,18,NB,663358.0,17,66127,3,0.273,1,True,697.0,0.865,0.739,72.7,0,568563,libre_inversion,True,0,False,train
CAND-01008,2024-01-03,42,H,3242342.0,9,81943,2,0.182,4,False,,0.897,0.339,47.7,0,2576964,libre_inversion,True,0,False,train
CAND-01060,2024-01-03,52,H,1312358.0,2,34438,0,0.302,1,False,,0.973,0.711,84.0,0,534012,libre_inversion,True,0,False,train
CAND-00993,2024-01-03,24,H,1214624.0,18,41025,7,0.271,2,False,,0.92,0.892,69.2,0,349534,avance_efectivo,True,0,False,train
CAND-02028,2024-01-03,45,H,1056151.0,8,56247,0,0.415,2,False,,0.524,0.927,66.4,0,559851,avance_efectivo,True,0,False,train
CAND-02004,2024-01-04,20,M,1283784.0,6,29122,1,0.558,2,False,,0.891,0.634,58.9,0,642467,libre_inversion,True,0,False,train
CAND-01476,2024-01-04,23,M,1531868.0,6,37576,7,0.353,2,True,491.0,0.682,0.811,91.1,0,842076,libre_inversion,True,0,False,train
CAND-00330,2024-01-04,26,M,1653234.0,1,17658,1,0.248,3,True,646.0,0.774,0.736,32.2,0,598591,compra_cartera,True,0,False,train
CAND-00387,2024-01-04,39,M,595531.0,37,107209,21,0.285,1,True,590.0,,0.884,36.8,0,305892,libre_inversion,True,0,False,train
CAND-00271,2024-01-04,20,M,1273125.0,12,35262,4,0.447,3,True,873.0,0.686,,21.4,0,245343,avance_efectivo,True,0,False,train
CAND-02666,2024-01-04,41,M,1510839.0,2,34764,1,0.162,2,True,787.0,0.673,0.753,59.7,0,294155,libre_inversion,True,0,False,train
CAND-00020,2024-01-04,36,H,1047159.0,9,21234,3,0.229,3,False,,0.637,0.607,0.0,0,1015232,libre_inversion,True,0,False,train
CAND-00557,2024-01-05,27,H,1429832.0,6,18968,2,0.393,4,False,,0.914,0.776,49.5,20070,697460,avance_efectivo,True,0,False,train
CAND-02487,2024-01-05,31,M,561241.0,1,52116,1,0.266,1,True,597.0,0.74,0.657,36.1,0,159899,avance_efectivo,True,0,False,train
CAND-02415,2024-01-05,23,H,676051.0,12,42286,6,0.744,5,False,,0.872,0.569,35.7,0,3876776,libre_inversion,True,0,False,train
CAND-00942,2024-01-05,28,H,689547.0,21,118011,12,0.348,3,False,,0.775,,83.8,0,402751,libre_inversion,True,0,False,train
CAND-02858,2024-01-05,46,M,1002292.0,4,15341,3,0.62,2,False,,0.732,0.651,49.4,0,1022416,libre_inversion,True,0,False,train
CAND-01519,2024-01-05,34,M,2836974.0,6,23273,7,0.458,1,False,,0.895,,70.2,0,529629,libre_inversion,True,0,False,train
CAND-01698,2024-01-05,36,H,1819606.0,12,50355,2,0.679,2,False,,0.791,0.734,79.2,0,1777687,compra_cartera,True,0,False,train
CAND-01974,2024-01-05,43,M,875541.0,20,66921,5,0.695,1,False,,0.914,,67.1,0,1042141,avance_efectivo,True,0,False,train
CAND-01221,2024-01-05,18,H,540173.0,6,20675,5,0.278,5,False,,,0.879,48.2,0,532404,avance_efectivo,True,0,False,train
CAND-02707,2024-01-05,18,H,1419078.0,58,127470,33,0.426,3,True,602.0,0.902,0.799,58.3,0,1509346,avance_efectivo,True,0,False,train
CAND-01420,2024-01-05,34,M,1596783.0,11,6438,3,0.425,1,False,,0.896,0.638,49.4,0,420750,libre_inversion,True,0,False,train
CAND-02130,2024-01-05,37,H,1130066.0,2,94737,1,0.178,1,True,730.0,0.877,0.621,49.6,0,1212026,libre_inversion,True,0,False,train
CAND-01175,2024-01-05,30,H,885583.0,11,21091,7,0.565,3,False,,0.814,0.835,83.4,0,933215,libre_inversion,True,0,False,train
CAND-02748,2024-01-06,46,H,1249158.0,23,44244,14,0.067,5,True,617.0,0.28,0.797,66.3,0,1098955,libre_inversion,True,0,False,train
CAND-02150,2024-01-06,18,M,1598273.0,44,53274,21,0.51,3,False,,0.648,0.289,52.2,0,620838,libre_inversion,True,0,False,train
CAND-02457,2024-01-06,56,M,1799206.0,31,3770,19,0.542,4,True,738.0,0.7,0.858,48.8,0,243229,avance_efectivo,True,1,False,train
CAND-01841,2024-01-06,28,H,2327623.0,4,33917,3,0.577,2,False,,0.819,0.699,41.8,16702,838119,libre_inversion,True,0,False,train
CAND-00174,2024-01-06,23,M,1460892.0,17,14101,9,0.64,1,True,556.0,,0.809,72.7,0,826051,compra_cartera,True,1,False,train
CAND-00158,2024-01-06,30,H,1512374.0,26,82458,15,0.475,3,False,,0.957,0.848,49.1,0,1179316,libre_inversion,True,0,False,train
CAND-01970,2024-01-06,38,M,1344741.0,22,18291,11,0.272,1,False,,0.896,0.754,43.7,0,352958,libre_inversion,True,1,False,train
CAND-00743,2024-01-06,34,M,1655357.0,8,35715,3,0.229,1,False,,0.664,0.864,41.8,0,538332,avance_efectivo,True,0,False,train
CAND-02892,2024-01-06,40,M,2078615.0,4,17119,0,0.557,4,False,,0.772,0.365,34.0,0,603263,libre_inversion,True,1,False,train
CAND-00699,2024-01-06,36,NB,912991.0,18,42154,12,0.19,2,True,742.0,0.656,0.91,52.1,0,846223,compra_cartera,True,1,False,train
CAND-00523,2024-01-06,26,H,2419635.0,7,49413,5,0.258,1,False,,,,39.7,0,388089,libre_inversion,True,0,False,train
CAND-00541,2024-01-06,34,H,1741218.0,6,21754,1,0.407,4,True,674.0,0.668,0.872,55.5,0,1009731,libre_inversion,True,0,False,train
CAND-01538,2024-01-06,39,NB,1793384.0,17,71766,8,0.277,5,False,,0.943,0.968,11.2,0,233754,libre_inversion,True,0,False,train
CAND-01649,2024-01-06,44,M,722726.0,10,20176,4,0.169,1,False,,,0.951,55.2,0,633408,compra_cartera,True,0,False,train
CAND-02869,2024-01-06,43,M,1929532.0,23,81919,16,0.255,1,False,,0.87,0.634,54.4,0,1053815,avance_efectivo,True,0,False,train
CAND-00259,2024-01-07,54,M,1695886.0,7,52596,8,0.636,2,False,,0.794,0.605,65.4,0,864386,libre_inversion,True,0,False,train
CAND-01680,2024-01-07,25,H,1705965.0,7,11844,6,0.254,2,True,606.0,0.524,0.817,31.9,0,1155267,libre_inversion,True,1,False,train
CAND-01856,2024-01-07,38,H,1220639.0,6,87985,2,0.678,4,False,,0.455,0.646,65.5,0,721564,avance_efectivo,True,0,False,train
CAND-00129,2024-01-07,28,M,2836646.0,9,132173,6,0.528,3,False,,0.77,0.589,41.2,0,486419,compra_cartera,True,0,False,train
CAND-02906,2024-01-07,46,M,802209.0,52,61640,31,0.536,2,True,576.0,0.381,0.758,55.2,0,715636,compra_cartera,True,0,False,train
CAND-00176,2024-01-07,40,H,1613391.0,1,9735,0,0.508,3,True,762.0,0.814,0.955,0.0,0,1213788,compra_cartera,True,0,False,train
CAND-02979,2024-01-07,28,H,2044696.0,26,69948,14,0.763,1,True,764.0,0.758,0.721,62.6,0,649006,compra_cartera,True,1,False,train
CAND-00451,2024-01-07,27,M,2602587.0,29,97579,14,0.082,2,False,,0.821,,51.2,0,1095717,libre_inversion,True,0,False,train
CAND-00310,2024-01-07,35,H,1933349.0,11,19989,4,0.217,2,True,620.0,0.833,0.726,20.8,0,431201,avance_efectivo,True,0,False,train
CAND-02209,2024-01-07,25,H,1453832.0,49,44720,24,0.174,5,True,561.0,0.692,0.892,66.4,0,598802,compra_cartera,True,0,False,train
CAND-02165,2024-01-08,32,M,965702.0,16,22179,14,0.264,1,True,547.0,0.718,0.971,54.7,0,735080,libre_inversion,True,0,False,train
CAND-00258,2024-01-08,53,M,1496919.0,2,59752,3,0.198,1,True,722.0,0.858,0.674,33.2,0,165285,libre_inversion,True,0,False,train
CAND-02408,2024-01-08,33,M,937917.0,6,95905,3,0.477,3,True,524.0,0.446,,18.3,0,313223,avance_efectivo,True,1,False,train
CAND-01634,2024-01-08,18,M,1537290.0,51,37148,20,0.836,3,False,,0.807,0.807,29.9,0,1281970,libre_inversion,True,0,False,train
CAND-00076,2024-01-08,40,H,1974303.0,53,43768,20,0.534,4,False,,0.833,0.905,48.1,0,1184405,avance_efectivo,True,0,False,train
CAND-02501,2024-01-08,45,H,1310560.0,5,46486,4,0.675,3,False,,0.743,0.93,59.2,0,1168456,libre_inversion,True,0,False,train
CAND-02407,2024-01-08,42,M,2370705.0,1,103640,2,0.359,1,True,707.0,0.556,0.86,49.1,0,217150,libre_inversion,True,0,False,train
CAND-02368,2024-01-09,26,M,1060509.0,19,53302,11,0.08,1,True,706.0,0.815,0.602,41.1,0,423218,avance_efectivo,True,0,False,train
CAND-00854,2024-01-09,39,M,1679155.0,3,99786,2,0.401,3,True,768.0,,0.724,78.0,0,746303,libre_inversion,True,0,False,train
CAND-02477,2024-01-09,36,H,3702669.0,2,11750,0,0.428,1,False,,0.701,0.78,45.0,0,760650,libre_inversion,True,0,False,train
CAND-00806,2024-01-09,42,H,873652.0,36,71939,17,0.029,5,False,,0.886,0.517,68.4,0,406082,avance_efectivo,True,0,False,train
CAND-02502,2024-01-09,38,M,760523.0,1,38106,0,0.046,1,False,,0.508,0.762,59.2,0,3102803,libre_inversion,True,0,False,train
CAND-02897,2024-01-09,30,M,2636367.0,3,52321,3,0.302,1,True,791.0,0.882,0.591,81.4,0,1664036,libre_inversion,True,0,False,train
CAND-02815,2024-01-09,47,H,1638556.0,44,37595,24,0.619,3,False,,0.549,0.874,54.5,0,376683,avance_efectivo,True,0,False,train
CAND-02162,2024-01-09,35,M,707623.0,7,76316,5,0.488,1,True,610.0,0.909,0.799,46.1,0,314130,libre_inversion,True,1,False,train
CAND-02774,2024-01-09,37,M,437164.0,43,74568,21,0.302,2,False,,0.804,0.763,16.7,0,798349,compra_cartera,True,0,False,train
CAND-02836,2024-01-09,49,H,676253.0,21,28873,10,0.405,1,False,,0.515,,36.7,0,651552,avance_efectivo,True,0,False,train
CAND-00647,2024-01-10,44,M,1008525.0,18,91717,7,0.594,1,True,746.0,0.666,0.809,26.0,0,190797,libre_inversion,True,0,False,train
CAND-01303,2024-01-10,41,H,1128620.0,14,40179,7,0.042,4,False,,0.679,0.49,53.3,0,418008,libre_inversion,True,0,False,train
CAND-00362,2024-01-10,37,H,1908708.0,3,121979,2,0.259,2,False,,0.851,0.71,78.8,0,456652,compra_cartera,True,0,False,train
CAND-00252,2024-01-10,52,H,1135365.0,7,61848,4,0.296,2,False,,0.507,0.798,47.3,0,1920057,libre_inversion,True,0,False,train
CAND-00616,2024-01-10,38,M,678589.0,23,38614,12,0.25,2,False,,,0.914,38.6,0,725422,avance_efectivo,True,0,False,train
CAND-00697,2024-01-10,38,NB,2400148.0,1,26328,0,0.475,1,True,624.0,0.535,0.76,67.1,0,931215,libre_inversion,True,0,False,train
CAND-01304,2024-01-10,29,M,1170017.0,1,75868,1,0.103,1,False,,0.581,0.603,37.1,0,221677,compra_cartera,True,0,False,train
CAND-02589,2024-01-10,18,H,1141643.0,6,36284,2,0.299,1,False,,,0.862,45.1,0,469687,libre_inversion,True,0,False,train
CAND-01233,2024-01-11,33,M,938185.0,11,11445,8,0.254,1,True,639.0,0.856,0.789,61.2,0,1396998,compra_cartera,True,0,False,train
CAND-02831,2024-01-11,21,H,772103.0,22,77352,13,0.304,4,True,688.0,,,100.0,0,1052590,avance_efectivo,True,0,False,train
CAND-01636,2024-01-11,44,M,1792945.0,8,37093,2,0.527,3,False,,0.568,0.846,63.2,0,732020,libre_inversion,True,0,False,train
CAND-02001,2024-01-11,37,H,1891785.0,16,11599,6,0.568,2,True,599.0,0.605,0.815,56.7,0,318743,libre_inversion,True,0,False,train
CAND-02849,2024-01-11,35,M,1549105.0,5,14035,3,0.539,2,False,,0.69,0.605,36.3,0,1003831,libre_inversion,True,0,False,train
CAND-02410,2024-01-11,46,H,1803168.0,36,28533,13,0.476,2,False,,0.773,0.673,74.3,0,604957,avance_efectivo,True,0,False,train
CAND-02053,2024-01-11,28,M,2517385.0,40,59064,19,0.357,1,False,,0.824,0.822,79.8,0,464182,avance_efectivo,True,0,False,train
CAND-01495,2024-01-11,60,H,2303154.0,10,49844,10,0.745,3,False,,0.552,0.81,38.8,0,388029,avance_efectivo,True,0,False,train
CAND-00606,2024-01-11,44,M,1934021.0,3,164369,4,0.33,2,True,818.0,0.885,0.766,6.6,0,1429404,libre_inversion,True,0,False,train
CAND-02226,2024-01-11,49,H,860036.0,11,25985,5,0.339,2,False,,0.893,0.837,53.4,0,372891,compra_cartera,True,0,False,train
CAND-01881,2024-01-12,20,H,1059668.0,21,59426,15,0.412,2,False,,,,21.5,0,361390,libre_inversion,True,0,False,train
CAND-01762,2024-01-12,44,H,1369699.0,4,51752,0,0.312,3,True,781.0,0.731,0.794,35.5,0,1775533,compra_cartera,True,0,False,train
CAND-02356,2024-01-12,44,H,1800649.0,35,56697,18,0.529,1,False,,0.846,0.938,21.8,0,1085884,libre_inversion,True,0,False,train
CAND-00623,2024-01-12,31,M,1078597.0,12,24943,7,0.578,1,True,643.0,0.796,0.859,24.4,0,620244,libre_inversion,True,0,False,train
CAND-02247,2024-01-12,29,M,1593827.0,19,32256,13,0.358,1,False,,0.727,0.802,79.4,0,306853,libre_inversion,True,0,False,train
CAND-02881,2024-01-12,45,H,2244233.0,7,85596,1,0.319,1,False,,0.798,0.874,56.1,0,452828,avance_efectivo,True,0,False,train
CAND-01312,2024-01-12,39,H,400282.0,18,44658,8,0.298,2,False,,0.656,0.754,85.7,0,621383,compra_cartera,True,0,False,train
CAND-01257,2024-01-12,41,H,2615889.0,5,31306,2,0.263,2,False,,0.851,0.806,50.9,0,683550,compra_cartera,True,0,False,train
CAND-01926,2024-01-13,34,M,1153191.0,7,8010,3,0.728,4,True,657.0,0.528,0.605,36.6,0,310078,avance_efectivo,True,0,False,train
CAND-01767,2024-01-13,57,M,1366943.0,31,193299,15,0.576,1,True,687.0,0.59,,53.5,0,831826,avance_efectivo,True,0,False,train
CAND-01765,2024-01-13,35,H,2276238.0,5,43176,5,0.693,5,False,,0.976,0.384,41.8,0,677429,libre_inversion,True,0,False,train
CAND-00795,2024-01-13,40,H,1528147.0,2,5644,1,0.518,2,False,,0.918,0.59,33.6,0,720919,avance_efectivo,True,0,False,train
CAND-00736,2024-01-13,23,M,1700774.0,22,17380,4,0.485,3,True,741.0,0.492,0.882,39.8,0,247541,libre_inversion,True,0,False,train
CAND-01982,2024-01-13,30,H,541088.0,1,12381,1,0.49,3,False,,0.543,0.776,49.6,0,2279504,libre_inversion,True,0,False,train
CAND-02062,2024-01-13,38,M,652021.0,2,16201,1,0.137,3,False,,0.595,0.912,69.9,0,555438,libre_inversion,True,0,False,train
CAND-02000,2024-01-13,46,M,1145144.0,21,67572,7,0.234,4,False,,,0.856,100.0,0,528714,avance_efectivo,True,0,False,train
CAND-00049,2024-01-13,18,H,1529811.0,21,38732,10,0.197,2,True,669.0,0.761,0.613,56.0,0,459548,libre_inversion,True,0,False,train
CAND-00014,2024-01-13,46,H,1297601.0,12,39068,7,0.537,5,False,,,0.718,47.7,0,426795,compra_cartera,True,0,False,train
CAND-01560,2024-01-14,43,H,1745186.0,6,16513,4,0.347,1,True,795.0,0.887,0.826,28.9,0,332753,compra_cartera,True,0,False,train
CAND-00829,2024-01-14,18,M,1142034.0,12,67878,5,0.47,2,True,534.0,0.935,0.523,60.4,0,781044,compra_cartera,True,0,False,train
CAND-01207,2024-01-14,41,M,1253166.0,2,47486,1,0.34,3,True,498.0,0.797,0.548,57.5,0,633160,avance_efectivo,True,0,False,train
CAND-01662,2024-01-14,20,M,804453.0,2,47338,0,0.452,3,True,529.0,0.473,0.755,36.9,0,809790,compra_cartera,True,0,False,train
CAND-02540,2024-01-14,41,H,919986.0,4,98069,2,0.271,1,False,,0.902,0.818,34.6,0,553981,libre_inversion,True,0,False,train
CAND-02807,2024-01-14,33,M,524590.0,3,132458,1,0.204,2,False,,0.896,0.836,69.6,0,610805,libre_inversion,True,0,False,train
CAND-00240,2024-01-14,25,M,2532457.0,1,28131,2,0.319,1,False,,0.782,0.585,43.1,0,923734,libre_inversion,True,0,False,train
CAND-02012,2024-01-14,19,M,1069701.0,1,14379,0,0.645,3,False,,0.856,0.639,20.8,0,645386,libre_inversion,True,0,False,train
CAND-02176,2024-01-15,30,NB,969453.0,8,20860,2,0.559,4,True,625.0,0.694,0.873,68.5,0,281130,avance_efectivo,True,0,False,train
CAND-00871,2024-01-15,47,M,1107017.0,5,28199,1,0.117,4,False,,0.576,0.524,29.5,0,158458,avance_efectivo,True,0,False,train
CAND-02873,2024-01-15,45,M,1575367.0,14,118104,4,0.091,4,False,,0.711,0.885,61.1,0,294532,avance_efectivo,True,0,False,train
CAND-00707,2024-01-15,46,H,2539427.0,13,53635,5,0.753,2,True,611.0,0.47,0.878,60.4,0,760709,libre_inversion,True,0,False,train
CAND-02357,2024-01-15,28,NB,1335865.0,4,31836,3,0.197,5,True,841.0,0.53,0.735,61.4,0,176673,libre_inversion,True,0,False,train
CAND-02652,2024-01-15,37,M,2706409.0,15,25975,5,0.383,2,False,,0.615,0.899,51.3,0,1270149,avance_efectivo,True,0,False,train
CAND-01703,2024-01-15,18,H,3907641.0,1,35194,2,0.245,1,False,,0.86,0.93,7.5,0,434233,libre_inversion,True,0,False,train
CAND-01351,2024-01-15,31,H,1339306.0,18,25592,8,0.478,2,True,600.0,0.726,0.974,63.0,0,845080,libre_inversion,True,0,False,train
CAND-00071,2024-01-15,32,M,1025500.0,27,39349,21,0.196,2,True,693.0,0.54,0.652,12.7,0,1650181,compra_cartera,True,1,False,train
CAND-02765,2024-01-15,47,M,667964.0,7,30991,3,0.528,2,True,659.0,0.676,0.796,70.5,0,1374413,compra_cartera,True,1,False,train
CAND-01470,2024-01-15,23,M,489251.0,4,11745,0,0.385,2,True,681.0,0.614,0.507,60.8,0,368712,avance_efectivo,True,1,False,train
CAND-00317,2024-01-15,18,M,1638008.0,4,51207,5,0.03,2,True,679.0,0.716,0.86,74.4,0,498429,libre_inversion,True,0,False,train
CAND-01872,2024-01-15,44,H,688268.0,11,77845,10,0.155,1,True,750.0,0.757,0.789,50.9,0,230345,libre_inversion,True,0,False,train
CAND-01869,2024-01-15,30,H,1430190.0,6,29476,3,0.452,1,True,746.0,0.942,0.967,30.0,0,758670,libre_inversion,True,0,False,train
CAND-02580,2024-01-15,20,M,,17,9032,12,0.196,2,False,,0.87,0.272,68.3,0,900625,libre_inversion,True,1,True,train
CAND-00115,2024-01-15,45,H,1653569.0,1,119025,3,0.26,3,False,,0.801,0.955,41.3,0,2508118,libre_inversion,True,0,False,train
CAND-01883,2024-01-16,27,H,3461468.0,10,19591,6,0.513,5,False,,0.768,0.962,42.2,0,621151,libre_inversion,True,0,False,train
CAND-01790,2024-01-16,35,M,963298.0,5,33814,2,0.355,1,False,,0.343,0.924,51.0,0,413183,libre_inversion,True,0,False,train
CAND-02886,2024-01-16,40,M,923775.0,13,35989,5,0.292,4,False,,0.827,0.694,63.5,0,412847,avance_efectivo,True,0,False,train
CAND-01976,2024-01-16,40,M,2108803.0,5,23073,4,0.539,2,False,,0.774,0.898,91.9,0,1300947,avance_efectivo,True,0,False,train
CAND-00007,2024-01-16,39,H,904443.0,16,60403,12,0.362,4,False,,0.85,0.767,70.8,0,848827,compra_cartera,True,0,False,train
CAND-02503,2024-01-16,26,H,1697839.0,8,20381,5,0.038,3,True,659.0,0.758,0.718,0.0,0,189779,compra_cartera,True,0,False,train
CAND-00955,2024-01-16,28,M,893501.0,5,60092,4,0.489,3,True,588.0,0.898,0.625,48.1,0,178905,libre_inversion,True,0,False,train
CAND-01415,2024-01-16,40,H,1132332.0,18,107463,15,0.263,3,True,768.0,0.861,0.784,45.9,0,465421,libre_inversion,True,0,False,train
CAND-00784,2024-01-16,38,M,1098488.0,2,17422,4,0.355,4,True,644.0,0.803,0.811,73.3,0,910539,libre_inversion,True,0,False,train
CAND-02009,2024-01-16,28,NB,866802.0,1,21397,1,0.578,2,False,,0.871,0.912,60.1,19211,587225,libre_inversion,True,0,False,train
CAND-01710,2024-01-16,27,M,800253.0,10,29540,5,0.323,3,True,799.0,0.831,0.724,63.2,0,215274,compra_cartera,True,0,False,train
CAND-02243,2024-01-17,44,M,983376.0,2,84027,0,0.045,1,False,,0.658,0.781,65.2,0,726468,compra_cartera,True,0,False,train
CAND-01744,2024-01-17,58,H,1444464.0,2,28821,1,0.37,2,False,,0.782,0.759,35.2,0,287389,avance_efectivo,True,0,False,train
CAND-00518,2024-01-17,33,M,,12,35559,3,0.445,1,False,,0.708,0.963,45.5,0,1140,compra_cartera,True,0,True,train
CAND-01553,2024-01-17,38,M,790350.0,17,74764,10,0.35,3,False,,0.891,0.759,47.1,0,228043,avance_efectivo,True,0,False,train
CAND-01479,2024-01-17,18,H,1728034.0,1,12292,2,0.161,2,False,,,0.858,76.4,0,363971,libre_inversion,True,1,False,train
CAND-00128,2024-01-17,33,M,1605713.0,14,103456,7,0.185,1,False,,0.866,0.807,69.5,0,619512,avance_efectivo,True,0,False,train
CAND-00519,2024-01-17,30,H,1006287.0,12,88328,12,0.955,4,False,,0.574,0.37,60.5,0,245404,avance_efectivo,True,0,False,train
CAND-02126,2024-01-17,35,H,1802367.0,2,60318,2,0.337,5,False,,0.739,0.792,51.6,0,1249559,libre_inversion,True,0,False,train
CAND-00409,2024-01-18,18,M,1020594.0,14,25403,7,0.339,1,False,,0.97,0.605,86.6,0,1047776,libre_inversion,True,0,False,train
CAND-00003,2024-01-18,21,H,1140046.0,54,104253,37,0.615,1,False,,0.456,0.664,74.1,0,410278,avance_efectivo,True,0,False,train
CAND-02522,2024-01-18,33,H,1032107.0,2,65308,1,0.488,2,True,728.0,0.868,0.924,29.4,0,468414,avance_efectivo,True,0,False,train
CAND-01808,2024-01-18,41,M,1748649.0,1,41263,0,0.28,1,False,,0.775,0.656,45.0,0,696917,libre_inversion,True,0,False,train
CAND-00359,2024-01-18,29,NB,1855858.0,11,21679,5,0.123,3,False,,0.816,0.77,68.8,0,484061,libre_inversion,True,0,False,train
CAND-02743,2024-01-18,22,H,986529.0,7,66063,2,0.756,1,False,,0.94,0.83,55.4,0,259120,libre_inversion,True,0,False,train
CAND-02195,2024-01-18,46,H,1215490.0,13,31056,4,0.211,2,False,,0.598,0.787,70.9,0,311129,avance_efectivo,True,0,False,train
CAND-02794,2024-01-19,22,H,1263344.0,10,75709,5,0.505,4,True,758.0,0.733,0.715,35.3,0,517985,compra_cartera,True,1,False,train
CAND-02562,2024-01-19,18,H,953192.0,8,90829,2,0.852,4,True,701.0,0.597,0.885,63.1,0,200896,avance_efectivo,True,0,False,train
CAND-00980,2024-01-19,40,H,2079578.0,8,57177,5,0.778,4,False,,0.797,0.929,58.2,0,217733,libre_inversion,True,0,False,train
CAND-00126,2024-01-19,41,M,1828478.0,27,90039,17,0.329,1,False,,0.527,0.652,54.7,0,681946,libre_inversion,True,0,False,train
CAND-02530,2024-01-19,31,H,1926998.0,7,25321,3,0.319,1,True,826.0,0.822,0.591,52.8,0,604250,avance_efectivo,True,1,False,train
CAND-02092,2024-01-19,23,M,1565621.0,2,30909,0,0.179,3,True,629.0,0.735,0.79,47.9,0,727941,avance_efectivo,True,0,False,train
CAND-00548,2024-01-20,44,M,999741.0,8,32224,6,0.129,2,False,,0.819,0.572,26.0,0,322504,avance_efectivo,True,0,False,train
CAND-01577,2024-01-20,48,NB,5067733.0,5,11301,0,0.474,1,True,636.0,0.849,0.794,38.7,0,212460,libre_inversion,True,0,False,train
CAND-00464,2024-01-20,49,H,951447.0,38,31000,13,0.732,1,True,646.0,0.907,0.805,47.1,0,271987,avance_efectivo,True,0,False,train
CAND-01318,2024-01-20,35,M,2953818.0,4,100959,5,0.406,1,False,,0.491,0.79,45.6,0,1087071,libre_inversion,True,0,False,train
CAND-01718,2024-01-20,21,M,966353.0,7,19467,2,0.434,2,True,699.0,0.253,0.436,51.6,0,743288,libre_inversion,True,0,False,train
CAND-01505,2024-01-20,50,H,1705210.0,10,51362,6,0.504,2,False,,0.821,0.858,0.0,0,817972,compra_cartera,True,0,False,train
CAND-01913,2024-01-21,35,M,1367219.0,18,47772,5,0.28,1,False,,0.528,0.936,27.8,0,494349,libre_inversion,True,0,False,train
CAND-01064,2024-01-21,41,H,657741.0,33,18086,11,0.188,4,True,757.0,0.764,0.9,50.4,0,1043576,libre_inversion,True,0,False,train
CAND-02277,2024-01-21,18,M,1047296.0,16,92468,7,0.36,3,False,,0.646,0.774,41.2,0,956865,compra_cartera,True,0,False,train
CAND-00117,2024-01-21,25,M,1271059.0,10,220068,10,0.834,2,False,,0.514,0.961,72.3,0,589312,avance_efectivo,True,0,False,train
CAND-02278,2024-01-21,43,M,672419.0,12,7557,6,0.539,3,True,600.0,0.878,0.761,37.6,0,1758103,libre_inversion,True,0,False,train
CAND-00894,2024-01-21,32,H,1158196.0,23,20346,12,0.428,1,False,,0.915,,29.5,0,453290,libre_inversion,True,1,False,train
CAND-02870,2024-01-21,33,H,1854535.0,36,11595,19,0.874,2,False,,0.692,0.273,53.5,0,1299470,libre_inversion,True,0,False,train
CAND-01941,2024-01-21,35,H,714783.0,3,23262,0,0.234,3,False,,0.539,0.71,65.8,0,1143581,libre_inversion,True,0,False,train
CAND-02629,2024-01-21,40,H,1677233.0,7,64090,2,0.137,1,False,,0.722,0.546,9.0,0,254482,libre_inversion,True,0,False,train
CAND-02563,2024-01-21,48,M,2077212.0,1,67751,2,0.259,1,False,,0.734,0.83,71.5,0,454435,libre_inversion,True,0,False,train
CAND-01742,2024-01-22,40,M,873522.0,3,35284,2,0.525,2,True,664.0,0.672,0.759,71.1,0,284622,avance_efectivo,True,0,False,train
CAND-00235,2024-01-22,37,M,665232.0,31,40533,11,0.328,3,True,722.0,0.833,0.757,29.8,0,468167,avance_efectivo,True,0,False,train
CAND-00728,2024-01-22,59,M,1189606.0,2,25537,2,0.451,5,False,,0.756,0.494,10.8,0,441672,avance_efectivo,True,0,False,train
CAND-02793,2024-01-22,31,H,821910.0,1,31059,0,0.523,2,True,589.0,0.544,0.893,20.0,0,260273,libre_inversion,True,0,False,train
CAND-01193,2024-01-22,35,H,1124703.0,6,112530,3,0.411,2,False,,0.809,0.58,68.6,0,512790,libre_inversion,True,0,False,train
CAND-01181,2024-01-22,24,M,1338393.0,60,52277,29,0.634,3,True,765.0,0.721,0.843,38.5,0,294356,libre_inversion,True,0,False,train
CAND-00702,2024-01-22,27,H,1248957.0,3,63501,1,0.608,2,False,,0.696,0.529,72.1,0,258305,libre_inversion,True,0,False,train
CAND-00998,2024-01-22,41,H,1159213.0,10,78287,5,0.29,1,False,,0.74,0.706,60.1,9372,711870,compra_cartera,True,0,False,train
CAND-02851,2024-01-22,27,H,617089.0,3,15776,5,0.481,3,False,,0.497,0.841,69.2,0,299428,libre_inversion,True,0,False,train
CAND-02752,2024-01-22,29,H,1301662.0,39,38988,21,0.214,2,False,,,0.948,36.0,0,217855,libre_inversion,True,0,False,train
CAND-00459,2024-01-22,24,M,1055187.0,2,48464,1,0.645,1,True,763.0,0.814,0.897,37.8,0,697947,avance_efectivo,True,0,False,train
CAND-02236,2024-01-23,35,M,1429056.0,6,62358,2,0.562,5,False,,0.47,0.769,48.9,0,812024,compra_cartera,True,0,False,train
CAND-00905,2024-01-23,49,H,1271714.0,23,14884,7,0.319,2,True,569.0,0.756,0.849,52.7,0,383965,compra_cartera,True,1,False,train
CAND-00924,2024-01-23,53,H,1111267.0,3,52328,0,0.203,1,False,,0.848,,55.3,0,351986,libre_inversion,True,0,False,train
CAND-02135,2024-01-23,18,M,967718.0,1,111056,1,0.892,3,True,790.0,0.877,0.741,22.8,0,495924,libre_inversion,True,0,False,train
CAND-01722,2024-01-23,47,M,2089462.0,19,46854,11,0.542,1,True,689.0,0.84,0.882,36.4,0,183936,libre_inversion,True,0,False,train
CAND-00601,2024-01-23,50,M,1103020.0,13,60618,6,0.362,3,True,709.0,0.675,0.854,73.9,0,931021,compra_cartera,True,0,False,train
CAND-02388,2024-01-23,59,H,1445602.0,1,118224,1,0.287,3,False,,0.739,0.885,21.6,0,806283,avance_efectivo,True,0,False,train
CAND-00684,2024-01-23,20,H,1081946.0,6,25946,6,0.343,2,True,519.0,0.539,0.622,40.7,0,1122878,compra_cartera,True,1,False,train
CAND-00701,2024-01-23,37,NB,1534001.0,1,56892,0,0.777,4,False,,0.528,0.789,57.5,0,957581,libre_inversion,True,0,False,train
CAND-01643,2024-01-23,32,H,741942.0,3,49772,0,0.919,4,True,728.0,0.809,0.565,32.3,0,999182,avance_efectivo,True,1,False,train
CAND-00401,2024-01-24,34,H,1131407.0,12,57708,10,0.31,3,False,,0.645,0.824,79.2,0,1064252,libre_inversion,True,0,False,train
CAND-00560,2024-01-24,62,H,768970.0,9,25875,5,0.294,3,False,,0.925,0.902,55.4,0,282080,compra_cartera,True,0,False,train
CAND-01072,2024-01-24,34,H,1153249.0,49,28091,30,0.473,3,False,,0.959,0.811,69.8,0,780636,avance_efectivo,True,0,False,train
CAND-01740,2024-01-24,64,M,1047361.0,39,27970,25,0.669,3,False,,0.849,0.95,49.6,0,449685,libre_inversion,True,0,False,train
CAND-01177,2024-01-24,37,H,1366853.0,14,71538,7,0.08,2,False,,0.82,0.728,59.4,0,1700802,libre_inversion,True,0,False,train
CAND-01115,2024-01-24,23,H,1630435.0,15,10188,7,0.44,2,False,,0.542,0.421,51.9,0,2007692,libre_inversion,True,0,False,train
CAND-00275,2024-01-24,55,M,1098130.0,2,24783,1,0.212,4,True,640.0,0.759,0.715,49.6,0,523870,libre_inversion,True,1,False,train
CAND-02911,2024-01-24,38,H,1017976.0,14,23681,6,0.542,5,True,629.0,0.572,0.823,50.3,0,187676,libre_inversion,True,0,False,train
CAND-01908,2024-01-24,28,NB,,12,38792,10,0.082,2,False,,0.832,0.79,79.0,0,531905,libre_inversion,True,0,True,train
CAND-01399,2024-01-24,41,M,1132945.0,13,67999,8,0.458,1,False,,0.897,0.454,87.5,0,404117,compra_cartera,True,0,False,train
CAND-01289,2024-01-24,31,H,1350582.0,18,62256,9,0.147,4,True,740.0,0.627,0.898,48.9,0,828215,compra_cartera,True,0,False,train
CAND-00844,2024-01-24,41,M,2307890.0,16,103463,8,0.018,2,False,,0.774,0.848,82.0,0,442088,libre_inversion,True,0,False,train
CAND-02631,2024-01-24,43,NB,1217508.0,2,57105,0,0.671,4,False,,,0.737,5.2,0,263690,avance_efectivo,True,0,False,train
CAND-02818,2024-01-24,45,H,1718829.0,28,88751,18,0.211,4,True,663.0,0.893,0.747,65.8,0,435691,avance_efectivo,True,0,False,train
CAND-00170,2024-01-24,32,H,1265891.0,6,59710,1,0.352,1,False,,0.733,0.812,56.1,0,606544,avance_efectivo,True,0,False,train
CAND-00167,2024-01-24,47,M,591296.0,1,126234,1,0.767,2,False,,0.79,0.791,36.2,0,801977,avance_efectivo,True,0,False,train
CAND-00150,2024-01-24,41,H,1320751.0,1,90652,4,0.249,2,False,,0.887,0.861,48.8,0,534313,compra_cartera,True,0,False,train
CAND-00687,2024-01-24,30,M,765412.0,25,56234,13,0.693,2,True,652.0,0.472,0.51,45.4,0,1166990,libre_inversion,True,1,False,train
CAND-02618,2024-01-24,21,H,1138730.0,1,9150,0,0.19,1,True,504.0,0.564,0.755,30.4,0,658664,compra_cartera,True,1,False,train
CAND-00239,2024-01-24,46,M,1450704.0,1,59741,0,0.568,1,False,,0.835,0.51,26.2,0,2913766,avance_efectivo,True,0,False,train
CAND-00233,2024-01-24,20,M,537898.0,23,43305,10,0.337,1,True,626.0,,0.89,39.5,0,2247786,libre_inversion,True,1,False,train
CAND-01091,2024-01-25,29,M,1729134.0,13,42239,5,0.325,2,True,677.0,0.556,0.931,48.9,0,549671,libre_inversion,True,0,False,train
CAND-01514,2024-01-25,40,M,1186699.0,3,36841,0,0.441,1,False,,0.823,0.878,30.7,0,764130,libre_inversion,True,0,False,train
CAND-01949,2024-01-25,22,M,1202908.0,30,22197,18,0.282,1,False,,0.568,0.819,56.0,0,847575,libre_inversion,True,0,False,train
CAND-00498,2024-01-25,35,H,971227.0,13,65032,6,0.296,1,False,,0.99,0.853,73.0,0,383181,libre_inversion,True,0,False,train
CAND-01664,2024-01-25,45,H,2246110.0,14,24347,15,0.323,2,False,,0.801,0.733,63.2,0,378702,compra_cartera,True,0,False,train
CAND-02682,2024-01-25,18,M,523709.0,2,106438,1,0.513,1,True,718.0,0.907,0.955,47.1,0,294253,avance_efectivo,True,0,False,train
CAND-00918,2024-01-25,28,H,518701.0,9,30941,3,0.767,4,True,661.0,0.846,0.788,38.1,0,1100842,libre_inversion,True,0,False,train
CAND-01836,2024-01-25,35,M,1471471.0,7,10800,4,0.36,3,True,620.0,0.722,0.692,46.9,0,587302,compra_cartera,True,0,False,train
CAND-01932,2024-01-25,36,H,1918563.0,2,167233,1,0.503,5,False,,0.989,0.882,100.0,0,840652,avance_efectivo,True,0,False,train
CAND-02766,2024-01-25,27,M,824812.0,4,33677,2,0.763,3,True,655.0,0.612,0.665,57.4,0,1239819,libre_inversion,True,0,False,train
CAND-01262,2024-01-26,44,M,499798.0,21,10367,9,0.12,3,False,,0.632,0.744,62.6,0,410404,libre_inversion,True,1,False,train
CAND-02624,2024-01-26,23,M,1201486.0,2,81528,1,0.188,4,True,695.0,0.893,,75.8,0,372672,compra_cartera,True,0,False,train
CAND-01119,2024-01-26,39,NB,2616872.0,4,32028,0,0.294,3,True,563.0,0.753,0.915,48.6,0,587771,libre_inversion,True,0,False,train
CAND-00514,2024-01-26,27,H,2555872.0,8,48990,5,0.537,3,False,,0.428,0.583,29.8,0,891177,compra_cartera,True,0,False,train
CAND-02594,2024-01-26,37,H,1649006.0,11,18431,5,0.216,2,True,772.0,,0.751,31.3,0,693128,libre_inversion,True,0,False,train
CAND-00432,2024-01-26,37,M,2983023.0,19,194367,16,0.747,5,False,,0.477,0.897,62.6,0,325455,compra_cartera,True,0,False,train
CAND-01139,2024-01-26,41,H,1189412.0,7,84525,1,0.312,4,True,658.0,0.862,0.911,45.3,0,1297243,libre_inversion,True,0,False,train
CAND-01542,2024-01-26,38,M,553176.0,20,49215,13,0.124,4,False,,0.774,0.86,63.4,0,626184,avance_efectivo,True,0,False,train
CAND-00691,2024-01-26,45,M,1109146.0,16,72439,7,0.009,2,False,,0.859,,59.9,0,439082,libre_inversion,True,0,False,train
CAND-00042,2024-01-26,27,H,1668358.0,10,9732,5,0.387,2,True,626.0,0.674,0.588,42.1,0,494841,libre_inversion,True,1,False,train
CAND-01825,2024-01-26,42,H,1370527.0,1,53489,2,0.557,2,False,,0.563,0.944,43.5,0,876099,compra_cartera,True,0,False,train
CAND-02451,2024-01-26,25,M,1371954.0,54,110366,27,0.316,4,False,,0.934,0.992,72.9,0,613199,libre_inversion,True,0,False,train
CAND-00407,2024-01-26,22,H,1408056.0,29,68170,16,0.238,2,False,,0.697,0.799,39.8,0,193416,avance_efectivo,True,0,False,train
CAND-01061,2024-01-26,24,NB,501315.0,1,33001,0,0.273,3,True,617.0,0.873,0.694,68.2,0,601989,libre_inversion,True,0,False,train
CAND-02969,2024-01-26,32,M,1440964.0,7,30117,5,0.432,3,False,,0.717,0.671,52.4,0,226273,libre_inversion,True,0,False,train
CAND-02649,2024-01-26,20,M,1651273.0,21,127701,13,0.536,3,False,,0.828,0.758,71.8,0,652799,compra_cartera,True,0,False,train
CAND-00631,2024-01-26,23,M,1276693.0,3,40258,0,0.3,5,True,660.0,0.618,0.848,88.3,0,312967,libre_inversion,True,1,False,train
CAND-01604,2024-01-27,18,M,921708.0,5,66678,2,0.434,5,True,606.0,0.499,0.943,44.5,0,687735,libre_inversion,True,0,False,train
CAND-01547,2024-01-27,27,M,967475.0,18,45750,9,0.519,1,True,699.0,0.59,0.73,55.8,0,589804,compra_cartera,True,0,False,train
CAND-01211,2024-01-27,45,NB,1750904.0,23,49754,12,0.48,1,False,,0.634,0.778,27.7,0,795381,libre_inversion,True,0,False,train
CAND-02364,2024-01-27,37,M,1116592.0,9,22934,4,0.557,1,True,561.0,0.709,0.721,46.0,0,705865,avance_efectivo,True,0,False,train
CAND-02504,2024-01-27,25,M,1505766.0,6,132632,3,0.197,2,False,,0.627,0.782,21.3,0,137085,libre_inversion,True,0,False,train
CAND-00640,2024-01-27,31,M,1004085.0,11,75193,7,0.34,1,False,,0.649,0.689,33.3,0,478045,libre_inversion,True,0,False,train
CAND-02978,2024-01-27,18,M,1073857.0,3,21371,0,0.53,3,False,,,0.652,65.4,0,1466113,avance_efectivo,True,0,False,train
CAND-02300,2024-01-27,32,H,805738.0,5,44681,3,0.119,1,False,,0.682,0.79,59.7,0,1099851,avance_efectivo,True,0,False,train
CAND-01215,2024-01-27,40,M,1460438.0,18,24797,7,0.204,3,False,,0.801,0.825,36.2,0,473313,libre_inversion,True,0,False,train
CAND-01998,2024-01-28,26,M,1975132.0,18,17411,7,0.388,2,False,,0.914,0.605,41.0,0,602002,compra_cartera,True,0,False,train
CAND-01364,2024-01-28,30,H,1051707.0,29,34244,15,0.333,2,False,,0.797,0.748,40.4,0,753072,libre_inversion,True,0,False,train
CAND-00633,2024-01-28,33,H,1088796.0,6,12148,2,0.455,4,True,637.0,,0.95,54.8,0,644106,compra_cartera,True,1,False,train
CAND-01453,2024-01-28,21,M,880172.0,10,20363,3,0.172,3,True,674.0,0.619,0.708,41.0,0,664906,libre_inversion,True,0,False,train
CAND-02728,2024-01-28,27,M,,7,15880,7,0.35,2,False,,0.713,0.742,28.7,0,346497,compra_cartera,True,0,True,train
CAND-01632,2024-01-28,40,H,3013413.0,3,35817,2,0.345,2,False,,0.863,0.803,33.4,0,1135986,libre_inversion,True,0,False,train
CAND-00710,2024-01-28,37,M,3406301.0,25,15231,8,0.641,1,False,,0.956,0.782,52.6,9438,353407,compra_cartera,True,0,False,train
CAND-01068,2024-01-28,34,NB,1504389.0,7,82103,2,0.482,1,True,613.0,0.519,0.84,15.5,0,416901,libre_inversion,True,0,False,train
CAND-02474,2024-01-28,38,H,985750.0,3,73885,2,0.134,1,True,774.0,0.98,0.9,84.9,0,705899,avance_efectivo,True,0,False,train
CAND-01094,2024-01-28,37,H,1153027.0,1,10765,1,0.277,2,False,,0.705,,14.1,0,887525,libre_inversion,True,1,False,train
CAND-02438,2024-01-28,43,H,2041466.0,1,11392,2,0.422,3,True,678.0,0.633,0.486,47.5,0,1635243,libre_inversion,True,0,False,train
CAND-02565,2024-01-28,29,M,1156135.0,1,73626,1,0.14,4,False,,0.593,0.71,22.5,0,565850,libre_inversion,True,0,False,train
CAND-02289,2024-01-28,29,M,900777.0,60,87822,49,0.248,2,False,,0.613,0.942,30.0,0,330009,libre_inversion,True,0,False,train
CAND-01955,2024-01-29,26,M,1012692.0,3,35192,3,0.448,2,False,,,0.692,34.9,0,199480,libre_inversion,True,0,False,train
CAND-02889,2024-01-29,18,M,1360310.0,10,77967,7,0.325,1,False,,0.78,0.883,63.1,0,1329239,libre_inversion,True,0,False,train
CAND-02031,2024-01-29,21,H,728445.0,39,10918,24,0.756,1,True,653.0,0.684,0.828,82.9,22760,277899,libre_inversion,True,0,False,train
CAND-01606,2024-01-29,30,H,504910.0,24,51349,15,0.72,3,False,,0.865,0.469,59.3,0,6258154,avance_efectivo,True,0,False,train
CAND-00564,2024-01-29,34,H,1260711.0,7,24582,2,0.441,2,True,606.0,0.853,0.817,82.8,0,320933,libre_inversion,True,0,False,train
CAND-01778,2024-01-29,36,M,3629436.0,6,9597,4,0.583,2,False,,0.775,0.808,76.0,0,463565,avance_efectivo,True,0,False,train
CAND-02469,2024-01-29,48,H,1858497.0,12,54668,3,0.144,3,True,560.0,0.6,0.78,59.2,0,550368,compra_cartera,True,0,False,train
CAND-02483,2024-01-29,42,M,566366.0,2,76847,0,0.273,1,False,,0.775,,29.3,0,923199,avance_efectivo,True,0,False,train
CAND-02498,2024-01-29,18,M,1435147.0,20,51235,11,0.51,1,True,595.0,0.743,0.721,58.5,0,838222,libre_inversion,True,0,False,train
CAND-00930,2024-01-29,18,H,1005836.0,1,1902,1,0.537,4,True,655.0,0.774,0.928,41.1,0,949668,libre_inversion,True,1,False,train
CAND-00166,2024-01-29,38,M,570395.0,38,24792,14,0.797,5,False,,0.84,0.427,47.2,0,245263,avance_efectivo,True,0,False,train
CAND-00750,2024-01-29,38,M,,34,71303,26,0.497,4,True,648.0,0.594,0.715,41.4,0,987838,libre_inversion,True,0,True,train
CAND-01384,2024-01-30,29,M,1275188.0,3,38475,1,0.419,3,False,,0.889,0.98,33.6,0,493048,avance_efectivo,True,0,False,train
CAND-02575,2024-01-30,32,M,1132839.0,7,36672,3,0.186,5,True,577.0,0.908,0.917,83.5,0,841578,libre_inversion,True,0,False,train
CAND-01574,2024-01-30,36,H,1141902.0,1,18513,2,0.273,1,False,,0.934,0.832,35.6,0,258302,libre_inversion,True,0,False,train
CAND-02227,2024-01-30,49,H,724774.0,7,121464,0,0.766,1,True,749.0,0.754,0.657,35.5,0,917834,compra_cartera,True,0,False,train
CAND-02758,2024-01-30,18,M,1731439.0,7,34847,2,0.526,1,True,651.0,0.44,0.811,76.8,0,486880,compra_cartera,True,0,False,train
CAND-01572,2024-01-30,40,H,1167020.0,9,54237,8,0.405,3,False,,0.821,0.634,49.2,0,1157169,compra_cartera,True,0,False,train
CAND-02787,2024-01-30,23,M,921605.0,9,71303,5,0.405,1,True,518.0,0.846,0.819,63.0,0,1068342,libre_inversion,True,0,False,train
CAND-02077,2024-01-30,34,M,1464885.0,18,42552,12,0.509,5,False,,0.593,0.376,60.0,0,316934,libre_inversion,True,0,False,train
CAND-02155,2024-01-30,25,M,366949.0,1,77258,1,0.711,3,False,,0.798,0.745,80.8,0,656674,libre_inversion,True,0,False,train
CAND-01875,2024-01-30,43,M,817177.0,31,15703,17,0.26,1,True,685.0,0.633,0.761,63.0,0,900489,libre_inversion,True,0,False,train
CAND-01919,2024-01-30,35,H,1116560.0,9,106332,1,0.423,4,True,591.0,0.922,0.7,45.2,0,457878,libre_inversion,True,0,False,train
CAND-01972,2024-01-30,18,NB,1334995.0,23,85201,12,0.277,1,False,,0.883,0.802,44.2,0,735544,avance_efectivo,True,0,False,train
CAND-01287,2024-01-30,20,H,907509.0,7,30457,3,0.457,1,False,,,0.727,23.8,0,1144475,compra_cartera,True,0,False,train
CAND-00793,2024-01-30,44,M,1263604.0,1,122627,1,0.238,3,False,,0.646,0.343,67.0,0,755007,libre_inversion,True,0,False,train
CAND-00811,2024-01-31,56,H,1006949.0,5,58096,3,0.87,4,True,779.0,0.735,0.695,90.4,0,854917,libre_inversion,True,0,False,train
CAND-00655,2024-01-31,55,H,2435177.0,1,15852,1,0.921,2,False,,0.532,0.72,27.2,0,450961,libre_inversion,True,0,False,train
CAND-02586,2024-01-31,32,H,1098377.0,1,6189,0,0.161,5,False,,0.947,0.876,38.0,0,550482,avance_efectivo,True,0,False,train
CAND-02026,2024-01-31,52,H,1330979.0,3,6759,0,0.401,4,False,,0.931,0.754,90.4,0,1077124,libre_inversion,True,0,False,train
CAND-02744,2024-01-31,32,NB,1966398.0,42,55690,22,0.751,1,False,,0.83,0.508,52.2,0,387480,libre_inversion,True,0,False,train
CAND-02114,2024-01-31,23,H,1327452.0,3,40572,3,0.432,2,False,,0.93,0.824,59.1,0,807728,libre_inversion,True,0,False,train
CAND-01917,2024-01-31,34,NB,1279717.0,2,62409,2,0.24,1,True,568.0,0.782,0.74,35.3,0,780985,libre_inversion,True,0,False,train
CAND-00303,2024-01-31,36,H,1334280.0,3,34022,2,0.641,4,False,,0.749,0.685,60.5,0,649421,libre_inversion,True,0,False,train
CAND-01534,2024-01-31,50,H,980869.0,2,40069,0,0.266,3,False,,0.885,0.594,57.4,0,478810,libre_inversion,True,0,False,train
CAND-02064,2024-01-31,29,M,1454396.0,26,17375,10,0.489,1,False,,0.795,0.826,51.1,0,219442,libre_inversion,True,0,False,train
CAND-00051,2024-01-31,40,H,1045590.0,11,103410,4,0.737,2,True,710.0,0.723,0.957,60.8,0,918846,compra_cartera,True,0,False,train
CAND-00679,2024-01-31,44,M,2546707.0,8,27849,7,0.525,4,True,586.0,,0.65,44.6,0,1023638,libre_inversion,True,0,False,train
CAND-02999,2024-02-01,46,M,564368.0,1,14229,1,0.455,5,False,,0.946,0.877,46.5,0,503161,libre_inversion,True,0,False,train
CAND-00435,2024-02-01,41,M,689760.0,60,44060,28,0.352,4,False,,0.787,0.93,56.3,0,410020,libre_inversion,True,0,False,train
CAND-00140,2024-02-01,32,M,1127720.0,1,153227,0,0.435,2,True,834.0,0.792,0.972,44.2,0,469120,libre_inversion,True,0,False,train
CAND-01857,2024-02-01,21,H,906332.0,8,81963,7,0.195,3,False,,0.752,0.864,42.6,0,567544,avance_efectivo,True,0,False,train
CAND-01531,2024-02-01,43,M,2198253.0,9,34123,1,0.242,3,False,,0.729,0.624,43.0,0,879947,compra_cartera,True,0,False,train
CAND-01095,2024-02-01,18,H,832173.0,5,117264,4,0.194,1,False,,,0.538,64.8,0,571045,compra_cartera,True,0,False,train
CAND-01348,2024-02-01,26,H,887475.0,19,72867,11,0.355,3,False,,,0.88,76.4,0,477744,libre_inversion,True,0,False,train
CAND-00261,2024-02-01,42,M,1178373.0,37,91232,13,0.322,3,False,,,0.669,55.2,0,548023,libre_inversion,True,0,False,train
CAND-00205,2024-02-02,18,H,1183517.0,3,72726,1,0.562,1,False,,0.754,0.753,31.5,0,748169,libre_inversion,True,0,False,train
CAND-01541,2024-02-02,20,H,2830060.0,3,36548,1,0.29,3,False,,0.662,0.633,23.0,0,715717,libre_inversion,True,0,False,train
CAND-01344,2024-02-02,45,H,695637.0,9,30134,3,0.403,1,True,702.0,0.666,0.563,35.9,0,475558,libre_inversion,True,1,False,train
CAND-00738,2024-02-02,36,H,849912.0,2,51393,2,0.365,2,False,,0.914,0.83,56.6,0,625583,avance_efectivo,True,0,False,train
CAND-02358,2024-02-02,49,M,965800.0,1,79229,1,0.121,2,False,,0.877,0.672,70.2,0,4169261,compra_cartera,True,0,False,train
CAND-00256,2024-02-02,26,H,1488905.0,5,98380,1,0.252,2,False,,0.581,0.845,51.3,0,323114,avance_efectivo,True,0,False,train
CAND-00061,2024-02-02,34,M,820584.0,17,33712,13,0.548,5,False,,0.675,,75.2,0,543062,libre_inversion,True,0,False,train
CAND-01884,2024-02-02,28,H,2096420.0,18,43289,5,0.216,1,True,656.0,0.963,0.793,0.0,0,268859,libre_inversion,True,0,False,train
CAND-00427,2024-02-02,40,H,1240173.0,34,73520,19,0.725,5,True,414.0,0.71,0.798,48.2,0,378227,libre_inversion,True,0,False,train
CAND-00118,2024-02-02,43,H,827288.0,21,13576,9,0.261,2,False,,0.715,0.845,68.2,0,806852,libre_inversion,True,0,False,train
CAND-02753,2024-02-02,18,M,1156813.0,12,50298,4,0.593,3,False,,0.74,0.883,36.9,0,941162,libre_inversion,True,0,False,train
CAND-01827,2024-02-03,50,H,1200909.0,9,37628,4,0.323,1,True,751.0,0.886,0.951,62.4,0,535727,compra_cartera,True,1,False,train
CAND-00395,2024-02-03,25,M,894810.0,1,19103,3,0.268,3,False,,0.9,0.888,50.1,0,971532,compra_cartera,True,0,False,train
CAND-01811,2024-02-03,18,H,628937.0,1,16132,1,0.327,2,False,,0.803,0.683,25.7,0,631879,compra_cartera,True,0,False,train
CAND-01675,2024-02-03,41,M,1703501.0,21,21212,6,0.365,5,True,422.0,0.825,0.745,57.9,0,1530766,libre_inversion,True,0,False,train
CAND-02854,2024-02-03,39,M,2290483.0,11,25538,3,0.578,2,False,,0.742,0.74,74.7,0,624232,avance_efectivo,True,0,False,train
CAND-01737,2024-02-03,33,M,867764.0,30,45963,18,0.453,4,False,,0.789,0.92,47.6,0,484348,avance_efectivo,True,0,False,train
CAND-02302,2024-02-03,30,H,1464200.0,20,90950,9,0.219,2,False,,0.504,0.764,2.9,0,1047863,libre_inversion,True,0,False,train
CAND-00758,2024-02-03,43,H,1535537.0,18,48642,12,0.571,1,False,,0.642,0.958,46.0,0,752756,avance_efectivo,True,0,False,train
CAND-01960,2024-02-03,29,H,1130262.0,3,80956,2,0.135,1,False,,0.792,0.808,23.3,0,720236,libre_inversion,True,0,False,train
CAND-01388,2024-02-03,25,M,1241479.0,3,20727,0,0.615,4,True,606.0,0.875,0.468,27.5,0,841599,avance_efectivo,True,0,False,train
CAND-02303,2024-02-03,36,M,856935.0,20,72002,14,0.552,2,True,663.0,0.84,0.687,79.6,0,488632,libre_inversion,True,0,False,train
CAND-01138,2024-02-03,35,H,2201440.0,1,21822,0,0.387,5,False,,,0.979,38.8,0,1137,avance_efectivo,True,0,False,train
CAND-02145,2024-02-03,33,H,493267.0,11,67438,10,0.184,2,True,641.0,0.908,0.751,23.4,0,2171050,libre_inversion,True,0,False,train
CAND-02621,2024-02-04,29,M,891833.0,15,138126,6,0.421,3,False,,0.883,0.773,59.3,0,298833,avance_efectivo,True,0,False,train
CAND-02506,2024-02-04,23,M,821008.0,5,13978,4,0.345,1,True,834.0,,0.846,47.4,0,853972,avance_efectivo,True,0,False,train
CAND-02810,2024-02-04,39,M,1712911.0,6,79204,6,0.621,2,False,,0.81,0.521,71.2,0,920535,compra_cartera,True,0,False,train
CAND-02828,2024-02-04,27,M,1282490.0,6,63812,2,0.408,1,True,709.0,0.618,0.48,46.4,0,286083,compra_cartera,True,0,False,train
CAND-00911,2024-02-04,30,M,1110220.0,20,152522,7,0.137,2,False,,0.855,0.819,7.6,0,316548,libre_inversion,True,0,False,train
CAND-02244,2024-02-04,49,M,2947057.0,4,95608,0,0.492,1,False,,0.573,0.811,66.1,0,245834,libre_inversion,True,0,False,train
CAND-00393,2024-02-04,49,H,1001400.0,5,65256,3,0.487,1,True,793.0,0.63,0.881,68.0,0,1485432,avance_efectivo,True,0,False,train
CAND-02872,2024-02-04,40,H,928731.0,37,54666,25,0.219,1,False,,0.676,0.637,65.8,0,519805,libre_inversion,True,0,False,train
CAND-02115,2024-02-05,29,H,616052.0,11,66651,3,0.545,1,False,,0.763,0.403,73.1,0,1126269,libre_inversion,True,0,False,train
CAND-02601,2024-02-05,40,H,1344254.0,3,78198,0,0.146,2,False,,0.655,0.718,58.1,0,276324,compra_cartera,True,0,False,train
CAND-00954,2024-02-05,46,H,1479238.0,1,70233,1,0.064,1,True,634.0,0.775,0.881,51.4,0,415602,avance_efectivo,True,0,False,train
CAND-01248,2024-02-05,23,M,1706046.0,8,29455,1,0.536,1,True,660.0,0.818,0.969,60.6,0,414021,libre_inversion,True,0,False,train
CAND-02146,2024-02-05,43,M,1175222.0,9,37619,2,0.315,1,False,,0.514,0.96,28.6,0,552924,avance_efectivo,True,0,False,train
CAND-01237,2024-02-05,46,H,3826359.0,9,222076,3,0.773,2,True,755.0,0.671,0.721,37.2,0,1384522,libre_inversion,True,0,False,train
CAND-00104,2024-02-05,30,H,766707.0,14,60660,3,0.142,2,False,,0.854,0.565,38.8,0,327689,libre_inversion,True,0,False,train
CAND-02768,2024-02-05,44,NB,1161291.0,31,27322,10,0.675,4,True,636.0,0.592,0.632,42.5,0,967022,libre_inversion,True,0,False,train
CAND-00119,2024-02-05,28,M,1155765.0,1,32006,2,0.654,1,True,620.0,0.801,0.803,80.6,0,739313,libre_inversion,True,0,False,train
CAND-02330,2024-02-05,51,M,790041.0,3,24562,1,0.166,1,True,606.0,0.845,0.71,51.8,0,503515,compra_cartera,True,1,False,train
CAND-00420,2024-02-05,34,M,761243.0,7,120259,2,0.173,2,True,718.0,0.91,0.228,29.5,0,442157,libre_inversion,True,0,False,train
CAND-00677,2024-02-05,37,NB,823211.0,13,44216,8,0.111,2,False,,0.636,0.828,50.5,0,1102581,libre_inversion,True,0,False,train
CAND-02059,2024-02-05,41,H,3335105.0,11,26599,11,0.799,4,False,,0.905,,32.9,0,365725,libre_inversion,True,0,False,train
CAND-01809,2024-02-06,36,M,827932.0,1,40535,2,0.402,3,False,,0.686,,5.4,0,483449,avance_efectivo,True,0,False,train
CAND-02399,2024-02-06,24,H,1472346.0,1,12647,0,0.519,4,False,,0.777,0.611,48.1,0,523554,avance_efectivo,True,1,False,train
CAND-00913,2024-02-06,36,H,1959834.0,3,84630,0,0.144,2,False,,0.724,0.464,61.2,0,170882,libre_inversion,True,0,False,train
CAND-00948,2024-02-06,22,M,1050307.0,7,86407,2,0.218,3,False,,0.647,0.866,67.6,0,394335,compra_cartera,True,0,False,train
CAND-01089,2024-02-06,36,H,1544900.0,15,44057,6,0.113,4,False,,0.755,0.678,30.2,0,1272016,avance_efectivo,True,0,False,train
CAND-01421,2024-02-06,20,M,1629917.0,2,27338,0,0.133,3,True,552.0,0.826,0.9,67.4,0,1726450,libre_inversion,True,0,False,train
CAND-00984,2024-02-06,47,M,1836328.0,17,39995,8,0.264,3,False,,0.927,0.923,54.5,0,865760,avance_efectivo,True,0,False,train
CAND-02425,2024-02-07,39,H,949999.0,3,106502,1,0.267,2,True,557.0,0.74,0.786,44.4,0,360547,libre_inversion,True,0,False,train
CAND-02821,2024-02-07,38,M,1441550.0,30,47464,18,0.309,3,True,748.0,0.617,0.363,42.9,0,322148,avance_efectivo,True,0,False,train
CAND-01419,2024-02-07,45,M,363605.0,3,20490,2,0.344,1,False,,0.724,0.74,72.9,0,370474,compra_cartera,True,0,False,train
CAND-02609,2024-02-07,34,M,2076650.0,1,15469,2,0.585,3,False,,0.877,0.612,65.2,0,1631202,libre_inversion,True,0,False,train
CAND-01377,2024-02-07,37,M,1973990.0,11,37282,8,0.343,1,False,,0.56,0.721,48.8,0,528328,libre_inversion,True,0,False,train
CAND-00947,2024-02-07,18,H,1115995.0,45,67068,28,0.852,3,False,,0.578,0.452,63.8,0,1085250,avance_efectivo,True,0,False,train
CAND-02913,2024-02-07,23,M,678235.0,30,81205,18,0.748,3,False,,0.854,0.673,76.9,0,1571108,libre_inversion,True,0,False,train
CAND-02132,2024-02-07,28,M,2118975.0,30,5875,15,0.43,4,False,,,0.627,25.8,0,555999,compra_cartera,True,0,False,train
CAND-01555,2024-02-07,21,H,1490898.0,3,80541,3,0.375,3,True,756.0,0.526,0.921,47.7,0,1292514,libre_inversion,True,0,False,train
CAND-01028,2024-02-07,29,H,1044887.0,1,22753,1,0.524,5,False,,0.895,0.614,35.0,0,632642,avance_efectivo,True,0,False,train
CAND-02305,2024-02-07,64,H,1188267.0,2,85936,0,0.345,1,False,,0.774,0.861,8.1,0,1740419,compra_cartera,True,0,False,train
CAND-01702,2024-02-08,28,H,1049558.0,2,31517,4,0.622,2,False,,0.737,0.828,53.2,0,1660852,compra_cartera,True,0,False,train
CAND-02620,2024-02-08,29,M,550643.0,9,15270,7,0.505,1,False,,0.332,0.833,65.6,0,266186,libre_inversion,True,0,False,train
CAND-02909,2024-02-08,44,H,561647.0,5,56418,0,0.108,3,False,,0.87,0.607,37.7,0,246966,libre_inversion,True,0,False,train
CAND-00828,2024-02-08,31,H,2008844.0,26,38412,11,0.263,1,False,,0.888,0.646,45.3,0,275161,compra_cartera,True,0,False,train
CAND-02082,2024-02-08,39,H,1559578.0,14,17532,7,0.51,2,False,,0.701,0.472,39.8,0,340619,libre_inversion,True,0,False,train
CAND-02505,2024-02-08,54,M,668387.0,1,15372,3,0.263,4,True,743.0,0.713,0.68,53.2,17373,943167,compra_cartera,True,0,False,train
CAND-02472,2024-02-08,42,NB,741790.0,4,33845,4,0.316,2,True,693.0,0.848,0.783,39.3,0,352115,libre_inversion,True,0,False,train
CAND-00698,2024-02-08,29,M,2268313.0,35,59487,17,0.432,3,False,,0.688,0.763,67.6,0,305753,compra_cartera,True,0,False,train
CAND-02922,2024-02-08,43,M,1210211.0,19,52154,14,0.38,3,False,,0.963,0.507,0.0,0,703121,libre_inversion,True,0,False,train
CAND-02233,2024-02-08,35,H,878105.0,22,17412,7,0.39,5,False,,0.677,0.791,49.9,0,726576,avance_efectivo,True,0,False,train
CAND-01689,2024-02-08,32,H,918401.0,15,69581,7,0.549,2,False,,0.613,0.905,47.8,0,673992,avance_efectivo,True,0,False,train
CAND-01018,2024-02-08,36,H,1607366.0,1,4684,1,0.179,1,True,557.0,0.888,0.71,63.2,0,542157,avance_efectivo,True,1,False,train
CAND-02440,2024-02-08,21,H,1130763.0,27,14915,16,0.182,3,True,655.0,0.907,0.809,34.6,0,1114562,libre_inversion,True,0,False,train
CAND-02045,2024-02-08,22,H,2448945.0,11,95244,7,0.639,2,True,672.0,0.222,0.734,49.6,0,847771,libre_inversion,True,1,False,train
CAND-01309,2024-02-08,47,H,460069.0,14,26236,7,0.072,4,True,669.0,0.877,0.766,56.6,0,282194,libre_inversion,True,0,False,train
CAND-02387,2024-02-08,18,M,2897640.0,20,58187,8,0.237,2,False,,0.636,0.8,72.4,0,291429,libre_inversion,True,0,False,train
CAND-01988,2024-02-08,32,M,1635008.0,4,55556,1,0.381,2,False,,0.934,0.606,45.3,0,876901,compra_cartera,True,0,False,train
CAND-00559,2024-02-09,18,M,1585920.0,1,77474,1,0.45,3,False,,0.814,0.536,18.6,0,402943,libre_inversion,True,0,False,train
CAND-00777,2024-02-09,39,H,1526229.0,3,8223,2,0.06,1,True,576.0,0.831,0.838,0.6,0,1347185,libre_inversion,True,0,False,train
CAND-00975,2024-02-09,33,M,1935975.0,20,57606,10,0.336,3,False,,0.582,0.921,71.6,0,953484,avance_efectivo,True,0,False,train
CAND-01458,2024-02-09,43,M,1288846.0,1,99210,1,0.258,5,False,,0.681,0.537,86.7,0,765846,avance_efectivo,True,0,False,train
CAND-00656,2024-02-09,41,M,2389007.0,11,32681,4,0.289,4,True,688.0,0.562,0.836,52.1,0,440936,libre_inversion,True,0,False,train
CAND-00371,2024-02-09,45,H,1731691.0,3,24523,0,0.62,1,False,,0.897,0.765,55.3,0,305788,compra_cartera,True,1,False,train
CAND-00416,2024-02-09,31,M,1759302.0,3,30940,3,0.3,2,True,586.0,0.528,0.686,39.0,0,1296364,libre_inversion,True,0,False,train
CAND-00325,2024-02-09,27,H,989078.0,29,66159,16,0.16,4,False,,0.819,0.717,43.1,0,1084982,avance_efectivo,True,0,False,train
CAND-02614,2024-02-09,41,H,1091562.0,5,9203,2,0.624,2,False,,0.573,0.781,84.2,0,1032227,avance_efectivo,True,1,False,train
CAND-00255,2024-02-09,54,M,1858923.0,32,66416,22,0.419,1,True,760.0,0.68,0.724,39.9,0,430924,libre_inversion,True,0,False,train
CAND-00414,2024-02-09,55,H,530025.0,10,26597,5,0.11,2,True,669.0,0.718,0.625,63.8,0,632542,libre_inversion,True,0,False,train
CAND-01655,2024-02-10,37,M,638022.0,7,32950,2,0.41,2,False,,0.879,0.817,96.6,0,454689,libre_inversion,True,0,False,train
CAND-00874,2024-02-10,48,M,1906762.0,2,84055,1,0.417,4,False,,0.623,0.69,14.8,0,661913,avance_efectivo,True,0,False,train
CAND-01086,2024-02-10,33,M,1217763.0,14,32736,8,0.824,3,True,504.0,0.624,0.788,51.5,0,841716,libre_inversion,True,0,False,train
CAND-01973,2024-02-10,52,M,1117831.0,3,40162,2,0.299,3,True,610.0,0.732,0.616,77.9,0,262783,libre_inversion,True,0,False,train
CAND-02460,2024-02-10,31,M,786884.0,5,7117,0,0.797,1,False,,0.718,0.516,42.4,0,518880,libre_inversion,True,1,False,train
CAND-01517,2024-02-10,22,M,1652998.0,3,35380,3,0.502,3,False,,0.542,0.882,40.6,0,428874,compra_cartera,True,0,False,train
CAND-01447,2024-02-10,30,H,754315.0,12,33190,9,0.71,2,True,746.0,0.635,0.839,59.5,0,543664,libre_inversion,True,0,False,train
CAND-00836,2024-02-10,46,H,1168947.0,3,26316,2,0.122,2,False,,0.525,0.666,44.8,0,494229,libre_inversion,True,1,False,train
CAND-02623,2024-02-10,35,H,1018663.0,20,35636,4,0.287,1,False,,0.42,0.585,40.1,0,1041278,compra_cartera,True,1,False,train
CAND-02863,2024-02-10,54,H,1560956.0,29,40050,14,0.393,5,False,,0.588,0.735,92.8,0,1179653,compra_cartera,True,0,False,train
CAND-00383,2024-02-10,44,H,754927.0,3,54494,1,0.448,3,True,644.0,0.747,0.749,45.0,0,937948,libre_inversion,True,0,False,train
CAND-02184,2024-02-10,27,H,1181641.0,18,37149,12,0.397,1,False,,0.886,0.729,41.0,0,485986,avance_efectivo,True,0,False,train
CAND-02166,2024-02-10,31,M,1828991.0,10,147232,4,0.434,2,True,644.0,0.874,0.564,57.9,0,1406999,compra_cartera,True,0,False,train
CAND-02002,2024-02-10,29,H,1854768.0,3,42371,1,0.443,4,False,,0.738,0.826,19.5,0,1006126,avance_efectivo,True,0,False,train
CAND-00456,2024-02-10,56,M,1058541.0,8,21510,5,0.115,1,True,627.0,0.778,0.674,94.9,0,1254756,libre_inversion,True,0,False,train
CAND-02734,2024-02-10,37,H,1925809.0,6,2200,6,0.333,1,True,649.0,0.671,0.945,74.3,0,1164668,libre_inversion,True,0,False,train
CAND-02551,2024-02-10,42,H,878605.0,18,42290,7,0.37,2,True,523.0,0.754,0.91,80.5,0,951490,libre_inversion,True,0,False,train
CAND-00209,2024-02-10,46,M,1248566.0,18,18970,4,0.429,2,False,,0.568,0.53,80.6,0,1200772,compra_cartera,True,0,False,train
CAND-00755,2024-02-10,28,M,1823593.0,2,48989,1,0.368,3,True,708.0,0.685,0.932,85.6,0,1298080,libre_inversion,True,0,False,train
CAND-02560,2024-02-10,37,H,898058.0,15,98159,6,0.285,1,False,,0.555,0.555,78.9,0,157769,avance_efectivo,True,0,False,train
CAND-00890,2024-02-11,32,M,2357969.0,1,62191,0,0.053,4,False,,0.807,0.458,26.7,0,632426,libre_inversion,True,0,False,train
CAND-01893,2024-02-11,49,H,1217823.0,56,12630,33,0.665,1,False,,,0.858,65.6,0,566094,libre_inversion,True,0,False,train
CAND-02240,2024-02-11,20,H,1246999.0,9,37253,5,0.223,3,False,,0.772,0.782,8.1,0,486048,libre_inversion,True,0,False,train
CAND-01552,2024-02-11,39,M,787469.0,22,15496,10,0.242,1,True,655.0,0.577,,52.2,0,794779,compra_cartera,True,0,False,train
CAND-00305,2024-02-11,56,M,1572724.0,5,49790,4,0.411,4,True,646.0,0.741,0.34,58.9,0,366720,libre_inversion,True,0,False,train
CAND-01013,2024-02-11,30,H,,10,71075,3,0.549,2,True,703.0,0.803,0.749,47.2,0,449269,libre_inversion,True,0,True,train
CAND-02467,2024-02-11,41,H,1510778.0,51,17960,25,0.417,3,False,,0.952,0.422,17.1,0,827711,avance_efectivo,True,0,False,train
CAND-01253,2024-02-11,30,M,642690.0,10,24343,5,0.765,1,True,652.0,0.876,0.545,84.4,0,321065,libre_inversion,True,0,False,train
CAND-01771,2024-02-11,42,H,386930.0,26,11291,12,0.243,5,False,,0.9,0.905,54.0,0,1440102,libre_inversion,True,1,False,train
CAND-00737,2024-02-11,35,M,1217958.0,1,25651,2,0.144,1,True,654.0,0.794,0.681,43.1,0,758333,avance_efectivo,True,0,False,train
CAND-01413,2024-02-11,35,H,1452656.0,13,61261,7,0.248,5,False,,0.849,0.714,96.7,0,323502,avance_efectivo,True,0,False,train
CAND-00465,2024-02-11,24,H,2339867.0,22,48086,3,0.22,4,False,,0.733,0.811,55.5,0,233609,avance_efectivo,True,0,False,train
CAND-01009,2024-02-11,45,H,1256459.0,1,31035,0,0.074,3,False,,0.772,0.83,59.8,0,755417,libre_inversion,True,0,False,train
CAND-01991,2024-02-11,22,H,2505654.0,2,36481,2,0.247,1,False,,0.699,0.452,16.6,0,231070,avance_efectivo,True,0,False,train
CAND-02256,2024-02-12,34,H,685215.0,33,12416,20,0.517,1,False,,0.804,0.823,50.1,0,592665,libre_inversion,True,0,False,train
CAND-02550,2024-02-12,28,H,1282165.0,5,20494,5,0.408,1,False,,0.475,0.85,46.0,0,1077011,libre_inversion,True,0,False,train
CAND-01522,2024-02-12,40,M,768621.0,13,80927,4,0.391,2,True,598.0,0.667,0.637,100.0,0,457432,libre_inversion,True,0,False,train
CAND-02742,2024-02-12,31,H,756791.0,5,64134,1,0.386,5,False,,0.884,0.862,46.8,0,206104,compra_cartera,True,0,False,train
CAND-01871,2024-02-12,36,H,930546.0,27,41617,13,0.115,3,False,,0.842,0.736,84.3,0,687098,libre_inversion,True,0,False,train
CAND-01493,2024-02-12,44,M,1060487.0,13,64699,2,0.772,1,True,657.0,0.848,0.338,86.2,0,340581,compra_cartera,True,0,False,train
CAND-02983,2024-02-12,33,H,3222958.0,9,41902,5,0.796,1,False,,0.534,0.978,75.3,0,255103,libre_inversion,True,0,False,train
CAND-00291,2024-02-13,49,M,745321.0,2,31306,0,0.389,2,False,,0.77,0.891,47.2,0,350237,libre_inversion,True,0,False,train
CAND-00284,2024-02-13,51,H,1051534.0,21,15669,8,0.289,4,True,678.0,0.713,0.768,52.3,0,726238,compra_cartera,True,0,False,train
CAND-00938,2024-02-13,25,M,671027.0,1,121635,1,0.597,3,True,595.0,0.591,0.657,64.6,0,634335,compra_cartera,True,0,False,train
CAND-01441,2024-02-13,22,M,1254539.0,1,24399,1,0.16,3,True,561.0,0.425,0.809,40.2,0,1379750,libre_inversion,True,1,False,train
CAND-02968,2024-02-13,18,M,897342.0,3,29672,0,0.361,3,False,,0.582,0.532,72.6,0,650595,libre_inversion,True,0,False,train
CAND-02046,2024-02-13,37,M,2284639.0,15,71272,7,0.591,1,True,589.0,0.763,0.656,78.4,0,672872,compra_cartera,True,0,False,train
CAND-01244,2024-02-13,31,H,1571897.0,22,36892,18,0.184,3,False,,0.72,0.946,28.3,0,415380,libre_inversion,True,0,False,train
CAND-00496,2024-02-13,47,H,995174.0,4,23432,3,0.701,2,False,,,,32.7,0,610235,avance_efectivo,True,0,False,train
CAND-01180,2024-02-13,28,M,930155.0,27,44610,12,0.508,3,True,701.0,0.792,0.676,63.7,0,1654572,compra_cartera,True,0,False,train
CAND-02418,2024-02-13,38,M,979558.0,16,50849,17,0.233,1,True,647.0,0.705,0.405,34.5,0,500678,libre_inversion,True,1,False,train
CAND-02698,2024-02-13,35,M,300000.0,20,34702,5,0.454,3,False,,0.665,0.956,49.4,0,603165,libre_inversion,True,0,False,train
CAND-01711,2024-02-13,31,H,1425303.0,58,13126,29,0.41,1,True,815.0,0.893,0.857,53.4,0,410022,libre_inversion,True,0,False,train
CAND-01544,2024-02-13,24,M,1507149.0,11,34757,3,0.295,2,False,,0.858,0.8,61.9,0,917554,libre_inversion,True,0,False,train
CAND-01843,2024-02-13,36,H,1314444.0,1,43683,0,0.489,1,True,657.0,,0.785,77.0,0,336985,avance_efectivo,True,0,False,train
CAND-02803,2024-02-13,45,M,1798929.0,6,23623,2,0.479,4,False,,,0.784,62.0,0,1384576,avance_efectivo,True,1,False,train
CAND-01622,2024-02-13,42,NB,2517981.0,1,53070,1,0.555,1,True,771.0,0.411,0.655,78.0,0,937313,avance_efectivo,True,0,False,train
CAND-00921,2024-02-14,40,M,1720853.0,7,57583,5,0.467,3,False,,0.929,0.831,59.4,0,903423,libre_inversion,True,0,False,train
CAND-02020,2024-02-14,37,M,830817.0,7,45183,4,0.647,5,True,707.0,0.658,0.694,63.0,0,568344,avance_efectivo,True,0,False,train
CAND-01105,2024-02-14,33,M,1933506.0,40,17784,21,0.298,2,False,,0.78,0.938,43.3,8985,498018,avance_efectivo,True,0,False,train
CAND-02398,2024-02-14,40,M,1666621.0,60,12072,23,0.294,4,True,796.0,0.752,0.644,57.9,0,461455,libre_inversion,True,0,False,train
CAND-01346,2024-02-14,24,H,1169773.0,11,44088,6,0.614,2,True,581.0,0.726,0.811,35.3,0,737846,avance_efectivo,True,1,False,train
CAND-01512,2024-02-14,37,H,949580.0,3,45666,1,0.529,4,True,592.0,0.814,0.876,65.7,0,584194,libre_inversion,True,0,False,train
CAND-01330,2024-02-14,25,M,857615.0,2,34726,2,0.132,1,False,,0.94,0.951,34.2,0,2953145,avance_efectivo,True,0,False,train
CAND-02791,2024-02-14,42,M,759362.0,5,12002,2,0.168,3,False,,0.953,0.555,57.2,0,617087,libre_inversion,True,0,False,train
CAND-00818,2024-02-14,46,M,1398102.0,9,71870,6,0.532,4,True,473.0,0.895,0.911,57.6,0,350742,avance_efectivo,True,0,False,train
CAND-01252,2024-02-15,18,M,575982.0,17,55673,11,0.118,2,True,761.0,0.707,0.922,39.0,0,306455,libre_inversion,True,0,False,train
CAND-00865,2024-02-15,37,M,1209253.0,2,123096,1,0.024,2,False,,0.696,0.878,34.2,0,288662,compra_cartera,True,0,False,train
CAND-02109,2024-02-15,42,H,1256039.0,10,114558,7,0.059,1,True,528.0,0.734,0.778,100.0,0,1012622,libre_inversion,True,0,False,train
CAND-00045,2024-02-15,41,H,1602945.0,3,41335,2,0.234,2,False,,0.629,0.689,46.7,0,1150169,avance_efectivo,True,1,False,train
CAND-02523,2024-02-15,18,H,1055539.0,15,4566,10,0.599,4,True,526.0,0.754,0.894,53.2,0,454945,compra_cartera,True,1,False,train
CAND-01783,2024-02-15,38,H,1342251.0,3,51486,1,0.458,3,False,,0.369,0.888,55.6,0,383693,avance_efectivo,True,0,False,train
CAND-00581,2024-02-15,27,M,545973.0,30,31408,14,0.506,2,False,,0.435,0.662,27.6,0,553711,avance_efectivo,True,0,False,train
CAND-02671,2024-02-15,47,M,1173455.0,16,24071,5,0.149,2,False,,0.895,0.774,43.2,0,338824,compra_cartera,True,0,False,train
CAND-01178,2024-02-15,38,M,1322114.0,13,34895,3,0.061,4,True,622.0,0.731,0.797,56.9,0,961854,libre_inversion,True,0,False,train
CAND-01897,2024-02-15,30,H,1939343.0,1,34527,2,0.221,2,False,,0.628,0.854,53.4,0,433471,libre_inversion,True,0,False,train
CAND-01903,2024-02-15,28,M,575946.0,32,83991,16,0.419,4,False,,0.757,0.631,59.0,0,728589,libre_inversion,True,1,False,train
CAND-01894,2024-02-15,44,M,804227.0,10,19619,8,0.454,3,False,,,0.582,37.6,0,608292,avance_efectivo,True,0,False,train
CAND-00505,2024-02-15,45,H,1001503.0,8,60055,2,0.534,1,False,,0.705,,14.9,0,398627,avance_efectivo,True,0,False,train
CAND-01860,2024-02-15,40,H,858825.0,30,70938,12,0.274,2,True,872.0,0.98,0.898,38.8,0,508162,libre_inversion,True,0,False,train
CAND-00733,2024-02-16,25,H,808003.0,17,9485,9,0.275,3,False,,0.769,0.753,55.0,0,1291814,libre_inversion,True,0,False,train
CAND-00862,2024-02-16,35,H,2234087.0,4,106310,4,0.449,2,True,595.0,0.791,0.858,42.0,0,1321886,libre_inversion,True,0,False,train
CAND-01055,2024-02-16,39,NB,952438.0,3,41781,2,0.373,2,False,,0.955,0.563,33.5,0,217139,avance_efectivo,True,0,False,train
CAND-01874,2024-02-16,38,M,1285059.0,30,90350,7,0.24,1,False,,0.836,0.877,65.6,0,1052333,avance_efectivo,True,0,False,train
CAND-01864,2024-02-16,33,H,1774434.0,5,67903,1,0.491,2,True,685.0,0.949,0.675,44.8,0,540940,avance_efectivo,True,0,False,train
CAND-00319,2024-02-16,48,H,702707.0,27,86486,15,0.097,1,False,,0.84,0.715,25.4,0,912159,avance_efectivo,True,0,False,train
CAND-01313,2024-02-16,43,H,2143947.0,3,31740,3,0.047,5,True,649.0,0.466,,76.7,0,589006,libre_inversion,True,0,False,train
CAND-01923,2024-02-16,22,M,2015945.0,18,26162,5,0.293,1,False,,0.521,0.713,31.1,0,1610,libre_inversion,True,0,False,train
CAND-00877,2024-02-17,22,H,1681750.0,3,8349,4,0.669,5,False,,0.78,0.745,37.1,0,902188,libre_inversion,True,0,False,train
CAND-00715,2024-02-17,32,M,1163819.0,3,45300,3,0.256,2,True,635.0,0.845,0.681,61.7,0,1034168,libre_inversion,True,0,False,train
CAND-02308,2024-02-17,31,NB,709120.0,4,76835,1,0.136,2,False,,0.68,,65.6,0,741022,avance_efectivo,True,0,False,train
CAND-00054,2024-02-17,53,H,1548891.0,2,35991,1,0.292,3,True,680.0,0.833,0.687,7.1,0,1085819,avance_efectivo,True,0,False,train
CAND-01269,2024-02-18,50,H,999147.0,17,30366,11,0.331,4,True,586.0,0.649,0.85,57.7,0,665577,compra_cartera,True,1,False,train
CAND-00461,2024-02-18,34,M,939459.0,1,199640,2,0.186,2,False,,0.86,0.637,65.9,0,919853,compra_cartera,True,0,False,train
CAND-01658,2024-02-18,46,M,3457238.0,9,36855,2,0.351,2,True,648.0,0.841,0.376,33.7,0,650571,libre_inversion,True,0,False,train
CAND-00658,2024-02-18,49,NB,365866.0,6,36705,2,0.145,2,False,,0.4,0.56,67.4,0,1121010,libre_inversion,True,0,False,train
CAND-02519,2024-02-18,29,M,731079.0,5,28519,4,0.689,5,True,745.0,0.666,0.766,58.0,0,388362,libre_inversion,True,1,False,train
CAND-00614,2024-02-18,52,H,1782970.0,5,57427,2,0.602,2,False,,0.928,0.757,21.3,0,263724,libre_inversion,True,0,False,train
CAND-01185,2024-02-18,35,H,985852.0,1,7711,1,0.371,2,True,640.0,0.872,0.553,30.1,0,696783,avance_efectivo,True,1,False,train
CAND-02952,2024-02-18,32,M,825428.0,10,2075,9,0.356,2,False,,0.83,,41.9,0,782422,avance_efectivo,True,0,False,train
CAND-00059,2024-02-18,39,M,996508.0,12,9307,9,0.759,2,False,,0.765,0.76,45.7,0,427382,libre_inversion,True,0,False,train
CAND-00597,2024-02-18,47,H,1028041.0,2,121416,1,0.651,3,True,670.0,0.526,0.766,17.5,0,1258696,libre_inversion,True,0,False,train
CAND-01186,2024-02-18,21,M,1334701.0,8,87199,4,0.155,3,False,,0.558,0.63,45.4,0,365697,compra_cartera,True,0,False,train
CAND-02956,2024-02-18,26,H,1735664.0,21,47456,7,0.365,4,False,,0.947,0.839,29.2,0,634431,libre_inversion,True,0,False,train
CAND-02636,2024-02-18,43,M,426737.0,12,71417,9,0.192,3,True,698.0,0.88,0.707,46.9,0,286732,libre_inversion,True,0,False,train
CAND-00219,2024-02-18,43,H,787012.0,2,57082,1,0.595,3,False,,0.599,0.598,72.3,0,349107,compra_cartera,True,0,False,train
CAND-01456,2024-02-19,29,M,2886444.0,2,32013,0,0.321,2,True,622.0,0.72,0.56,73.0,0,1248174,libre_inversion,True,0,False,train
CAND-01842,2024-02-19,35,M,2218304.0,29,61141,15,0.267,1,True,572.0,0.983,0.746,53.6,0,216058,libre_inversion,True,0,False,train
CAND-00047,2024-02-19,28,M,1002000.0,6,51878,1,0.75,2,True,706.0,0.95,0.894,32.0,0,966875,libre_inversion,True,0,False,train
CAND-02538,2024-02-19,49,H,484175.0,39,14293,18,0.601,2,True,684.0,0.888,0.873,75.5,0,304022,libre_inversion,True,0,False,train
CAND-02304,2024-02-19,38,H,1339805.0,13,40320,4,0.05,4,False,,0.722,0.815,13.7,0,576660,libre_inversion,True,0,False,train
CAND-00103,2024-02-19,26,NB,419148.0,1,17311,0,0.052,1,False,,0.678,0.692,42.4,0,1059492,libre_inversion,True,0,False,train
CAND-01608,2024-02-19,46,M,1610916.0,3,44760,1,0.171,2,True,653.0,0.838,0.854,42.4,0,142066,libre_inversion,True,0,False,train
CAND-02912,2024-02-20,37,H,3023022.0,15,29466,7,0.11,3,False,,0.616,,74.8,0,785851,compra_cartera,True,0,False,train
CAND-00533,2024-02-20,45,H,1742438.0,2,68148,3,0.559,1,True,718.0,0.962,0.758,39.1,0,272117,libre_inversion,True,0,False,train
CAND-01034,2024-02-20,27,H,1598702.0,18,47040,4,0.577,2,True,670.0,0.822,0.886,50.7,0,2288167,avance_efectivo,True,0,False,train
CAND-02461,2024-02-20,18,M,1706251.0,17,78584,9,0.692,2,False,,0.311,,69.4,0,448113,compra_cartera,True,0,False,train
CAND-00823,2024-02-20,41,H,2378707.0,7,4229,4,0.555,1,False,,0.861,0.727,47.9,0,481622,libre_inversion,True,1,False,train
CAND-00800,2024-02-20,28,H,1669136.0,10,93058,8,0.325,5,True,672.0,0.85,0.688,43.2,0,1371721,libre_inversion,True,0,False,train
CAND-00392,2024-02-20,41,H,602778.0,12,17905,7,0.531,1,False,,0.964,0.822,27.6,0,806699,libre_inversion,True,0,False,train
CAND-02432,2024-02-20,29,M,1611518.0,4,10470,3,0.036,2,False,,0.78,0.89,31.1,0,591475,avance_efectivo,True,1,False,train
CAND-02842,2024-02-20,39,H,3416242.0,16,59159,11,0.672,5,False,,0.819,0.775,33.2,0,948185,libre_inversion,True,0,False,train
CAND-01395,2024-02-20,32,H,1114295.0,17,84151,3,0.123,3,True,755.0,0.783,,58.9,0,354214,compra_cartera,True,0,False,train
CAND-01750,2024-02-21,19,M,888505.0,8,14930,7,0.424,1,True,712.0,0.549,0.633,28.7,0,861130,avance_efectivo,True,1,False,train
CAND-01828,2024-02-21,35,M,650343.0,31,57081,16,0.888,4,False,,,0.817,36.8,0,309856,avance_efectivo,True,1,False,train
CAND-00608,2024-02-21,47,M,1200521.0,2,46624,4,0.287,2,False,,0.683,0.852,30.5,0,645596,compra_cartera,True,0,False,train
CAND-02770,2024-02-21,49,H,1375278.0,28,33299,17,0.292,1,False,,,0.737,62.9,0,1034171,compra_cartera,True,0,False,train
CAND-02160,2024-02-21,32,H,581676.0,38,50276,21,0.099,2,True,756.0,0.862,0.894,36.6,0,563070,avance_efectivo,True,0,False,train
CAND-02462,2024-02-21,33,NB,1386944.0,29,80551,17,0.46,1,True,766.0,0.754,0.9,41.2,0,408073,libre_inversion,True,1,False,train
CAND-00521,2024-02-21,38,M,1585928.0,5,106989,6,0.615,1,True,673.0,0.52,0.905,40.3,0,333166,libre_inversion,True,0,False,train
CAND-01720,2024-02-21,38,H,2312023.0,7,50444,8,0.234,2,True,529.0,0.681,0.917,33.6,0,515697,libre_inversion,True,0,False,train
CAND-01426,2024-02-21,51,M,891026.0,2,86017,1,0.31,2,False,,0.838,0.589,31.2,0,424881,compra_cartera,True,0,False,train
CAND-02073,2024-02-21,41,H,1642922.0,8,18374,5,0.428,4,True,734.0,0.814,0.688,17.2,0,512564,avance_efectivo,True,0,False,train
CAND-02103,2024-02-21,41,M,329396.0,35,39740,17,0.195,2,False,,0.745,0.727,48.3,0,467364,avance_efectivo,True,0,False,train
CAND-02010,2024-02-21,18,H,1244975.0,24,66039,10,0.36,1,False,,,0.786,69.7,0,396305,libre_inversion,True,0,False,train
CAND-02676,2024-02-21,44,H,879544.0,10,56703,6,0.22,5,False,,0.817,0.979,46.5,0,163214,avance_efectivo,True,0,False,train
CAND-01347,2024-02-21,47,H,1752309.0,13,56075,6,0.464,1,True,636.0,0.864,0.729,75.0,40189,716003,compra_cartera,True,0,False,train
CAND-00572,2024-02-21,39,M,955758.0,24,105292,10,0.492,1,True,473.0,0.582,0.894,34.5,0,884991,libre_inversion,True,0,False,train
CAND-00951,2024-02-22,39,H,1315849.0,45,38703,33,0.365,4,True,783.0,0.86,0.844,28.6,0,398159,libre_inversion,True,1,False,train
CAND-00010,2024-02-22,18,H,1442117.0,12,36897,8,0.064,1,True,789.0,0.651,0.692,45.9,0,549944,libre_inversion,True,0,False,train
CAND-00932,2024-02-22,43,M,743323.0,5,25851,3,0.359,1,True,619.0,0.968,0.931,33.3,0,307352,libre_inversion,True,0,False,train
CAND-00615,2024-02-22,43,H,1069751.0,4,89109,4,0.78,1,True,670.0,0.766,0.766,31.4,0,1295640,avance_efectivo,True,0,False,train
CAND-01587,2024-02-22,24,H,1296454.0,16,56373,6,0.259,5,False,,,0.821,60.5,0,634286,libre_inversion,True,0,False,train
CAND-02692,2024-02-22,42,H,1550911.0,5,55036,3,0.818,2,False,,0.679,0.614,75.6,0,374690,libre_inversion,True,0,False,train
CAND-01848,2024-02-22,37,H,1313427.0,37,31869,15,0.574,4,True,472.0,0.769,0.785,43.3,0,1187061,avance_efectivo,True,0,False,train
CAND-00940,2024-02-22,20,H,2036824.0,14,30885,9,0.643,3,True,809.0,0.739,0.906,55.1,0,1323205,libre_inversion,True,0,False,train
CAND-00891,2024-02-22,48,H,1489005.0,10,23747,6,0.505,4,False,,,0.676,33.7,0,868661,avance_efectivo,True,0,False,train
CAND-01853,2024-02-22,42,H,1436058.0,1,20979,5,0.219,2,True,491.0,0.832,0.772,55.1,0,242311,libre_inversion,True,0,False,train
CAND-01749,2024-02-22,18,H,1692785.0,1,13760,1,0.355,3,True,900.0,0.84,0.804,14.1,0,546584,compra_cartera,True,1,False,train
CAND-01350,2024-02-23,37,M,824387.0,2,45157,1,0.151,4,False,,0.652,0.65,65.2,0,247080,libre_inversion,True,0,False,train
CAND-00613,2024-02-23,40,M,1618158.0,2,51825,0,0.331,4,True,632.0,0.852,0.528,35.4,0,693844,libre_inversion,True,0,False,train
CAND-00809,2024-02-23,31,H,1339089.0,1,30232,0,0.555,5,True,724.0,0.554,0.719,65.7,0,1007230,libre_inversion,True,0,False,train
CAND-02967,2024-02-23,31,NB,786537.0,1,136121,0,0.07,2,True,777.0,0.942,0.839,87.0,0,1270618,avance_efectivo,True,0,False,train
CAND-01709,2024-02-23,30,NB,1016934.0,8,27610,2,0.273,1,True,733.0,0.842,0.911,58.1,0,246012,libre_inversion,True,0,False,train
CAND-02421,2024-02-23,33,H,817210.0,10,12427,4,0.757,2,False,,0.612,0.461,68.2,0,1024574,libre_inversion,True,1,False,train
CAND-01920,2024-02-23,30,M,462625.0,13,5555,4,0.424,1,True,479.0,0.747,0.84,63.3,0,647161,avance_efectivo,True,0,False,train
CAND-00927,2024-02-23,47,H,470584.0,25,33574,14,0.136,1,True,621.0,,0.748,60.8,0,1627035,libre_inversion,True,0,False,train
CAND-02722,2024-02-23,34,M,1253704.0,3,16870,3,0.302,1,False,,0.712,,33.3,0,396254,compra_cartera,True,0,False,train
CAND-02933,2024-02-23,37,M,2094853.0,3,17854,3,0.046,2,False,,0.736,0.755,23.7,0,341899,avance_efectivo,True,0,False,train
CAND-00138,2024-02-23,21,M,1155731.0,5,52984,2,0.47,2,False,,0.661,0.866,49.3,20867,2037603,libre_inversion,True,0,False,train
CAND-02286,2024-02-23,24,M,2195781.0,4,43766,3,0.118,1,False,,,0.882,74.6,0,508870,avance_efectivo,True,0,False,train
CAND-02568,2024-02-24,51,H,1241296.0,41,29509,19,0.148,1,False,,0.836,0.75,60.7,0,1540070,avance_efectivo,True,0,False,train
CAND-01777,2024-02-24,41,H,828279.0,1,95658,0,0.739,3,False,,0.78,0.785,44.2,0,374802,avance_efectivo,True,0,False,train
CAND-00404,2024-02-24,19,M,1208604.0,13,55001,8,0.154,1,True,566.0,0.546,0.904,78.7,0,508932,libre_inversion,True,0,False,train
CAND-01583,2024-02-24,45,H,724026.0,9,56886,3,0.315,3,True,678.0,0.879,0.877,20.7,0,1625748,avance_efectivo,True,0,False,train
CAND-02706,2024-02-24,50,H,1431646.0,40,13163,16,0.125,2,False,,0.791,0.848,59.8,0,515164,avance_efectivo,True,0,False,train
CAND-00197,2024-02-24,36,H,2065883.0,12,24095,4,0.614,4,False,,0.564,0.612,86.7,0,295259,libre_inversion,True,0,False,train
CAND-00099,2024-02-24,31,M,2550589.0,15,26430,7,0.301,4,False,,0.526,0.751,55.3,0,737588,avance_efectivo,True,0,False,train
CAND-00832,2024-02-24,28,M,700606.0,7,20457,2,0.365,4,True,630.0,0.95,,39.8,0,2346364,libre_inversion,True,0,False,train
CAND-01472,2024-02-24,37,M,1317110.0,3,14638,0,0.477,1,False,,0.636,0.672,22.0,0,405873,libre_inversion,True,0,False,train
CAND-02910,2024-02-24,44,M,1536484.0,3,78349,1,0.096,2,True,611.0,0.881,0.804,50.6,0,526658,avance_efectivo,True,0,False,train
CAND-00352,2024-02-24,52,H,1516571.0,8,2909,5,0.241,1,True,721.0,0.681,0.77,44.2,0,1059948,libre_inversion,True,0,False,train
CAND-00830,2024-02-24,47,H,1322231.0,24,112243,15,0.371,2,False,,0.608,0.785,84.9,0,905332,libre_inversion,True,0,False,train
CAND-02254,2024-02-25,38,H,1465327.0,26,44878,12,0.277,4,True,670.0,0.702,0.842,46.5,0,596676,libre_inversion,True,0,False,train
CAND-00641,2024-02-25,32,H,1660721.0,7,35969,4,0.548,2,True,692.0,0.866,0.834,40.5,0,2381518,libre_inversion,True,0,False,train
CAND-02434,2024-02-25,40,M,1217145.0,17,22750,4,0.371,1,False,,0.869,0.835,84.4,0,713042,libre_inversion,True,0,False,train
CAND-02458,2024-02-25,33,M,1019705.0,4,63007,3,0.485,2,True,810.0,0.799,0.84,54.5,0,653127,libre_inversion,True,0,False,train
CAND-00638,2024-02-25,46,M,813514.0,19,50895,11,0.317,3,True,611.0,,0.793,58.1,0,161585,libre_inversion,True,0,False,train
CAND-01726,2024-02-25,42,NB,1077707.0,6,25387,5,0.339,1,True,591.0,0.791,0.807,51.9,0,1661412,avance_efectivo,True,0,False,train
CAND-00481,2024-02-25,30,M,526258.0,28,34119,11,0.266,3,False,,0.724,0.596,22.8,0,809645,libre_inversion,True,0,False,train
CAND-01730,2024-02-25,43,M,1242549.0,60,15071,26,0.371,2,True,628.0,0.682,0.788,77.6,0,358828,avance_efectivo,True,0,False,train
CAND-02780,2024-02-25,44,M,1101773.0,10,43333,4,0.365,3,False,,0.456,0.854,9.3,0,602858,compra_cartera,True,0,False,train
CAND-01807,2024-02-25,44,H,404664.0,3,37152,1,0.255,2,False,,0.716,0.934,29.1,0,868137,libre_inversion,True,0,False,train
CAND-02782,2024-02-25,36,H,945981.0,1,54830,0,0.236,3,False,,0.943,,34.9,0,475803,libre_inversion,True,0,False,train
CAND-00430,2024-02-25,39,H,921527.0,14,78587,8,0.31,4,False,,0.729,0.793,27.5,0,708992,avance_efectivo,True,0,False,train
CAND-02700,2024-02-25,40,M,1109753.0,9,10511,5,0.144,1,False,,0.817,0.764,7.5,0,1583713,avance_efectivo,True,0,False,train
CAND-00751,2024-02-26,47,H,1551363.0,8,53439,6,0.739,4,False,,0.549,0.598,49.4,0,375066,avance_efectivo,True,0,False,train
CAND-00976,2024-02-26,45,NB,1769077.0,2,64651,0,0.657,2,True,609.0,0.79,0.921,56.4,0,788178,compra_cartera,True,0,False,train
CAND-00669,2024-02-26,35,H,1305778.0,10,27656,7,0.442,3,False,,0.545,0.516,49.3,0,653685,libre_inversion,True,0,False,train
CAND-02812,2024-02-26,32,H,610317.0,9,16309,7,0.255,1,True,630.0,0.906,0.791,38.5,0,860624,compra_cartera,True,0,False,train
CAND-01236,2024-02-26,48,H,685072.0,4,59209,0,0.404,1,False,,,0.88,26.9,0,945635,compra_cartera,True,0,False,train
CAND-02777,2024-02-26,35,M,723629.0,1,5390,1,0.341,1,True,665.0,0.722,0.89,28.2,0,718674,libre_inversion,True,1,False,train
CAND-02980,2024-02-26,33,M,777624.0,13,13281,9,0.093,4,False,,0.876,0.498,62.6,0,2063137,compra_cartera,True,0,False,train
CAND-01763,2024-02-26,35,H,844386.0,40,112581,21,0.23,3,False,,0.649,0.709,34.5,0,300260,libre_inversion,True,0,False,train
CAND-01353,2024-02-27,38,H,2976899.0,21,8196,10,0.472,3,False,,0.905,0.877,57.6,0,541736,avance_efectivo,True,0,False,train
CAND-00231,2024-02-27,37,H,1619356.0,11,72164,4,0.679,1,False,,0.807,0.827,54.3,0,1549494,libre_inversion,True,0,False,train
CAND-01387,2024-02-27,42,H,1451816.0,4,32823,2,0.431,1,False,,0.967,0.918,63.2,0,371028,avance_efectivo,True,0,False,train
CAND-00863,2024-02-27,41,H,799871.0,9,51316,6,0.31,5,False,,0.901,0.864,20.2,0,1370710,compra_cartera,True,0,False,train
CAND-01277,2024-02-27,29,M,799142.0,10,17116,9,0.496,5,True,607.0,0.787,0.554,65.2,0,362402,compra_cartera,True,0,False,train
CAND-00814,2024-02-27,37,H,914350.0,2,39782,1,0.556,1,True,648.0,0.827,0.688,48.8,0,628329,avance_efectivo,True,0,False,train
CAND-01953,2024-02-27,44,H,1265387.0,20,33356,6,0.427,3,True,524.0,0.704,0.894,62.2,0,367837,libre_inversion,True,0,False,train
CAND-02727,2024-02-27,31,H,1049702.0,16,91624,9,0.418,1,True,682.0,0.441,0.742,60.8,0,302397,avance_efectivo,True,0,False,train
CAND-01639,2024-02-27,44,M,1272498.0,2,9843,3,0.549,2,True,752.0,0.902,0.331,94.4,0,1727624,avance_efectivo,True,0,False,train
CAND-00227,2024-02-27,50,NB,1187500.0,34,15238,14,0.199,1,False,,0.807,0.929,70.4,0,493112,compra_cartera,True,0,False,train
CAND-00410,2024-02-27,35,H,803415.0,47,83617,16,0.022,2,True,681.0,0.857,0.745,48.6,0,700085,libre_inversion,True,0,False,train
CAND-00718,2024-02-27,39,H,1588349.0,7,102963,4,0.342,1,False,,0.835,,49.1,0,544506,libre_inversion,True,0,False,train
CAND-02975,2024-02-27,31,M,1727328.0,7,96875,2,0.447,2,False,,0.95,0.853,70.5,0,222476,libre_inversion,True,0,False,train
CAND-00956,2024-02-27,22,M,486976.0,14,34152,11,0.549,3,False,,0.656,0.882,63.1,0,1130292,libre_inversion,True,0,False,train
CAND-01794,2024-02-27,44,M,760099.0,31,93036,17,0.448,4,False,,0.498,0.607,61.6,0,237114,libre_inversion,True,0,False,train
CAND-00152,2024-02-27,20,H,702479.0,10,90058,8,0.339,5,False,,0.829,0.708,44.7,0,1071811,avance_efectivo,True,0,False,train
CAND-02928,2024-02-27,30,H,926634.0,37,25089,13,0.593,3,True,563.0,0.755,0.736,31.9,0,1278179,libre_inversion,True,0,False,train
CAND-01845,2024-02-28,27,H,2058916.0,21,83116,7,0.313,1,False,,,0.718,55.8,0,524066,libre_inversion,True,0,False,train
CAND-00026,2024-02-28,35,H,1960140.0,14,37158,10,0.578,1,True,713.0,0.71,0.55,48.4,0,378400,libre_inversion,True,1,False,train
CAND-00306,2024-02-28,18,H,1586249.0,5,48407,1,0.485,2,True,821.0,0.667,0.795,45.1,13010,1805313,libre_inversion,True,0,False,train
CAND-00327,2024-02-28,18,H,983618.0,4,20953,1,0.016,1,True,723.0,0.881,0.772,80.6,0,672805,libre_inversion,True,0,False,train
CAND-02274,2024-02-28,65,H,1180223.0,10,39978,5,0.223,1,False,,0.842,0.631,68.2,0,721909,libre_inversion,True,0,False,train
CAND-02382,2024-02-28,24,M,1757823.0,3,23681,2,0.163,3,True,638.0,0.73,0.705,29.9,0,305349,avance_efectivo,True,0,False,train
CAND-01530,2024-02-28,33,H,1917034.0,16,36979,5,0.419,4,False,,,0.873,43.7,0,712742,libre_inversion,True,0,False,train
CAND-02514,2024-02-28,43,H,1607206.0,41,15353,27,0.699,2,True,777.0,0.854,0.707,22.2,0,291830,libre_inversion,True,0,False,train
CAND-01012,2024-02-28,24,H,977959.0,2,39067,0,0.517,2,True,664.0,0.73,0.559,24.7,0,365141,libre_inversion,True,0,False,train
CAND-00063,2024-02-28,46,H,866780.0,1,82712,2,0.281,2,False,,0.87,0.75,71.9,0,872027,libre_inversion,True,0,False,train
CAND-02055,2024-02-28,18,M,452183.0,16,70755,11,0.75,1,True,648.0,0.528,,32.1,0,379863,compra_cartera,True,0,False,train
CAND-00805,2024-02-28,46,H,1645554.0,15,27754,8,0.516,1,False,,0.796,0.824,76.4,0,667730,avance_efectivo,True,0,False,train
CAND-02142,2024-02-28,37,H,853175.0,2,7429,0,0.169,2,False,,0.938,0.576,59.3,0,542497,avance_efectivo,True,0,False,train
CAND-00510,2024-02-28,47,M,2777017.0,2,37425,3,0.456,5,False,,0.491,0.811,22.0,0,369911,compra_cartera,True,0,False,train
CAND-00906,2024-02-29,37,M,978603.0,10,77356,4,0.462,1,True,502.0,0.747,0.756,65.9,0,335156,compra_cartera,True,1,False,train
CAND-01891,2024-02-29,45,H,680198.0,31,41414,15,0.227,2,False,,0.467,0.505,41.2,0,885654,libre_inversion,True,0,False,train
CAND-02926,2024-02-29,37,M,1070512.0,5,53648,1,0.46,2,True,627.0,,0.983,35.8,0,377593,libre_inversion,True,0,False,train
CAND-02579,2024-02-29,38,H,1923429.0,20,73472,8,0.581,4,True,552.0,,0.552,28.1,0,657671,libre_inversion,True,0,False,train
CAND-00746,2024-02-29,28,H,1288182.0,14,17813,6,0.298,2,True,781.0,0.78,0.656,22.6,0,555276,avance_efectivo,True,0,False,train
CAND-00357,2024-02-29,43,H,1629846.0,12,31776,4,0.439,1,True,620.0,0.649,0.979,58.8,0,649107,libre_inversion,True,0,False,train
CAND-00276,2024-02-29,46,M,456018.0,33,51217,21,0.384,2,False,,,0.721,20.3,0,348054,libre_inversion,True,0,False,train
CAND-00251,2024-02-29,51,M,1349670.0,7,18544,2,0.22,1,False,,,0.787,68.2,0,687405,libre_inversion,True,0,False,train
CAND-01077,2024-03-01,32,M,1028061.0,4,63386,5,0.414,4,False,,0.709,,42.4,0,574530,libre_inversion,True,0,False,train
CAND-01356,2024-03-01,18,H,1270288.0,33,66029,13,0.49,1,False,,0.689,0.946,81.9,0,1110212,avance_efectivo,True,0,False,train
CAND-00263,2024-03-01,46,H,964761.0,34,32819,20,0.585,3,False,,0.71,0.615,58.7,0,682340,libre_inversion,True,0,False,train
CAND-00336,2024-03-01,34,M,2991470.0,4,83777,5,0.285,2,True,627.0,0.813,0.432,34.8,0,684898,libre_inversion,True,0,False,train
CAND-00279,2024-03-01,34,H,1428940.0,1,70615,1,0.373,3,True,517.0,0.643,0.526,40.9,0,319272,libre_inversion,True,0,False,train
CAND-02491,2024-03-01,48,M,1303470.0,38,52218,25,0.463,5,True,694.0,0.829,0.64,65.5,0,1024028,compra_cartera,True,0,False,train
CAND-00909,2024-03-01,31,M,948492.0,31,46919,20,0.455,2,False,,0.557,0.747,56.9,10748,2453381,libre_inversion,True,0,False,train
CAND-02173,2024-03-01,22,H,1503638.0,8,24331,4,0.251,4,False,,0.7,0.946,44.4,0,573414,libre_inversion,True,0,False,train
CAND-02347,2024-03-01,54,H,949506.0,39,44802,18,0.279,1,False,,0.522,0.484,79.2,0,1029376,libre_inversion,True,0,False,train
CAND-01593,2024-03-01,26,M,722133.0,10,32237,8,0.184,3,True,772.0,0.632,0.868,42.9,0,1046264,avance_efectivo,True,0,False,train
CAND-01665,2024-03-02,28,H,1359896.0,4,94905,0,0.48,1,True,547.0,0.482,0.854,52.1,0,799679,libre_inversion,True,0,False,train
CAND-02117,2024-03-02,18,H,1570981.0,31,67814,12,0.314,3,False,,0.703,0.674,2.3,0,2808297,libre_inversion,True,0,False,train
CAND-00509,2024-03-02,24,H,783299.0,11,9474,7,0.208,1,True,555.0,,0.85,80.9,0,1499629,libre_inversion,True,1,False,train
CAND-01925,2024-03-02,33,M,1150179.0,8,54208,7,0.455,1,True,697.0,0.737,0.883,22.5,0,437140,compra_cartera,True,0,False,train
CAND-02606,2024-03-02,18,NB,1045675.0,36,82320,11,0.614,1,False,,,0.813,39.6,0,1403,libre_inversion,True,0,False,train
CAND-01775,2024-03-02,31,H,502846.0,20,12621,10,0.24,2,True,455.0,0.839,0.911,59.5,0,756386,libre_inversion,True,1,False,train
CAND-02098,2024-03-02,48,H,2445236.0,47,37761,23,0.728,2,False,,0.548,0.789,59.5,0,415573,libre_inversion,True,0,False,train
CAND-02094,2024-03-02,26,M,885259.0,14,250214,7,0.404,3,False,,0.445,0.558,71.6,0,492365,compra_cartera,True,0,False,train
CAND-02405,2024-03-02,29,M,960618.0,17,76749,7,0.379,1,True,612.0,0.826,0.746,20.1,0,429397,libre_inversion,True,0,False,train
CAND-02083,2024-03-02,34,H,832400.0,21,46785,12,0.067,3,False,,0.73,0.63,47.4,0,574365,compra_cartera,True,0,False,train
CAND-02036,2024-03-02,29,M,2091885.0,5,62760,1,0.364,1,False,,0.714,0.492,54.9,0,563573,compra_cartera,True,0,False,train
CAND-01687,2024-03-03,34,H,1548605.0,6,47057,2,0.199,5,True,695.0,0.466,0.474,36.1,0,206516,libre_inversion,True,0,False,train
CAND-00713,2024-03-03,32,M,1401552.0,7,43333,5,0.587,1,True,672.0,0.832,0.935,39.4,0,1336096,compra_cartera,True,0,False,train
CAND-00506,2024-03-03,38,H,,37,54035,22,0.311,2,False,,0.559,0.909,66.8,0,637934,compra_cartera,True,0,True,train
CAND-01725,2024-03-03,47,H,904358.0,9,111349,5,0.449,3,False,,0.889,0.684,46.1,0,565383,compra_cartera,True,0,False,train
CAND-01929,2024-03-03,28,H,950129.0,12,20421,6,0.071,2,True,527.0,0.632,0.875,23.2,0,1593964,avance_efectivo,True,0,False,train
CAND-00969,2024-03-03,40,M,1414208.0,11,22489,3,0.092,1,True,865.0,0.459,,22.9,0,461888,libre_inversion,True,0,False,train
CAND-02294,2024-03-03,36,H,586777.0,1,37234,1,0.629,3,False,,0.896,0.882,55.1,0,703953,libre_inversion,True,0,False,train
CAND-01087,2024-03-03,39,H,1028971.0,3,5614,1,0.427,2,False,,0.858,0.784,73.9,0,841533,libre_inversion,True,0,False,train
CAND-00307,2024-03-03,29,H,955090.0,6,29221,3,0.237,3,True,585.0,0.701,0.578,59.3,0,277356,libre_inversion,True,1,False,train
CAND-00553,2024-03-03,40,H,695992.0,4,25953,1,0.19,3,True,545.0,0.63,0.835,29.3,0,102575,libre_inversion,True,0,False,train
CAND-02701,2024-03-03,48,M,1726786.0,4,65411,3,0.224,1,True,554.0,0.631,0.603,44.5,0,1641153,libre_inversion,True,0,False,train
CAND-00195,2024-03-03,45,H,979043.0,4,49476,1,0.518,1,True,704.0,0.7,0.53,70.4,0,787002,avance_efectivo,True,1,False,train
CAND-00872,2024-03-03,32,NB,1212447.0,1,89397,1,0.683,5,False,,0.811,0.899,56.9,0,193447,avance_efectivo,True,0,False,train
CAND-00536,2024-03-04,20,M,1648943.0,8,62990,3,0.085,1,False,,0.701,0.688,56.8,0,559231,avance_efectivo,True,0,False,train
CAND-00017,2024-03-04,20,M,1062893.0,1,27511,1,0.058,1,False,,0.77,0.849,52.2,0,455298,libre_inversion,True,0,False,train
CAND-01235,2024-03-04,21,H,1924341.0,7,22394,3,0.378,3,True,596.0,0.835,0.811,100.0,0,254108,libre_inversion,True,0,False,train
CAND-00661,2024-03-04,36,H,1374866.0,16,20225,10,0.401,1,True,562.0,0.841,0.696,31.1,0,2326909,libre_inversion,True,0,False,train
CAND-00866,2024-03-04,30,H,3141208.0,1,25611,0,0.331,2,True,614.0,0.989,0.913,68.0,0,782992,libre_inversion,True,0,False,train
CAND-02287,2024-03-04,18,M,1077291.0,30,12939,12,0.336,4,True,590.0,0.594,0.716,55.8,0,673700,libre_inversion,True,0,False,train
CAND-01045,2024-03-04,33,H,1153658.0,1,51950,3,0.393,1,True,552.0,0.695,0.821,77.2,0,274397,libre_inversion,True,0,False,train
CAND-02955,2024-03-04,38,M,1969247.0,16,21236,14,0.266,3,False,,0.806,0.544,70.6,0,1239695,libre_inversion,True,0,False,train
CAND-00632,2024-03-05,35,M,2321117.0,6,51475,2,0.32,3,True,699.0,0.615,0.777,69.5,0,640323,avance_efectivo,True,0,False,train
CAND-00024,2024-03-05,39,M,477605.0,2,55091,2,0.534,4,True,807.0,0.872,0.889,12.5,0,327520,compra_cartera,True,1,False,train
CAND-01002,2024-03-05,57,H,925990.0,10,52256,4,0.088,2,False,,0.704,0.551,35.6,0,640373,libre_inversion,True,0,False,train
CAND-00108,2024-03-05,38,H,545992.0,5,69700,0,0.24,1,False,,0.809,0.699,61.1,0,487599,libre_inversion,True,0,False,train
CAND-01001,2024-03-05,26,H,1244773.0,15,34838,6,0.324,1,True,698.0,0.771,0.78,35.3,0,1400966,libre_inversion,True,0,False,train
CAND-02991,2024-03-05,48,NB,3862412.0,28,102556,15,0.364,1,False,,0.727,0.748,50.2,0,624533,compra_cartera,True,0,False,train
CAND-02463,2024-03-05,35,M,1736397.0,8,134650,3,0.592,4,False,,0.903,0.62,13.6,0,729962,avance_efectivo,True,0,False,train
CAND-00286,2024-03-05,41,M,1545220.0,58,28088,29,0.28,2,True,689.0,0.84,0.87,26.2,0,1034218,libre_inversion,True,0,False,train
CAND-02918,2024-03-05,41,H,2033435.0,7,52491,3,0.608,2,True,699.0,0.777,0.782,60.7,0,1467976,libre_inversion,True,0,False,train
CAND-00925,2024-03-05,25,M,1204012.0,1,20076,0,0.089,1,True,600.0,0.617,0.716,87.6,0,588092,avance_efectivo,True,0,False,train
CAND-02384,2024-03-05,27,M,959501.0,1,44611,0,0.373,1,True,717.0,0.777,0.829,42.9,0,749242,libre_inversion,True,0,False,train
CAND-01858,2024-03-05,35,H,1205683.0,32,110655,17,0.562,3,True,658.0,0.933,0.822,84.9,0,528124,avance_efectivo,True,0,False,train
CAND-00827,2024-03-05,46,M,842482.0,24,48521,9,0.668,2,False,,0.912,0.931,80.3,0,423317,libre_inversion,True,0,False,train
CAND-00756,2024-03-06,28,H,1377128.0,19,60898,6,0.624,2,True,874.0,0.811,0.805,80.1,0,508837,avance_efectivo,True,0,False,train
CAND-00766,2024-03-06,30,H,1711087.0,21,38589,10,0.063,2,False,,0.686,,37.1,0,1351016,avance_efectivo,True,0,False,train
CAND-02711,2024-03-06,36,H,1704053.0,1,61815,1,0.839,1,True,507.0,0.879,0.957,64.4,0,255217,libre_inversion,True,0,False,train
CAND-01054,2024-03-06,46,H,1130564.0,3,6536,6,0.389,4,False,,0.661,0.858,23.7,0,773049,libre_inversion,True,0,False,train
CAND-00001,2024-03-06,34,H,1583486.0,1,86688,1,0.722,3,True,762.0,0.568,0.847,25.7,0,501644,libre_inversion,True,0,False,train
CAND-00066,2024-03-06,41,H,1211002.0,55,71226,31,0.29,3,False,,0.839,,62.7,0,579159,libre_inversion,True,0,False,train
CAND-00272,2024-03-07,23,M,,36,26773,9,0.111,2,False,,0.878,0.717,78.0,0,654233,avance_efectivo,True,0,True,train
CAND-02234,2024-03-07,33,M,2138256.0,5,17699,2,0.348,1,True,732.0,0.668,0.572,49.0,0,432960,libre_inversion,True,0,False,train
CAND-02216,2024-03-07,36,H,809602.0,6,22566,3,0.813,3,True,757.0,0.372,0.893,49.7,0,1196715,libre_inversion,True,0,False,train
CAND-00637,2024-03-07,47,H,1917899.0,26,68249,15,0.6,2,True,608.0,,,36.8,0,2045585,avance_efectivo,True,0,False,train
CAND-02644,2024-03-07,25,H,1217116.0,3,10671,3,0.11,3,False,,0.648,0.701,47.2,0,557608,libre_inversion,True,1,False,train
CAND-02518,2024-03-07,34,H,942035.0,39,59262,19,0.775,1,True,545.0,0.595,0.438,63.4,0,692465,avance_efectivo,True,0,False,train
CAND-00250,2024-03-07,54,M,1364035.0,43,38725,16,0.494,4,False,,0.611,0.924,44.8,0,218034,libre_inversion,True,0,False,train
CAND-00740,2024-03-07,43,M,1486052.0,2,10167,2,0.762,3,True,572.0,0.655,0.853,64.3,0,1035152,libre_inversion,True,1,False,train
CAND-01114,2024-03-07,23,M,1074163.0,39,123275,7,0.567,2,True,605.0,0.436,0.65,48.2,0,1047530,libre_inversion,True,0,False,train
CAND-01700,2024-03-08,38,M,582426.0,4,104772,2,0.591,5,True,699.0,,0.81,61.8,0,474376,libre_inversion,True,0,False,train
CAND-00754,2024-03-08,25,M,1895662.0,13,25296,6,0.116,3,True,675.0,0.608,0.802,54.0,0,1056049,libre_inversion,True,0,False,train
CAND-02716,2024-03-08,34,H,871776.0,35,82662,23,0.228,1,False,,0.384,0.604,59.6,0,2338813,libre_inversion,True,0,False,train
CAND-02566,2024-03-08,24,H,618151.0,19,82838,12,0.303,4,False,,0.568,0.869,48.2,0,815968,libre_inversion,True,0,False,train
CAND-00499,2024-03-08,52,H,1360042.0,6,12369,1,0.376,4,True,717.0,0.696,0.599,33.2,0,1094641,libre_inversion,True,0,False,train
CAND-02318,2024-03-08,33,M,1500457.0,20,55422,13,0.464,3,True,562.0,0.884,0.637,73.2,0,221536,avance_efectivo,True,0,False,train
CAND-01910,2024-03-08,37,M,1361288.0,1,20045,0,0.694,1,False,,0.81,,30.5,0,937191,libre_inversion,True,0,False,train
CAND-02340,2024-03-08,45,H,1374043.0,2,67425,0,0.456,1,True,497.0,0.654,0.557,60.5,0,238162,libre_inversion,True,0,False,train
CAND-02373,2024-03-09,28,H,1069600.0,1,51900,0,0.703,5,False,,0.786,0.858,24.6,0,769422,avance_efectivo,True,0,False,train
CAND-00625,2024-03-09,29,H,1182180.0,22,17899,9,0.426,3,True,628.0,0.692,0.934,54.6,0,255802,avance_efectivo,True,0,False,train
CAND-00620,2024-03-09,26,M,1200604.0,7,50880,0,0.411,1,False,,0.782,0.813,32.6,0,815470,libre_inversion,True,0,False,train
CAND-02154,2024-03-09,23,M,714469.0,1,96865,2,0.024,1,True,616.0,0.967,0.83,45.0,0,381073,libre_inversion,True,0,False,train
CAND-00377,2024-03-10,35,M,1144959.0,2,51097,1,0.373,2,True,671.0,0.868,0.785,49.0,0,306907,compra_cartera,True,0,False,train
CAND-02824,2024-03-10,21,H,689071.0,35,52686,19,0.371,2,False,,0.424,0.904,34.8,0,684186,avance_efectivo,True,0,False,train
CAND-01334,2024-03-10,35,M,450290.0,27,41222,18,0.593,4,True,680.0,0.627,0.915,30.6,0,748083,libre_inversion,True,0,False,train
CAND-00220,2024-03-10,51,M,1271721.0,30,78033,14,0.082,2,False,,,0.891,45.3,0,266344,avance_efectivo,True,0,False,train
CAND-02966,2024-03-10,41,M,1405643.0,1,42500,1,0.473,3,False,,0.791,0.748,37.3,0,260551,libre_inversion,True,0,False,train
CAND-02866,2024-03-10,26,M,968217.0,8,37369,5,0.395,4,False,,0.661,0.772,16.2,0,441249,libre_inversion,True,0,False,train
CAND-02290,2024-03-10,52,NB,1322975.0,18,56189,11,0.095,4,False,,0.687,,64.6,0,288972,avance_efectivo,True,0,False,train
CAND-01349,2024-03-11,50,H,665639.0,16,157794,7,0.116,2,True,718.0,0.724,0.855,31.2,0,360231,avance_efectivo,True,0,False,train
CAND-00168,2024-03-11,37,H,535697.0,60,123008,23,0.258,5,False,,0.503,0.744,58.8,0,1122358,libre_inversion,True,0,False,train
CAND-00666,2024-03-11,50,H,1038357.0,13,43164,7,0.371,2,False,,0.557,,83.2,0,723811,libre_inversion,True,0,False,train
CAND-02385,2024-03-11,51,H,1445585.0,15,7703,5,0.625,2,True,620.0,0.683,0.87,42.1,0,363299,libre_inversion,True,0,False,train
CAND-00821,2024-03-11,25,H,965830.0,21,15405,11,0.34,2,True,714.0,0.899,0.85,57.8,0,1024338,libre_inversion,True,1,False,train
CAND-02470,2024-03-11,23,H,1921073.0,3,52238,2,0.471,5,True,721.0,0.741,0.96,52.2,0,932912,libre_inversion,True,0,False,train
CAND-01540,2024-03-11,40,H,1205489.0,5,86561,1,0.476,1,True,613.0,0.764,0.807,29.1,0,709495,avance_efectivo,True,0,False,train
CAND-00298,2024-03-11,25,M,618504.0,15,46992,8,0.554,1,False,,0.94,0.917,48.5,0,683958,compra_cartera,True,0,False,train
CAND-00385,2024-03-11,41,H,1738229.0,3,43614,1,0.34,1,True,607.0,0.525,0.766,44.2,0,746200,compra_cartera,True,0,False,train
CAND-01220,2024-03-11,45,H,1252461.0,17,43192,9,0.509,2,False,,0.916,0.693,43.7,0,653325,avance_efectivo,True,0,False,train
CAND-01780,2024-03-11,42,H,1303573.0,4,41051,2,0.173,1,True,682.0,0.761,0.772,42.2,0,1194297,libre_inversion,True,0,False,train
CAND-02424,2024-03-11,39,NB,1243117.0,1,63987,3,0.288,4,False,,0.987,0.868,37.9,0,426627,libre_inversion,True,0,False,train
CAND-00770,2024-03-11,37,M,437890.0,30,18025,17,0.4,2,True,582.0,0.784,0.742,11.7,0,384372,libre_inversion,True,0,False,train
CAND-00535,2024-03-11,28,H,2537879.0,24,74695,12,0.327,1,False,,0.9,,53.6,0,634782,libre_inversion,True,0,False,train
CAND-02018,2024-03-12,38,H,1391064.0,3,72953,3,0.445,3,False,,0.902,0.639,36.3,0,586853,libre_inversion,True,0,False,train
CAND-02526,2024-03-12,52,H,1089266.0,41,57904,17,0.196,1,False,,0.82,0.908,30.8,0,712365,compra_cartera,True,0,False,train
CAND-02761,2024-03-12,36,M,665107.0,3,17950,0,0.672,1,False,,0.85,0.904,47.1,0,745670,libre_inversion,True,0,False,train
CAND-02539,2024-03-12,40,H,1339916.0,1,10946,1,0.152,3,True,642.0,0.846,0.562,63.8,0,980800,avance_efectivo,True,0,False,train
CAND-02696,2024-03-12,23,H,906991.0,1,35432,0,0.462,1,True,648.0,0.578,0.593,50.2,0,592862,libre_inversion,True,0,False,train
CAND-00512,2024-03-12,36,H,2194034.0,36,17983,18,0.772,3,True,563.0,0.801,0.617,46.3,0,515944,avance_efectivo,True,0,False,train
CAND-02194,2024-03-12,29,H,749979.0,17,162678,13,0.675,1,False,,0.736,,72.2,0,1368142,avance_efectivo,True,0,False,train
CAND-00232,2024-03-12,21,M,595061.0,17,30737,9,0.397,3,True,595.0,0.625,0.832,60.1,0,571927,libre_inversion,True,0,False,train
CAND-00154,2024-03-12,38,M,1945288.0,10,57955,11,0.704,5,True,666.0,0.73,0.586,54.7,0,253744,libre_inversion,True,0,False,train
CAND-01661,2024-03-12,19,M,1629133.0,9,57997,5,0.143,5,True,611.0,0.625,0.563,85.9,21148,583387,compra_cartera,True,1,False,train
CAND-01408,2024-03-12,43,M,1002617.0,19,36266,6,0.483,1,False,,0.723,0.516,23.4,0,215347,libre_inversion,True,0,False,train
CAND-01614,2024-03-12,44,H,909474.0,2,35571,2,0.099,2,False,,0.654,0.826,50.5,0,297299,avance_efectivo,True,0,False,train
CAND-02937,2024-03-12,43,M,1253982.0,8,46488,7,0.299,1,True,516.0,0.783,0.88,47.0,0,860157,libre_inversion,True,0,False,train
CAND-01232,2024-03-13,39,H,1659822.0,19,17051,12,0.589,4,False,,0.686,0.796,97.9,0,543299,libre_inversion,True,0,False,train
CAND-02019,2024-03-13,34,M,1379188.0,7,82010,4,0.301,3,True,570.0,0.682,0.94,45.5,0,635559,avance_efectivo,True,0,False,train
CAND-01590,2024-03-13,25,H,1152430.0,4,20886,3,0.154,4,False,,0.758,0.832,35.4,0,1400497,compra_cartera,True,0,False,train
CAND-01844,2024-03-13,30,H,985782.0,14,192921,6,0.4,1,True,680.0,0.82,0.793,37.2,0,746924,libre_inversion,True,0,False,train
CAND-00080,2024-03-13,46,M,1859137.0,8,32397,4,0.284,3,False,,0.631,0.823,63.9,0,152041,avance_efectivo,True,0,False,train
CAND-01166,2024-03-13,40,M,3457946.0,35,9425,15,0.431,3,False,,0.757,0.95,83.0,0,904409,compra_cartera,True,0,False,train
CAND-02215,2024-03-13,33,M,2425595.0,1,35128,1,0.711,4,False,,0.949,0.652,51.2,0,1666688,compra_cartera,True,0,False,train
CAND-01785,2024-03-13,47,H,1024332.0,60,91974,39,0.382,1,False,,0.878,0.414,57.7,0,544424,avance_efectivo,True,0,False,train
CAND-01575,2024-03-13,38,M,628530.0,7,23491,5,0.161,2,True,671.0,0.827,0.901,46.9,0,720219,libre_inversion,True,0,False,train
CAND-01815,2024-03-13,40,M,1229067.0,3,82597,1,0.329,2,True,654.0,0.771,0.866,0.0,0,504767,avance_efectivo,True,0,False,train
CAND-01816,2024-03-13,23,H,665097.0,6,19979,3,0.27,3,False,,0.831,0.934,64.1,0,743247,libre_inversion,True,0,False,train
CAND-00177,2024-03-14,31,NB,1056638.0,11,53160,4,0.666,1,True,615.0,0.792,0.717,66.6,0,156599,avance_efectivo,True,1,False,train
CAND-02660,2024-03-14,22,M,1029426.0,4,53240,2,0.42,4,False,,,0.854,58.0,0,743637,avance_efectivo,True,1,False,train
CAND-00257,2024-03-14,45,M,1144008.0,9,18260,2,0.682,3,False,,0.865,0.87,31.2,0,855414,avance_efectivo,True,0,False,train
CAND-01683,2024-03-14,31,M,1820512.0,9,67954,6,0.412,3,False,,0.847,0.672,80.7,0,790634,libre_inversion,True,0,False,train
CAND-00388,2024-03-14,33,H,1913127.0,7,38809,4,0.173,1,False,,0.694,0.741,23.3,0,1318292,compra_cartera,True,1,False,train
CAND-02958,2024-03-14,32,M,1381223.0,34,46555,14,0.616,4,True,755.0,0.676,0.687,26.5,0,456092,compra_cartera,True,0,False,train
CAND-02932,2024-03-14,18,M,1175955.0,32,19901,21,0.363,1,True,743.0,0.963,0.858,55.5,0,476639,avance_efectivo,True,0,False,train
CAND-01850,2024-03-14,42,H,2491617.0,25,8740,17,0.465,2,False,,0.844,0.908,27.8,0,293934,avance_efectivo,True,0,False,train
CAND-02559,2024-03-14,35,H,2239970.0,8,66404,7,0.517,5,False,,0.445,0.587,31.6,0,658628,avance_efectivo,True,1,False,train
CAND-01049,2024-03-14,35,M,2268891.0,21,39881,12,0.505,1,True,452.0,0.896,0.753,45.6,0,678,compra_cartera,True,0,False,train
CAND-01524,2024-03-14,44,M,1536011.0,6,70949,2,0.376,4,True,728.0,0.876,0.831,50.8,0,370987,libre_inversion,True,1,False,train
CAND-02525,2024-03-14,25,M,1224480.0,2,1442,2,0.891,1,False,,0.905,0.922,46.0,0,449617,libre_inversion,True,1,False,train
CAND-00599,2024-03-14,46,M,1818430.0,1,61743,0,0.253,5,False,,0.806,0.949,46.1,0,474100,libre_inversion,True,0,False,train
CAND-00554,2024-03-15,36,H,1057568.0,4,7047,0,0.362,1,False,,0.951,0.901,38.8,0,482464,avance_efectivo,True,0,False,train
CAND-00988,2024-03-15,22,M,1801873.0,10,49592,2,0.201,1,False,,0.631,0.901,51.3,0,716793,libre_inversion,True,0,False,train
CAND-01980,2024-03-15,18,H,1830161.0,25,23501,18,0.592,2,False,,0.869,,31.7,0,458837,libre_inversion,True,0,False,train
CAND-00247,2024-03-15,47,M,1299469.0,35,169344,21,0.19,1,False,,0.741,0.542,43.7,0,577010,compra_cartera,True,0,False,train
CAND-00270,2024-03-15,47,M,1436354.0,1,94168,0,0.596,3,True,703.0,0.66,0.614,74.1,0,566214,libre_inversion,True,0,False,train
CAND-01188,2024-03-15,21,H,1746493.0,4,10828,1,0.36,2,True,681.0,0.874,0.918,56.4,0,1132881,libre_inversion,True,0,False,train
CAND-00495,2024-03-15,34,M,1037314.0,4,29964,1,0.275,2,True,637.0,0.597,0.671,51.1,0,474043,libre_inversion,True,0,False,train
CAND-00571,2024-03-15,24,M,2459590.0,3,24069,3,0.111,3,False,,0.657,0.968,8.9,0,857881,libre_inversion,True,0,False,train
CAND-02599,2024-03-15,40,M,1367966.0,27,83313,10,0.554,2,True,740.0,0.916,0.451,35.1,0,2486749,compra_cartera,True,0,False,train
CAND-02204,2024-03-15,28,M,952741.0,1,40795,0,0.452,3,False,,0.557,0.821,19.6,0,2642799,compra_cartera,True,0,False,train
CAND-00289,2024-03-15,25,H,1219810.0,34,46679,17,0.192,2,False,,0.766,,49.2,0,584581,compra_cartera,True,0,False,train
CAND-02198,2024-03-15,34,M,2477729.0,15,27031,8,0.257,2,False,,0.521,0.901,31.3,0,882114,libre_inversion,True,0,False,train
CAND-02041,2024-03-15,33,H,1270915.0,28,53861,18,0.582,5,True,591.0,0.785,0.541,74.9,0,585689,compra_cartera,True,0,False,train
CAND-02101,2024-03-15,36,H,752874.0,10,44130,5,0.514,1,True,721.0,0.663,0.757,74.9,0,322257,compra_cartera,True,0,False,train
CAND-01218,2024-03-15,36,M,1198620.0,17,18857,10,0.226,2,False,,0.567,0.87,76.9,0,211645,libre_inversion,True,1,False,train
CAND-01111,2024-03-16,18,H,1653457.0,1,26451,0,0.563,1,True,515.0,0.687,0.654,50.0,0,441726,compra_cartera,True,1,False,train
CAND-00562,2024-03-16,42,H,1461458.0,10,201636,4,0.044,4,False,,0.761,0.873,20.3,0,1874027,avance_efectivo,True,0,False,train
CAND-00333,2024-03-16,25,M,1241319.0,6,8559,3,0.546,2,False,,0.596,0.744,37.2,0,1020622,avance_efectivo,True,1,False,train
CAND-00355,2024-03-16,21,M,1698249.0,19,33272,5,0.672,4,False,,0.736,0.744,57.6,0,207356,libre_inversion,True,0,False,train
CAND-01930,2024-03-16,38,M,1190178.0,18,54166,10,0.21,2,True,663.0,,0.526,93.9,0,379220,libre_inversion,True,0,False,train
CAND-00772,2024-03-16,29,M,1909908.0,19,84876,13,0.383,1,False,,0.84,,61.1,0,908787,libre_inversion,True,0,False,train
CAND-02733,2024-03-16,28,M,767687.0,9,15375,7,0.49,4,True,584.0,0.833,0.873,52.7,0,918440,avance_efectivo,True,0,False,train
CAND-01879,2024-03-16,43,H,878688.0,1,6487,0,0.6,2,True,635.0,0.783,0.754,78.1,0,728380,libre_inversion,True,1,False,train
CAND-01039,2024-03-16,43,M,2084309.0,23,29404,8,0.519,4,True,572.0,0.789,0.524,42.0,0,536999,libre_inversion,True,0,False,train
CAND-01724,2024-03-16,37,M,1066060.0,8,42110,5,0.13,4,True,710.0,0.686,0.811,35.3,0,530841,libre_inversion,True,0,False,train
CAND-00782,2024-03-16,39,M,1271523.0,9,17855,4,0.25,5,False,,0.892,,34.9,0,750141,libre_inversion,True,0,False,train
CAND-00110,2024-03-16,36,M,1231436.0,6,23627,2,0.206,5,True,707.0,0.957,0.56,55.2,0,173023,libre_inversion,True,0,False,train
CAND-01751,2024-03-16,24,M,1763094.0,8,82607,3,0.544,3,True,576.0,0.782,0.627,65.4,0,1006312,libre_inversion,True,0,False,train
CAND-02741,2024-03-16,35,M,1287007.0,8,16276,3,0.537,1,False,,0.364,0.3,69.0,0,278132,libre_inversion,True,0,False,train
CAND-00682,2024-03-17,42,H,2895608.0,2,13415,2,0.548,1,True,730.0,0.7,0.759,47.0,0,511188,avance_efectivo,True,0,False,train
CAND-00643,2024-03-17,42,H,1160018.0,2,122052,2,0.509,1,False,,0.88,0.901,23.1,0,827459,libre_inversion,True,0,False,train
CAND-01985,2024-03-17,54,M,974492.0,10,30497,5,0.146,4,False,,0.696,0.679,48.6,0,542556,libre_inversion,True,0,False,train
CAND-02658,2024-03-17,33,M,1226656.0,56,63868,15,0.613,5,False,,0.619,0.609,72.0,0,4214499,compra_cartera,True,0,False,train
CAND-01625,2024-03-17,42,M,1003892.0,9,96390,8,0.336,3,True,601.0,0.789,0.971,78.6,0,616266,avance_efectivo,True,0,False,train
CAND-01997,2024-03-17,40,H,,20,13627,11,0.661,2,True,636.0,0.621,0.938,38.2,0,516686,libre_inversion,True,1,True,train
CAND-02964,2024-03-17,34,H,1566605.0,1,26328,0,0.581,1,False,,0.976,0.902,57.1,0,542113,compra_cartera,True,0,False,train
CAND-02972,2024-03-18,26,H,2447676.0,3,89467,0,0.631,4,True,775.0,0.553,0.679,35.9,0,466871,libre_inversion,True,0,False,train
CAND-00546,2024-03-18,29,M,1232477.0,4,39711,1,0.599,1,True,706.0,0.744,0.698,41.3,0,350841,avance_efectivo,True,1,False,train
CAND-02921,2024-03-18,51,H,1737124.0,4,24536,2,0.46,5,False,,0.581,0.869,51.5,0,129650,libre_inversion,True,0,False,train
CAND-02904,2024-03-18,38,M,992042.0,27,75168,12,0.449,1,False,,0.496,0.495,34.4,0,764537,libre_inversion,True,0,False,train
CAND-00798,2024-03-18,28,M,1564344.0,7,34853,3,0.265,3,True,519.0,0.541,0.522,63.0,0,338005,libre_inversion,True,0,False,train
CAND-01209,2024-03-18,30,M,1447340.0,6,50348,2,0.562,1,True,783.0,0.929,0.87,13.6,0,207191,libre_inversion,True,0,False,train
CAND-02802,2024-03-18,32,M,644967.0,1,24276,2,0.2,3,False,,0.751,,71.0,0,756329,libre_inversion,True,0,False,train
CAND-00450,2024-03-18,20,H,1425252.0,29,75180,14,0.898,2,True,730.0,0.813,0.856,33.6,0,738274,libre_inversion,True,0,False,train
CAND-02941,2024-03-19,38,H,1708940.0,7,8492,3,0.447,1,True,689.0,0.676,0.744,61.5,0,1543814,avance_efectivo,True,0,False,train
CAND-02363,2024-03-19,36,H,782935.0,17,69627,13,0.341,1,False,,,0.675,52.9,0,837807,libre_inversion,True,0,False,train
CAND-00434,2024-03-19,52,M,1019652.0,15,39235,5,0.426,5,False,,0.741,0.816,52.0,0,406645,libre_inversion,True,0,False,train
CAND-01359,2024-03-19,32,H,1501132.0,4,21924,2,0.458,2,True,636.0,0.709,0.75,23.8,0,696246,libre_inversion,True,0,False,train
CAND-02066,2024-03-19,32,H,1146848.0,21,19059,10,0.148,1,False,,0.597,0.732,22.8,0,386408,libre_inversion,True,0,False,train
CAND-00345,2024-03-19,48,NB,1330609.0,39,43087,19,0.24,4,False,,0.548,,60.3,0,839379,libre_inversion,True,0,False,train
CAND-02564,2024-03-19,52,H,2685221.0,21,92614,13,0.387,1,True,585.0,0.562,0.637,75.3,0,1917977,libre_inversion,True,1,False,train
CAND-02228,2024-03-20,39,H,1478160.0,3,72985,1,0.364,4,True,517.0,0.58,0.663,55.2,0,378045,avance_efectivo,True,0,False,train
CAND-00032,2024-03-20,32,H,4073629.0,20,38855,7,0.169,4,True,479.0,0.744,0.966,45.3,0,515559,compra_cartera,True,0,False,train
CAND-02171,2024-03-20,24,M,1109750.0,38,79490,12,0.415,1,True,626.0,0.742,0.764,72.7,0,1001635,libre_inversion,True,0,False,train
CAND-01823,2024-03-20,32,H,1855451.0,21,128952,9,0.559,3,True,723.0,0.718,0.916,52.7,0,515020,compra_cartera,True,0,False,train
CAND-02510,2024-03-20,46,H,1683429.0,8,4180,8,0.268,5,False,,0.946,,45.0,0,1167088,libre_inversion,True,0,False,train
CAND-02880,2024-03-20,43,H,1349101.0,1,79629,0,0.644,1,True,579.0,0.904,0.691,21.2,0,455608,avance_efectivo,True,0,False,train
CAND-02673,2024-03-20,25,H,1364445.0,13,50983,8,0.281,1,True,693.0,0.768,0.563,7.5,0,1004770,libre_inversion,True,0,False,train
CAND-01437,2024-03-20,27,H,721863.0,39,102255,17,0.544,2,True,593.0,0.917,0.67,96.3,0,237207,libre_inversion,True,0,False,train
CAND-02751,2024-03-20,46,H,1542419.0,14,19240,9,0.455,2,True,635.0,0.744,0.808,23.9,0,616503,libre_inversion,True,0,False,train
CAND-01735,2024-03-21,43,M,1165013.0,10,7783,8,0.713,3,False,,0.907,0.616,51.4,0,441958,libre_inversion,True,0,False,train
CAND-02139,2024-03-21,35,H,2845730.0,20,76356,15,0.374,3,True,592.0,0.645,,31.5,0,479074,avance_efectivo,True,0,False,train
CAND-02667,2024-03-21,26,H,1210519.0,8,56217,5,0.611,1,False,,0.716,0.721,63.7,0,690831,avance_efectivo,True,0,False,train
CAND-01641,2024-03-21,33,M,1329649.0,14,34838,4,0.573,5,True,709.0,0.587,0.962,51.2,0,1184320,libre_inversion,True,0,False,train
CAND-01446,2024-03-21,43,M,2712528.0,6,60615,2,0.141,4,False,,,0.652,61.0,0,894516,compra_cartera,True,0,False,train
CAND-00703,2024-03-21,52,H,1350322.0,1,42703,0,0.312,3,True,656.0,0.78,0.453,51.8,0,1297572,libre_inversion,True,0,False,train
CAND-01837,2024-03-21,27,H,556731.0,11,51179,4,0.852,1,False,,0.552,0.938,50.4,0,1461993,libre_inversion,True,0,False,train
CAND-01469,2024-03-21,40,H,1811632.0,6,53690,2,0.617,2,True,625.0,,0.513,51.2,0,416484,avance_efectivo,True,0,False,train
CAND-00644,2024-03-21,34,M,1479200.0,1,4707,1,0.123,3,False,,0.883,0.707,27.4,0,820554,libre_inversion,True,1,False,train
CAND-00566,2024-03-21,42,M,2287284.0,23,70404,13,0.465,1,False,,0.855,0.603,71.5,0,1251273,avance_efectivo,True,0,False,train
CAND-00627,2024-03-21,26,M,2708558.0,19,20106,10,0.569,3,True,731.0,0.714,0.881,39.5,0,462034,libre_inversion,True,1,False,train
CAND-00501,2024-03-21,19,M,2000608.0,31,61673,15,0.463,1,True,557.0,0.901,0.811,63.1,0,832677,compra_cartera,True,0,False,train
CAND-02057,2024-03-21,44,M,2361371.0,37,108183,16,0.394,3,False,,0.804,0.874,80.8,0,894766,libre_inversion,True,0,False,train
CAND-01549,2024-03-21,30,H,1066505.0,20,10398,2,0.743,2,True,666.0,0.383,0.83,59.8,0,545814,libre_inversion,True,0,False,train
CAND-00580,2024-03-22,36,M,1667164.0,15,49928,5,0.083,2,False,,0.681,0.672,69.3,0,803597,libre_inversion,True,0,False,train
CAND-01153,2024-03-22,51,NB,3220985.0,9,73638,1,0.192,4,False,,0.844,0.886,0.0,0,862375,avance_efectivo,True,0,False,train
CAND-01167,2024-03-22,22,H,1857516.0,5,21295,2,0.593,1,False,,0.845,0.594,62.5,0,440881,avance_efectivo,True,0,False,train
CAND-02350,2024-03-22,33,H,966711.0,24,5278,16,0.464,3,True,566.0,0.956,0.68,58.3,0,566969,compra_cartera,True,1,False,train
CAND-00449,2024-03-22,43,H,912510.0,15,72051,8,0.659,1,False,,0.775,0.606,47.8,0,556407,libre_inversion,True,0,False,train
CAND-01067,2024-03-22,20,M,1890973.0,1,92789,0,0.299,4,False,,0.689,,36.8,0,587545,libre_inversion,True,0,False,train
CAND-01822,2024-03-22,28,M,986093.0,25,4835,10,0.67,2,True,865.0,0.766,0.628,37.5,0,1857721,avance_efectivo,True,1,False,train
CAND-01999,2024-03-22,27,M,597861.0,17,41895,4,0.27,1,True,670.0,0.815,0.867,50.0,0,408063,libre_inversion,True,0,False,train
CAND-01042,2024-03-22,38,H,948419.0,23,39884,8,0.471,5,False,,0.996,0.832,66.5,0,746844,avance_efectivo,True,0,False,train
CAND-00356,2024-03-22,28,H,367218.0,2,19944,0,0.742,3,True,611.0,0.81,0.741,33.8,0,352542,libre_inversion,True,0,False,train
CAND-02940,2024-03-22,39,H,1518886.0,6,71843,1,0.564,2,False,,,0.539,43.3,0,428891,compra_cartera,True,0,False,train
CAND-00379,2024-03-22,35,M,1985377.0,1,41341,1,0.542,3,False,,0.921,0.706,49.9,0,738888,libre_inversion,True,0,False,train
CAND-00550,2024-03-23,32,M,1045895.0,19,53719,11,0.364,5,True,718.0,0.875,0.838,51.9,0,1157325,avance_efectivo,True,0,False,train
CAND-01550,2024-03-23,39,M,878027.0,2,2326,1,0.05,1,False,,0.518,0.883,46.9,0,677486,libre_inversion,True,0,False,train
CAND-02327,2024-03-23,24,M,888407.0,31,96165,17,0.701,5,True,751.0,0.704,0.943,69.1,0,432252,libre_inversion,True,0,False,train
CAND-02306,2024-03-23,32,H,2004235.0,5,22787,4,0.326,2,False,,0.795,0.61,62.4,0,829766,libre_inversion,True,1,False,train
CAND-02033,2024-03-23,19,H,3996502.0,4,13363,3,0.431,2,False,,0.873,0.85,83.9,0,802413,libre_inversion,True,0,False,train
CAND-01569,2024-03-23,30,M,1282632.0,18,47976,9,0.403,1,True,477.0,0.959,0.77,30.8,0,361457,avance_efectivo,True,0,False,train
CAND-00200,2024-03-23,25,M,1117432.0,3,16664,1,0.479,1,False,,0.336,0.808,67.0,0,770549,libre_inversion,True,0,False,train
CAND-00838,2024-03-23,32,H,1138686.0,57,92138,36,0.467,2,False,,0.803,0.761,66.6,0,528380,libre_inversion,True,0,False,train
CAND-00489,2024-03-23,38,H,639327.0,10,28786,7,0.164,2,False,,0.449,0.881,99.0,7377,465316,avance_efectivo,True,1,False,train
CAND-01255,2024-03-23,40,M,2408004.0,8,130008,4,0.52,1,True,735.0,0.898,0.863,0.0,0,576426,avance_efectivo,True,0,False,train
CAND-01481,2024-03-23,38,H,569980.0,23,100264,9,0.697,1,True,673.0,0.893,0.781,50.6,0,181012,libre_inversion,True,0,False,train
CAND-00869,2024-03-23,51,M,771940.0,17,23094,10,0.213,2,False,,0.843,0.504,46.7,0,1425995,compra_cartera,True,0,False,train
CAND-01831,2024-03-23,34,M,622094.0,11,175602,0,0.416,1,False,,0.872,0.689,41.4,0,620308,libre_inversion,True,0,False,train
CAND-02947,2024-03-24,45,H,332722.0,3,52465,2,0.366,2,True,635.0,0.653,0.329,73.9,0,245177,avance_efectivo,True,0,False,train
CAND-00916,2024-03-24,36,H,1019079.0,24,33785,14,0.711,2,True,697.0,0.906,0.412,58.7,0,784970,compra_cartera,True,0,False,train
CAND-02771,2024-03-24,33,M,,2,6314,2,0.277,1,True,716.0,0.848,0.72,80.0,0,1053886,compra_cartera,True,1,True,train
CAND-02034,2024-03-24,52,H,1597361.0,4,67829,0,0.308,4,False,,0.831,0.899,41.7,0,380563,libre_inversion,True,0,False,train
CAND-02444,2024-03-24,39,M,1057211.0,2,49327,3,0.159,1,True,610.0,0.886,0.873,45.2,0,1252466,avance_efectivo,True,0,False,train
CAND-02072,2024-03-24,35,M,478553.0,1,124550,0,0.47,2,False,,0.622,0.823,50.2,0,303421,avance_efectivo,True,0,False,train
CAND-01106,2024-03-24,25,M,1054841.0,6,69173,5,0.383,5,False,,0.643,0.803,57.9,0,500053,libre_inversion,True,0,False,train
CAND-00418,2024-03-24,21,NB,2855429.0,1,38626,1,0.247,1,True,628.0,0.755,0.568,55.3,0,202283,libre_inversion,True,0,False,train
CAND-02378,2024-03-24,39,H,1393117.0,1,14895,2,0.496,3,True,575.0,0.835,,54.0,0,801614,compra_cartera,True,0,False,train
CAND-00178,2024-03-25,22,M,783806.0,5,23935,3,0.328,3,True,787.0,0.886,0.865,44.0,0,1175577,libre_inversion,True,0,False,train
CAND-02346,2024-03-25,36,H,811329.0,4,37743,3,0.421,3,False,,0.666,0.617,30.6,0,480770,compra_cartera,True,0,False,train
CAND-00642,2024-03-25,31,H,774749.0,3,63587,1,0.398,1,False,,0.947,,59.8,0,234353,libre_inversion,True,0,False,train
CAND-02037,2024-03-25,45,H,3306194.0,1,62080,1,0.241,4,False,,0.744,0.936,46.5,0,759179,avance_efectivo,True,0,False,train
CAND-02265,2024-03-25,31,NB,1529334.0,17,14670,8,0.458,3,False,,0.774,0.827,32.3,0,1033039,compra_cartera,True,0,False,train
CAND-02735,2024-03-25,43,H,1302361.0,9,73458,5,0.449,3,False,,,0.684,50.7,6708,916597,libre_inversion,True,0,False,train
CAND-01027,2024-03-25,22,H,2579012.0,1,40824,1,0.36,2,False,,0.805,0.945,74.2,0,515269,libre_inversion,True,0,False,train
CAND-00100,2024-03-25,27,M,1193929.0,4,218612,0,0.198,2,True,678.0,0.782,0.769,77.7,0,1916,libre_inversion,True,0,False,train
CAND-02389,2024-03-25,36,M,2436989.0,11,133105,10,0.125,4,False,,0.711,0.806,46.7,0,910638,libre_inversion,True,0,False,train
CAND-02105,2024-03-25,38,H,934688.0,18,85731,11,0.094,3,False,,,0.733,39.2,0,912863,avance_efectivo,True,0,False,train
CAND-00282,2024-03-25,27,NB,,40,54492,30,0.26,3,True,884.0,0.96,0.827,69.9,0,215781,avance_efectivo,True,0,True,train
CAND-02715,2024-03-25,33,M,1785134.0,34,68789,11,0.548,3,False,,0.528,0.867,72.8,0,642934,avance_efectivo,True,0,False,train
CAND-02120,2024-03-26,46,M,1998526.0,14,59930,6,0.267,2,True,674.0,0.607,0.664,34.1,0,127303,libre_inversion,True,0,False,train
CAND-01474,2024-03-26,25,H,3241406.0,2,29895,0,0.168,3,False,,0.907,0.927,70.7,0,751812,libre_inversion,True,0,False,train
CAND-00215,2024-03-26,45,H,806335.0,1,69171,2,0.595,3,False,,0.573,0.839,37.8,0,538870,avance_efectivo,True,0,False,train
CAND-01697,2024-03-26,28,M,904773.0,1,73375,5,0.459,2,False,,0.783,0.598,42.3,0,1765346,libre_inversion,True,0,False,train
CAND-02259,2024-03-26,21,M,1285940.0,6,29684,0,0.508,2,False,,0.949,0.591,78.8,0,282147,libre_inversion,True,0,False,train
CAND-01984,2024-03-26,19,M,,12,10257,4,0.189,1,True,613.0,0.712,0.657,65.6,0,650370,avance_efectivo,True,0,True,train
CAND-00153,2024-03-26,42,M,719358.0,35,51835,28,0.604,1,False,,0.65,0.515,44.6,0,2107250,libre_inversion,True,0,False,train
CAND-01635,2024-03-26,42,H,942279.0,6,104768,6,0.601,3,True,722.0,0.782,0.817,43.6,0,633082,libre_inversion,True,0,False,train
CAND-01369,2024-03-26,30,M,1119553.0,16,27894,5,0.263,3,False,,0.863,0.617,57.7,0,604807,libre_inversion,True,0,False,train
CAND-02705,2024-03-26,61,H,578154.0,6,1899,3,0.322,1,True,661.0,0.723,0.695,44.8,0,288471,avance_efectivo,True,0,False,train
CAND-02229,2024-03-26,33,H,1586946.0,21,10428,11,0.829,1,False,,0.914,0.521,12.7,0,286725,libre_inversion,True,0,False,train
CAND-02861,2024-03-26,42,M,1201718.0,6,35390,2,0.446,2,False,,0.686,0.745,49.6,0,370839,libre_inversion,True,0,False,train
CAND-01936,2024-03-26,32,M,1195091.0,6,25822,4,0.417,3,True,541.0,0.804,0.861,72.3,0,849808,avance_efectivo,True,0,False,train
CAND-00815,2024-03-27,33,M,796524.0,14,109454,5,0.475,1,False,,0.757,0.544,17.8,0,522359,compra_cartera,True,0,False,train
CAND-02131,2024-03-27,29,H,923459.0,20,98168,5,0.376,2,True,742.0,0.794,0.667,54.3,0,381060,libre_inversion,True,0,False,train
CAND-00131,2024-03-27,34,H,820919.0,1,71796,0,0.17,1,False,,0.597,0.985,48.2,0,405035,avance_efectivo,True,0,False,train
CAND-00030,2024-03-27,21,H,593070.0,7,45574,5,0.268,2,True,555.0,0.605,0.618,61.4,0,663083,compra_cartera,True,0,False,train
CAND-02027,2024-03-27,18,M,2212554.0,16,51578,6,0.093,3,True,628.0,0.884,0.379,91.2,0,926866,compra_cartera,True,0,False,train
CAND-02473,2024-03-27,27,M,1592149.0,11,52990,7,0.667,2,True,670.0,0.951,0.903,52.9,0,1425700,libre_inversion,True,0,False,train
CAND-01854,2024-03-27,38,H,868668.0,8,33359,6,0.069,4,False,,0.906,0.305,28.3,0,2081995,libre_inversion,True,0,False,train
CAND-02136,2024-03-27,36,M,1204313.0,2,33470,1,0.495,1,False,,0.778,0.934,31.3,0,881162,libre_inversion,True,0,False,train
CAND-00116,2024-03-27,22,M,2159728.0,55,62412,31,0.298,1,True,667.0,0.392,0.757,60.1,0,280006,libre_inversion,True,0,False,train
CAND-01475,2024-03-27,31,M,2052680.0,3,89538,2,0.031,3,True,688.0,0.859,0.744,55.3,0,347358,libre_inversion,True,0,False,train
CAND-01149,2024-03-27,29,H,549325.0,9,30377,5,0.837,3,False,,0.783,0.662,58.8,0,1416224,avance_efectivo,True,0,False,train
CAND-01295,2024-03-27,54,M,1928816.0,22,75389,11,0.707,4,False,,0.791,0.658,17.1,0,594943,avance_efectivo,True,0,False,train
CAND-01159,2024-03-27,18,M,1764873.0,44,39449,22,0.171,1,True,716.0,0.794,0.741,27.0,0,824048,libre_inversion,True,0,False,train
CAND-00926,2024-03-27,44,H,753022.0,5,144209,2,0.3,3,False,,0.859,0.683,81.2,0,222197,compra_cartera,True,0,False,train
CAND-01888,2024-03-27,47,M,2047462.0,17,92393,15,0.357,5,False,,0.692,,52.0,0,341072,avance_efectivo,True,0,False,train
CAND-00923,2024-03-28,37,M,1942642.0,12,16547,7,0.334,1,True,574.0,0.761,0.757,39.7,0,1317183,libre_inversion,True,0,False,train
CAND-00734,2024-03-28,27,M,1003436.0,3,109389,1,0.434,2,False,,0.856,0.951,38.1,0,683693,avance_efectivo,True,0,False,train
CAND-02280,2024-03-28,40,M,547879.0,1,31644,1,0.582,4,True,562.0,0.858,0.882,100.0,0,263333,libre_inversion,True,0,False,train
CAND-02167,2024-03-28,30,M,1719651.0,24,47528,15,0.342,1,True,702.0,0.703,0.555,40.1,0,868039,compra_cartera,True,0,False,train
CAND-01058,2024-03-28,31,H,1301996.0,5,101389,5,0.183,4,True,440.0,0.87,0.76,84.2,0,246353,libre_inversion,True,0,False,train
CAND-00864,2024-03-28,45,M,1015493.0,5,98067,4,0.793,2,False,,0.795,0.976,54.3,0,467910,libre_inversion,True,0,False,train
CAND-02925,2024-03-29,33,M,972061.0,26,27331,19,0.131,2,False,,0.669,0.333,29.7,0,744260,libre_inversion,True,0,False,train
CAND-01136,2024-03-29,48,H,1772487.0,10,64189,5,0.277,1,True,698.0,0.625,0.891,47.2,0,721877,libre_inversion,True,0,False,train
CAND-01886,2024-03-29,25,M,1098340.0,9,34828,3,0.577,3,True,679.0,0.9,0.884,0.0,0,1281138,libre_inversion,True,1,False,train
CAND-00208,2024-03-29,21,M,1047467.0,60,46973,27,0.327,3,False,,0.751,0.407,40.7,14958,490159,compra_cartera,True,0,False,train
CAND-00065,2024-03-29,51,M,980399.0,5,51915,3,0.09,5,True,648.0,0.861,0.877,47.6,0,525692,libre_inversion,True,0,False,train
CAND-01222,2024-03-29,52,H,1256305.0,2,45306,0,0.729,1,False,,0.799,0.802,37.7,0,434178,libre_inversion,True,0,False,train
CAND-00398,2024-03-29,35,M,1879028.0,12,50965,10,0.623,3,False,,0.85,0.757,25.6,0,481287,libre_inversion,True,0,False,train
CAND-02581,2024-03-29,42,M,796806.0,12,11832,4,0.456,2,False,,0.815,0.477,31.8,0,626965,libre_inversion,True,0,False,train
CAND-00584,2024-03-29,33,H,1187141.0,6,40346,2,0.289,3,True,621.0,0.976,0.541,33.8,0,246803,avance_efectivo,True,0,False,train
CAND-02710,2024-03-29,25,H,1737516.0,60,79783,30,0.198,2,False,,0.686,0.817,53.8,0,1434000,compra_cartera,True,0,False,train
CAND-00124,2024-03-29,37,M,644184.0,10,16024,6,0.188,1,True,731.0,0.43,0.746,22.8,0,913667,compra_cartera,True,0,False,train
CAND-01485,2024-03-30,29,H,1314503.0,50,57665,24,0.59,1,False,,0.897,0.819,65.2,0,667666,libre_inversion,True,0,False,train
CAND-01157,2024-03-30,36,H,,11,28511,4,0.445,1,True,653.0,0.626,0.74,51.3,0,835492,libre_inversion,True,0,True,train
CAND-02883,2024-03-30,37,M,1494578.0,7,29978,4,0.234,2,True,737.0,0.737,0.801,42.0,0,1209992,avance_efectivo,True,1,False,train
CAND-00340,2024-03-30,30,M,572602.0,18,35270,13,0.686,3,True,699.0,0.595,0.936,66.8,0,988118,libre_inversion,True,0,False,train
CAND-01283,2024-03-30,39,H,1306338.0,19,7766,8,0.745,4,True,686.0,0.791,0.455,37.3,0,374425,libre_inversion,True,0,False,train
CAND-01361,2024-03-30,34,H,3130988.0,51,64867,30,0.136,1,False,,0.561,,89.5,0,956326,avance_efectivo,True,0,False,train
CAND-00654,2024-03-30,18,H,1554512.0,42,82947,19,0.761,2,False,,0.69,0.702,36.4,0,489458,avance_efectivo,True,0,False,train
CAND-02541,2024-03-30,21,M,1058922.0,19,3296,6,0.298,4,False,,0.785,0.607,52.3,0,716529,libre_inversion,True,0,False,train
CAND-00731,2024-03-30,26,M,866739.0,35,66073,19,0.31,5,True,700.0,0.821,0.816,44.3,0,706812,libre_inversion,True,0,False,train
CAND-02573,2024-03-30,30,H,1440351.0,5,26682,1,0.169,1,False,,0.897,0.779,26.6,0,445931,compra_cartera,True,0,False,train
CAND-00977,2024-03-30,34,M,813276.0,5,18939,3,0.176,2,False,,,0.895,38.9,0,370954,libre_inversion,True,0,False,train
CAND-02554,2024-03-31,47,H,1740650.0,4,13026,3,0.341,2,False,,0.77,0.703,41.7,0,297470,avance_efectivo,True,0,False,train
CAND-02074,2024-03-31,45,M,801246.0,49,30548,19,0.281,1,False,,0.836,0.698,83.5,0,1305598,avance_efectivo,True,0,False,train
CAND-02977,2024-03-31,37,H,761089.0,40,18672,16,0.576,1,False,,0.955,0.735,65.3,0,335170,libre_inversion,True,0,False,train
CAND-02393,2024-03-31,51,M,1091259.0,11,10368,2,0.352,2,False,,0.711,,66.5,0,647275,avance_efectivo,True,0,False,train
CAND-01915,2024-03-31,37,M,1359724.0,16,92907,7,0.572,2,False,,0.793,0.917,27.0,8429,1175364,compra_cartera,True,0,False,train
CAND-01916,2024-03-31,40,M,1340656.0,9,63759,2,0.732,2,True,488.0,0.807,0.616,59.3,0,553301,avance_efectivo,True,0,False,train
CAND-01411,2024-03-31,29,M,828466.0,5,36049,2,0.546,3,False,,0.695,0.832,42.6,0,451111,avance_efectivo,True,0,False,train
CAND-00527,2024-03-31,30,H,962716.0,12,49900,3,0.717,4,True,833.0,0.957,0.862,44.7,0,963261,compra_cartera,True,0,False,train
CAND-01391,2024-03-31,39,H,595995.0,5,12444,7,0.559,4,False,,0.602,0.725,55.1,0,759082,libre_inversion,True,1,False,train
CAND-00860,2024-03-31,39,M,1436535.0,27,24489,13,0.106,3,False,,0.932,0.767,43.6,0,224108,libre_inversion,True,0,False,train
CAND-01986,2024-04-01,41,H,1085788.0,14,102031,8,0.29,2,False,,0.788,0.682,46.0,0,210516,avance_efectivo,True,0,False,train
CAND-00011,2024-04-01,22,H,1052429.0,3,48431,0,0.499,4,False,,0.718,0.75,37.3,0,1059625,libre_inversion,True,0,False,train
CAND-01198,2024-04-01,26,H,3210177.0,12,26546,9,0.084,4,True,691.0,0.856,0.488,61.7,0,1052240,compra_cartera,True,0,False,train
CAND-02192,2024-04-01,27,M,522497.0,20,46159,9,0.444,1,False,,0.745,0.553,40.6,0,1815930,libre_inversion,True,0,False,train
CAND-01206,2024-04-01,22,H,1416334.0,12,58150,6,0.463,5,True,600.0,0.963,0.772,34.1,0,225872,libre_inversion,True,0,False,train
CAND-01307,2024-04-01,60,M,641407.0,40,11819,20,0.411,3,False,,0.868,0.733,86.1,0,490090,libre_inversion,True,0,False,train
CAND-00204,2024-04-01,23,H,547584.0,1,28592,1,0.68,3,True,664.0,0.92,0.551,44.7,0,469769,avance_efectivo,True,0,False,train
CAND-00339,2024-04-01,53,NB,1340797.0,12,37097,1,0.25,1,True,550.0,,0.738,27.9,0,445383,avance_efectivo,True,0,False,train
CAND-01557,2024-04-01,47,H,1727755.0,7,62330,5,0.747,3,True,626.0,0.54,0.887,1.2,0,628670,compra_cartera,True,0,False,train
CAND-01322,2024-04-01,30,M,1032340.0,2,34908,0,0.577,1,False,,0.816,0.321,32.6,0,1160932,libre_inversion,True,0,False,train
CAND-00107,2024-04-01,39,M,946529.0,1,12187,1,0.109,1,False,,0.768,0.664,58.9,0,542606,compra_cartera,True,0,False,train
CAND-01397,2024-04-01,48,H,1536360.0,7,33986,4,0.313,2,True,774.0,0.829,0.591,46.6,0,1098107,libre_inversion,True,0,False,train
CAND-02411,2024-04-01,38,M,1044725.0,13,74051,10,0.6,1,True,719.0,0.739,0.688,66.7,0,1422292,libre_inversion,True,0,False,train
CAND-02783,2024-04-02,28,M,2603019.0,4,13020,3,0.509,5,True,628.0,0.958,0.866,42.7,0,271533,compra_cartera,True,0,False,train
CAND-01333,2024-04-02,47,H,2179849.0,18,26614,14,0.511,4,False,,0.768,0.966,64.3,0,1348060,libre_inversion,True,0,False,train
CAND-01435,2024-04-02,41,M,1930889.0,9,70141,2,0.331,3,True,560.0,0.833,0.818,63.4,0,518623,avance_efectivo,True,0,False,train
CAND-01754,2024-04-02,32,H,931848.0,10,46797,3,0.648,2,False,,0.625,0.76,45.5,0,1521554,libre_inversion,True,0,False,train
CAND-01663,2024-04-02,50,NB,1546974.0,10,31161,7,0.369,2,True,602.0,,0.651,33.1,0,1611496,libre_inversion,True,0,False,train
CAND-00199,2024-04-02,32,M,1227805.0,52,22930,22,0.385,2,True,645.0,0.49,0.758,34.6,0,381337,compra_cartera,True,0,False,train
CAND-02499,2024-04-02,31,H,779783.0,14,64712,7,0.575,1,False,,0.837,0.75,69.2,0,377664,libre_inversion,True,0,False,train
CAND-02976,2024-04-02,47,H,1318057.0,22,76987,17,0.608,1,True,831.0,,0.723,45.0,0,1100620,avance_efectivo,True,0,False,train
CAND-02570,2024-04-02,29,H,1546118.0,60,25803,26,0.305,2,True,692.0,0.837,0.829,53.5,0,163844,compra_cartera,True,0,False,train
CAND-02125,2024-04-03,18,H,833298.0,21,45339,11,0.261,1,False,,0.705,0.676,51.3,0,430204,libre_inversion,True,0,False,train
CAND-01672,2024-04-03,56,H,945605.0,7,9824,7,0.225,2,False,,,0.809,62.6,0,635947,avance_efectivo,True,0,False,train
CAND-02282,2024-04-03,33,H,527274.0,17,70181,6,0.176,2,False,,0.784,0.529,41.9,0,2336940,libre_inversion,True,0,False,train
CAND-01394,2024-04-03,39,M,839454.0,23,68965,15,0.447,1,False,,0.95,,58.5,0,607111,compra_cartera,True,0,False,train
CAND-00056,2024-04-03,24,M,3099376.0,5,31696,4,0.129,2,True,582.0,0.861,0.938,35.3,0,635294,libre_inversion,True,0,False,train
CAND-00477,2024-04-03,28,H,2176566.0,23,22150,11,0.402,1,False,,0.843,0.437,23.7,12470,493568,libre_inversion,True,0,False,train
CAND-01559,2024-04-03,39,H,1148672.0,15,42502,5,0.242,1,True,765.0,0.836,0.835,84.0,0,1325812,avance_efectivo,True,0,False,train
CAND-00491,2024-04-03,32,M,1620129.0,30,33026,21,0.332,5,False,,0.787,0.651,22.7,0,725869,avance_efectivo,True,0,False,train
CAND-01256,2024-04-03,40,H,1083873.0,19,16847,12,0.46,1,False,,0.88,0.882,75.5,0,479539,avance_efectivo,True,0,False,train
CAND-02790,2024-04-03,37,M,1706520.0,30,18847,15,0.677,2,True,704.0,0.68,0.7,46.9,0,733918,libre_inversion,True,0,False,train
CAND-00764,2024-04-04,54,NB,621384.0,11,10474,4,0.442,1,False,,0.952,,1.6,0,1550540,compra_cartera,True,0,False,train
CAND-02679,2024-04-04,30,H,2071222.0,23,51977,15,0.752,3,False,,0.846,0.914,38.0,0,818973,compra_cartera,True,0,False,train
CAND-01945,2024-04-04,20,H,1485259.0,1,16969,1,0.448,3,True,799.0,0.711,0.812,24.0,0,466966,libre_inversion,True,0,False,train
CAND-02149,2024-04-04,21,M,1599166.0,11,89816,4,0.202,4,False,,,0.867,39.7,0,225466,avance_efectivo,True,0,False,train
CAND-00591,2024-04-04,28,M,1023082.0,14,29008,3,0.236,1,False,,0.639,0.91,76.0,0,156737,avance_efectivo,True,0,False,train
CAND-00044,2024-04-04,51,H,674705.0,13,10394,3,0.744,2,False,,0.959,0.929,61.7,0,983883,avance_efectivo,True,1,False,train
CAND-02641,2024-04-04,40,H,1627030.0,17,54074,8,0.424,3,False,,0.465,0.438,52.0,0,569307,avance_efectivo,True,0,False,train
CAND-02663,2024-04-04,50,M,1064261.0,2,7457,0,0.394,4,False,,0.632,0.628,34.7,0,1281757,avance_efectivo,True,1,False,train
CAND-01179,2024-04-05,53,M,1262279.0,8,52683,4,0.604,2,False,,0.626,0.661,21.3,0,455581,libre_inversion,True,0,False,train
CAND-00659,2024-04-05,32,M,844106.0,5,30296,2,0.16,1,True,639.0,0.557,0.749,47.5,0,742589,libre_inversion,True,0,False,train
CAND-01584,2024-04-05,40,H,1125777.0,8,29204,6,0.326,3,False,,0.803,0.564,32.5,0,822206,avance_efectivo,True,0,False,train
CAND-00585,2024-04-05,39,H,1486203.0,2,7495,1,0.119,1,False,,0.81,0.845,43.8,0,2427756,avance_efectivo,True,0,False,train
CAND-00583,2024-04-05,37,M,1098229.0,3,4297,3,0.663,1,True,646.0,0.715,0.688,67.6,0,867737,libre_inversion,True,1,False,train
CAND-02490,2024-04-05,27,M,1130147.0,13,72927,7,0.262,1,False,,0.745,0.819,64.2,0,566449,libre_inversion,True,0,False,train
CAND-00885,2024-04-05,42,H,1314066.0,40,5710,17,0.354,2,True,672.0,0.756,0.685,56.0,0,694182,libre_inversion,True,1,False,train
CAND-00880,2024-04-05,45,M,1317566.0,19,28854,8,0.179,2,True,582.0,0.446,0.523,48.4,0,2039371,libre_inversion,True,0,False,train
CAND-00876,2024-04-05,22,M,888611.0,21,21476,9,0.25,4,False,,0.834,0.905,53.3,0,662633,libre_inversion,True,0,False,train
CAND-01141,2024-04-05,36,H,563668.0,21,19688,12,0.456,4,False,,0.736,0.865,38.5,0,223363,avance_efectivo,True,0,False,train
CAND-02638,2024-04-05,31,H,1032006.0,26,105168,12,0.312,1,True,598.0,0.685,0.772,46.7,0,380725,avance_efectivo,True,0,False,train
CAND-00706,2024-04-05,21,H,847080.0,1,20507,2,0.517,2,False,,0.927,0.56,50.5,0,881740,libre_inversion,True,0,False,train
CAND-02090,2024-04-05,42,H,1032327.0,47,22519,20,0.447,2,False,,0.765,0.635,46.0,0,525096,avance_efectivo,True,1,False,train
CAND-00922,2024-04-05,32,M,1855995.0,1,22324,0,0.257,1,True,840.0,0.684,0.9,63.3,0,494994,avance_efectivo,True,0,False,train
CAND-00997,2024-04-05,35,H,1001316.0,11,10580,6,0.212,1,True,511.0,0.762,,65.9,0,891372,avance_efectivo,True,1,False,train
CAND-01484,2024-04-06,40,M,833369.0,60,77043,41,0.591,4,True,701.0,0.533,0.843,15.7,0,411130,compra_cartera,True,0,False,train
CAND-02764,2024-04-06,41,H,581950.0,9,88818,3,0.709,4,False,,0.613,0.585,50.4,0,1072830,libre_inversion,True,0,False,train
CAND-02997,2024-04-06,25,H,1044330.0,15,32432,4,0.49,5,True,456.0,0.698,0.879,41.1,0,955413,compra_cartera,True,0,False,train
CAND-01721,2024-04-06,31,M,1292552.0,33,41549,25,0.596,1,False,,0.82,0.529,50.6,0,396318,libre_inversion,True,0,False,train
CAND-00552,2024-04-06,33,NB,1270242.0,8,35100,2,0.666,1,False,,0.936,0.623,56.1,0,1029756,libre_inversion,True,0,False,train
CAND-00433,2024-04-06,38,M,551888.0,12,41181,8,0.755,2,True,727.0,0.887,0.845,81.5,0,751101,libre_inversion,True,0,False,train
CAND-02118,2024-04-06,27,M,919834.0,5,23096,5,0.374,3,False,,,0.687,93.9,0,4623207,avance_efectivo,True,0,False,train
CAND-01210,2024-04-07,30,H,1804455.0,17,60407,6,0.766,3,True,631.0,0.84,0.968,43.1,0,575323,avance_efectivo,True,0,False,train
CAND-01839,2024-04-07,37,H,1242533.0,4,62732,0,0.707,2,False,,0.857,0.531,0.0,0,680355,libre_inversion,True,0,False,train
CAND-01760,2024-04-07,32,H,1335971.0,46,36323,26,0.401,2,True,662.0,0.593,0.897,59.0,0,534199,compra_cartera,True,1,False,train
CAND-01889,2024-04-07,34,H,717420.0,1,26808,1,0.055,1,False,,0.645,0.693,49.1,0,498171,libre_inversion,True,0,False,train
CAND-01539,2024-04-07,22,M,819266.0,32,17264,11,0.487,1,False,,,0.522,26.5,0,511620,libre_inversion,True,0,False,train
CAND-02011,2024-04-07,29,M,892275.0,12,35248,1,0.291,2,False,,0.652,0.589,25.3,0,2252726,libre_inversion,True,0,False,train
CAND-02180,2024-04-07,28,M,933467.0,7,27636,4,0.516,2,True,564.0,0.95,0.643,47.5,0,397303,libre_inversion,True,0,False,train
CAND-01056,2024-04-07,27,H,755600.0,22,26126,15,0.321,2,False,,0.864,0.867,41.4,0,673736,libre_inversion,True,0,False,train
CAND-02156,2024-04-08,18,H,781078.0,4,21880,0,0.497,2,False,,0.884,0.872,59.5,0,188742,avance_efectivo,True,0,False,train
CAND-01492,2024-04-08,32,M,2356983.0,11,40901,7,0.233,2,False,,0.863,0.76,57.4,0,730636,avance_efectivo,True,0,False,train
CAND-02116,2024-04-08,31,M,589494.0,4,47958,2,0.37,1,False,,0.895,0.826,38.9,0,696147,compra_cartera,True,0,False,train
CAND-02248,2024-04-08,44,H,797948.0,3,19937,1,0.492,1,True,533.0,0.927,0.493,63.4,0,1319109,libre_inversion,True,0,False,train
CAND-01693,2024-04-08,31,M,1484979.0,12,56539,7,0.384,3,False,,0.915,0.821,69.2,0,1675734,libre_inversion,True,0,False,train
CAND-00664,2024-04-08,37,H,2511522.0,21,76890,11,0.302,1,False,,0.875,0.822,27.6,0,650422,libre_inversion,True,0,False,train
CAND-02662,2024-04-08,18,H,1469913.0,2,51200,0,0.265,1,True,855.0,0.811,0.778,44.1,0,580424,compra_cartera,True,0,False,train
CAND-01234,2024-04-08,31,M,670008.0,5,63482,3,0.231,3,False,,0.619,0.592,51.8,0,338553,avance_efectivo,True,0,False,train
CAND-00735,2024-04-08,38,M,2198426.0,19,40100,7,0.532,4,False,,0.469,0.717,34.8,0,1069862,compra_cartera,True,0,False,train
CAND-01803,2024-04-08,35,H,1714231.0,3,23040,1,0.334,5,False,,0.904,0.684,52.9,0,251234,libre_inversion,True,0,False,train
CAND-01716,2024-04-08,30,H,1179749.0,8,22602,3,0.287,1,True,684.0,0.856,0.76,20.7,0,466288,avance_efectivo,True,1,False,train
CAND-01708,2024-04-08,30,H,753410.0,1,65895,1,0.693,1,True,776.0,0.747,0.769,45.2,0,379546,libre_inversion,True,1,False,train
CAND-00210,2024-04-09,44,M,607652.0,2,59030,1,0.576,5,True,776.0,0.884,0.653,28.7,0,902886,avance_efectivo,True,0,False,train
CAND-01642,2024-04-09,44,M,1100866.0,7,31612,6,0.431,5,True,583.0,0.678,0.603,45.6,0,926700,compra_cartera,True,0,False,train
CAND-00847,2024-04-09,26,M,1540785.0,1,30007,0,0.207,2,False,,0.494,0.778,23.3,0,176431,avance_efectivo,True,0,False,train
CAND-01623,2024-04-09,37,M,1553869.0,2,15229,1,0.382,4,True,671.0,0.739,0.797,53.8,0,371180,libre_inversion,True,0,False,train
CAND-00639,2024-04-09,31,H,993072.0,42,32117,18,0.103,4,True,598.0,0.888,0.577,93.5,0,694003,libre_inversion,True,0,False,train
CAND-01701,2024-04-09,36,H,1916792.0,47,76390,26,0.662,2,False,,0.662,,67.8,0,538918,libre_inversion,True,0,False,train
CAND-00607,2024-04-09,29,H,955986.0,24,17767,13,0.482,4,False,,0.876,0.79,67.2,0,899666,compra_cartera,True,0,False,train
CAND-00768,2024-04-09,43,H,2743927.0,51,104386,23,0.537,3,False,,0.934,0.889,56.2,0,405469,compra_cartera,True,0,False,train
CAND-01618,2024-04-09,28,M,1771974.0,13,32188,6,0.757,4,False,,0.646,0.763,68.9,0,323493,avance_efectivo,True,0,False,train
CAND-01909,2024-04-09,37,H,568667.0,6,56585,2,0.287,2,False,,0.848,0.903,37.3,0,374371,compra_cartera,True,0,False,train
CAND-01631,2024-04-10,38,M,1131269.0,30,86747,17,0.7,4,False,,0.5,0.779,47.2,0,246802,libre_inversion,True,1,False,train
CAND-01626,2024-04-10,47,M,1065717.0,1,15104,0,0.136,2,True,622.0,0.583,0.821,48.7,0,336863,avance_efectivo,True,0,False,train
CAND-02298,2024-04-10,50,M,2113995.0,20,19224,11,0.494,2,False,,0.936,0.752,37.0,0,289880,libre_inversion,True,0,False,train
CAND-00224,2024-04-10,18,H,1639242.0,11,53022,2,0.022,3,False,,0.476,0.767,47.6,0,472385,compra_cartera,True,0,False,train
CAND-01184,2024-04-10,23,M,1051766.0,16,15311,8,0.252,2,False,,0.425,0.505,0.0,0,739753,libre_inversion,True,1,False,train
CAND-02401,2024-04-10,36,NB,1556652.0,34,68584,22,0.489,2,False,,0.708,0.696,82.7,0,1413962,libre_inversion,True,0,False,train
CAND-02482,2024-04-10,31,M,1972279.0,8,49485,3,0.803,1,True,602.0,0.361,0.603,66.8,0,805267,libre_inversion,True,0,False,train
CAND-01075,2024-04-10,32,H,989713.0,14,13610,6,0.324,2,True,586.0,0.68,0.835,22.9,0,325875,libre_inversion,True,0,False,train
CAND-02148,2024-04-10,23,H,1770550.0,1,145406,1,0.402,2,True,678.0,0.879,0.606,59.9,0,248974,compra_cartera,True,0,False,train
CAND-00052,2024-04-10,42,M,698900.0,6,58474,6,0.356,1,True,610.0,0.715,0.432,0.0,0,1136527,avance_efectivo,True,0,False,train
CAND-02835,2024-04-10,26,H,569610.0,60,65064,25,0.451,5,False,,0.477,0.609,73.4,0,1027804,libre_inversion,True,0,False,train
CAND-01895,2024-04-10,32,H,1141027.0,3,33455,3,0.333,2,False,,0.928,0.809,49.3,0,816693,compra_cartera,True,0,False,train
CAND-01109,2024-04-10,34,H,2512725.0,12,32543,2,0.458,2,False,,0.839,0.62,49.9,0,499464,compra_cartera,True,1,False,train
CAND-00939,2024-04-10,46,M,1221934.0,34,38415,19,0.668,2,True,684.0,0.683,0.825,41.8,0,293581,compra_cartera,True,0,False,train
CAND-00376,2024-04-10,35,H,1397167.0,18,94863,8,0.531,2,False,,0.63,0.952,14.5,0,413336,libre_inversion,True,0,False,train
CAND-01200,2024-04-11,35,H,1659136.0,1,25277,0,0.234,3,True,656.0,0.762,0.773,3.7,0,640380,libre_inversion,True,1,False,train
CAND-02276,2024-04-11,22,M,1745320.0,2,52711,2,0.518,2,False,,0.53,0.741,30.0,0,1647346,avance_efectivo,True,0,False,train
CAND-00628,2024-04-11,41,M,1142785.0,1,38712,2,0.43,4,True,744.0,0.616,0.915,79.0,0,163913,compra_cartera,True,0,False,train
CAND-00839,2024-04-11,44,H,433668.0,2,34190,1,0.324,2,True,611.0,,,49.9,0,141754,libre_inversion,True,0,False,train
CAND-02655,2024-04-11,65,M,698771.0,5,8661,2,0.538,1,True,576.0,0.665,0.845,41.3,0,742016,compra_cartera,True,0,False,train
CAND-02596,2024-04-11,28,M,958914.0,19,118327,8,0.576,2,True,602.0,0.881,0.612,47.1,0,1104499,avance_efectivo,True,0,False,train
CAND-01666,2024-04-11,38,H,2013716.0,10,27290,6,0.38,3,False,,0.376,0.729,37.4,0,251037,avance_efectivo,True,0,False,train
CAND-00978,2024-04-11,42,M,,1,54444,4,0.286,2,False,,0.852,0.643,59.0,0,424785,libre_inversion,True,0,True,train
CAND-00822,2024-04-11,45,H,1758446.0,5,45935,6,0.441,2,False,,,0.674,13.0,0,129563,compra_cartera,True,0,False,train
CAND-00676,2024-04-11,18,H,2985380.0,6,11735,3,0.28,4,False,,,0.786,34.0,0,254851,libre_inversion,True,0,False,train
CAND-00907,2024-04-11,42,M,1435155.0,16,51095,4,0.308,1,False,,0.773,,64.2,0,409375,libre_inversion,True,0,False,train
CAND-01958,2024-04-11,31,H,436342.0,16,15015,12,0.301,4,True,609.0,0.868,0.885,42.2,0,402031,libre_inversion,True,1,False,train
CAND-02475,2024-04-11,39,H,881226.0,21,34563,6,0.461,3,False,,0.868,0.666,61.4,0,1787981,libre_inversion,True,0,False,train
CAND-02527,2024-04-12,32,M,877568.0,3,55910,3,0.347,1,False,,0.998,0.659,72.2,0,304686,libre_inversion,True,0,False,train
CAND-02301,2024-04-12,39,H,1000108.0,4,8093,4,0.596,5,False,,0.333,,51.2,0,389274,libre_inversion,True,1,False,train
CAND-01465,2024-04-12,23,M,1173627.0,8,26545,3,0.272,1,True,510.0,0.637,0.812,41.9,0,167438,libre_inversion,True,0,False,train
CAND-01652,2024-04-12,32,M,1580349.0,9,7753,6,0.279,3,False,,0.941,0.826,54.0,0,1208899,libre_inversion,True,0,False,train
CAND-00034,2024-04-12,54,M,937273.0,4,64157,1,0.077,2,False,,0.62,0.497,50.3,0,750031,avance_efectivo,True,0,False,train
CAND-00151,2024-04-12,19,M,1289657.0,4,64268,3,0.378,2,True,575.0,0.832,0.737,48.5,0,964869,libre_inversion,True,0,False,train
CAND-00773,2024-04-12,39,M,1249096.0,8,33704,3,0.506,4,True,503.0,0.535,0.315,73.9,0,1209654,libre_inversion,True,0,False,train
CAND-00660,2024-04-12,32,M,541014.0,4,40876,2,0.12,2,False,,0.81,0.622,32.9,0,1257514,avance_efectivo,True,0,False,train
CAND-02235,2024-04-13,41,H,1107442.0,7,32533,3,0.451,3,True,789.0,0.86,0.904,66.8,25636,2503296,avance_efectivo,True,0,False,train
CAND-00497,2024-04-13,59,H,1254924.0,10,123390,5,0.342,4,False,,0.862,0.715,41.8,0,432497,libre_inversion,True,0,False,train
CAND-01885,2024-04-13,42,M,1045544.0,44,122614,20,0.166,2,True,640.0,0.779,0.733,69.0,0,753316,avance_efectivo,True,0,False,train
CAND-02674,2024-04-13,51,M,2378705.0,6,83211,3,0.508,1,False,,0.603,0.925,26.3,0,449489,libre_inversion,True,0,False,train
CAND-01766,2024-04-13,39,H,4116610.0,10,48180,3,0.391,2,True,736.0,0.722,0.633,27.0,0,946648,libre_inversion,True,0,False,train
CAND-01449,2024-04-13,37,H,658486.0,15,20787,5,0.321,2,False,,0.818,0.879,52.5,0,496929,libre_inversion,True,0,False,train
CAND-01774,2024-04-13,42,M,1186710.0,23,4030,12,0.359,2,True,628.0,0.379,0.809,60.0,0,531760,libre_inversion,True,0,False,train
CAND-00106,2024-04-13,39,H,1009286.0,10,78198,7,0.094,2,False,,0.594,0.823,21.8,0,919342,libre_inversion,True,0,False,train
CAND-02712,2024-04-13,24,H,1674427.0,11,41951,4,0.597,1,False,,0.616,0.953,57.0,0,504089,libre_inversion,True,0,False,train
CAND-01755,2024-04-13,40,M,2103647.0,5,65942,1,0.447,5,False,,0.582,0.611,0.0,0,555518,avance_efectivo,True,0,False,train
CAND-02342,2024-04-13,30,H,801082.0,22,104649,16,0.006,2,True,611.0,0.897,0.757,49.9,0,1535113,libre_inversion,True,0,False,train
CAND-00915,2024-04-13,20,H,1286474.0,29,58279,12,0.315,4,False,,0.754,0.652,22.8,0,443994,avance_efectivo,True,0,False,train
CAND-01146,2024-04-13,44,H,1404864.0,5,76656,0,0.211,5,True,648.0,,0.493,57.0,0,407196,compra_cartera,True,0,False,train
CAND-01161,2024-04-14,35,H,1523888.0,14,236455,10,0.941,1,False,,,0.867,55.6,0,259974,compra_cartera,True,0,False,train
CAND-01746,2024-04-14,50,M,945808.0,4,75994,3,0.359,1,True,828.0,0.62,0.874,66.5,0,411089,avance_efectivo,True,1,False,train
CAND-01748,2024-04-14,53,H,1916826.0,9,21558,3,0.112,4,True,649.0,0.933,0.877,47.0,0,752840,libre_inversion,True,0,False,train
CAND-01846,2024-04-14,35,H,1464649.0,20,66344,4,0.357,3,True,788.0,0.677,0.844,41.0,0,407353,libre_inversion,True,0,False,train
CAND-02404,2024-04-14,45,M,422257.0,10,23400,7,0.268,1,True,678.0,0.963,0.765,22.3,0,788400,libre_inversion,True,0,False,train
CAND-01516,2024-04-14,36,M,913351.0,8,37543,3,0.319,1,True,646.0,0.669,,30.2,0,100000,compra_cartera,True,0,False,train
CAND-00203,2024-04-14,46,M,1066894.0,1,24065,0,0.324,1,False,,0.526,0.919,59.6,0,810968,libre_inversion,True,1,False,train
CAND-02726,2024-04-14,47,H,,27,69000,11,0.24,5,True,737.0,,0.527,35.3,0,436440,libre_inversion,True,0,True,train
CAND-00783,2024-04-14,25,M,1527084.0,22,48505,10,0.479,1,True,787.0,0.671,0.967,48.6,0,786295,libre_inversion,True,0,False,train
CAND-01595,2024-04-14,38,NB,4125417.0,16,82785,7,0.378,4,False,,0.838,0.507,81.1,0,221351,avance_efectivo,True,0,False,train
CAND-01714,2024-04-14,33,H,1345094.0,1,33878,2,0.456,5,True,690.0,0.665,,57.2,0,294958,libre_inversion,True,0,False,train
CAND-01079,2024-04-14,37,H,1752661.0,11,23678,6,0.304,2,False,,0.663,0.714,45.6,0,444157,libre_inversion,True,0,False,train
CAND-00073,2024-04-14,50,H,2167952.0,6,47938,4,0.283,1,True,637.0,0.93,0.857,60.7,0,725499,libre_inversion,True,0,False,train
CAND-02339,2024-04-14,32,M,821177.0,12,37525,7,0.67,2,True,670.0,0.684,0.77,33.6,0,944054,compra_cartera,True,1,False,train
CAND-01805,2024-04-15,29,H,2840817.0,25,33174,18,0.641,4,True,692.0,0.812,0.79,77.6,0,405176,libre_inversion,True,0,False,train
CAND-02315,2024-04-15,53,H,682108.0,5,164094,1,0.429,5,False,,0.536,0.8,42.4,0,639073,compra_cartera,True,0,False,train
CAND-02323,2024-04-15,31,H,1623410.0,60,39884,40,0.824,4,True,702.0,0.783,0.618,51.8,0,341060,avance_efectivo,True,0,False,train
CAND-00397,2024-04-15,34,H,1136061.0,18,63968,10,0.635,1,True,762.0,0.849,0.866,59.9,0,2146716,libre_inversion,True,0,False,train
CAND-02361,2024-04-15,29,H,516403.0,8,44147,3,0.655,3,False,,0.855,0.968,42.9,0,737284,libre_inversion,True,0,False,train
CAND-00578,2024-04-15,28,H,1137365.0,2,45656,2,0.308,4,True,545.0,0.49,0.963,56.5,0,855023,libre_inversion,True,0,False,train
CAND-00191,2024-04-15,20,M,1422960.0,2,27720,2,0.618,3,True,672.0,0.769,0.931,29.4,0,315606,libre_inversion,True,1,False,train
CAND-00635,2024-04-15,41,H,929474.0,23,22305,10,0.702,3,True,571.0,0.756,0.514,62.3,0,198128,libre_inversion,True,0,False,train
CAND-02239,2024-04-15,41,M,631832.0,1,182883,1,0.777,2,True,609.0,0.809,0.865,56.2,0,253315,libre_inversion,True,0,False,train
CAND-01274,2024-04-15,46,H,2807921.0,1,21505,2,0.123,4,False,,0.483,0.778,34.5,0,473450,libre_inversion,True,0,False,train
CAND-00159,2024-04-15,33,M,1271938.0,1,36453,1,0.452,4,False,,0.756,0.831,69.5,0,228284,avance_efectivo,True,0,False,train
CAND-01669,2024-04-15,32,M,801064.0,1,17029,0,0.761,3,False,,0.832,0.487,31.2,0,331252,libre_inversion,True,0,False,train
CAND-00029,2024-04-15,22,H,1982923.0,4,10164,1,0.496,4,False,,0.773,0.84,55.1,0,237047,libre_inversion,True,0,False,train
CAND-01674,2024-04-16,23,M,1615619.0,45,79271,20,0.57,3,True,664.0,0.649,0.825,67.5,0,550711,compra_cartera,True,0,False,train
CAND-01677,2024-04-16,46,H,899064.0,45,62061,26,0.387,1,False,,,0.764,64.5,0,786308,libre_inversion,True,0,False,train
CAND-00774,2024-04-16,32,H,1735504.0,7,70599,5,0.717,2,False,,0.735,0.892,29.0,0,646330,avance_efectivo,True,0,False,train
CAND-01508,2024-04-16,36,M,1960843.0,1,132143,1,0.5,1,False,,0.583,0.812,69.0,0,398975,libre_inversion,True,0,False,train
CAND-01352,2024-04-16,23,H,1130810.0,7,29507,2,0.276,3,False,,0.915,0.637,48.6,0,810799,libre_inversion,True,0,False,train
CAND-00879,2024-04-16,25,H,733223.0,9,21090,7,0.357,4,True,712.0,0.947,0.863,57.8,0,500316,libre_inversion,True,0,False,train
CAND-02189,2024-04-16,27,M,2259467.0,22,19068,14,0.307,3,False,,0.889,0.639,78.9,0,271045,avance_efectivo,True,0,False,train
CAND-00855,2024-04-16,43,M,835119.0,35,116307,14,0.456,3,False,,0.463,0.609,72.2,0,195679,compra_cartera,True,0,False,train
CAND-02677,2024-04-16,21,M,1545609.0,8,55842,2,0.338,2,False,,0.726,0.785,72.6,0,336680,libre_inversion,True,0,False,train
CAND-01249,2024-04-16,41,M,1210339.0,21,23811,9,0.649,1,False,,0.854,0.646,49.0,0,1984,libre_inversion,True,0,False,train
CAND-02157,2024-04-16,49,H,993284.0,1,4006,0,0.258,2,False,,0.884,0.851,29.3,0,351022,compra_cartera,True,0,False,train
CAND-02950,2024-04-16,36,H,640455.0,4,35985,5,0.362,5,False,,0.682,0.822,82.8,0,503597,libre_inversion,True,0,False,train
CAND-00436,2024-04-16,31,M,754747.0,1,56619,1,0.895,1,True,675.0,0.902,0.681,52.5,0,203470,avance_efectivo,True,1,False,train
CAND-01432,2024-04-17,25,M,2156877.0,5,39016,3,0.249,3,False,,0.779,0.75,33.7,0,1657949,libre_inversion,True,0,False,train
CAND-01529,2024-04-17,28,H,1019042.0,12,2309,8,0.574,3,True,543.0,0.681,0.875,41.9,0,561872,libre_inversion,True,0,False,train
CAND-01258,2024-04-17,43,H,476556.0,4,24707,1,0.195,2,False,,0.794,,74.5,0,653034,libre_inversion,True,1,False,train
CAND-00802,2024-04-17,37,H,1860548.0,16,21287,9,0.261,2,False,,0.875,,71.5,0,218482,libre_inversion,True,0,False,train
CAND-00202,2024-04-17,23,M,752138.0,8,22984,2,0.614,3,True,630.0,0.527,0.634,51.5,0,361949,libre_inversion,True,1,False,train
CAND-02595,2024-04-17,28,NB,2678360.0,2,1997,1,0.747,1,True,572.0,0.567,0.854,77.7,0,867747,libre_inversion,True,0,False,train
CAND-01340,2024-04-17,29,H,902446.0,1,64430,2,0.252,3,False,,0.841,,23.4,0,626360,libre_inversion,True,0,False,train
CAND-01503,2024-04-17,26,H,492082.0,12,39198,10,0.329,3,False,,0.604,0.689,55.0,16457,371752,libre_inversion,True,0,False,train
CAND-02065,2024-04-18,39,H,1052676.0,36,38551,13,0.692,3,False,,0.735,0.945,2.1,0,791650,libre_inversion,True,0,False,train
CAND-02543,2024-04-18,35,M,794291.0,4,35414,4,0.436,3,False,,0.985,0.79,56.9,0,163850,compra_cartera,True,0,False,train
CAND-00314,2024-04-18,54,M,1841716.0,4,41400,2,0.259,3,True,628.0,0.568,0.728,72.4,0,1050023,libre_inversion,True,1,False,train
CAND-01403,2024-04-18,46,M,1621251.0,40,17119,21,0.421,3,True,671.0,0.795,0.503,49.4,0,1118795,compra_cartera,True,0,False,train
CAND-02832,2024-04-18,33,M,731062.0,7,59757,5,0.192,5,False,,,0.886,60.4,0,1441065,libre_inversion,True,0,False,train
CAND-00689,2024-04-18,44,H,1008831.0,47,33258,26,0.611,4,True,773.0,0.823,0.856,17.4,0,642409,avance_efectivo,True,0,False,train
CAND-01739,2024-04-18,38,M,1075637.0,1,167438,3,0.478,3,True,600.0,0.909,0.506,54.6,0,794793,avance_efectivo,True,0,False,train
CAND-02920,2024-04-18,37,H,477954.0,11,42844,2,0.767,1,True,599.0,0.767,0.657,32.0,0,606449,libre_inversion,True,0,False,train
CAND-02310,2024-04-18,32,H,965543.0,5,12073,3,0.287,2,True,716.0,0.937,0.774,59.2,0,869871,compra_cartera,True,0,False,train
CAND-02485,2024-04-18,43,H,872338.0,10,69733,4,0.119,3,False,,0.685,0.862,54.7,0,781031,libre_inversion,True,0,False,train
CAND-01942,2024-04-19,36,H,1573757.0,3,14624,2,0.228,2,False,,0.735,0.494,35.2,0,418790,compra_cartera,True,0,False,train
CAND-02024,2024-04-19,37,H,1901396.0,2,101929,1,0.23,5,False,,0.741,0.782,44.6,0,881966,libre_inversion,True,1,False,train
CAND-00373,2024-04-19,21,M,636910.0,2,80418,2,0.811,2,True,676.0,0.428,0.957,93.1,0,1331666,avance_efectivo,True,0,False,train
CAND-00280,2024-04-19,36,H,2167104.0,49,32543,22,0.387,2,False,,0.494,0.77,55.5,0,1200425,libre_inversion,True,0,False,train
CAND-02985,2024-04-19,52,H,1967286.0,1,75340,2,0.42,3,True,558.0,0.735,0.936,31.3,0,499688,libre_inversion,True,0,False,train
CAND-02232,2024-04-19,21,H,1770703.0,1,67522,1,0.555,3,True,640.0,0.828,0.991,83.3,0,989648,compra_cartera,True,0,False,train
CAND-00972,2024-04-19,41,M,1000185.0,1,59668,0,0.17,2,True,758.0,0.88,0.754,42.6,0,1355990,libre_inversion,True,0,False,train
CAND-01732,2024-04-19,52,H,504809.0,1,35311,1,0.12,4,False,,0.887,0.624,50.5,0,630977,libre_inversion,True,0,False,train
CAND-00878,2024-04-20,31,M,3753585.0,5,33809,2,0.131,5,False,,0.635,0.639,29.5,0,1177514,compra_cartera,True,0,False,train
CAND-01935,2024-04-20,36,M,889831.0,60,59149,31,0.49,1,False,,0.616,0.675,39.2,0,171465,libre_inversion,True,0,False,train
CAND-01611,2024-04-20,19,M,901278.0,28,43275,12,0.74,2,True,622.0,0.784,0.833,51.2,0,488707,compra_cartera,True,0,False,train
CAND-02068,2024-04-20,52,H,886920.0,15,48817,10,0.385,3,False,,0.962,0.734,50.9,0,277864,libre_inversion,True,0,False,train
CAND-02822,2024-04-20,28,H,1125618.0,14,45781,9,0.463,1,True,771.0,0.877,0.673,56.4,0,872907,libre_inversion,True,0,False,train
CAND-01890,2024-04-20,18,H,736625.0,48,9506,22,0.558,1,True,684.0,0.738,0.867,42.3,0,677137,compra_cartera,True,0,False,train
CAND-02899,2024-04-20,25,M,1109155.0,14,36193,5,0.856,4,False,,0.685,0.891,56.6,0,603907,avance_efectivo,True,0,False,train
CAND-02876,2024-04-20,29,H,1513711.0,7,58338,2,0.175,1,False,,0.656,0.732,37.0,0,428119,compra_cartera,True,0,False,train
CAND-02261,2024-04-21,29,H,928061.0,13,8280,3,0.321,1,True,685.0,0.809,0.798,62.2,0,348346,avance_efectivo,True,0,False,train
CAND-02324,2024-04-21,26,H,735277.0,20,35579,11,0.186,1,True,557.0,0.895,0.505,77.3,0,979717,avance_efectivo,True,0,False,train
CAND-00112,2024-04-21,24,M,1557557.0,7,117442,4,0.302,1,True,700.0,0.535,0.648,58.9,0,989520,avance_efectivo,True,0,False,train
CAND-01048,2024-04-21,31,H,1241457.0,26,90494,15,0.262,1,False,,0.675,0.837,66.6,0,140312,libre_inversion,True,0,False,train
CAND-01564,2024-04-21,46,M,911340.0,17,9558,9,0.198,3,False,,,0.668,14.4,0,1621485,avance_efectivo,True,1,False,train
CAND-01390,2024-04-21,35,M,791277.0,6,41760,3,0.175,4,False,,0.79,,35.5,0,347582,avance_efectivo,True,0,False,train
CAND-01208,2024-04-21,21,M,958052.0,20,16266,13,0.1,1,False,,0.874,0.55,61.4,0,162641,libre_inversion,True,0,False,train
CAND-01784,2024-04-21,27,M,,20,121281,7,0.233,2,True,700.0,0.838,0.738,45.3,0,1109633,avance_efectivo,True,0,True,train
CAND-00016,2024-04-21,28,H,1444327.0,1,108030,1,0.648,2,True,625.0,0.557,0.693,16.2,0,1290164,libre_inversion,True,0,False,train
CAND-02754,2024-04-21,43,M,1306009.0,7,126495,3,0.48,2,True,813.0,0.461,0.904,63.9,0,1104654,libre_inversion,True,0,False,train
CAND-00277,2024-04-22,51,M,1403692.0,1,17114,3,0.109,4,True,579.0,0.87,0.608,59.3,0,517562,avance_efectivo,True,0,False,train
CAND-01285,2024-04-22,37,M,1127438.0,1,11938,2,0.401,2,False,,0.691,0.849,53.4,0,517588,libre_inversion,True,0,False,train
CAND-00522,2024-04-22,18,M,1999901.0,9,54027,5,0.388,2,True,664.0,0.633,0.802,65.7,0,2835230,libre_inversion,True,0,False,train
CAND-00725,2024-04-22,32,H,1355606.0,2,42843,3,0.304,1,True,574.0,0.916,0.948,36.1,0,394643,libre_inversion,True,0,False,train
CAND-00875,2024-04-22,34,H,1577995.0,5,35288,5,0.34,4,True,551.0,0.738,0.679,77.4,0,372047,libre_inversion,True,0,False,train
CAND-01644,2024-04-22,31,H,1499584.0,7,61648,0,0.648,4,True,738.0,0.592,0.408,53.7,0,320140,libre_inversion,True,1,False,train
CAND-00324,2024-04-22,27,H,568603.0,18,51148,10,0.378,3,False,,0.757,,96.2,0,348485,avance_efectivo,True,0,False,train
CAND-02896,2024-04-22,58,M,856749.0,15,29143,5,0.712,5,False,,0.677,0.734,58.2,0,305595,libre_inversion,True,0,False,train
CAND-02426,2024-04-22,26,M,1390450.0,7,69247,4,0.695,4,False,,0.702,,33.1,0,1202811,libre_inversion,True,0,False,train
CAND-00739,2024-04-22,28,M,1271868.0,20,143895,7,0.028,2,False,,,0.536,36.6,0,755704,libre_inversion,True,0,False,train
CAND-01546,2024-04-22,19,M,1446885.0,17,75263,8,0.133,3,True,704.0,0.801,0.772,28.3,0,533905,compra_cartera,True,0,False,train
CAND-02960,2024-04-22,40,M,2200200.0,12,50357,6,0.293,3,True,643.0,0.466,0.538,57.4,0,714272,libre_inversion,True,0,False,train
CAND-02251,2024-04-22,31,H,812210.0,1,14199,3,0.735,2,False,,,0.783,57.9,0,837016,avance_efectivo,True,0,False,train
CAND-01423,2024-04-22,40,M,1528861.0,5,96524,2,0.725,4,True,540.0,0.785,0.85,58.5,0,540343,compra_cartera,True,0,False,train
CAND-01948,2024-04-22,39,M,939325.0,9,17550,3,0.643,5,False,,0.862,0.802,1.0,0,321170,avance_efectivo,True,0,False,train
CAND-00528,2024-04-22,50,M,1518460.0,5,46700,3,0.28,4,True,673.0,0.985,0.701,45.9,0,911882,libre_inversion,True,0,False,train
CAND-02536,2024-04-22,35,M,504091.0,8,17892,3,0.162,1,True,704.0,0.63,0.896,24.5,0,1145862,libre_inversion,True,0,False,train
CAND-01898,2024-04-23,27,M,1100068.0,14,74151,7,0.153,1,True,657.0,0.887,0.941,33.0,0,2034797,libre_inversion,True,0,False,train
CAND-00125,2024-04-23,25,H,1366262.0,21,22708,11,0.23,2,True,586.0,0.904,0.763,24.4,0,222985,compra_cartera,True,0,False,train
CAND-02214,2024-04-23,23,H,786901.0,17,26816,10,0.415,2,False,,0.569,,62.7,0,942357,libre_inversion,True,0,False,train
CAND-01183,2024-04-23,41,M,953867.0,10,91971,2,0.135,4,True,605.0,0.762,0.769,49.1,0,842250,libre_inversion,True,0,False,train
CAND-02013,2024-04-23,39,M,1253348.0,2,51849,0,0.542,2,False,,0.881,0.595,52.1,0,816337,libre_inversion,True,0,False,train
CAND-00446,2024-04-23,36,H,2624319.0,2,68020,0,0.364,3,True,723.0,0.818,0.883,100.0,0,394606,libre_inversion,True,0,False,train
CAND-02528,2024-04-23,32,M,1489686.0,8,38675,2,0.176,4,True,777.0,0.597,0.736,69.3,5617,270707,libre_inversion,True,0,False,train
CAND-00067,2024-04-23,23,H,,22,15994,10,0.149,2,True,629.0,0.849,0.882,54.0,0,491461,libre_inversion,True,0,True,train
CAND-01405,2024-04-23,50,H,1098460.0,16,34504,7,0.235,2,True,667.0,0.647,0.766,71.3,0,480229,compra_cartera,True,0,False,train
CAND-00651,2024-04-23,35,M,689900.0,60,26146,34,0.209,3,True,627.0,0.916,0.824,42.1,0,819835,compra_cartera,True,0,False,train
CAND-01398,2024-04-24,44,M,1455499.0,16,69242,5,0.544,1,True,769.0,0.717,0.825,74.5,0,547429,libre_inversion,True,0,False,train
CAND-00372,2024-04-24,41,M,707321.0,16,38261,13,0.613,4,True,712.0,0.659,0.899,41.6,0,595586,libre_inversion,True,0,False,train
CAND-02845,2024-04-24,39,H,955956.0,12,80230,8,0.711,2,False,,0.619,0.508,39.5,0,236790,compra_cartera,True,0,False,train
CAND-01959,2024-04-24,53,H,2527327.0,50,33832,24,0.45,1,False,,0.968,0.772,88.9,0,251954,avance_efectivo,True,0,False,train
CAND-02697,2024-04-24,37,M,1362072.0,43,25708,24,0.116,1,True,648.0,,0.744,65.9,0,960118,compra_cartera,True,0,False,train
CAND-02795,2024-04-24,28,M,1476351.0,12,75029,10,0.449,1,True,582.0,0.87,0.803,80.7,0,1375513,compra_cartera,True,0,False,train
CAND-00469,2024-04-24,35,M,2277226.0,11,39179,5,0.185,1,False,,0.83,0.885,59.7,0,1382759,avance_efectivo,True,0,False,train
CAND-00055,2024-04-24,33,M,1739030.0,5,49381,2,0.356,1,False,,0.875,0.877,40.6,0,259562,libre_inversion,True,0,False,train
CAND-02512,2024-04-24,22,M,1422101.0,16,128604,6,0.466,1,False,,0.762,0.798,53.8,0,329583,avance_efectivo,True,0,False,train
CAND-00991,2024-04-24,18,H,1408926.0,30,44952,13,0.363,2,True,608.0,0.895,0.725,95.8,0,689019,compra_cartera,True,0,False,train
CAND-01487,2024-04-24,40,H,374509.0,3,83895,2,0.815,2,False,,0.561,0.749,40.7,0,237785,libre_inversion,True,0,False,train
CAND-02890,2024-04-24,24,M,644212.0,27,6148,7,0.202,1,False,,0.879,0.721,16.7,0,1736055,libre_inversion,True,0,False,train
CAND-02905,2024-04-25,30,M,1816389.0,15,24879,5,0.307,1,False,,0.607,0.635,41.4,0,786349,compra_cartera,True,0,False,train
CAND-01187,2024-04-25,24,H,1492179.0,2,36647,0,0.128,3,True,766.0,0.564,0.441,69.6,0,249144,libre_inversion,True,1,False,train
CAND-02360,2024-04-25,35,H,1332499.0,18,34360,7,0.77,2,True,643.0,0.854,0.877,57.4,0,1046395,libre_inversion,True,0,False,train
CAND-02250,2024-04-25,39,H,1867312.0,14,7082,8,0.75,3,True,638.0,0.623,0.602,54.4,0,413146,libre_inversion,True,0,False,train
CAND-00012,2024-04-25,42,M,2260929.0,22,11297,14,0.607,1,True,658.0,0.639,0.764,24.7,0,1325,compra_cartera,True,0,False,train
CAND-00727,2024-04-25,45,H,3101451.0,6,82951,3,0.069,2,True,713.0,0.909,0.831,46.6,0,1943598,avance_efectivo,True,0,False,train
CAND-01653,2024-04-25,42,M,494890.0,21,96712,11,0.66,1,False,,,0.658,41.9,0,1426583,compra_cartera,True,0,False,train
CAND-00575,2024-04-25,40,M,973233.0,4,80527,1,0.873,5,True,617.0,0.871,0.341,29.7,0,287101,libre_inversion,True,0,False,train
CAND-00840,2024-04-25,38,H,794995.0,18,26877,11,0.308,2,False,,0.91,0.453,41.5,0,347206,compra_cartera,True,0,False,train
CAND-01259,2024-04-25,30,M,1537590.0,39,87407,19,0.202,2,False,,0.666,0.812,3.4,0,743282,libre_inversion,True,0,False,train
CAND-00380,2024-04-25,36,M,2254342.0,3,19596,0,0.269,4,True,691.0,0.851,0.794,32.0,0,975175,avance_efectivo,True,0,False,train
CAND-01260,2024-04-25,44,H,1256518.0,10,7969,6,0.227,4,False,,0.785,0.899,75.7,0,2116731,libre_inversion,True,0,False,train
CAND-01041,2024-04-25,63,M,1184619.0,60,17267,23,0.578,5,False,,,0.638,100.0,0,413735,compra_cartera,True,0,False,train
CAND-01502,2024-04-26,24,M,653273.0,9,52506,3,0.642,4,False,,0.826,0.897,40.1,0,414179,libre_inversion,True,1,False,train
CAND-00555,2024-04-26,31,H,1351520.0,22,29566,12,0.396,3,True,507.0,0.729,0.624,48.4,0,519052,libre_inversion,True,0,False,train
CAND-00965,2024-04-26,31,H,1559619.0,16,24304,12,0.109,1,True,690.0,0.682,0.703,43.2,0,606438,avance_efectivo,True,0,False,train
CAND-00904,2024-04-26,19,H,1702743.0,14,21630,6,0.216,1,True,671.0,0.812,0.711,46.7,0,717667,libre_inversion,True,0,False,train
CAND-02406,2024-04-26,32,H,1622216.0,6,91878,2,0.193,2,True,727.0,0.345,0.966,76.0,0,358216,avance_efectivo,True,0,False,train
CAND-00309,2024-04-26,38,H,2536920.0,10,23417,4,0.233,5,False,,0.405,0.77,22.1,0,790606,avance_efectivo,True,0,False,train
CAND-02076,2024-04-26,21,M,1136976.0,2,134856,1,0.579,1,True,695.0,0.73,0.835,52.2,0,713569,libre_inversion,True,0,False,train
CAND-00561,2024-04-26,34,NB,898772.0,16,8818,7,0.485,2,False,,0.751,,37.3,0,405058,compra_cartera,True,0,False,train
CAND-00665,2024-04-26,26,M,1524735.0,5,30732,4,0.638,3,True,494.0,0.675,0.829,58.2,0,199029,avance_efectivo,True,1,False,train
CAND-02577,2024-04-26,20,M,,5,34304,3,0.432,3,True,698.0,0.755,0.782,40.0,0,673565,libre_inversion,True,0,True,train
CAND-01168,2024-04-26,30,H,1381964.0,60,42941,32,0.382,2,False,,0.921,0.691,41.2,0,352236,avance_efectivo,True,0,False,train
CAND-02193,2024-04-26,41,M,938745.0,29,110438,15,0.219,4,False,,0.819,0.747,50.9,0,368657,avance_efectivo,True,0,False,train
CAND-00265,2024-04-26,30,M,,11,20823,2,0.475,1,True,452.0,0.753,0.933,72.5,0,332369,compra_cartera,True,0,True,train
CAND-02847,2024-04-27,18,M,2396653.0,1,36444,0,0.415,2,True,608.0,0.863,0.864,55.2,0,327194,compra_cartera,True,0,False,train
CAND-00132,2024-04-27,40,H,987868.0,6,3943,1,0.635,3,True,569.0,0.717,0.661,41.2,0,545703,libre_inversion,True,0,False,train
CAND-01085,2024-04-27,18,NB,2086440.0,40,34710,26,0.347,4,False,,0.904,0.784,63.4,0,310528,avance_efectivo,True,0,False,train
CAND-00769,2024-04-27,39,M,2417731.0,13,29836,4,0.473,3,False,,0.931,0.947,79.2,0,881700,libre_inversion,True,0,False,train
CAND-02567,2024-04-27,56,H,790582.0,4,55484,1,0.526,2,False,,0.632,0.61,31.9,0,398606,compra_cartera,True,0,False,train
CAND-00157,2024-04-27,31,M,958916.0,18,92498,9,0.423,3,True,676.0,0.589,0.714,45.3,0,1144964,libre_inversion,True,0,False,train
CAND-02365,2024-04-27,49,H,1179009.0,20,96817,9,0.344,3,False,,0.9,0.628,39.3,0,1237533,compra_cartera,True,0,False,train
CAND-00712,2024-04-27,34,M,905766.0,7,18229,3,0.059,1,True,660.0,0.916,0.657,62.4,0,736650,libre_inversion,True,0,False,train
CAND-02684,2024-04-27,36,H,577223.0,7,47850,4,0.487,1,False,,0.764,0.54,64.9,0,461389,compra_cartera,True,0,False,train
CAND-00406,2024-04-27,33,M,1670652.0,7,24083,3,0.149,1,False,,0.918,0.712,19.0,0,1319663,libre_inversion,True,0,False,train
CAND-00015,2024-04-27,36,H,1895034.0,9,48417,4,0.474,1,True,770.0,0.918,,35.4,0,444300,compra_cartera,True,0,False,train
CAND-02006,2024-04-27,36,H,852649.0,6,20727,4,0.402,5,False,,0.905,0.727,38.7,0,413096,compra_cartera,True,0,False,train
CAND-01076,2024-04-28,45,H,706699.0,12,33738,7,0.317,5,True,672.0,0.724,0.696,71.9,0,160196,libre_inversion,True,0,False,train
CAND-02670,2024-04-28,18,H,1250649.0,1,60010,1,0.363,1,False,,0.698,0.811,44.7,0,323865,libre_inversion,True,0,False,train
CAND-01699,2024-04-28,23,H,2547967.0,38,74646,26,0.563,4,True,554.0,0.808,0.966,63.8,0,558298,avance_efectivo,True,0,False,train
CAND-01582,2024-04-28,24,M,962402.0,5,35670,2,0.587,2,False,,,0.654,57.7,0,322914,libre_inversion,True,0,False,train
CAND-00462,2024-04-28,25,M,1183542.0,16,62367,5,0.606,4,False,,0.886,0.736,61.2,0,1105959,libre_inversion,True,0,False,train
CAND-00670,2024-04-28,39,M,842723.0,8,86805,2,0.284,2,True,689.0,0.969,0.89,49.0,0,586540,compra_cartera,True,0,False,train
CAND-01466,2024-04-28,32,H,1263435.0,28,20456,14,0.271,2,False,,0.765,0.611,70.4,0,478382,libre_inversion,True,0,False,train
CAND-00516,2024-04-28,18,M,1034367.0,16,59248,7,0.33,2,True,750.0,0.742,0.887,55.7,0,434741,compra_cartera,True,0,False,train
CAND-02372,2024-04-28,62,H,1622984.0,24,7888,9,0.275,3,False,,0.93,0.684,49.4,0,445742,libre_inversion,True,0,False,train
CAND-02100,2024-04-28,39,H,2119835.0,5,4734,3,0.645,3,True,649.0,0.801,0.935,59.6,0,562349,avance_efectivo,True,1,False,train
CAND-00004,2024-04-28,33,M,1160999.0,53,91982,26,0.395,2,True,683.0,0.84,0.534,33.5,0,553337,libre_inversion,True,0,False,train
CAND-02772,2024-04-28,42,H,747751.0,7,88998,7,0.129,1,False,,0.749,0.911,58.4,0,375465,libre_inversion,True,0,False,train
CAND-00290,2024-04-28,25,H,1459062.0,9,77373,8,0.808,1,True,741.0,0.812,0.958,58.4,0,1131270,libre_inversion,True,0,False,train
CAND-00013,2024-04-29,20,M,2080739.0,2,46914,1,0.265,1,False,,0.501,0.8,84.6,0,661432,compra_cartera,True,0,False,train
CAND-00759,2024-04-29,33,M,1056691.0,12,17060,7,0.555,4,False,,0.857,0.58,44.2,0,246768,libre_inversion,True,0,False,train
CAND-01946,2024-04-29,25,M,2062126.0,2,52448,0,0.479,1,False,,0.75,0.756,38.8,0,826187,libre_inversion,True,0,False,train
CAND-02023,2024-04-29,39,M,726150.0,1,57387,1,0.087,1,False,,0.872,0.884,8.4,0,950548,avance_efectivo,True,0,False,train
CAND-02632,2024-04-29,29,M,755140.0,17,18121,8,0.244,1,True,608.0,0.738,0.688,0.0,0,1491128,libre_inversion,True,0,False,train
CAND-02479,2024-04-29,39,NB,1132544.0,14,63518,5,0.725,1,False,,0.92,0.699,53.5,0,768904,libre_inversion,True,0,False,train
CAND-00974,2024-04-29,40,M,1147260.0,24,15932,8,0.575,1,True,683.0,0.773,0.854,4.7,0,547778,avance_efectivo,True,0,False,train
CAND-00903,2024-04-29,26,H,630772.0,40,3609,19,0.299,3,False,,0.901,0.828,75.6,0,402357,avance_efectivo,True,0,False,train
CAND-02314,2024-04-29,45,NB,579276.0,3,24691,0,0.207,3,True,680.0,0.551,0.618,37.6,0,253151,libre_inversion,True,0,False,train
CAND-01360,2024-04-29,34,H,1299030.0,6,7247,4,0.088,1,False,,0.689,0.882,44.0,0,386091,libre_inversion,True,0,False,train
CAND-01464,2024-04-29,40,H,2712694.0,31,87089,18,0.436,2,False,,0.911,0.676,78.9,0,326685,libre_inversion,True,0,False,train
CAND-00222,2024-04-29,18,M,1380909.0,6,6549,1,0.581,2,True,657.0,0.562,0.92,0.0,0,1480416,avance_efectivo,True,0,False,train
CAND-01770,2024-04-29,31,H,1283491.0,7,37589,3,0.532,4,True,631.0,0.792,0.81,82.6,0,767144,libre_inversion,True,1,False,train
CAND-00143,2024-04-29,32,M,626239.0,14,29811,11,0.379,3,True,637.0,0.963,0.511,61.7,0,400930,libre_inversion,True,0,False,train
CAND-00424,2024-04-29,24,H,1104753.0,10,84404,5,0.43,3,True,779.0,0.729,0.799,45.9,0,792114,avance_efectivo,True,0,False,train
CAND-02403,2024-04-29,34,H,1423553.0,5,22097,2,0.372,3,True,770.0,0.602,0.824,54.7,0,335395,libre_inversion,True,1,False,train
CAND-00023,2024-04-29,55,M,1024289.0,26,216882,15,0.53,2,True,675.0,,0.657,43.2,0,277973,libre_inversion,True,0,False,train
CAND-00337,2024-04-29,32,H,765590.0,3,43689,3,0.384,1,True,691.0,0.817,0.94,54.3,0,268556,libre_inversion,True,1,False,train
CAND-01385,2024-04-29,25,M,1518478.0,37,2842,20,0.476,2,False,,0.93,0.632,60.1,0,176989,avance_efectivo,True,0,False,train
CAND-02924,2024-04-29,31,H,300000.0,23,20516,11,0.147,1,True,767.0,0.645,0.662,57.9,0,1781837,compra_cartera,True,0,False,train
CAND-02949,2024-04-30,26,NB,1679709.0,43,37698,27,0.096,1,True,766.0,0.883,0.871,17.7,0,255207,avance_efectivo,True,0,False,train
CAND-01729,2024-04-30,31,H,1356989.0,5,62603,2,0.116,1,True,639.0,,0.833,61.2,0,485940,compra_cartera,True,0,False,train
CAND-00378,2024-04-30,50,H,874488.0,6,66713,3,0.375,4,False,,0.826,0.697,47.7,0,890324,libre_inversion,True,0,False,train
CAND-02245,2024-04-30,46,M,1249024.0,8,43805,2,0.547,2,False,,0.663,0.954,50.7,0,1306841,compra_cartera,True,0,False,train
CAND-01264,2024-04-30,33,H,875386.0,3,27560,1,0.142,2,True,657.0,0.794,0.718,42.4,0,865044,compra_cartera,True,0,False,train
CAND-02736,2024-04-30,38,H,1799168.0,5,53528,7,0.495,2,False,,0.896,0.953,22.1,0,632732,libre_inversion,True,0,False,train
CAND-01160,2024-04-30,35,H,887979.0,5,26385,4,0.444,3,True,806.0,0.726,0.951,74.4,0,390254,avance_efectivo,True,0,False,train
CAND-01847,2024-04-30,40,H,673095.0,3,43352,1,0.718,4,True,652.0,0.959,0.653,57.2,0,331638,libre_inversion,True,1,False,train
CAND-00226,2024-04-30,27,H,1360616.0,17,130560,7,0.06,4,False,,0.813,0.638,63.6,0,1732666,libre_inversion,True,0,False,train
CAND-01279,2024-04-30,41,M,2166501.0,20,158232,14,0.743,1,True,628.0,0.933,0.396,36.4,0,333180,libre_inversion,True,0,False,train
CAND-01463,2024-04-30,25,M,,37,93165,19,0.616,4,False,,0.885,0.891,43.8,0,1423439,libre_inversion,True,0,True,train
CAND-02419,2024-04-30,31,M,1395927.0,11,40472,8,0.485,3,True,648.0,0.901,0.475,75.4,0,1348955,avance_efectivo,True,0,False,train
CAND-01851,2024-04-30,44,M,1977150.0,21,48580,20,0.672,2,False,,0.732,0.973,54.4,0,1450973,libre_inversion,True,0,False,train
CAND-00193,2024-05-01,40,M,1577754.0,5,18547,6,0.691,5,False,,0.65,0.859,41.3,0,1121131,compra_cartera,True,0,False,train
CAND-00490,2024-05-01,36,H,1141123.0,12,31499,2,0.409,2,True,794.0,0.869,0.814,49.6,0,100000,libre_inversion,True,0,False,train
CAND-01651,2024-05-01,30,M,676765.0,5,24705,4,0.255,5,False,,0.477,0.506,60.0,0,639920,compra_cartera,True,1,False,train
CAND-00405,2024-05-01,35,M,1553646.0,1,34545,1,0.533,5,True,680.0,0.868,0.76,33.6,0,451265,avance_efectivo,True,0,False,train
CAND-00480,2024-05-01,62,H,1024041.0,7,49868,3,0.078,1,False,,0.524,0.821,32.8,0,948565,libre_inversion,True,0,False,train
CAND-00543,2024-05-01,29,H,1859229.0,1,51179,0,0.666,2,False,,0.707,0.394,26.3,0,543861,avance_efectivo,True,0,False,train
CAND-02297,2024-05-01,52,M,836180.0,36,139218,22,0.514,3,True,749.0,0.894,0.64,78.1,0,1014547,libre_inversion,True,0,False,train
CAND-02383,2024-05-01,27,M,867850.0,15,15308,2,0.565,3,False,,0.721,0.725,82.8,0,203857,libre_inversion,True,0,False,train
CAND-01963,2024-05-01,27,NB,1532336.0,24,31560,13,0.624,3,True,702.0,0.849,0.801,49.3,0,756360,libre_inversion,True,0,False,train
CAND-00748,2024-05-01,34,NB,1019535.0,3,43366,0,0.47,3,True,656.0,0.712,0.683,39.4,0,1135432,libre_inversion,True,0,False,train
CAND-00360,2024-05-02,47,M,1173370.0,39,75653,21,0.059,2,False,,0.697,0.895,87.1,0,781271,compra_cartera,True,0,False,train
CAND-02486,2024-05-02,34,H,1023991.0,1,1580,0,0.385,3,False,,,0.645,60.6,36011,639273,avance_efectivo,True,0,False,train
CAND-00709,2024-05-02,29,H,2028965.0,25,36327,11,0.741,1,True,715.0,0.956,0.928,51.6,0,461644,libre_inversion,True,0,False,train
CAND-02651,2024-05-02,27,M,2252102.0,13,8497,2,0.37,1,False,,0.84,0.808,41.3,0,1367497,libre_inversion,True,0,False,train
CAND-01462,2024-05-02,55,M,1616448.0,6,4624,1,0.126,2,True,661.0,0.889,0.792,20.9,0,2066406,compra_cartera,True,0,False,train
CAND-00803,2024-05-02,28,M,2630856.0,24,33982,20,0.163,2,False,,0.683,0.703,35.5,0,508332,compra_cartera,True,0,False,train
CAND-00087,2024-05-02,50,H,1287835.0,11,90749,4,0.197,4,True,542.0,0.896,,88.5,0,839912,libre_inversion,True,0,False,train
CAND-00283,2024-05-02,35,M,1588181.0,21,10905,13,0.478,2,True,693.0,0.702,0.38,49.9,0,259006,libre_inversion,True,0,False,train
CAND-01535,2024-05-02,31,H,1397635.0,9,14300,4,0.147,2,True,686.0,0.702,,100.0,0,691769,libre_inversion,True,0,False,train
CAND-02633,2024-05-02,25,NB,1926934.0,21,51407,7,0.226,2,False,,,0.916,59.4,0,584943,compra_cartera,True,0,False,train
CAND-01140,2024-05-02,38,H,1223906.0,16,18710,8,0.332,5,False,,0.848,0.84,56.7,0,1151309,compra_cartera,True,0,False,train
CAND-00857,2024-05-02,39,M,586596.0,39,17419,23,0.649,1,True,624.0,0.759,,67.1,0,244481,compra_cartera,True,0,False,train
CAND-01686,2024-05-02,18,M,1215822.0,2,56224,0,0.37,2,True,571.0,0.803,0.607,77.9,0,532290,avance_efectivo,True,0,False,train
CAND-02345,2024-05-02,40,H,1590696.0,10,154843,6,0.407,1,True,657.0,,0.676,56.0,0,437644,libre_inversion,True,0,False,train
CAND-01628,2024-05-02,28,M,809158.0,57,26701,26,0.568,3,False,,0.816,0.521,68.2,0,790859,compra_cartera,True,0,False,train
CAND-00719,2024-05-03,18,H,873332.0,30,25367,18,0.185,3,True,530.0,0.501,0.915,43.7,0,528671,libre_inversion,True,0,False,train
CAND-00299,2024-05-03,31,H,2145964.0,1,86056,1,0.369,2,False,,0.947,0.844,42.5,0,787061,compra_cartera,True,0,False,train
CAND-00934,2024-05-03,38,H,1195385.0,5,44987,3,0.623,4,False,,0.842,0.475,58.4,0,1428405,libre_inversion,True,0,False,train
CAND-01017,2024-05-03,26,M,530171.0,11,27948,2,0.284,2,True,661.0,0.804,0.741,36.6,0,1424127,libre_inversion,True,1,False,train
CAND-00893,2024-05-03,33,M,997546.0,7,50002,4,0.51,1,True,618.0,0.874,0.554,44.5,0,1245998,avance_efectivo,True,0,False,train
CAND-00704,2024-05-03,29,H,361256.0,3,20823,2,0.866,1,False,,0.857,0.705,35.4,0,1297603,libre_inversion,True,0,False,train
CAND-00884,2024-05-03,30,H,548725.0,8,30456,3,0.342,2,True,783.0,0.71,0.668,61.6,0,300814,avance_efectivo,True,0,False,train
CAND-01172,2024-05-04,49,M,1008306.0,13,18131,6,0.173,3,True,556.0,0.891,0.707,58.9,0,580755,libre_inversion,True,1,False,train
CAND-02860,2024-05-04,33,H,1662868.0,4,46662,1,0.243,3,False,,0.591,0.573,27.8,0,668671,libre_inversion,True,0,False,train
CAND-02661,2024-05-04,65,M,1784598.0,39,62722,18,0.297,1,True,606.0,0.396,0.868,32.6,0,1287962,libre_inversion,True,1,False,train
CAND-01647,2024-05-04,26,H,904909.0,8,40617,9,0.627,1,False,,0.951,0.898,42.5,0,1268760,avance_efectivo,True,0,False,train
CAND-00896,2024-05-04,31,H,1799872.0,11,27031,5,0.661,1,True,654.0,0.839,0.825,64.3,0,1313785,compra_cartera,True,0,False,train
CAND-01812,2024-05-04,36,M,1347478.0,37,99413,17,0.582,1,True,771.0,0.531,0.748,62.4,0,905485,compra_cartera,True,0,False,train
CAND-02843,2024-05-04,43,H,1325980.0,9,6480,8,0.197,4,False,,0.661,0.673,59.8,0,1334605,libre_inversion,True,1,False,train
CAND-01521,2024-05-04,32,M,897518.0,14,28436,13,0.521,1,True,702.0,0.587,0.805,65.2,0,661329,libre_inversion,True,1,False,train
CAND-01518,2024-05-04,54,H,1865489.0,2,19437,0,0.532,1,False,,0.883,0.726,35.2,0,428087,libre_inversion,True,1,False,train
CAND-00302,2024-05-04,49,H,1855954.0,15,26865,4,0.404,4,True,621.0,0.653,0.827,50.3,0,446979,avance_efectivo,True,0,False,train
CAND-02998,2024-05-05,41,M,1787399.0,1,4353,1,0.319,2,False,,0.692,0.692,76.3,0,535061,libre_inversion,True,0,False,train
CAND-02168,2024-05-05,37,H,561524.0,1,34973,1,0.062,1,False,,0.759,0.814,58.7,0,772481,compra_cartera,True,0,False,train
CAND-00095,2024-05-05,42,M,2352010.0,7,21980,0,0.584,2,False,,0.901,0.641,32.5,0,706187,avance_efectivo,True,0,False,train
CAND-00791,2024-05-05,20,H,3160818.0,43,57803,18,0.338,3,True,744.0,0.754,0.66,31.5,0,868846,avance_efectivo,True,0,False,train
CAND-01051,2024-05-05,39,H,1116410.0,42,63094,20,0.189,4,True,567.0,0.957,0.788,53.0,0,1106712,avance_efectivo,True,0,False,train
CAND-01800,2024-05-05,40,H,1059268.0,19,11007,13,0.068,5,False,,0.762,0.8,98.8,0,1122834,avance_efectivo,True,0,False,train
CAND-02281,2024-05-05,30,M,1486471.0,3,37604,0,0.212,2,False,,0.562,0.954,52.4,0,298910,libre_inversion,True,0,False,train
CAND-00341,2024-05-05,31,H,1103822.0,23,21552,8,0.359,2,True,614.0,0.896,0.842,45.0,0,575315,avance_efectivo,True,0,False,train
CAND-01096,2024-05-05,41,M,2407221.0,17,92318,11,0.138,2,False,,,0.482,10.9,0,307118,avance_efectivo,True,0,False,train
CAND-02587,2024-05-05,35,H,1287325.0,9,66498,3,0.452,2,False,,0.355,0.834,57.9,0,1863432,compra_cartera,True,0,False,train
CAND-02637,2024-05-05,41,H,1100159.0,14,83532,6,0.618,4,False,,0.989,0.815,16.3,0,1819046,libre_inversion,True,0,False,train
CAND-02852,2024-05-06,48,M,1151000.0,8,37828,3,0.426,4,False,,0.839,0.503,80.5,0,381266,libre_inversion,True,0,False,train
CAND-01438,2024-05-06,32,M,991337.0,17,33690,7,0.449,5,True,630.0,0.928,0.877,24.5,0,578033,libre_inversion,True,0,False,train
CAND-01715,2024-05-06,18,M,961929.0,3,71582,0,0.284,2,False,,0.952,0.805,45.6,0,1216206,compra_cartera,True,0,False,train
CAND-00113,2024-05-07,38,M,1550629.0,7,21821,3,0.549,3,False,,0.901,0.961,66.8,0,1420354,libre_inversion,True,0,False,train
CAND-01288,2024-05-07,45,M,1537230.0,14,83951,8,0.24,3,True,631.0,0.713,0.721,13.1,0,1736568,libre_inversion,True,0,False,train
CAND-01679,2024-05-07,25,H,1030721.0,8,64839,4,0.16,2,True,593.0,0.656,0.903,64.8,0,1005219,compra_cartera,True,0,False,train
CAND-02429,2024-05-07,37,M,848365.0,9,16659,4,0.694,4,False,,,,82.6,0,1014073,avance_efectivo,True,0,False,train
CAND-02446,2024-05-07,21,M,735039.0,1,11271,2,0.72,1,True,622.0,,0.703,8.6,0,397651,libre_inversion,True,0,False,train
CAND-01489,2024-05-07,21,M,1283445.0,10,36475,3,0.634,5,False,,0.781,0.664,50.9,0,3703371,avance_efectivo,True,0,False,train
CAND-01706,2024-05-07,24,H,1464951.0,2,21644,2,0.409,1,False,,0.536,0.775,63.6,0,643855,libre_inversion,True,0,False,train
CAND-00331,2024-05-07,26,M,476291.0,4,32862,1,0.19,1,False,,0.612,0.971,33.1,0,1197668,compra_cartera,True,1,False,train
CAND-02846,2024-05-07,23,M,956753.0,20,51225,15,0.473,3,False,,0.934,0.955,62.5,0,483764,avance_efectivo,True,0,False,train
CAND-01243,2024-05-07,27,H,1077651.0,10,88774,7,0.577,1,False,,0.752,0.631,29.0,0,1279196,libre_inversion,True,0,False,train
CAND-01509,2024-05-07,25,H,1195009.0,3,85827,0,0.28,1,False,,,0.909,55.7,0,2189516,avance_efectivo,True,0,False,train
CAND-01578,2024-05-07,32,H,1024716.0,1,53368,3,0.299,3,False,,0.675,0.809,26.9,0,1934,avance_efectivo,True,0,False,train
CAND-01873,2024-05-07,52,H,1416066.0,13,65882,4,0.255,3,True,591.0,0.828,0.613,67.7,0,759185,libre_inversion,True,0,False,train
CAND-02151,2024-05-08,37,H,2533370.0,37,68451,21,0.332,1,True,808.0,0.919,0.713,64.9,0,385860,avance_efectivo,True,0,False,train
CAND-01738,2024-05-08,24,H,1249271.0,12,62155,7,0.43,2,True,771.0,0.779,0.958,53.3,0,732525,compra_cartera,True,1,False,train
CAND-00173,2024-05-08,23,M,1847552.0,7,21194,4,0.256,2,False,,0.764,0.734,43.6,0,661018,avance_efectivo,True,0,False,train
CAND-01090,2024-05-08,54,M,1326297.0,1,118709,1,0.433,1,True,581.0,,0.9,32.6,0,484707,avance_efectivo,True,0,False,train
CAND-02112,2024-05-08,43,NB,1391444.0,22,26352,7,0.377,4,False,,0.787,0.575,46.1,0,880533,compra_cartera,True,1,False,train
CAND-01084,2024-05-08,18,M,1016568.0,32,18279,11,0.214,1,True,678.0,0.841,0.884,48.3,0,357217,libre_inversion,True,0,False,train
CAND-00164,2024-05-08,30,H,2696056.0,4,60578,0,0.776,5,True,703.0,0.875,0.697,27.5,0,234431,avance_efectivo,True,0,False,train
CAND-00130,2024-05-08,31,H,633962.0,3,41295,2,0.628,2,True,741.0,0.435,0.586,56.5,0,911969,libre_inversion,True,0,False,train
CAND-02840,2024-05-08,24,M,587721.0,4,65091,0,0.118,1,False,,0.708,0.788,48.4,0,236142,libre_inversion,True,0,False,train
CAND-02375,2024-05-08,31,M,1323733.0,33,93412,25,0.617,1,True,635.0,0.88,0.567,74.0,9278,793942,libre_inversion,True,1,False,train
CAND-02544,2024-05-08,23,H,1332555.0,10,14995,7,0.363,3,False,,0.59,0.631,25.9,0,2310414,libre_inversion,True,0,False,train
CAND-00590,2024-05-09,32,M,1524590.0,26,12007,13,0.17,3,False,,,0.877,53.8,0,416650,libre_inversion,True,0,False,train
CAND-01022,2024-05-09,36,H,1162529.0,2,85395,1,0.623,2,False,,0.893,0.906,47.2,0,1831210,libre_inversion,True,0,False,train
CAND-02351,2024-05-09,27,M,3173792.0,20,25896,12,0.273,3,True,604.0,0.808,0.965,42.7,0,1715616,avance_efectivo,True,0,False,train
CAND-01477,2024-05-09,53,M,2070110.0,10,64314,9,0.239,1,False,,0.621,0.643,52.8,0,334553,avance_efectivo,True,0,False,train
CAND-02576,2024-05-09,24,M,1276023.0,22,15919,12,0.57,2,False,,0.877,0.862,19.3,0,477038,libre_inversion,True,0,False,train
CAND-02597,2024-05-09,24,M,2261015.0,13,8277,4,0.34,3,False,,0.627,0.58,32.2,0,618101,libre_inversion,True,0,False,train
CAND-01294,2024-05-09,40,M,2165049.0,4,52971,4,0.806,4,True,778.0,0.893,,10.6,0,2128304,avance_efectivo,True,0,False,train
CAND-00717,2024-05-09,30,H,1639845.0,12,9577,3,0.061,1,False,,0.505,0.928,40.6,0,464217,libre_inversion,True,0,False,train
CAND-01992,2024-05-09,39,M,1398867.0,2,36381,0,0.247,2,False,,0.839,0.795,41.7,0,787643,compra_cartera,True,0,False,train
CAND-02179,2024-05-10,25,H,1276120.0,6,47927,3,0.286,3,True,786.0,0.776,0.605,47.5,0,238082,libre_inversion,True,0,False,train
CAND-02217,2024-05-10,35,H,1411359.0,5,14462,5,0.345,1,False,,0.954,0.627,44.2,0,681239,libre_inversion,True,0,False,train
CAND-00184,2024-05-10,41,M,1368490.0,28,27433,14,0.2,1,False,,0.768,0.541,62.2,0,877292,avance_efectivo,True,0,False,train
CAND-01990,2024-05-10,37,M,1152212.0,5,17685,4,0.684,1,False,,0.705,0.683,19.7,0,624381,libre_inversion,True,0,False,train
CAND-00287,2024-05-10,54,H,1134651.0,2,43070,0,0.376,1,True,718.0,0.728,0.71,30.7,0,384310,libre_inversion,True,1,False,train
CAND-01093,2024-05-10,37,H,1492412.0,9,65403,8,0.726,4,False,,0.806,0.638,44.0,0,643233,compra_cartera,True,0,False,train
CAND-02987,2024-05-10,30,H,769745.0,8,19905,3,0.346,1,True,538.0,0.958,0.679,49.8,0,648090,libre_inversion,True,1,False,train
CAND-01599,2024-05-10,36,H,1722704.0,13,88004,8,0.556,1,False,,0.94,0.887,61.3,0,644342,compra_cartera,True,0,False,train
CAND-02344,2024-05-10,52,M,2537852.0,1,73664,0,0.435,4,True,815.0,0.952,0.788,54.6,0,342388,compra_cartera,True,0,False,train
CAND-01171,2024-05-10,40,H,783030.0,2,24594,1,0.527,3,True,623.0,0.524,0.813,67.9,0,218316,libre_inversion,True,1,False,train
CAND-00046,2024-05-11,36,M,1735482.0,2,61107,0,0.378,1,False,,0.779,0.838,33.4,0,677731,libre_inversion,True,0,False,train
CAND-02203,2024-05-11,59,M,854425.0,21,50782,9,0.74,3,False,,0.717,0.925,65.5,0,510053,libre_inversion,True,0,False,train
CAND-00084,2024-05-11,18,M,1069304.0,13,101607,10,0.223,2,False,,0.73,0.709,65.3,0,1405701,compra_cartera,True,0,False,train
CAND-01073,2024-05-11,30,H,818293.0,44,123961,27,0.685,1,False,,0.898,0.507,74.9,0,442315,libre_inversion,True,0,False,train
CAND-01773,2024-05-11,39,M,5060819.0,14,37420,9,0.246,4,False,,0.936,0.869,23.5,0,142012,compra_cartera,True,0,False,train
CAND-01339,2024-05-11,37,M,300000.0,9,37041,7,0.704,5,False,,0.593,0.791,49.7,0,1404647,libre_inversion,True,0,False,train
CAND-00008,2024-05-11,35,M,1108956.0,2,31347,2,0.194,4,False,,0.658,,28.7,0,513960,compra_cartera,True,0,False,train
CAND-01331,2024-05-11,19,M,1656281.0,2,163505,1,0.269,2,False,,0.648,0.642,54.1,0,709365,libre_inversion,True,0,False,train
CAND-02730,2024-05-11,41,H,761424.0,4,73117,3,0.202,2,False,,,0.822,51.1,0,644096,libre_inversion,True,0,False,train
CAND-00485,2024-05-11,43,H,568912.0,1,31388,0,0.354,2,False,,0.789,0.878,77.7,0,1302830,avance_efectivo,True,0,False,train
CAND-00587,2024-05-11,30,H,1621170.0,14,4128,8,0.48,5,True,590.0,0.83,0.861,62.5,0,612653,libre_inversion,True,0,False,train
CAND-02813,2024-05-11,26,M,627877.0,14,56129,5,0.718,2,True,702.0,0.57,0.734,37.1,0,663,compra_cartera,True,0,False,train
CAND-01098,2024-05-12,41,M,,3,27651,0,0.4,4,True,856.0,0.503,0.899,59.7,0,161403,avance_efectivo,True,1,True,train
CAND-02336,2024-05-12,29,H,1438961.0,14,68307,7,0.089,3,True,783.0,0.899,0.853,41.2,0,270402,libre_inversion,True,0,False,train
CAND-00868,2024-05-12,31,M,2535690.0,9,59784,5,0.905,1,False,,0.779,0.843,51.0,0,123146,libre_inversion,True,0,False,train
CAND-00630,2024-05-12,39,H,1235947.0,22,193401,8,0.21,2,False,,0.864,0.896,49.8,0,208651,avance_efectivo,True,0,False,train
CAND-01327,2024-05-12,20,NB,1969760.0,25,13378,17,0.16,1,False,,0.638,,60.0,0,160607,libre_inversion,True,0,False,train
CAND-02106,2024-05-12,45,M,1144773.0,9,102506,2,0.275,2,False,,0.672,0.743,36.3,0,957942,libre_inversion,True,0,False,train
CAND-02607,2024-05-12,19,H,1219106.0,13,12860,4,0.637,1,False,,0.829,0.748,26.0,0,795214,libre_inversion,True,0,False,train
CAND-02724,2024-05-12,31,H,1295726.0,8,103177,4,0.249,3,True,730.0,0.595,0.916,89.6,0,632346,libre_inversion,True,0,False,train
CAND-01393,2024-05-12,30,M,834752.0,49,50017,31,0.412,3,True,592.0,0.497,0.899,24.4,0,421648,compra_cartera,True,0,False,train
CAND-01862,2024-05-12,26,H,678464.0,1,10909,0,0.331,4,True,631.0,0.545,0.747,64.5,0,439301,libre_inversion,True,1,False,train
CAND-02939,2024-05-12,25,M,,17,57232,10,0.133,5,False,,0.5,0.837,62.2,0,789065,libre_inversion,True,0,True,train
CAND-01834,2024-05-12,63,M,875920.0,9,11089,2,0.495,1,True,523.0,0.786,0.959,52.9,15464,1151539,avance_efectivo,True,0,False,train
CAND-01887,2024-05-12,22,H,1463571.0,12,6784,6,0.05,4,True,592.0,0.914,0.966,31.1,0,462697,libre_inversion,True,1,False,train
CAND-01428,2024-05-12,18,H,573394.0,8,82109,1,0.6,4,True,759.0,0.56,0.803,49.8,0,1396738,libre_inversion,True,0,False,train
CAND-01731,2024-05-13,30,M,695215.0,6,26658,3,0.452,2,False,,0.651,0.876,69.3,0,617827,libre_inversion,True,0,False,train
CAND-02826,2024-05-13,44,M,1862358.0,34,54611,17,0.468,2,True,821.0,0.811,,63.0,0,221018,avance_efectivo,True,0,False,train
CAND-02252,2024-05-13,27,M,793956.0,14,18925,5,0.909,1,True,609.0,0.93,0.783,60.3,39157,380687,compra_cartera,True,0,False,train
CAND-01212,2024-05-13,41,M,1752411.0,13,86997,9,0.352,1,False,,0.631,,55.3,0,160831,avance_efectivo,True,0,False,train
CAND-02532,2024-05-13,33,H,455114.0,4,31129,1,0.515,3,False,,0.755,0.452,69.0,0,302879,libre_inversion,True,0,False,train
CAND-02859,2024-05-13,43,NB,1097475.0,12,46631,7,0.491,1,False,,0.933,0.879,44.9,0,3425041,avance_efectivo,True,0,False,train
CAND-00244,2024-05-13,37,H,788866.0,8,26020,0,0.603,5,False,,0.549,0.931,50.2,0,933370,compra_cartera,True,0,False,train
CAND-02005,2024-05-13,39,H,1334282.0,6,30003,2,0.085,2,False,,0.931,0.703,17.0,0,481961,libre_inversion,True,0,False,train
CAND-01268,2024-05-13,28,H,1030000.0,6,43034,1,0.341,1,True,768.0,0.636,0.71,70.8,0,561883,libre_inversion,True,0,False,train
CAND-02954,2024-05-13,44,M,1931732.0,15,47908,7,0.153,1,True,641.0,0.729,0.837,49.0,0,1232831,avance_efectivo,True,0,False,train
CAND-02328,2024-05-13,40,M,2163123.0,3,68585,2,0.518,1,True,567.0,0.755,,81.4,0,2493885,libre_inversion,True,0,False,train
CAND-00573,2024-05-13,20,H,1624125.0,4,61960,2,0.059,2,False,,0.598,0.558,57.5,0,648587,compra_cartera,True,0,False,train
CAND-02060,2024-05-13,42,M,646595.0,1,38974,2,0.686,3,True,656.0,0.934,0.718,27.8,0,1222573,libre_inversion,True,0,False,train
CAND-01640,2024-05-13,37,M,998501.0,6,53243,4,0.633,3,False,,,,43.9,0,546324,avance_efectivo,True,0,False,train
CAND-00475,2024-05-13,49,M,1867608.0,1,109052,0,0.352,2,False,,0.698,0.897,30.4,0,749770,libre_inversion,True,0,False,train
CAND-02721,2024-05-13,38,NB,592147.0,8,13693,4,0.435,1,False,,0.876,0.715,61.6,0,665269,avance_efectivo,True,0,False,train
CAND-01152,2024-05-13,37,M,1726513.0,9,21109,7,0.759,1,False,,0.528,0.943,75.5,0,474350,libre_inversion,True,0,False,train
CAND-00695,2024-05-13,33,H,1291304.0,1,38758,0,0.481,2,False,,,0.967,66.1,0,1316980,avance_efectivo,True,0,False,train
CAND-00594,2024-05-14,23,H,1909336.0,24,39307,11,0.602,1,False,,0.688,0.917,31.5,0,195192,libre_inversion,True,0,False,train
CAND-01343,2024-05-14,35,H,2237826.0,1,62718,0,0.451,2,False,,0.715,0.791,47.5,0,494963,avance_efectivo,True,0,False,train
CAND-01899,2024-05-14,24,H,556576.0,1,42763,1,0.406,2,False,,0.79,0.595,16.5,0,1346809,libre_inversion,True,0,False,train
CAND-01454,2024-05-14,51,H,2753718.0,4,36778,2,0.461,2,True,541.0,0.718,0.594,16.5,0,617657,avance_efectivo,True,0,False,train
CAND-01004,2024-05-14,28,H,778749.0,2,66142,0,0.21,2,True,720.0,0.44,0.506,33.8,0,783715,libre_inversion,True,0,False,train
CAND-00808,2024-05-14,27,M,1125112.0,21,43467,15,0.636,4,False,,0.858,0.682,57.2,0,1765199,libre_inversion,True,0,False,train
CAND-01788,2024-05-14,30,H,2184691.0,16,55326,10,0.545,2,False,,0.761,0.681,54.2,0,672484,avance_efectivo,True,1,False,train
CAND-00526,2024-05-14,37,M,484427.0,4,44190,0,0.622,3,False,,0.853,0.92,62.9,0,725266,libre_inversion,True,0,False,train
CAND-01299,2024-05-14,31,H,1126287.0,10,37518,5,0.653,5,True,571.0,0.833,,52.0,0,447566,libre_inversion,True,0,False,train
CAND-01137,2024-05-15,44,H,853538.0,21,20417,9,0.834,5,True,612.0,0.625,0.806,82.8,0,1137065,libre_inversion,True,0,False,train
CAND-02213,2024-05-15,35,M,1645733.0,9,28021,0,0.451,2,True,582.0,0.838,0.82,34.7,0,334861,libre_inversion,True,1,False,train
CAND-00328,2024-05-15,29,H,826044.0,17,12846,5,0.358,1,False,,0.625,0.573,24.6,0,148219,libre_inversion,True,0,False,train
CAND-02578,2024-05-15,23,M,998009.0,1,76785,0,0.36,3,True,727.0,0.814,0.789,70.3,0,637902,libre_inversion,True,0,False,train
CAND-02047,2024-05-15,41,H,782651.0,12,10525,4,0.434,1,False,,0.639,0.852,32.4,0,957580,avance_efectivo,True,1,False,train
CAND-00870,2024-05-15,30,H,1187084.0,13,32665,9,0.415,1,True,568.0,0.521,0.849,40.5,0,435513,compra_cartera,True,0,False,train
CAND-00796,2024-05-15,42,M,1752958.0,8,113422,2,0.695,2,True,539.0,0.64,0.911,21.3,0,324833,libre_inversion,True,0,False,train
CAND-01501,2024-05-15,24,NB,1396134.0,12,16878,3,0.467,2,True,576.0,0.532,0.663,70.0,0,535264,compra_cartera,True,0,False,train
CAND-02552,2024-05-15,27,M,1129236.0,14,55123,12,0.136,2,True,676.0,0.761,0.949,57.1,0,814398,avance_efectivo,True,0,False,train
CAND-01637,2024-05-15,27,M,926109.0,2,16730,1,0.201,3,False,,0.782,0.809,95.6,0,1201016,libre_inversion,True,0,False,train
CAND-01607,2024-05-15,28,M,1530305.0,1,120994,3,0.652,2,False,,0.841,0.749,20.9,0,483132,avance_efectivo,True,0,False,train
CAND-02113,2024-05-15,25,M,669619.0,2,59490,0,0.687,3,True,751.0,0.452,0.752,73.4,0,745712,compra_cartera,True,0,False,train
CAND-02598,2024-05-15,38,M,2340951.0,4,32009,1,0.347,1,False,,0.768,0.882,71.4,0,754126,libre_inversion,True,0,False,train
CAND-01317,2024-05-15,35,M,2008767.0,2,75913,1,0.474,4,False,,0.9,0.505,38.8,0,456071,avance_efectivo,True,0,False,train
CAND-02862,2024-05-16,38,H,962060.0,8,51387,3,0.239,1,True,725.0,0.798,0.723,39.7,0,477746,compra_cartera,True,0,False,train
CAND-00062,2024-05-16,26,H,995863.0,33,42498,28,0.082,1,True,672.0,0.344,0.556,73.2,0,242555,libre_inversion,True,0,False,train
CAND-01691,2024-05-16,18,M,1072597.0,6,43767,1,0.782,3,True,652.0,0.854,,48.1,0,1363228,avance_efectivo,True,0,False,train
CAND-01038,2024-05-16,43,M,1631052.0,24,81997,12,0.191,1,True,521.0,0.963,0.682,27.1,0,437180,compra_cartera,True,0,False,train
CAND-01088,2024-05-16,32,H,1323686.0,16,27095,12,0.266,1,False,,0.594,0.729,69.4,0,751333,libre_inversion,True,0,False,train
CAND-01912,2024-05-16,39,NB,2814245.0,9,22213,1,0.266,1,True,589.0,0.531,0.56,42.8,0,433483,avance_efectivo,True,0,False,train
CAND-01070,2024-05-16,18,M,1068864.0,11,14382,7,0.259,2,False,,,0.846,37.3,0,599459,avance_efectivo,True,0,False,train
CAND-00833,2024-05-16,26,NB,2134276.0,47,34516,23,0.217,2,True,690.0,0.788,0.82,57.3,0,915200,libre_inversion,True,0,False,train
CAND-01375,2024-05-16,50,M,1563243.0,3,51720,3,0.347,1,False,,0.849,0.783,57.2,0,344645,avance_efectivo,True,0,False,train
CAND-01401,2024-05-16,36,H,2827124.0,8,93135,4,0.24,3,True,577.0,0.743,0.74,39.4,0,575329,avance_efectivo,True,0,False,train
CAND-02456,2024-05-16,40,NB,,2,7466,0,0.352,1,True,643.0,0.829,0.549,40.6,0,297350,avance_efectivo,True,0,True,train
CAND-02907,2024-05-16,28,M,534844.0,11,39658,3,0.535,1,False,,0.773,0.838,47.3,0,542540,compra_cartera,True,0,False,train
CAND-02642,2024-05-17,34,H,1486196.0,15,69718,6,0.463,5,False,,0.708,0.678,22.0,0,660203,avance_efectivo,True,0,False,train
CAND-02021,2024-05-17,46,H,1022600.0,52,31473,23,0.255,1,False,,0.9,0.842,55.1,18976,521918,avance_efectivo,True,1,False,train
CAND-00102,2024-05-17,31,H,1622241.0,7,31525,1,0.497,2,True,673.0,0.834,0.671,59.7,0,231887,libre_inversion,True,0,False,train
CAND-02392,2024-05-17,50,M,954739.0,8,69724,7,0.783,4,True,612.0,0.715,0.689,47.5,0,562844,libre_inversion,True,0,False,train
CAND-02529,2024-05-17,25,H,2093879.0,7,44710,3,0.227,4,False,,0.763,0.861,81.0,0,433026,libre_inversion,True,0,False,train
CAND-00532,2024-05-17,38,H,3467182.0,25,92417,22,0.369,3,True,727.0,0.86,0.922,36.8,0,626169,libre_inversion,True,0,False,train
CAND-00349,2024-05-17,48,H,1180587.0,1,27000,1,0.431,2,False,,0.879,0.655,34.5,0,575413,libre_inversion,True,0,False,train
CAND-02914,2024-05-17,38,H,674280.0,4,78501,1,0.704,3,False,,0.771,0.776,57.7,0,134800,libre_inversion,True,0,False,train
CAND-02334,2024-05-17,19,H,724187.0,14,45374,7,0.37,1,True,645.0,0.95,0.572,83.1,0,1200929,compra_cartera,True,1,False,train
CAND-01362,2024-05-17,24,M,2469513.0,7,50315,3,0.382,4,False,,0.768,0.715,40.4,0,1086256,avance_efectivo,True,0,False,train
CAND-00593,2024-05-18,36,H,664974.0,45,193529,22,0.547,3,False,,0.811,0.857,48.9,0,548647,avance_efectivo,True,0,False,train
CAND-01448,2024-05-18,24,M,,31,74693,20,0.358,3,True,702.0,0.597,0.886,38.1,0,476261,libre_inversion,True,0,True,train
CAND-02367,2024-05-18,19,H,1460999.0,1,90220,2,0.432,5,False,,0.481,0.978,35.8,0,420047,libre_inversion,True,0,False,train
CAND-00887,2024-05-18,38,M,1482087.0,17,153010,5,0.536,2,False,,0.93,0.901,79.3,0,941073,avance_efectivo,True,0,False,train
CAND-02218,2024-05-18,28,M,1536609.0,25,21384,9,0.382,3,True,717.0,0.675,0.871,65.9,0,233374,libre_inversion,True,0,False,train
CAND-00741,2024-05-18,33,H,1676808.0,16,25044,8,0.702,1,True,675.0,0.858,0.703,63.9,0,363784,compra_cartera,True,0,False,train
CAND-00621,2024-05-18,46,H,879555.0,58,44221,31,0.59,3,False,,0.695,0.79,65.9,0,270904,libre_inversion,True,0,False,train
CAND-01943,2024-05-18,37,H,1100109.0,25,103428,10,0.29,1,False,,0.919,,41.1,0,1626331,avance_efectivo,True,0,False,train
CAND-00820,2024-05-18,35,H,2410759.0,14,76277,7,0.557,1,False,,0.609,0.877,50.8,0,772584,libre_inversion,True,0,False,train
CAND-00817,2024-05-19,31,M,1010945.0,9,61189,3,0.304,3,True,610.0,0.703,0.651,62.7,0,395679,avance_efectivo,True,0,False,train
CAND-00693,2024-05-19,39,H,875749.0,21,39017,7,0.187,1,False,,,0.704,59.7,0,916751,libre_inversion,True,0,False,train
CAND-01336,2024-05-19,45,M,1462128.0,15,18301,5,0.216,3,True,748.0,0.528,0.8,37.4,0,1118189,libre_inversion,True,0,False,train
CAND-01133,2024-05-19,18,H,730325.0,13,39288,6,0.389,4,True,681.0,0.859,0.434,45.9,0,530801,libre_inversion,True,0,False,train
CAND-01332,2024-05-19,22,M,714438.0,2,102520,2,0.441,1,True,597.0,0.7,0.86,26.1,0,341134,avance_efectivo,True,0,False,train
CAND-01821,2024-05-19,35,H,2143322.0,1,19587,0,0.582,2,True,649.0,0.65,0.631,78.2,0,367406,avance_efectivo,True,1,False,train
CAND-02417,2024-05-19,41,M,979008.0,33,55418,14,0.627,1,True,634.0,0.935,0.89,50.4,0,1088966,libre_inversion,True,0,False,train
CAND-01124,2024-05-19,22,M,1949599.0,36,168894,11,0.68,1,False,,0.568,0.508,65.8,0,701670,avance_efectivo,True,0,False,train
CAND-00288,2024-05-19,33,M,606477.0,14,29529,9,0.706,1,True,620.0,0.231,0.812,48.0,0,127774,libre_inversion,True,0,False,train
CAND-02755,2024-05-19,22,H,679763.0,8,97883,2,0.554,1,False,,0.423,0.92,48.0,38097,573574,libre_inversion,True,0,False,train
CAND-01173,2024-05-20,24,H,2913821.0,20,22805,11,0.705,1,False,,0.978,0.925,47.6,0,474592,libre_inversion,True,0,False,train
CAND-02071,2024-05-20,33,H,2581783.0,15,27536,11,0.149,1,False,,0.637,0.765,56.8,0,437801,libre_inversion,True,0,False,train
CAND-02093,2024-05-20,29,H,999016.0,15,40565,9,0.399,2,False,,0.653,0.623,56.1,0,945606,libre_inversion,True,0,False,train
CAND-00493,2024-05-20,44,H,1991314.0,1,83263,0,0.441,3,False,,0.627,0.69,63.9,0,356944,libre_inversion,True,0,False,train
CAND-02531,2024-05-20,41,H,1454839.0,25,43939,10,0.647,5,False,,0.913,0.901,56.7,0,1261423,avance_efectivo,True,0,False,train
CAND-01927,2024-05-20,36,M,1618037.0,17,53835,8,0.484,1,False,,0.792,0.843,54.0,0,240360,libre_inversion,True,0,False,train
CAND-00492,2024-05-20,23,NB,867605.0,1,34872,0,0.4,1,False,,0.831,0.615,32.9,0,475153,compra_cartera,True,0,False,train
CAND-00826,2024-05-20,32,M,1203458.0,20,26315,9,0.143,4,False,,0.753,0.903,30.0,0,817664,libre_inversion,True,0,False,train
CAND-01092,2024-05-20,36,M,732618.0,3,11031,2,0.171,2,False,,0.88,0.929,36.1,0,153216,libre_inversion,True,0,False,train
CAND-01069,2024-05-21,34,H,2723350.0,26,43647,13,0.134,1,True,627.0,0.797,0.605,22.7,0,747002,compra_cartera,True,1,False,train
CAND-00529,2024-05-21,44,H,2959461.0,52,29161,34,0.275,2,True,755.0,0.906,0.751,26.5,0,861409,libre_inversion,True,0,False,train
CAND-00123,2024-05-21,34,M,1716827.0,18,61079,8,0.421,1,False,,0.508,0.741,79.8,0,538515,compra_cartera,True,0,False,train
CAND-02175,2024-05-21,24,M,1171401.0,2,60640,0,0.224,2,False,,0.611,0.738,47.6,0,1687752,libre_inversion,True,0,False,train
CAND-02422,2024-05-21,43,H,884342.0,3,16501,3,0.292,4,False,,0.739,0.956,10.6,0,723233,libre_inversion,True,0,False,train
CAND-01907,2024-05-21,21,H,867309.0,5,68099,0,0.513,4,False,,0.479,0.477,22.5,0,635667,libre_inversion,True,0,False,train
CAND-01321,2024-05-21,52,M,1127781.0,43,14989,27,0.68,1,True,632.0,0.933,0.908,19.1,0,371102,libre_inversion,True,0,False,train
CAND-01019,2024-05-21,18,H,1101107.0,31,52476,13,0.151,2,True,652.0,0.929,0.803,87.9,0,1219794,libre_inversion,True,0,False,train
CAND-01971,2024-05-21,18,H,1196910.0,2,29200,0,0.68,3,False,,0.614,0.523,62.8,0,531483,libre_inversion,True,0,False,train
CAND-02029,2024-05-21,53,H,636008.0,10,118946,3,0.207,2,False,,0.774,0.923,42.9,0,2316672,libre_inversion,True,0,False,train
CAND-02792,2024-05-21,20,M,1033197.0,12,42461,6,0.398,2,True,643.0,0.819,0.815,47.9,0,286919,avance_efectivo,True,0,False,train
CAND-02333,2024-05-21,39,H,1061768.0,60,51360,37,0.275,3,False,,,0.668,38.6,0,1156838,libre_inversion,True,0,False,train
CAND-01717,2024-05-21,34,H,1112178.0,18,22044,11,0.842,1,True,641.0,0.751,,31.0,0,1019047,avance_efectivo,True,0,False,train
CAND-00194,2024-05-21,39,M,804427.0,25,35020,16,0.504,5,True,750.0,0.598,0.826,71.9,0,661380,libre_inversion,True,0,False,train
CAND-02080,2024-05-22,31,M,731198.0,4,33523,3,0.51,2,True,748.0,0.727,0.428,47.1,0,829410,libre_inversion,True,1,False,train
CAND-01645,2024-05-22,34,H,870903.0,4,39131,1,0.62,4,False,,0.889,0.968,70.3,0,806483,libre_inversion,True,0,False,train
CAND-02014,2024-05-22,38,M,1238976.0,25,93698,16,0.702,2,True,655.0,0.863,0.886,59.2,11021,495020,compra_cartera,True,0,False,train
CAND-02341,2024-05-22,30,M,1082134.0,25,44758,14,0.196,1,False,,,0.892,50.4,0,333791,libre_inversion,True,0,False,train
CAND-02602,2024-05-22,28,M,1261055.0,13,32742,11,0.654,3,True,739.0,0.933,0.804,25.4,0,374132,libre_inversion,True,0,False,train
CAND-02296,2024-05-22,40,H,1420953.0,1,28294,0,0.369,1,False,,0.708,0.703,79.9,0,656237,libre_inversion,True,0,False,train
CAND-02719,2024-05-22,25,H,1050458.0,8,102904,6,0.277,1,True,469.0,0.954,0.755,38.6,0,441321,libre_inversion,True,0,False,train
CAND-00804,2024-05-22,58,H,2196651.0,7,60676,4,0.125,3,True,743.0,0.72,0.752,42.3,0,671613,compra_cartera,True,0,False,train
CAND-02431,2024-05-23,43,H,1171470.0,2,33571,1,0.2,4,False,,0.505,0.938,35.3,0,329966,libre_inversion,True,0,False,train
CAND-02042,2024-05-23,28,NB,1215155.0,54,12054,21,0.48,2,False,,0.739,0.462,55.0,0,163963,libre_inversion,True,0,False,train
CAND-00039,2024-05-23,41,M,1409254.0,2,32894,0,0.274,1,True,588.0,0.843,0.682,61.8,0,549829,compra_cartera,True,0,False,train
CAND-02409,2024-05-23,30,M,4548794.0,11,81819,1,0.154,3,True,504.0,0.756,0.968,76.7,0,906241,libre_inversion,True,0,False,train
CAND-01830,2024-05-23,35,M,917334.0,6,14601,2,0.726,3,True,586.0,0.919,0.62,59.9,0,141072,libre_inversion,True,1,False,train
CAND-00431,2024-05-23,37,H,2104447.0,24,11446,14,0.511,1,False,,0.767,0.794,25.9,0,810275,libre_inversion,True,0,False,train
CAND-00515,2024-05-23,40,M,578809.0,13,128131,5,0.268,1,True,703.0,0.712,0.736,47.3,0,523005,avance_efectivo,True,0,False,train
CAND-01402,2024-05-23,41,H,562726.0,17,7800,6,0.507,1,True,716.0,0.906,0.845,50.5,0,754182,libre_inversion,True,1,False,train
CAND-01132,2024-05-23,37,M,2413465.0,14,19828,7,0.59,2,True,591.0,0.931,0.946,44.1,0,424605,compra_cartera,True,0,False,train
CAND-01451,2024-05-23,21,M,1176056.0,32,64330,15,0.619,2,True,594.0,0.745,0.679,19.9,0,1506671,avance_efectivo,True,0,False,train
CAND-02574,2024-05-24,43,H,915295.0,4,113193,3,0.471,4,True,498.0,0.767,0.8,76.5,0,2610773,avance_efectivo,True,0,False,train
CAND-02635,2024-05-24,29,M,1119568.0,25,67671,12,0.385,2,True,490.0,0.78,0.653,57.5,18901,1101952,libre_inversion,True,0,False,train
CAND-01900,2024-05-24,46,H,1685795.0,5,27221,2,0.112,1,True,667.0,0.734,0.727,19.0,0,445980,avance_efectivo,True,0,False,train
CAND-02374,2024-05-24,18,H,1193978.0,2,101276,1,0.969,1,True,605.0,0.781,0.337,93.8,0,611416,libre_inversion,True,0,False,train
CAND-01962,2024-05-24,35,H,458185.0,7,65483,0,0.291,1,False,,0.768,0.507,24.9,0,1621665,avance_efectivo,True,0,False,train
CAND-02693,2024-05-24,30,M,457833.0,2,2037,3,0.661,1,False,,0.858,0.75,38.6,0,638518,libre_inversion,True,1,False,train
CAND-00069,2024-05-24,40,H,981346.0,5,20351,1,0.121,1,True,499.0,0.837,0.965,30.7,0,277928,compra_cartera,True,0,False,train
CAND-02893,2024-05-25,40,NB,1461113.0,2,22160,1,0.5,4,False,,0.772,0.628,40.7,0,274789,compra_cartera,True,0,False,train
CAND-00618,2024-05-25,40,M,1556501.0,13,52568,4,0.834,3,False,,,0.628,99.0,0,623877,libre_inversion,True,0,False,train
CAND-01202,2024-05-25,27,M,1196503.0,5,30436,1,0.133,2,True,585.0,,0.509,43.1,0,896129,libre_inversion,True,0,False,train
CAND-01400,2024-05-25,43,M,988998.0,19,72926,14,0.419,2,True,603.0,0.749,0.649,69.1,15889,359664,compra_cartera,True,0,False,train
CAND-01579,2024-05-25,18,H,1226996.0,23,35059,14,0.699,2,False,,0.858,0.981,58.3,0,200994,libre_inversion,True,0,False,train
CAND-02757,2024-05-25,41,M,1906106.0,10,168929,3,0.498,4,False,,0.934,0.688,36.7,0,730432,compra_cartera,True,0,False,train
CAND-01950,2024-05-25,32,M,767951.0,17,30046,6,0.121,1,True,601.0,0.884,0.567,85.5,0,691217,libre_inversion,True,1,False,train
CAND-02381,2024-05-25,18,M,1188314.0,20,19370,13,0.152,1,True,645.0,0.897,0.57,16.8,0,738963,libre_inversion,True,0,False,train
CAND-00267,2024-05-26,26,H,1757658.0,27,117252,22,0.255,1,True,635.0,0.81,,76.1,0,450072,libre_inversion,True,0,False,train
CAND-01245,2024-05-26,30,H,1039624.0,5,68001,2,0.702,3,False,,0.304,0.758,76.7,0,340553,libre_inversion,True,0,False,train
CAND-02628,2024-05-26,21,M,639855.0,2,22958,0,0.034,1,True,658.0,0.775,0.667,60.2,0,260240,avance_efectivo,True,0,False,train
CAND-00873,2024-05-26,31,H,2426096.0,6,69551,3,0.509,1,False,,0.61,0.772,13.9,0,228702,compra_cartera,True,0,False,train
CAND-01682,2024-05-26,32,M,429253.0,2,31096,0,0.486,1,True,509.0,0.918,0.751,69.0,0,678998,compra_cartera,True,0,False,train
CAND-01581,2024-05-26,34,H,1743238.0,1,47288,1,0.172,1,False,,0.922,0.846,52.0,0,487925,libre_inversion,True,0,False,train
CAND-02219,2024-05-26,55,H,964995.0,36,20948,12,0.489,3,False,,,0.876,21.0,0,219676,compra_cartera,True,0,False,train
CAND-02611,2024-05-26,26,H,751726.0,10,29902,5,0.313,2,False,,0.465,0.79,73.6,0,610267,libre_inversion,True,0,False,train
CAND-01659,2024-05-26,40,M,594341.0,45,13336,20,0.173,1,False,,,0.928,73.4,0,256947,libre_inversion,True,0,False,train
CAND-01286,2024-05-26,42,H,598104.0,4,38792,1,0.06,2,False,,0.744,,62.7,0,380811,avance_efectivo,True,0,False,train
CAND-02856,2024-05-26,21,M,2513159.0,1,16073,2,0.059,2,True,575.0,0.451,0.873,19.9,0,871619,avance_efectivo,True,0,False,train
CAND-00673,2024-05-26,35,H,955448.0,5,86356,3,0.368,1,False,,0.64,0.748,58.2,0,1343691,libre_inversion,True,0,False,train
CAND-02332,2024-05-27,19,H,1505110.0,10,32598,10,0.841,1,False,,0.885,0.746,43.5,0,1091170,libre_inversion,True,0,False,train
CAND-01422,2024-05-27,44,H,1085249.0,7,98795,9,0.18,4,False,,0.832,0.474,62.6,0,764039,avance_efectivo,True,0,False,train
CAND-02269,2024-05-27,26,H,1047054.0,10,69839,3,0.475,4,False,,0.797,0.755,67.3,0,708392,libre_inversion,True,0,False,train
CAND-02187,2024-05-27,39,M,1306894.0,37,34932,18,0.72,1,True,797.0,0.663,0.916,62.0,0,1050786,compra_cartera,True,0,False,train
CAND-02268,2024-05-27,35,H,982449.0,1,17724,0,0.439,1,False,,0.909,0.858,0.0,0,647017,libre_inversion,True,0,False,train
CAND-00022,2024-05-27,28,M,1829214.0,5,42931,0,0.751,2,False,,0.941,0.809,11.7,0,975091,libre_inversion,True,0,False,train
CAND-02452,2024-05-27,38,H,2720662.0,30,32818,17,0.226,1,True,701.0,0.963,0.903,46.4,0,988881,libre_inversion,True,0,False,train
CAND-01125,2024-05-27,20,M,1191807.0,7,30705,2,0.361,3,False,,,0.664,45.1,0,1279370,libre_inversion,True,0,False,train
CAND-01325,2024-05-27,32,M,1260592.0,1,22822,1,0.54,1,True,770.0,0.535,0.522,61.8,0,587746,libre_inversion,True,0,False,train
CAND-02087,2024-05-28,40,M,1210554.0,1,13713,1,0.252,2,False,,0.809,0.469,99.4,0,444615,compra_cartera,True,0,False,train
CAND-00074,2024-05-28,23,M,921469.0,10,33772,3,0.16,1,False,,0.969,0.739,0.0,0,479887,libre_inversion,True,0,False,train
CAND-02785,2024-05-28,46,H,3302420.0,7,22362,3,0.691,3,True,690.0,0.578,0.868,67.7,0,629422,avance_efectivo,True,0,False,train
CAND-02588,2024-05-28,43,M,1520961.0,4,162973,3,0.573,4,True,596.0,0.972,0.643,21.4,0,697911,libre_inversion,True,0,False,train
CAND-00846,2024-05-28,18,M,1021841.0,51,89529,31,0.313,4,False,,0.91,0.689,51.5,0,195600,avance_efectivo,True,0,False,train
CAND-00466,2024-05-28,31,M,748088.0,33,127847,22,0.63,2,False,,0.517,,47.7,0,762047,libre_inversion,True,0,False,train
CAND-00487,2024-05-28,57,M,2781961.0,16,48868,7,0.586,5,True,635.0,0.502,0.815,39.2,0,537017,avance_efectivo,True,0,False,train
CAND-00027,2024-05-28,29,M,996377.0,53,22521,29,0.431,2,True,597.0,0.705,0.729,94.0,0,413507,libre_inversion,True,0,False,train
CAND-02355,2024-05-28,34,M,1082548.0,2,83180,0,0.13,3,True,703.0,0.334,0.684,41.0,0,2329079,libre_inversion,True,0,False,train
CAND-01358,2024-05-29,37,H,1404194.0,18,35827,8,0.529,4,True,648.0,0.802,0.649,53.1,0,672524,libre_inversion,True,0,False,train
CAND-01601,2024-05-29,34,H,1055474.0,46,4508,21,0.5,1,False,,0.925,0.61,41.2,0,932980,compra_cartera,True,0,False,train
CAND-01392,2024-05-29,26,M,553105.0,6,21278,1,0.631,3,True,651.0,0.331,0.933,61.6,0,1435365,libre_inversion,True,0,False,train
CAND-01859,2024-05-29,38,H,1199849.0,20,35253,11,0.344,2,False,,0.736,,31.6,0,432172,compra_cartera,True,0,False,train
CAND-00085,2024-05-29,33,H,1771590.0,17,16431,9,0.365,1,False,,0.736,0.733,41.6,0,171644,compra_cartera,True,0,False,train
CAND-01620,2024-05-29,24,H,1046525.0,22,61892,8,0.172,3,True,473.0,,0.719,27.3,0,751540,libre_inversion,True,0,False,train
CAND-00762,2024-05-29,39,M,894553.0,2,12324,1,0.354,1,True,572.0,0.548,0.845,40.5,0,1493341,libre_inversion,True,0,False,train
CAND-00970,2024-05-29,18,H,1122864.0,8,19164,2,0.585,2,True,617.0,0.65,0.727,33.8,0,1150043,libre_inversion,True,0,False,train
CAND-00500,2024-05-29,52,H,2374467.0,4,3844,2,0.264,2,True,791.0,0.71,0.606,91.9,0,737459,libre_inversion,True,1,False,train
CAND-02737,2024-05-29,42,M,1348598.0,12,54501,3,0.278,4,False,,0.821,0.653,25.7,0,232342,compra_cartera,True,0,False,train
CAND-00824,2024-05-29,28,H,1932583.0,1,58300,0,0.527,1,False,,,0.624,30.1,0,866047,avance_efectivo,True,0,False,train
CAND-00807,2024-05-30,28,M,1305516.0,6,23759,2,0.346,1,True,753.0,0.73,0.781,79.2,0,1326201,avance_efectivo,True,0,False,train
CAND-01602,2024-05-30,22,H,801795.0,3,153296,2,0.575,4,True,639.0,0.51,0.897,68.5,0,1089423,libre_inversion,True,0,False,train
CAND-01558,2024-05-30,37,H,2039280.0,4,30825,1,0.968,1,True,681.0,,0.809,78.2,0,829837,avance_efectivo,True,0,False,train
CAND-01931,2024-05-30,55,H,711123.0,19,21335,9,0.629,2,False,,0.568,0.784,33.3,37251,232119,libre_inversion,True,0,False,train
CAND-00301,2024-05-30,35,H,1118394.0,5,14344,1,0.779,5,False,,0.398,0.729,12.0,0,787072,avance_efectivo,True,0,False,train
CAND-00296,2024-05-30,44,M,1266802.0,9,14925,4,0.345,3,False,,0.688,0.882,74.6,0,1382579,libre_inversion,True,0,False,train
CAND-02371,2024-05-30,18,H,1208591.0,21,21182,8,0.341,2,False,,0.742,0.819,59.3,0,445739,libre_inversion,True,0,False,train
CAND-01380,2024-05-30,28,M,1787463.0,3,35254,0,0.051,3,False,,0.338,0.847,44.5,0,1100833,compra_cartera,True,0,False,train
CAND-02471,2024-05-30,19,M,1046384.0,5,26390,2,0.261,2,False,,0.485,0.869,45.9,0,639469,libre_inversion,True,0,False,train
CAND-02249,2024-05-30,39,H,1395373.0,4,19407,3,0.151,1,True,646.0,0.802,0.564,56.6,0,677545,libre_inversion,True,0,False,train
CAND-00142,2024-05-31,18,H,1018355.0,2,74725,2,0.786,1,False,,0.933,0.834,60.7,0,553012,libre_inversion,True,0,False,train
CAND-01298,2024-05-31,18,H,1792433.0,1,16861,2,0.548,1,False,,,0.928,63.0,0,284281,libre_inversion,True,0,False,train
CAND-01870,2024-05-31,35,M,1767183.0,36,28394,14,0.319,3,False,,0.476,0.679,42.4,0,854207,compra_cartera,True,0,False,train
CAND-02584,2024-05-31,35,M,1244668.0,1,85715,1,0.575,1,False,,0.319,0.594,14.9,0,526352,compra_cartera,True,0,False,train
CAND-00882,2024-05-31,37,M,3584903.0,11,106127,3,0.652,2,True,751.0,0.86,0.916,31.5,0,423108,avance_efectivo,True,0,False,train
CAND-00213,2024-05-31,50,H,1052207.0,14,95290,2,0.426,2,False,,0.845,0.555,43.7,8186,527530,avance_efectivo,True,0,False,train
CAND-02645,2024-05-31,20,M,1807461.0,3,88409,3,0.517,1,False,,0.877,0.61,52.7,0,1173728,libre_inversion,True,0,False,train
CAND-00018,2024-05-31,41,M,503000.0,4,12377,1,0.365,4,False,,0.699,0.693,44.9,0,333560,avance_efectivo,True,0,False,train
CAND-02299,2024-05-31,41,M,2341339.0,17,90004,7,0.529,3,False,,0.844,0.743,70.3,0,311865,compra_cartera,True,0,False,train
CAND-01292,2024-05-31,32,M,1326585.0,14,78605,5,0.28,2,True,823.0,0.4,0.698,41.3,0,1281067,compra_cartera,True,0,False,train
CAND-01328,2024-05-31,42,M,885062.0,13,62955,10,0.474,1,False,,0.815,0.856,43.2,0,370226,compra_cartera,True,0,False,train
CAND-01536,2024-05-31,27,H,1925559.0,1,63755,0,0.685,5,False,,0.922,0.637,59.1,0,1708470,compra_cartera,True,0,False,train
CAND-00959,2024-05-31,24,H,760885.0,60,24735,37,0.357,2,False,,0.797,0.844,34.5,0,675647,libre_inversion,True,0,False,train
CAND-00268,2024-06-01,31,H,1026877.0,27,29308,21,0.056,2,True,725.0,0.794,0.909,45.6,0,373641,compra_cartera,True,0,False,train
CAND-01981,2024-06-01,46,M,1665187.0,13,74344,9,0.679,1,True,668.0,0.575,0.768,43.1,0,2651153,compra_cartera,True,0,False,train
CAND-02648,2024-06-01,19,H,1164918.0,39,59818,18,0.231,1,False,,0.744,0.628,19.2,22898,1085440,libre_inversion,True,0,False,train
CAND-00789,2024-06-01,18,M,2995093.0,16,28924,4,0.314,2,True,705.0,0.905,0.744,71.1,0,441215,compra_cartera,True,0,False,train
CAND-01904,2024-06-01,29,H,1579499.0,15,24491,11,0.69,1,True,521.0,0.65,0.687,36.5,35395,1062440,compra_cartera,True,0,False,train
CAND-01290,2024-06-02,48,M,1393520.0,6,92301,7,0.281,2,True,713.0,0.749,0.491,65.4,0,209098,libre_inversion,True,0,False,train
CAND-02974,2024-06-02,43,M,621001.0,4,10057,3,0.459,3,False,,0.959,0.742,56.0,0,1636444,avance_efectivo,True,0,False,train
CAND-00394,2024-06-02,29,M,2160333.0,13,38915,5,0.676,3,False,,0.93,,79.9,0,647656,libre_inversion,True,0,False,train
CAND-01911,2024-06-02,39,M,761837.0,22,41246,10,0.17,3,False,,0.717,0.762,74.9,0,238714,avance_efectivo,True,0,False,train
CAND-00861,2024-06-02,45,M,1134509.0,14,75504,10,0.437,3,False,,0.82,0.953,49.2,0,353387,compra_cartera,True,0,False,train
CAND-02099,2024-06-02,35,H,949895.0,9,62335,10,0.507,5,True,785.0,0.916,0.686,82.8,0,524792,avance_efectivo,True,0,False,train
CAND-02877,2024-06-03,32,M,1715148.0,2,59492,2,0.217,1,True,610.0,0.648,0.426,50.3,0,1710723,avance_efectivo,True,1,False,train
CAND-00645,2024-06-03,38,M,1035400.0,53,30098,22,0.388,2,False,,0.848,0.424,72.7,0,366305,libre_inversion,True,0,False,train
CAND-02313,2024-06-03,41,H,864064.0,9,41299,3,0.311,2,True,575.0,0.768,0.889,34.8,0,681349,libre_inversion,True,0,False,train
CAND-02916,2024-06-03,47,NB,719351.0,11,33507,4,0.267,4,True,873.0,0.791,0.807,80.1,0,176918,avance_efectivo,True,0,False,train
CAND-00634,2024-06-03,45,M,905044.0,46,39022,16,0.487,3,False,,0.897,0.508,44.4,0,634332,libre_inversion,True,0,False,train
CAND-00294,2024-06-03,21,M,1089102.0,11,17361,6,0.043,4,False,,0.811,0.935,33.9,0,375390,libre_inversion,True,0,False,train
CAND-00503,2024-06-03,46,H,648414.0,14,104733,8,0.261,1,True,538.0,0.817,0.774,26.1,0,771076,libre_inversion,True,0,False,train
CAND-00788,2024-06-03,43,H,684146.0,15,67837,6,0.316,1,False,,0.566,0.65,22.8,0,1084877,avance_efectivo,True,0,False,train
CAND-00936,2024-06-03,42,H,1302938.0,25,140122,11,0.583,3,True,623.0,0.83,0.361,70.6,0,324927,avance_efectivo,True,0,False,train
CAND-00234,2024-06-04,24,H,800608.0,23,14241,14,0.772,4,False,,0.748,0.6,41.7,0,327913,libre_inversion,True,0,False,train
CAND-00760,2024-06-04,40,H,646203.0,60,14372,31,0.173,3,True,634.0,0.72,0.725,63.2,0,289759,libre_inversion,True,0,False,train
CAND-00908,2024-06-04,43,H,777179.0,14,76236,7,0.473,3,False,,0.326,0.84,35.2,0,477752,libre_inversion,True,0,False,train
CAND-01439,2024-06-04,31,M,1411089.0,2,94968,3,0.339,4,False,,0.852,0.841,32.6,0,252345,avance_efectivo,True,0,False,train
CAND-02592,2024-06-04,51,M,861203.0,4,79860,0,0.573,3,True,552.0,0.572,0.508,60.0,0,204246,libre_inversion,True,0,False,train
CAND-01993,2024-06-04,18,H,1999340.0,1,25636,2,0.472,4,True,647.0,0.708,0.922,45.0,0,1170675,compra_cartera,True,0,False,train
CAND-00577,2024-06-04,51,H,755650.0,3,73391,1,0.361,3,True,690.0,0.331,0.943,34.4,0,932776,libre_inversion,True,0,False,train
CAND-00183,2024-06-04,35,M,1850899.0,8,62455,2,0.143,3,False,,0.642,0.914,53.7,0,192795,compra_cartera,True,0,False,train
CAND-00517,2024-06-04,28,H,1129530.0,11,41377,6,0.6,3,False,,0.908,0.859,14.1,0,406054,libre_inversion,True,0,False,train
CAND-02680,2024-06-04,25,M,841201.0,34,39544,11,0.471,1,False,,0.853,0.855,61.6,0,777724,libre_inversion,True,0,False,train
CAND-01053,2024-06-04,44,H,488782.0,5,818,1,0.693,2,False,,0.594,0.914,56.2,0,912156,compra_cartera,True,1,False,train
CAND-00120,2024-06-04,41,H,1050219.0,3,102285,2,0.206,1,True,563.0,0.838,0.861,18.4,0,597947,libre_inversion,True,0,False,train
CAND-01165,2024-06-04,28,M,1226990.0,12,13880,7,0.745,1,True,559.0,0.96,0.567,35.2,5297,533237,libre_inversion,True,0,False,train
CAND-02349,2024-06-04,29,H,2098144.0,10,33336,8,0.892,4,True,677.0,0.915,0.539,60.5,0,557541,libre_inversion,True,0,False,train
CAND-01741,2024-06-04,38,H,1140383.0,20,29594,7,0.905,1,False,,0.587,0.31,20.6,0,227333,compra_cartera,True,1,False,train
CAND-02717,2024-06-04,36,H,811718.0,5,49579,2,0.396,3,True,453.0,0.736,0.372,56.5,0,100000,libre_inversion,True,0,False,train
CAND-02279,2024-06-05,20,H,1139989.0,7,30862,4,0.137,2,True,572.0,0.72,0.83,40.9,0,1024218,compra_cartera,True,0,False,train
CAND-00742,2024-06-05,28,M,1180305.0,11,24027,8,0.627,1,True,648.0,0.726,0.852,61.4,0,1520275,libre_inversion,True,0,False,train
CAND-01250,2024-06-05,30,H,1493148.0,4,102061,3,0.324,2,False,,0.821,0.749,45.6,0,1266558,avance_efectivo,True,0,False,train
CAND-02032,2024-06-05,42,M,705826.0,1,67215,1,0.125,5,True,656.0,0.803,0.803,100.0,0,368743,libre_inversion,True,0,False,train
CAND-00602,2024-06-05,43,M,686087.0,15,52428,6,0.239,4,True,658.0,0.874,0.547,69.8,0,220590,libre_inversion,True,0,False,train
CAND-01197,2024-06-05,46,M,1890452.0,19,57287,9,0.575,2,True,830.0,0.753,0.571,100.0,0,1308269,libre_inversion,True,0,False,train
CAND-00700,2024-06-05,24,M,1516790.0,14,26645,3,0.654,1,False,,0.757,0.644,12.6,0,1065474,libre_inversion,True,0,False,train
CAND-01082,2024-06-05,35,H,4713504.0,1,101859,1,0.724,3,False,,0.485,0.956,41.3,0,447419,compra_cartera,True,0,False,train
CAND-02161,2024-06-05,30,H,817685.0,21,24461,10,0.242,1,False,,0.927,0.486,39.6,0,565928,libre_inversion,True,0,False,train
CAND-02521,2024-06-05,21,H,1184244.0,48,47958,29,0.634,1,True,563.0,0.888,0.976,59.0,0,673294,avance_efectivo,True,0,False,train
CAND-01921,2024-06-05,43,M,2687032.0,3,74790,3,0.454,2,True,692.0,0.698,0.789,0.1,0,2254472,libre_inversion,True,0,False,train
CAND-01719,2024-06-05,29,M,784866.0,7,15437,5,0.395,1,False,,0.946,,58.4,0,785913,compra_cartera,True,0,False,train
CAND-01654,2024-06-05,46,H,1620133.0,1,51794,1,0.647,5,True,517.0,0.703,0.464,33.0,0,1293236,libre_inversion,True,0,False,train
CAND-00767,2024-06-05,26,H,800502.0,1,39872,1,0.173,3,False,,0.901,0.696,73.6,0,1039457,avance_efectivo,True,0,False,train
CAND-00148,2024-06-05,38,M,1454357.0,13,25615,7,0.33,1,True,595.0,0.696,0.846,45.2,0,420356,compra_cartera,True,0,False,train
CAND-02799,2024-06-06,48,M,2072676.0,7,15963,0,0.118,1,False,,0.758,0.959,56.0,0,790355,libre_inversion,True,0,False,train
CAND-02688,2024-06-06,32,M,1430154.0,6,50244,0,0.175,4,True,555.0,0.332,0.888,30.4,0,808328,libre_inversion,True,0,False,train
CAND-00146,2024-06-06,24,H,1199857.0,4,45417,0,0.831,1,True,495.0,0.704,0.792,58.9,0,532536,compra_cartera,True,1,False,train
CAND-02902,2024-06-06,35,H,1833045.0,29,27851,13,0.355,2,True,749.0,0.955,0.854,91.7,0,491972,avance_efectivo,True,0,False,train
CAND-01656,2024-06-06,36,NB,1068996.0,5,64018,4,0.435,4,False,,0.744,0.762,62.7,0,166462,libre_inversion,True,1,False,train
CAND-02745,2024-06-06,26,M,1484238.0,13,30734,7,0.233,4,True,700.0,0.907,0.917,50.9,0,343569,libre_inversion,True,0,False,train
CAND-00763,2024-06-06,39,H,1307151.0,16,58924,8,0.202,3,True,691.0,0.845,0.914,42.6,15203,244273,compra_cartera,True,0,False,train
CAND-00837,2024-06-06,41,H,2043123.0,23,37208,13,0.583,3,True,511.0,0.666,0.754,88.4,0,166318,libre_inversion,True,0,False,train
CAND-01704,2024-06-06,46,H,1266732.0,12,87437,4,0.315,1,True,581.0,0.964,0.865,81.9,0,981060,compra_cartera,True,0,False,train
CAND-01684,2024-06-06,31,H,1338789.0,23,28148,15,0.291,1,True,680.0,0.61,0.623,91.1,0,340857,avance_efectivo,True,0,False,train
CAND-00365,2024-06-06,21,M,831240.0,4,32664,3,0.365,3,False,,0.795,0.58,78.0,0,655310,avance_efectivo,True,0,False,train
CAND-00078,2024-06-06,44,H,998718.0,20,24013,8,0.411,5,False,,0.474,0.937,64.8,0,1118935,libre_inversion,True,0,False,train
CAND-00364,2024-06-06,29,H,1418423.0,28,49637,16,0.305,4,False,,0.698,0.686,62.3,0,655020,libre_inversion,True,0,False,train
CAND-00794,2024-06-06,44,M,2444535.0,17,87791,9,0.473,3,False,,0.794,0.814,83.8,0,739771,compra_cartera,True,0,False,train
CAND-01195,2024-06-06,20,M,2886185.0,14,17795,10,0.096,1,True,550.0,0.736,0.603,45.6,0,697157,libre_inversion,True,0,False,train
CAND-01121,2024-06-07,34,H,1391470.0,4,61409,3,0.25,2,False,,0.831,0.749,40.3,0,611284,compra_cartera,True,0,False,train
CAND-02447,2024-06-07,45,H,1295988.0,53,89213,27,0.384,1,False,,0.643,0.665,71.4,0,826541,avance_efectivo,True,0,False,train
CAND-00962,2024-06-07,41,M,899710.0,4,57236,2,0.465,2,True,716.0,0.473,0.935,31.5,0,987793,compra_cartera,True,0,False,train
CAND-01507,2024-06-07,33,M,1778137.0,15,25470,4,0.737,3,True,572.0,0.516,0.584,45.9,0,571502,libre_inversion,True,0,False,train
CAND-00856,2024-06-07,30,M,1147575.0,2,129152,2,0.597,3,True,515.0,,,38.0,0,272071,libre_inversion,True,0,False,train
CAND-01216,2024-06-07,25,H,1174153.0,35,25536,19,0.645,4,False,,0.686,0.832,61.8,0,455673,compra_cartera,True,0,False,train
CAND-00179,2024-06-07,40,M,994159.0,5,51485,0,0.25,2,True,704.0,0.845,0.449,20.8,0,278090,libre_inversion,True,0,False,train
CAND-00674,2024-06-07,38,H,1379985.0,1,119969,1,0.282,3,True,510.0,0.757,0.831,54.1,0,302537,libre_inversion,True,0,False,train
CAND-00361,2024-06-07,38,M,950714.0,5,93542,2,0.591,3,True,591.0,0.805,0.839,81.0,0,468683,libre_inversion,True,0,False,train
CAND-01796,2024-06-07,18,M,510858.0,27,23332,10,0.723,3,True,715.0,0.871,0.899,38.0,0,417614,compra_cartera,True,0,False,train
CAND-00730,2024-06-07,35,H,1237285.0,6,35402,5,0.108,2,True,418.0,,0.733,50.8,0,964142,compra_cartera,True,1,False,train
CAND-01876,2024-06-07,38,M,1801655.0,25,50670,5,0.066,1,True,566.0,0.315,0.842,68.7,0,227345,libre_inversion,True,0,False,train
CAND-01363,2024-06-07,29,H,1117434.0,1,77899,1,0.436,1,False,,0.956,0.729,66.0,0,2154598,libre_inversion,True,0,False,train
CAND-02855,2024-06-07,39,H,1107304.0,3,4687,1,0.232,5,True,611.0,0.679,0.556,63.7,0,383539,libre_inversion,True,1,False,train
CAND-02868,2024-06-08,43,M,705241.0,10,34375,2,0.81,5,False,,0.687,0.722,51.1,0,1166989,avance_efectivo,True,0,False,train
CAND-02625,2024-06-08,24,M,953641.0,35,21913,20,0.375,1,False,,,0.667,42.2,0,451352,libre_inversion,True,0,False,train
CAND-01482,2024-06-08,26,M,1677042.0,7,34658,3,0.283,5,False,,0.838,0.853,82.1,0,1293212,avance_efectivo,True,0,False,train
CAND-01646,2024-06-08,37,M,1442782.0,2,8764,3,0.553,1,True,620.0,0.687,0.623,53.5,0,969189,compra_cartera,True,0,False,train
CAND-01381,2024-06-08,31,M,3110796.0,8,11178,5,0.164,3,False,,0.709,0.761,67.0,0,530187,compra_cartera,True,0,False,train
CAND-01354,2024-06-08,35,H,1189514.0,1,74870,0,0.035,4,True,710.0,0.734,0.585,51.1,0,962450,libre_inversion,True,0,False,train
CAND-02643,2024-06-08,45,H,857381.0,13,62564,7,0.512,5,False,,0.887,0.843,57.5,0,1186931,libre_inversion,True,0,False,train
CAND-01752,2024-06-08,33,M,1694294.0,26,81817,11,0.089,2,True,681.0,0.872,0.775,53.0,0,360395,libre_inversion,True,0,False,train
CAND-01772,2024-06-08,44,H,1273342.0,6,69058,1,0.607,1,True,639.0,0.805,0.678,35.0,0,365113,libre_inversion,True,0,False,train
CAND-02558,2024-06-08,32,NB,845862.0,17,21006,6,0.41,3,False,,0.836,0.647,53.9,0,256170,libre_inversion,True,0,False,train
CAND-02691,2024-06-08,18,H,1519098.0,7,47897,8,0.551,1,True,755.0,0.905,0.682,77.7,0,634381,libre_inversion,True,0,False,train
CAND-02656,2024-06-08,27,M,1794868.0,16,167487,5,0.369,2,True,638.0,0.763,0.573,37.2,0,1249391,libre_inversion,True,0,False,train
CAND-00245,2024-06-09,21,M,679969.0,10,9813,4,0.644,5,False,,0.881,0.797,59.9,0,545379,libre_inversion,True,0,False,train
CAND-00403,2024-06-09,29,M,2144280.0,10,98842,5,0.463,3,True,669.0,0.668,0.837,74.8,0,1037474,libre_inversion,True,0,False,train
CAND-02650,2024-06-09,29,H,1714950.0,10,10042,5,0.462,3,True,678.0,0.456,0.511,40.6,0,710576,avance_efectivo,True,0,False,train
CAND-02535,2024-06-09,43,H,1116794.0,16,29323,12,0.221,3,True,703.0,0.64,0.75,19.9,0,401063,compra_cartera,True,1,False,train
CAND-01214,2024-06-09,45,M,543149.0,2,86789,1,0.319,4,True,530.0,0.794,0.833,69.7,0,1205172,libre_inversion,True,0,False,train
CAND-02804,2024-06-09,20,M,711992.0,3,65613,2,0.429,2,True,736.0,0.888,0.69,55.7,0,691114,libre_inversion,True,0,False,train
CAND-01011,2024-06-09,41,M,2270138.0,16,34931,8,0.139,4,False,,0.871,0.599,44.2,0,1045048,avance_efectivo,True,0,False,train
CAND-00369,2024-06-09,35,H,3019813.0,7,49160,2,0.252,2,False,,0.567,0.859,97.2,0,528488,libre_inversion,True,0,False,train
CAND-01690,2024-06-09,39,M,1622284.0,43,47761,26,0.44,3,False,,0.864,0.86,45.0,0,314038,avance_efectivo,True,0,False,train
CAND-01797,2024-06-09,42,M,854925.0,13,68239,8,0.297,4,False,,0.878,,26.4,0,858296,libre_inversion,True,0,False,train
CAND-01284,2024-06-10,22,H,1111526.0,21,50795,12,0.851,1,False,,0.706,0.894,69.4,0,746060,compra_cartera,True,0,False,train
CAND-01829,2024-06-10,42,M,743036.0,3,22620,4,0.241,3,False,,0.566,0.579,43.6,0,485793,libre_inversion,True,0,False,train
CAND-00350,2024-06-10,37,M,1049789.0,10,118966,5,0.13,2,True,563.0,0.635,0.684,64.9,0,570646,avance_efectivo,True,1,False,train
CAND-01494,2024-06-10,35,M,1110038.0,18,66800,9,0.227,1,False,,0.529,0.731,17.7,0,194246,libre_inversion,True,0,False,train
CAND-00753,2024-06-10,39,M,894541.0,53,42106,30,0.356,4,False,,0.966,0.698,53.3,0,2519363,compra_cartera,True,0,False,train
CAND-00507,2024-06-10,38,H,1132333.0,12,69382,6,0.082,1,True,563.0,0.924,0.903,58.5,0,377540,libre_inversion,True,0,False,train
CAND-01246,2024-06-10,30,M,869463.0,38,121005,24,0.313,1,True,700.0,0.748,0.89,62.5,0,799791,libre_inversion,True,0,False,train
CAND-02107,2024-06-10,18,M,1143087.0,3,36609,1,0.228,5,False,,0.346,0.813,81.2,0,1286709,avance_efectivo,True,0,False,train
CAND-00318,2024-06-11,54,M,769707.0,13,48200,8,0.384,1,False,,0.681,0.794,34.3,0,728799,avance_efectivo,True,0,False,train
CAND-02039,2024-06-11,20,H,985181.0,1,37609,0,0.705,2,False,,0.908,,25.1,0,1243960,compra_cartera,True,0,False,train
CAND-02668,2024-06-11,38,H,1099608.0,9,28256,3,0.394,1,True,747.0,,0.776,27.3,0,1001922,avance_efectivo,True,0,False,train
CAND-01378,2024-06-11,31,H,1002211.0,1,91747,1,0.556,3,False,,0.728,0.94,49.2,0,588878,libre_inversion,True,0,False,train
CAND-01964,2024-06-11,38,M,1227124.0,54,70919,30,0.55,1,True,742.0,0.64,0.752,59.2,0,164496,libre_inversion,True,0,False,train
CAND-01866,2024-06-11,42,M,1325485.0,7,20511,4,0.622,4,True,514.0,0.803,0.74,52.7,0,375594,libre_inversion,True,0,False,train
CAND-00019,2024-06-11,28,M,1736199.0,6,17916,6,0.458,3,True,554.0,0.404,0.784,51.5,0,481463,libre_inversion,True,0,False,train
CAND-00389,2024-06-11,38,H,1689458.0,10,119164,9,0.59,1,False,,0.928,0.773,65.1,0,699590,compra_cartera,True,0,False,train
CAND-02448,2024-06-11,35,M,3373518.0,60,85900,23,0.053,2,False,,0.683,0.875,50.1,12631,654982,libre_inversion,True,0,False,train
CAND-01270,2024-06-11,36,H,618031.0,10,57917,3,0.199,2,False,,0.727,0.746,62.1,0,868669,libre_inversion,True,0,False,train
CAND-02427,2024-06-11,43,M,1468736.0,2,20764,1,0.34,2,True,487.0,0.846,0.862,55.1,0,405816,libre_inversion,True,0,False,train
CAND-02317,2024-06-11,28,M,503249.0,3,16676,0,0.499,3,False,,0.704,0.599,49.5,0,944002,libre_inversion,True,0,False,train
CAND-01205,2024-06-11,26,H,751714.0,15,28586,5,0.364,1,True,666.0,0.814,0.653,61.1,0,495774,compra_cartera,True,0,False,train
CAND-02070,2024-06-11,33,M,1128774.0,4,95970,2,0.887,1,False,,0.792,0.893,29.5,0,733989,libre_inversion,True,0,False,train
CAND-00068,2024-06-11,28,H,1817153.0,19,78652,12,0.203,1,False,,0.89,0.972,39.6,0,1156870,libre_inversion,True,0,False,train
CAND-00551,2024-06-11,22,H,821026.0,3,4298,0,0.093,2,False,,0.69,0.755,39.6,0,1201873,libre_inversion,True,1,False,train
CAND-01296,2024-06-11,26,M,1333390.0,20,51496,10,0.301,1,False,,0.828,0.786,59.3,0,802676,libre_inversion,True,0,False,train
CAND-02957,2024-06-11,22,H,2659724.0,15,30496,11,0.207,4,True,477.0,0.964,0.838,65.0,0,1080592,libre_inversion,True,0,False,train
CAND-02923,2024-06-11,31,H,2471545.0,19,38088,12,0.422,1,False,,0.691,0.566,33.8,0,689707,libre_inversion,True,0,False,train
CAND-02593,2024-06-12,32,M,1083517.0,7,38467,6,0.183,4,True,425.0,0.893,0.778,60.2,0,1356280,compra_cartera,True,0,False,train
CAND-00238,2024-06-12,38,M,1037651.0,14,24843,5,0.267,2,False,,0.522,0.764,45.5,0,285793,libre_inversion,True,0,False,train
CAND-00457,2024-06-12,39,H,1173252.0,7,79857,2,0.292,2,True,558.0,0.971,0.775,28.8,0,754338,compra_cartera,True,0,False,train
CAND-02143,2024-06-12,53,M,894637.0,1,40425,1,0.571,3,True,716.0,0.933,0.806,4.4,0,1017733,libre_inversion,True,0,False,train
CAND-01758,2024-06-12,33,H,784941.0,20,6319,11,0.581,3,True,592.0,0.668,0.918,65.3,0,513551,libre_inversion,True,0,False,train
CAND-01511,2024-06-12,52,H,832391.0,4,45039,4,0.292,1,True,654.0,0.907,0.703,68.0,0,391902,libre_inversion,True,1,False,train
CAND-00787,2024-06-12,21,M,3462562.0,7,25557,4,0.768,1,True,665.0,0.996,,58.6,0,518901,libre_inversion,True,0,False,train
CAND-02016,2024-06-12,31,M,996016.0,36,9404,21,0.683,1,False,,,0.562,68.4,0,363126,libre_inversion,True,0,False,train
CAND-00957,2024-06-12,42,H,1973286.0,29,71361,11,0.203,4,True,625.0,0.922,0.669,34.3,0,572898,compra_cartera,True,0,False,train
CAND-01043,2024-06-13,28,M,493507.0,49,75179,28,0.363,3,True,608.0,0.195,0.749,37.3,0,500797,libre_inversion,True,1,False,train
CAND-00264,2024-06-13,37,M,968464.0,29,68780,11,0.273,1,True,659.0,0.829,0.882,42.4,0,390301,compra_cartera,True,0,False,train
CAND-00223,2024-06-13,30,M,875343.0,9,33594,3,0.114,2,False,,0.751,0.765,50.2,0,303977,libre_inversion,True,0,False,train
CAND-00463,2024-06-13,34,NB,840580.0,1,5197,0,0.033,4,False,,0.391,0.823,35.0,0,502902,avance_efectivo,True,1,False,train
CAND-02600,2024-06-13,32,H,729723.0,8,61024,4,0.437,2,True,720.0,0.815,0.748,62.6,0,290151,avance_efectivo,True,0,False,train
CAND-02183,2024-06-13,29,M,829498.0,55,22861,26,0.139,5,False,,0.566,0.79,65.4,0,507184,avance_efectivo,True,0,False,train
CAND-01382,2024-06-13,18,M,767007.0,25,17608,13,0.685,1,False,,0.572,0.803,32.3,0,917826,compra_cartera,True,0,False,train
CAND-02416,2024-06-13,36,H,2473833.0,11,38497,7,0.224,5,True,705.0,0.617,0.454,48.3,0,2011945,libre_inversion,True,1,False,train
CAND-02263,2024-06-13,45,M,3196544.0,19,37615,13,0.698,1,False,,0.851,0.649,45.4,12492,456782,compra_cartera,True,0,False,train
CAND-01442,2024-06-13,24,H,753891.0,60,118166,26,0.257,3,False,,,0.761,66.3,0,1049999,compra_cartera,True,0,False,train
CAND-02260,2024-06-13,59,H,941005.0,3,38963,0,0.428,2,False,,0.585,0.827,45.3,0,323023,libre_inversion,True,0,False,train
CAND-01562,2024-06-13,21,M,1685913.0,24,13957,8,0.36,2,True,728.0,0.845,0.683,49.7,0,1482677,libre_inversion,True,0,False,train
CAND-01880,2024-06-13,22,H,2605771.0,8,90238,3,0.336,3,False,,0.554,0.627,78.8,0,742346,avance_efectivo,True,0,False,train
CAND-00696,2024-06-13,21,M,1910463.0,19,57297,8,0.547,2,False,,,0.381,40.2,0,511514,compra_cartera,True,1,False,train
CAND-02322,2024-06-14,22,H,1764233.0,15,3015,5,0.743,4,False,,0.677,0.809,60.5,0,788463,libre_inversion,True,0,False,train
CAND-00979,2024-06-14,36,M,1247960.0,14,72419,4,0.184,4,False,,0.955,0.533,63.2,0,736047,libre_inversion,True,0,False,train
CAND-02163,2024-06-14,26,M,1201177.0,1,71881,1,0.211,3,False,,0.935,0.923,51.0,0,1428834,compra_cartera,True,0,False,train
CAND-01306,2024-06-14,18,H,1203622.0,13,26762,4,0.092,1,False,,0.639,0.823,76.5,0,724166,libre_inversion,True,0,False,train
CAND-02267,2024-06-14,29,M,1035885.0,14,134104,7,0.234,5,False,,0.611,0.812,90.4,0,993993,libre_inversion,True,0,False,train
CAND-00994,2024-06-14,26,M,1231638.0,5,15432,5,0.359,1,True,721.0,0.384,0.456,62.7,0,586999,compra_cartera,True,1,False,train
CAND-00082,2024-06-14,42,H,613387.0,39,41453,29,0.451,2,False,,0.907,0.851,51.3,0,792683,avance_efectivo,True,0,False,train
CAND-02617,2024-06-14,51,M,1436576.0,4,20482,1,0.339,4,False,,0.72,0.847,88.5,0,1549190,avance_efectivo,True,0,False,train
CAND-00366,2024-06-14,43,M,715435.0,18,63137,9,0.269,1,True,681.0,0.888,0.874,34.1,0,583430,compra_cartera,True,0,False,train
CAND-00269,2024-06-14,44,H,1041030.0,2,121674,0,0.579,1,True,694.0,0.482,0.813,28.9,0,747809,libre_inversion,True,0,False,train
CAND-01099,2024-06-14,42,M,2468920.0,2,49373,0,0.203,3,True,618.0,0.957,0.739,50.8,0,850872,libre_inversion,True,0,False,train
CAND-00443,2024-06-15,28,M,752077.0,5,33731,1,0.226,3,False,,0.821,0.842,87.9,0,1077473,compra_cartera,True,0,False,train
CAND-00565,2024-06-15,35,M,1090468.0,18,61642,9,0.57,2,False,,0.762,0.991,44.3,0,1095418,libre_inversion,True,0,False,train
CAND-00236,2024-06-15,22,H,929067.0,13,37592,9,0.272,4,True,513.0,0.728,0.857,66.7,0,1214590,libre_inversion,True,0,False,train
CAND-00293,2024-06-15,36,H,1878992.0,1,30991,2,0.653,4,True,626.0,0.801,0.236,45.8,0,530993,libre_inversion,True,0,False,train
CAND-02122,2024-06-15,32,M,1240112.0,19,71254,10,0.514,1,False,,0.732,,53.9,0,269942,libre_inversion,True,0,False,train
CAND-02437,2024-06-15,33,M,1083588.0,12,56078,1,0.35,3,False,,0.716,0.562,44.9,0,698231,libre_inversion,True,1,False,train
CAND-00090,2024-06-15,49,M,453017.0,9,35475,4,0.645,3,False,,0.694,0.72,52.2,0,393150,libre_inversion,True,0,False,train
CAND-02555,2024-06-15,38,H,758107.0,10,32642,4,0.087,2,False,,0.597,0.712,28.2,0,1013651,libre_inversion,True,0,False,train
CAND-00198,2024-06-15,32,M,1099235.0,13,18480,3,0.608,1,True,600.0,0.548,0.376,58.6,0,793280,avance_efectivo,True,1,False,train
CAND-00347,2024-06-15,27,H,1883542.0,40,68327,21,0.673,2,False,,0.793,0.923,56.8,0,392357,compra_cartera,True,0,False,train
CAND-02049,2024-06-15,18,M,1258502.0,10,32259,3,0.466,2,False,,0.814,0.859,28.6,0,344335,libre_inversion,True,0,False,train
CAND-00812,2024-06-16,22,H,1522768.0,1,6661,0,0.173,2,True,645.0,,0.806,68.5,0,783779,compra_cartera,True,0,False,train
CAND-02394,2024-06-16,18,M,883360.0,5,67468,2,0.218,2,False,,0.568,0.599,57.4,0,1804481,avance_efectivo,True,0,False,train
CAND-02443,2024-06-16,50,M,702231.0,3,58731,2,0.618,2,False,,0.615,0.725,46.0,0,1185108,compra_cartera,True,0,False,train
CAND-01922,2024-06-16,33,M,1817935.0,14,76659,9,0.264,3,True,581.0,0.766,0.543,76.8,0,285842,libre_inversion,True,0,False,train
CAND-00681,2024-06-16,28,M,956813.0,6,14374,5,0.515,2,True,600.0,0.841,0.807,55.3,0,282824,compra_cartera,True,0,False,train
CAND-01806,2024-06-16,30,H,1227277.0,20,19019,9,0.177,1,True,491.0,0.942,0.928,46.2,0,798595,libre_inversion,True,0,False,train
CAND-02258,2024-06-16,32,H,1831218.0,1,49255,2,0.52,3,False,,0.847,0.526,86.0,0,366132,compra_cartera,True,0,False,train
CAND-00723,2024-06-17,32,H,1736022.0,3,21686,1,0.583,1,True,594.0,0.702,0.733,0.0,0,363328,libre_inversion,True,0,False,train
CAND-00484,2024-06-17,25,M,524510.0,24,51061,8,0.187,2,True,629.0,0.817,0.825,60.7,0,314550,libre_inversion,True,0,False,train
CAND-01374,2024-06-17,23,H,1343014.0,6,41505,2,0.227,1,False,,0.85,0.931,57.1,0,364584,compra_cartera,True,0,False,train
CAND-01267,2024-06-17,47,H,1368919.0,38,8074,14,0.374,2,True,707.0,0.89,0.887,41.6,0,465632,libre_inversion,True,0,False,train
CAND-01867,2024-06-17,27,H,707949.0,7,22403,1,0.411,1,True,654.0,0.856,0.859,54.9,0,760,compra_cartera,True,1,False,train
CAND-02962,2024-06-17,30,H,1500044.0,2,20275,2,0.252,3,True,496.0,0.772,0.782,51.2,0,547780,compra_cartera,True,0,False,train
CAND-02819,2024-06-17,24,H,809513.0,9,42212,6,0.564,4,False,,0.823,0.737,72.2,0,502610,avance_efectivo,True,0,False,train
CAND-01513,2024-06-17,40,M,1101293.0,1,17724,0,0.52,3,True,714.0,0.693,0.899,51.4,0,822112,avance_efectivo,True,0,False,train
CAND-02776,2024-06-17,23,H,660989.0,10,42999,2,0.282,5,False,,0.964,0.699,23.4,0,511984,libre_inversion,True,0,False,train
CAND-01586,2024-06-17,43,M,825223.0,3,45546,5,0.254,3,False,,0.948,0.859,71.6,0,974843,libre_inversion,True,0,False,train
CAND-01832,2024-06-18,45,H,1287602.0,1,12183,0,0.194,3,True,631.0,0.674,0.923,45.6,0,266077,avance_efectivo,True,0,False,train
CAND-02133,2024-06-18,36,H,682415.0,4,34380,3,0.232,1,True,729.0,0.766,0.81,12.3,0,247787,libre_inversion,True,0,False,train
CAND-02738,2024-06-18,30,H,2715198.0,10,16685,4,0.133,2,True,675.0,0.923,0.892,43.7,0,660175,avance_efectivo,True,0,False,train
CAND-01480,2024-06-18,21,M,1931463.0,11,21444,10,0.332,5,True,702.0,0.832,0.683,50.7,0,229369,avance_efectivo,True,0,False,train
CAND-00053,2024-06-18,40,M,2444319.0,13,14867,4,0.494,2,False,,0.898,0.875,34.5,0,551225,avance_efectivo,True,0,False,train
CAND-00105,2024-06-18,38,M,693974.0,9,23263,6,0.27,1,False,,0.827,0.773,66.0,0,618866,libre_inversion,True,1,False,train
CAND-01427,2024-06-18,29,H,1850157.0,4,75603,3,0.453,1,False,,0.703,0.69,55.8,0,566716,libre_inversion,True,0,False,train
CAND-02220,2024-06-18,21,M,1253497.0,4,125340,1,0.653,2,False,,0.61,0.955,36.9,0,702638,avance_efectivo,True,0,False,train
CAND-00422,2024-06-18,26,M,1560117.0,5,50800,2,0.161,2,False,,0.864,0.746,41.7,17645,314016,libre_inversion,True,0,False,train
CAND-00207,2024-06-18,37,H,1757581.0,20,177353,4,0.232,5,False,,0.941,0.86,67.7,0,1912426,libre_inversion,True,0,False,train
CAND-01162,2024-06-18,29,M,1500383.0,7,47624,4,0.545,3,False,,0.773,0.859,52.2,0,737139,avance_efectivo,True,0,False,train
CAND-02507,2024-06-19,18,H,633699.0,32,83541,13,0.6,3,True,541.0,0.761,0.826,67.5,0,1209695,libre_inversion,True,0,False,train
CAND-00474,2024-06-19,34,H,1126080.0,13,36782,4,0.089,2,False,,0.858,0.89,28.2,0,444808,libre_inversion,True,0,False,train
CAND-01035,2024-06-19,37,M,601497.0,3,59698,2,0.132,1,False,,0.886,0.908,16.0,0,349568,libre_inversion,True,0,False,train
CAND-00454,2024-06-19,59,H,1680108.0,10,24928,1,0.724,2,False,,0.546,,41.5,0,222463,avance_efectivo,True,1,False,train
CAND-01525,2024-06-19,43,H,1591263.0,7,27170,5,0.119,3,True,645.0,0.965,0.672,46.6,0,556545,avance_efectivo,True,0,False,train
CAND-00428,2024-06-19,24,M,1061200.0,8,40761,4,0.287,2,False,,0.562,0.814,59.0,0,406917,avance_efectivo,True,0,False,train
CAND-02915,2024-06-19,49,H,1355674.0,1,48526,0,0.407,1,True,673.0,0.657,0.586,72.1,0,445518,libre_inversion,True,0,False,train
CAND-01176,2024-06-19,27,M,1371089.0,11,56279,6,0.34,2,False,,0.646,0.764,25.3,0,417138,avance_efectivo,True,0,False,train
CAND-01057,2024-06-19,43,H,757808.0,14,50580,8,0.582,1,True,576.0,0.904,0.937,83.4,0,1168207,avance_efectivo,True,0,False,train
CAND-02207,2024-06-19,39,H,1483432.0,13,37677,2,0.355,1,True,719.0,0.631,0.824,34.2,0,625626,libre_inversion,True,0,False,train
CAND-00680,2024-06-19,61,H,1117301.0,14,44169,3,0.301,4,True,614.0,0.718,0.791,52.1,0,693105,compra_cartera,True,0,False,train
CAND-02095,2024-06-19,30,NB,870870.0,10,13820,4,0.616,2,False,,,0.687,61.5,11672,961497,libre_inversion,True,0,False,train
CAND-00163,2024-06-19,46,M,797714.0,25,6251,16,0.251,2,True,457.0,0.894,0.718,78.9,0,840568,avance_efectivo,True,0,False,train
CAND-01014,2024-06-19,39,M,1873568.0,1,23976,0,0.673,1,True,626.0,0.468,0.838,40.0,0,906877,avance_efectivo,True,1,False,train
CAND-00983,2024-06-19,30,NB,2449949.0,1,32110,0,0.08,2,False,,0.662,0.701,50.4,0,1223101,avance_efectivo,True,0,False,train
CAND-01241,2024-06-20,29,H,2580196.0,9,59826,3,0.71,5,False,,0.745,0.755,40.5,0,706332,libre_inversion,True,0,False,train
CAND-00358,2024-06-20,39,M,1697784.0,21,5594,13,0.641,3,True,656.0,0.778,0.821,44.4,0,1005829,compra_cartera,True,0,False,train
CAND-02272,2024-06-20,18,H,562877.0,1,96674,0,0.453,2,True,719.0,0.689,0.734,45.2,0,1296527,libre_inversion,True,0,False,train
CAND-01868,2024-06-20,34,M,2110457.0,1,2510,0,0.333,1,True,706.0,0.75,0.629,52.1,0,438056,compra_cartera,True,0,False,train
CAND-02545,2024-06-20,33,H,2072705.0,11,60610,5,0.166,3,False,,0.777,0.842,72.9,0,689483,libre_inversion,True,0,False,train
CAND-00912,2024-06-20,19,M,838841.0,21,19856,7,0.085,3,False,,0.806,0.549,50.6,0,365155,libre_inversion,True,0,False,train
CAND-02944,2024-06-20,39,H,1400905.0,10,23860,5,0.557,2,False,,0.616,0.707,27.8,0,1745642,libre_inversion,True,0,False,train
CAND-00396,2024-06-20,30,M,1358249.0,41,25595,24,0.398,5,True,671.0,0.681,0.56,24.9,0,166067,compra_cartera,True,0,False,train
CAND-01768,2024-06-20,38,M,1735386.0,3,10943,3,0.101,3,False,,0.714,,65.6,0,538838,libre_inversion,True,0,False,train
CAND-00083,2024-06-20,43,H,665109.0,6,37591,1,0.536,3,False,,0.488,0.491,83.7,0,252390,libre_inversion,True,0,False,train
CAND-00520,2024-06-21,40,M,1567234.0,15,89547,9,0.578,2,True,681.0,0.674,0.829,67.5,0,533589,compra_cartera,True,0,False,train
CAND-02929,2024-06-21,21,H,607794.0,2,42992,1,0.242,1,True,648.0,0.65,0.579,52.5,0,1224714,libre_inversion,True,1,False,train
CAND-01619,2024-06-21,48,M,552162.0,9,69129,8,0.531,2,False,,0.883,0.159,54.3,0,545893,avance_efectivo,True,0,False,train
CAND-00531,2024-06-21,29,M,517721.0,8,21128,5,0.229,4,False,,0.822,0.774,65.7,0,632084,libre_inversion,True,0,False,train
CAND-00448,2024-06-21,22,M,1331727.0,16,16572,14,0.491,1,False,,0.797,0.905,60.0,0,1085055,compra_cartera,True,0,False,train
CAND-00898,2024-06-21,34,M,1514840.0,31,16642,15,0.194,2,True,670.0,0.931,0.482,49.8,0,596060,compra_cartera,True,0,False,train
CAND-00675,2024-06-21,31,NB,2765151.0,1,29992,0,0.448,1,False,,0.778,0.771,48.8,0,1140059,compra_cartera,True,0,False,train
CAND-01694,2024-06-21,38,H,638618.0,15,49158,5,0.41,3,False,,0.854,0.7,63.5,0,694129,libre_inversion,True,0,False,train
CAND-01761,2024-06-21,31,H,1126599.0,41,79935,22,0.099,3,True,688.0,0.793,0.499,46.2,0,1162630,libre_inversion,True,0,False,train
CAND-00415,2024-06-21,23,H,2627556.0,28,177104,7,0.09,3,True,573.0,0.879,,87.7,0,983222,avance_efectivo,True,0,False,train
CAND-02058,2024-06-21,39,H,1773453.0,1,20255,6,0.309,3,False,,0.65,0.808,45.9,0,314520,libre_inversion,True,0,False,train
CAND-01046,2024-06-21,36,M,881706.0,22,13595,11,0.759,1,False,,0.713,0.804,38.5,0,739975,libre_inversion,True,0,False,train
CAND-00765,2024-06-22,56,M,1419504.0,5,11827,2,0.418,3,False,,,0.92,30.3,0,663123,libre_inversion,True,0,False,train
CAND-02321,2024-06-22,34,H,1102235.0,1,13036,3,0.668,2,False,,0.633,0.92,42.6,0,1390045,compra_cartera,True,0,False,train
CAND-02124,2024-06-22,21,M,4085268.0,60,28170,33,0.763,2,True,585.0,0.553,0.703,91.6,0,419494,avance_efectivo,True,1,False,train
CAND-02169,2024-06-22,33,H,1044221.0,14,32642,10,0.771,2,True,589.0,0.678,0.735,27.6,0,267169,libre_inversion,True,0,False,train
CAND-01005,2024-06-22,40,H,1115331.0,10,66538,8,0.469,3,False,,0.834,0.807,53.1,0,1588407,avance_efectivo,True,0,False,train
CAND-02908,2024-06-22,29,H,608009.0,1,56977,0,0.596,5,True,757.0,0.78,0.659,19.4,0,606153,libre_inversion,True,0,False,train
CAND-00657,2024-06-22,34,H,830023.0,9,17643,3,0.27,2,False,,0.778,0.923,67.2,0,961766,compra_cartera,True,0,False,train
CAND-01199,2024-06-22,46,H,1142402.0,27,49137,17,0.084,1,True,653.0,0.695,0.691,55.1,0,606569,libre_inversion,True,0,False,train
CAND-02111,2024-06-23,36,M,,19,5249,10,0.111,2,True,753.0,0.731,0.845,3.7,0,218157,libre_inversion,True,1,True,train
CAND-01996,2024-06-23,42,H,942182.0,25,15183,11,0.272,2,False,,,0.444,34.3,0,842298,compra_cartera,True,1,False,train
CAND-01504,2024-06-23,34,H,867533.0,1,54813,2,0.699,2,True,547.0,0.706,0.619,36.5,0,495427,libre_inversion,True,0,False,train
CAND-02395,2024-06-23,22,H,1430103.0,24,6359,8,0.352,1,False,,0.83,0.892,7.6,0,597518,libre_inversion,True,0,False,train
CAND-00447,2024-06-23,32,M,1018831.0,11,66949,5,0.275,4,True,666.0,0.681,0.696,45.2,0,439984,libre_inversion,True,0,False,train
CAND-02255,2024-06-23,26,M,1308648.0,8,51662,6,0.209,2,True,700.0,0.948,0.838,23.1,0,582847,libre_inversion,True,0,False,train
CAND-02003,2024-06-23,27,M,2195375.0,4,35725,1,0.61,2,False,,0.739,0.859,50.8,0,328590,libre_inversion,True,0,False,train
CAND-01798,2024-06-23,33,H,1419153.0,5,51218,5,0.17,2,False,,0.941,0.82,56.5,0,667505,avance_efectivo,True,0,False,train
CAND-00304,2024-06-23,37,M,1075514.0,19,71152,10,0.489,5,True,564.0,,0.493,75.2,0,932000,libre_inversion,True,0,False,train
CAND-00354,2024-06-23,39,H,755814.0,18,11694,6,0.494,4,False,,0.962,0.746,90.0,0,1473878,libre_inversion,True,0,False,train
CAND-00182,2024-06-23,36,NB,1724629.0,60,46548,33,0.494,2,True,508.0,0.806,0.684,32.2,0,554697,libre_inversion,True,1,False,train
CAND-00060,2024-06-23,32,M,805847.0,52,11226,25,0.372,2,True,696.0,0.784,0.698,59.0,0,605503,avance_efectivo,True,1,False,train
CAND-01412,2024-06-23,43,H,1076631.0,28,28673,13,0.554,3,False,,,0.864,40.5,0,319150,libre_inversion,True,0,False,train
CAND-01471,2024-06-23,47,NB,1914040.0,35,41310,21,0.219,2,False,,0.599,0.746,41.2,0,425654,libre_inversion,True,0,False,train
CAND-01016,2024-06-23,33,NB,864864.0,3,140446,0,0.067,1,False,,0.708,0.775,62.1,0,538517,libre_inversion,True,0,False,train
CAND-00334,2024-06-24,34,H,1025558.0,22,51285,6,0.226,2,True,522.0,0.455,0.7,65.9,0,578281,libre_inversion,True,1,False,train
CAND-02172,2024-06-24,49,M,738523.0,1,27258,2,0.44,3,False,,0.818,0.754,67.4,0,450726,compra_cartera,True,0,False,train
CAND-01372,2024-06-24,42,H,1230853.0,16,35937,7,0.246,3,False,,0.902,0.788,44.2,0,1710736,libre_inversion,True,0,False,train
CAND-02366,2024-06-24,39,M,2204073.0,1,12832,0,0.25,2,True,607.0,0.617,0.858,88.7,0,295238,libre_inversion,True,1,False,train
CAND-00145,2024-06-24,33,M,924795.0,17,52744,8,0.201,2,True,824.0,0.52,0.891,15.5,0,1202597,compra_cartera,True,0,False,train
CAND-01376,2024-06-24,31,H,1109953.0,8,60371,2,0.346,1,True,579.0,0.674,0.723,37.5,0,232266,libre_inversion,True,0,False,train
CAND-01224,2024-06-24,31,M,2415056.0,11,77021,3,0.192,1,True,747.0,0.754,0.488,43.0,0,473812,libre_inversion,True,0,False,train
CAND-02088,2024-06-24,39,M,697856.0,27,27832,13,0.513,5,True,803.0,0.885,0.389,70.1,0,1176928,compra_cartera,True,1,False,train
CAND-02454,2024-06-24,19,H,2663837.0,21,111171,9,0.092,3,False,,0.621,0.868,30.3,0,676248,libre_inversion,True,0,False,train
CAND-00323,2024-06-24,39,H,1058974.0,1,50916,1,0.24,3,False,,,0.912,44.9,0,559664,compra_cartera,True,1,False,train
CAND-00057,2024-06-24,26,H,856095.0,22,29748,14,0.243,2,False,,0.532,0.826,56.7,0,529329,libre_inversion,True,0,False,train
CAND-00368,2024-06-25,22,H,1428401.0,19,26135,8,0.374,1,False,,0.751,0.848,91.0,18043,268620,libre_inversion,True,0,False,train
CAND-02015,2024-06-25,47,H,1921624.0,26,4606,20,0.179,2,True,602.0,0.743,0.688,46.8,0,304080,libre_inversion,True,0,False,train
CAND-01567,2024-06-25,26,M,897003.0,3,9092,2,0.722,1,False,,0.854,0.911,59.8,0,295223,libre_inversion,True,0,False,train
CAND-00292,2024-06-25,39,H,641720.0,8,70811,4,0.824,2,True,706.0,0.636,0.852,17.7,0,108385,compra_cartera,True,0,False,train
CAND-01128,2024-06-25,38,M,3761126.0,7,31488,3,0.485,2,False,,,0.882,64.9,0,860575,compra_cartera,True,0,False,train
CAND-02212,2024-06-25,41,M,2254700.0,5,90631,1,0.203,3,True,874.0,0.617,0.729,38.6,0,742197,libre_inversion,True,0,False,train
CAND-02775,2024-06-25,26,M,593298.0,6,94863,2,0.048,1,False,,0.474,0.615,33.8,0,856827,libre_inversion,True,0,False,train
CAND-00101,2024-06-25,49,M,1209754.0,3,49950,1,0.22,3,False,,0.797,0.66,50.0,0,317487,libre_inversion,True,0,False,train
CAND-00455,2024-06-25,19,H,,1,1998,0,0.354,4,False,,0.89,0.714,65.7,0,269118,libre_inversion,True,0,True,train
CAND-00604,2024-06-25,46,H,1042174.0,40,36561,13,0.026,1,False,,,0.339,83.7,0,274441,libre_inversion,True,0,False,train
CAND-02253,2024-06-25,35,M,2688594.0,9,14672,4,0.562,4,True,575.0,0.64,0.699,89.6,0,1125002,libre_inversion,True,0,False,train
CAND-01231,2024-06-25,42,H,1336778.0,2,11239,0,0.473,1,False,,,0.773,0.0,0,332231,compra_cartera,True,0,False,train
CAND-02963,2024-06-25,18,M,2768282.0,11,68181,2,0.277,4,False,,,,69.4,0,949520,libre_inversion,True,0,False,train
CAND-00610,2024-06-26,25,H,1302520.0,13,16750,5,0.682,5,False,,0.955,0.785,22.6,0,293454,compra_cartera,True,0,False,train
CAND-02007,2024-06-26,26,H,3410072.0,8,18894,5,0.17,2,True,729.0,0.66,0.763,58.9,0,610799,compra_cartera,True,1,False,train
CAND-00825,2024-06-26,37,M,1578075.0,5,20373,2,0.684,2,True,604.0,0.812,0.716,31.6,0,534037,libre_inversion,True,0,False,train
CAND-01006,2024-06-26,39,H,2079083.0,1,97976,1,0.382,2,False,,0.805,0.898,69.6,0,924523,libre_inversion,True,0,False,train
CAND-00241,2024-06-26,28,H,1555603.0,21,92688,4,0.168,1,False,,0.786,,35.5,0,1534575,avance_efectivo,True,0,False,train
CAND-01629,2024-06-26,18,M,2806038.0,16,53251,7,0.456,5,False,,,0.737,24.2,0,233666,avance_efectivo,True,0,False,train
CAND-01630,2024-06-26,23,H,1371742.0,2,101780,4,0.194,1,True,569.0,0.743,0.844,66.9,0,321123,libre_inversion,True,0,False,train
CAND-02781,2024-06-26,38,M,2270781.0,17,20835,10,0.444,1,False,,0.914,0.822,37.3,0,938515,libre_inversion,True,0,False,train
CAND-02619,2024-06-26,42,M,1339691.0,27,10319,13,0.31,2,True,760.0,0.573,,68.0,0,1186535,libre_inversion,True,1,False,train
CAND-02271,2024-06-26,48,H,,36,77307,23,0.131,2,True,683.0,0.891,0.957,95.1,0,530043,libre_inversion,True,0,True,train
CAND-02678,2024-06-27,45,M,1472456.0,6,82873,3,0.34,4,False,,,0.972,56.4,0,477521,avance_efectivo,True,0,False,train
CAND-01692,2024-06-27,26,M,783019.0,2,31377,1,0.395,2,False,,0.756,0.992,21.9,12320,1173916,libre_inversion,True,0,False,train
CAND-01341,2024-06-27,37,M,1233000.0,7,174650,2,0.342,2,False,,0.984,0.928,38.2,0,298510,libre_inversion,True,0,False,train
CAND-01696,2024-06-27,25,M,1143585.0,2,11395,2,0.424,1,True,645.0,0.425,0.707,11.3,0,464410,avance_efectivo,True,1,False,train
CAND-00786,2024-06-27,34,H,1141521.0,16,8571,9,0.517,3,True,646.0,0.845,0.725,35.7,0,443547,libre_inversion,True,0,False,train
CAND-02224,2024-06-27,46,H,793979.0,49,14826,25,0.419,1,False,,,0.883,64.7,0,819197,libre_inversion,True,0,False,train
CAND-01944,2024-06-27,30,M,859716.0,60,9398,31,0.134,2,False,,0.586,0.861,85.4,0,607858,libre_inversion,True,1,False,train
CAND-02605,2024-06-27,25,H,3138214.0,23,18090,7,0.413,4,False,,0.715,0.761,14.6,0,356381,libre_inversion,True,0,False,train
CAND-02603,2024-06-27,30,H,,8,15354,4,0.322,3,False,,0.497,0.729,68.4,0,1243311,compra_cartera,True,0,True,train
CAND-01228,2024-06-27,42,M,658470.0,21,43090,19,0.445,3,False,,0.745,0.928,39.4,0,707416,libre_inversion,True,0,False,train
CAND-00609,2024-06-27,45,M,671214.0,21,55473,7,0.278,4,True,629.0,0.33,0.886,68.6,0,494504,avance_efectivo,True,0,False,train
CAND-01743,2024-06-27,44,H,1088093.0,8,18942,2,0.207,1,False,,0.493,0.662,52.0,0,847580,libre_inversion,True,0,False,train
CAND-02400,2024-06-27,23,M,796203.0,40,136022,17,0.264,2,False,,0.438,0.858,35.8,0,1412,avance_efectivo,True,0,False,train
CAND-02946,2024-06-27,39,M,2764398.0,41,19236,26,0.244,1,True,608.0,0.633,0.852,45.1,0,269278,libre_inversion,True,1,False,train
CAND-02153,2024-06-27,46,H,1489301.0,17,23637,10,0.584,2,False,,0.81,0.849,56.9,0,652248,libre_inversion,True,0,False,train
CAND-02830,2024-06-27,38,M,1156504.0,8,138830,2,0.405,1,False,,0.734,0.643,22.7,0,330105,libre_inversion,True,0,False,train
CAND-02170,2024-06-27,45,H,2883486.0,14,67337,10,0.409,2,True,656.0,0.781,0.644,50.0,0,1278508,libre_inversion,True,0,False,train
CAND-00494,2024-06-27,43,H,1031651.0,1,130496,0,0.782,5,True,673.0,0.905,0.875,71.8,0,3961521,compra_cartera,True,0,False,train
CAND-00133,2024-06-27,24,H,436532.0,7,56533,3,0.469,5,True,621.0,0.644,0.872,58.7,0,797039,avance_efectivo,True,0,False,train
CAND-00300,2024-06-27,36,H,774046.0,31,50835,14,0.468,3,False,,0.886,0.929,27.7,0,782382,libre_inversion,True,0,False,train
CAND-01037,2024-06-27,34,H,446985.0,21,62375,9,0.494,1,False,,,0.776,50.7,0,407030,libre_inversion,True,1,False,train
CAND-02402,2024-06-27,46,H,1014761.0,6,35555,2,0.351,1,False,,0.949,0.636,48.1,0,826701,compra_cartera,True,0,False,train
CAND-00813,2024-06-27,44,M,1500894.0,3,43232,2,0.515,2,True,819.0,0.771,0.255,54.8,0,879681,avance_efectivo,True,0,False,train
CAND-01191,2024-06-28,34,H,1225914.0,26,47042,14,0.415,3,False,,0.935,0.6,83.7,0,1226068,avance_efectivo,True,0,False,train
CAND-01097,2024-06-28,41,H,1743080.0,1,9454,3,0.29,3,False,,0.659,0.833,36.9,0,446313,libre_inversion,True,0,False,train
CAND-00931,2024-06-28,44,H,1017061.0,2,2614,2,0.479,4,True,634.0,0.929,0.713,41.2,0,687165,libre_inversion,True,1,False,train
CAND-02293,2024-06-28,27,H,1251771.0,5,85882,5,0.424,1,True,801.0,0.55,0.72,43.1,25425,1179200,libre_inversion,True,0,False,train
CAND-02441,2024-06-28,30,H,1649294.0,31,47948,16,0.063,5,False,,0.585,0.939,48.3,0,1232478,compra_cartera,True,0,False,train
CAND-00556,2024-06-28,39,M,1299279.0,8,32070,2,0.44,1,True,759.0,0.847,0.574,45.3,0,235455,avance_efectivo,True,0,False,train
CAND-01300,2024-06-28,33,H,755396.0,9,93032,6,0.312,4,True,460.0,0.892,0.64,73.7,0,569634,libre_inversion,True,0,False,train
CAND-02292,2024-06-28,29,M,946590.0,1,26125,0,0.483,3,False,,0.667,0.307,28.5,0,1460286,libre_inversion,True,0,False,train
CAND-02144,2024-06-28,26,M,1632897.0,9,9617,9,0.602,1,True,668.0,0.746,0.939,40.9,0,309375,libre_inversion,True,0,False,train
CAND-02464,2024-06-28,38,H,1372105.0,3,42733,3,0.297,2,True,740.0,0.776,0.705,68.3,0,465943,libre_inversion,True,0,False,train
CAND-01954,2024-06-28,37,M,932038.0,5,91142,1,0.88,2,True,702.0,0.736,0.671,50.9,0,342128,libre_inversion,True,1,False,train
CAND-02221,2024-06-29,44,H,948054.0,12,26699,4,0.429,1,False,,0.785,0.941,100.0,0,130903,avance_efectivo,True,0,False,train
CAND-00472,2024-06-29,41,M,1118809.0,39,56427,20,0.335,2,False,,0.9,0.954,38.5,0,728421,compra_cartera,True,0,False,train
CAND-02208,2024-06-29,28,M,322992.0,23,103209,15,0.317,3,False,,0.885,0.787,63.9,0,544301,compra_cartera,True,0,False,train
CAND-00692,2024-06-29,43,NB,1437716.0,17,68040,8,0.407,3,False,,0.475,0.854,29.7,0,951081,libre_inversion,True,0,False,train
CAND-00312,2024-06-29,33,H,939214.0,48,64867,25,0.123,4,False,,0.25,0.991,27.4,0,1143979,libre_inversion,True,0,False,train
CAND-00262,2024-06-29,41,H,704334.0,38,71248,18,0.531,1,True,572.0,0.555,0.776,61.9,0,400143,avance_efectivo,True,0,False,train
CAND-00442,2024-06-29,47,M,3424801.0,3,107064,1,0.273,1,False,,0.642,0.867,53.1,0,769723,compra_cartera,True,0,False,train
CAND-01561,2024-06-29,36,H,961851.0,21,66609,5,0.336,3,True,703.0,0.708,0.967,80.6,0,860594,avance_efectivo,True,0,False,train
CAND-00943,2024-06-29,48,H,3164009.0,3,8065,2,0.317,1,False,,0.923,0.576,60.8,0,375973,libre_inversion,True,0,False,train
CAND-00254,2024-06-29,33,M,831888.0,23,55122,7,0.557,1,False,,0.678,0.735,34.3,0,596074,compra_cartera,True,0,False,train
CAND-02583,2024-06-29,31,M,1209263.0,9,10714,5,0.61,4,True,578.0,0.765,0.774,62.2,0,331600,libre_inversion,True,0,False,train
CAND-01107,2024-06-29,38,M,1895718.0,23,11237,8,0.292,2,False,,0.757,0.506,33.1,0,899280,avance_efectivo,True,0,False,train
CAND-01568,2024-06-29,37,M,1041517.0,14,50159,7,0.539,2,False,,0.666,0.703,53.3,0,737621,compra_cartera,True,0,False,train
CAND-00816,2024-06-29,37,H,1362086.0,18,40177,9,0.853,2,False,,0.741,0.838,54.8,0,167684,avance_efectivo,True,0,False,train
CAND-00729,2024-06-30,42,M,1945370.0,34,50220,9,0.541,3,False,,0.881,0.924,53.7,0,220756,libre_inversion,True,0,False,train
CAND-01254,2024-06-30,18,H,1817955.0,9,50517,3,0.715,3,True,503.0,0.59,,62.1,0,803840,libre_inversion,True,0,False,train
CAND-01937,2024-06-30,37,M,,1,38821,1,0.902,1,False,,0.694,0.867,60.0,0,281138,libre_inversion,True,0,True,train
CAND-02468,2024-06-30,53,H,523794.0,14,52736,5,0.424,3,True,737.0,0.907,0.258,22.5,0,204867,libre_inversion,True,0,False,train
CAND-02492,2024-06-30,32,M,932422.0,32,31667,15,0.04,2,True,593.0,0.777,0.888,57.0,0,1857594,libre_inversion,True,0,False,train
CAND-02800,2024-06-30,28,M,1049685.0,17,30335,17,0.502,1,False,,0.68,0.96,43.2,0,382384,avance_efectivo,True,1,False,train
CAND-00467,2024-06-30,26,M,1173634.0,44,42245,21,0.388,1,False,,0.827,,15.2,0,814911,libre_inversion,True,0,False,train
CAND-01728,2024-06-30,57,M,1674118.0,32,50496,13,0.59,3,True,768.0,0.685,0.633,46.8,0,833486,libre_inversion,True,0,False,train
CAND-02273,2024-06-30,18,H,1806179.0,6,116983,3,0.802,1,False,,0.478,0.791,57.1,0,357135,libre_inversion,True,1,False,train
CAND-02017,2024-06-30,22,H,1308318.0,10,20302,2,0.842,1,True,653.0,0.924,,63.1,0,1026512,compra_cartera,True,0,False,train
CAND-01967,2024-06-30,41,M,2106935.0,10,24200,5,0.367,2,False,,0.585,0.83,44.1,0,361022,libre_inversion,True,0,False,train
CAND-02867,2024-06-30,31,M,2554797.0,8,42547,3,0.915,4,True,726.0,0.834,0.256,99.3,0,611026,avance_efectivo,True,0,False,train
CAND-02489,2024-07-01,32,M,1645807.0,21,51687,10,0.098,1,False,,0.779,0.882,53.7,0,383884,avance_efectivo,True,0,False,train
CAND-02435,2024-07-01,38,M,589565.0,6,12239,1,0.444,2,False,,0.505,0.89,37.9,0,566638,avance_efectivo,True,0,False,train
CAND-00230,2024-07-01,20,H,1331816.0,19,38815,7,0.318,1,False,,0.93,0.814,35.6,0,430163,compra_cartera,True,0,False,train
CAND-01671,2024-07-01,45,H,792476.0,5,100633,1,0.527,1,True,605.0,0.684,0.904,20.3,0,258676,compra_cartera,True,0,False,train
CAND-01108,2024-07-01,49,H,1425405.0,23,18057,12,0.642,2,True,466.0,0.905,0.83,44.4,0,366896,avance_efectivo,True,0,False,train
CAND-02089,2024-07-01,18,H,903356.0,10,5383,2,0.161,2,True,719.0,0.778,0.686,62.9,0,1715280,libre_inversion,True,1,False,train
CAND-01102,2024-07-01,49,M,1234215.0,45,35349,16,0.22,1,False,,0.456,0.59,43.6,0,229560,avance_efectivo,True,1,False,train
CAND-00439,2024-07-02,42,M,1047474.0,12,58991,6,0.411,5,False,,0.565,0.627,42.8,0,821768,libre_inversion,True,0,False,train
CAND-00963,2024-07-02,45,H,1507964.0,57,12468,29,0.256,2,False,,0.843,0.443,50.5,0,749743,libre_inversion,True,0,False,train
CAND-02553,2024-07-02,18,M,1209646.0,2,55301,1,0.31,1,True,533.0,0.644,0.533,45.0,0,311041,libre_inversion,True,0,False,train
CAND-01627,2024-07-02,35,H,976393.0,2,15988,1,0.262,1,True,635.0,0.907,0.793,46.1,0,510463,libre_inversion,True,0,False,train
CAND-01609,2024-07-02,32,NB,703236.0,2,70609,3,0.42,2,False,,0.975,0.87,48.5,0,655876,compra_cartera,True,0,False,train
CAND-01271,2024-07-02,39,H,328279.0,3,113953,2,0.183,4,True,645.0,0.828,0.806,56.1,0,107540,libre_inversion,True,0,False,train
CAND-02942,2024-07-02,46,M,959875.0,30,15212,12,0.731,5,False,,0.714,0.826,67.4,0,744265,avance_efectivo,True,0,False,train
CAND-02496,2024-07-02,25,M,1531432.0,1,15867,1,0.787,4,False,,0.624,0.911,48.7,0,572585,libre_inversion,True,0,False,train
CAND-00678,2024-07-02,36,M,1531168.0,16,9417,12,0.604,1,True,698.0,0.89,0.702,49.4,0,496891,libre_inversion,True,1,False,train
CAND-01994,2024-07-02,43,H,1122197.0,9,34522,2,0.558,3,True,755.0,0.709,0.708,53.0,0,573415,libre_inversion,True,0,False,train
CAND-00663,2024-07-02,22,M,1372037.0,25,63199,20,0.195,4,True,583.0,0.916,0.566,55.8,0,248494,libre_inversion,True,0,False,train
CAND-02430,2024-07-02,41,H,626041.0,21,28749,8,0.408,1,False,,0.675,0.714,56.8,0,1392409,compra_cartera,True,0,False,train
CAND-02283,2024-07-03,50,M,1405473.0,4,25984,1,0.397,3,False,,0.944,0.861,60.0,0,808519,libre_inversion,True,0,False,train
CAND-01523,2024-07-03,21,H,746087.0,8,27975,7,0.28,2,False,,0.807,0.743,87.9,0,639919,compra_cartera,True,0,False,train
CAND-00453,2024-07-03,23,H,1458280.0,11,49058,5,0.482,4,True,757.0,0.631,0.675,64.5,0,472875,libre_inversion,True,0,False,train
CAND-00949,2024-07-03,26,H,628119.0,12,83165,6,0.352,2,False,,0.643,0.827,33.2,0,739260,libre_inversion,True,0,False,train
CAND-00382,2024-07-04,49,M,1297362.0,2,37701,0,0.269,2,True,699.0,0.73,0.651,33.5,0,1485848,libre_inversion,True,0,False,train
CAND-02509,2024-07-04,29,M,1400991.0,4,3245,0,0.17,4,False,,0.55,0.874,53.2,0,291566,compra_cartera,True,0,False,train
CAND-02513,2024-07-04,38,M,1380189.0,19,40538,12,0.198,3,False,,0.563,0.66,73.4,0,429834,avance_efectivo,True,0,False,train
CAND-02961,2024-07-04,33,M,1574810.0,20,16017,8,0.755,3,True,728.0,0.779,0.85,24.5,0,348641,avance_efectivo,True,0,False,train
CAND-02823,2024-07-04,31,H,1100633.0,37,5870,28,0.075,4,False,,0.592,0.604,39.0,0,724729,avance_efectivo,True,0,False,train
CAND-00881,2024-07-04,48,H,518117.0,7,52397,2,0.256,1,False,,0.494,0.765,22.8,0,165565,avance_efectivo,True,0,False,train
CAND-00992,2024-07-04,45,M,2528788.0,2,83955,1,0.026,1,True,430.0,0.637,0.664,70.4,0,506939,libre_inversion,True,0,False,train
CAND-02420,2024-07-04,36,M,529633.0,6,68986,2,0.634,1,False,,0.79,0.841,58.8,0,793273,libre_inversion,True,0,False,train
CAND-02455,2024-07-04,27,H,969537.0,29,25947,12,0.185,1,True,698.0,0.977,0.464,16.5,0,1640231,avance_efectivo,True,0,False,train
CAND-01801,2024-07-04,34,H,2022920.0,2,52557,0,0.572,5,False,,,0.81,41.4,0,762968,libre_inversion,True,0,False,train
CAND-01379,2024-07-04,46,M,1691813.0,5,107384,4,0.487,1,True,687.0,0.792,0.835,26.1,26368,825149,libre_inversion,True,0,False,train
CAND-01219,2024-07-05,21,M,643919.0,3,30852,1,0.41,5,False,,0.616,0.775,38.5,0,330510,compra_cartera,True,0,False,train
CAND-01688,2024-07-05,28,H,918002.0,3,20406,1,0.249,1,False,,0.708,0.95,67.8,0,588977,compra_cartera,True,0,False,train
CAND-01031,2024-07-05,42,H,3215264.0,13,46437,5,0.327,1,False,,0.625,0.653,57.4,0,728452,libre_inversion,True,0,False,train
CAND-01410,2024-07-05,21,H,549933.0,38,78443,20,0.657,1,True,533.0,0.872,0.683,20.9,0,612798,avance_efectivo,True,0,False,train
CAND-01961,2024-07-05,32,NB,1166630.0,1,66383,0,0.102,2,True,538.0,0.746,0.568,28.8,0,1203515,libre_inversion,True,0,False,train
CAND-01526,2024-07-05,45,H,2070052.0,13,14623,7,0.303,3,False,,0.566,0.689,47.9,0,477218,avance_efectivo,True,0,False,train
CAND-00886,2024-07-05,26,H,1659944.0,12,49035,3,0.408,5,True,679.0,0.703,0.871,31.9,0,1087164,libre_inversion,True,0,False,train
CAND-01615,2024-07-06,18,H,1271557.0,4,40633,5,0.436,3,False,,0.725,,31.2,0,274127,libre_inversion,True,0,False,train
CAND-00094,2024-07-06,35,H,1344604.0,13,105897,7,0.318,3,True,644.0,0.594,0.682,22.9,0,739951,avance_efectivo,True,0,False,train
CAND-01969,2024-07-06,27,M,1472892.0,15,29167,5,0.784,1,False,,0.745,,35.3,0,298378,compra_cartera,True,0,False,train
CAND-01007,2024-07-06,21,H,547352.0,41,52372,29,0.32,1,False,,0.735,0.744,76.1,0,400506,libre_inversion,True,0,False,train
CAND-00137,2024-07-06,36,H,740974.0,16,27960,7,0.57,2,True,705.0,0.909,,40.6,13273,263794,libre_inversion,True,0,False,train
CAND-00888,2024-07-06,18,H,2086302.0,15,34969,3,0.339,2,True,759.0,0.82,0.728,47.2,0,703451,avance_efectivo,True,0,False,train
CAND-02850,2024-07-06,39,H,1145532.0,9,124958,5,0.229,1,False,,0.9,0.713,20.2,0,442048,avance_efectivo,True,0,False,train
CAND-01217,2024-07-06,36,H,828589.0,9,13082,5,0.531,4,False,,0.748,0.882,41.3,0,139541,libre_inversion,True,0,False,train
CAND-00315,2024-07-06,45,H,356684.0,28,50295,13,0.399,1,False,,0.698,0.924,35.2,9435,279906,libre_inversion,True,0,False,train
CAND-01062,2024-07-07,34,H,902142.0,9,77868,8,0.617,3,True,659.0,0.722,0.547,61.2,0,375739,avance_efectivo,True,0,False,train
CAND-02945,2024-07-07,43,H,886415.0,19,6469,10,0.439,2,False,,0.942,0.714,73.9,0,245497,libre_inversion,True,0,False,train
CAND-02516,2024-07-07,36,M,1269035.0,38,16234,19,0.361,2,True,599.0,0.476,0.8,66.7,0,984171,libre_inversion,True,0,False,train
CAND-02326,2024-07-07,42,H,1102411.0,16,23502,9,0.124,1,True,833.0,0.881,0.739,96.6,0,1185538,compra_cartera,True,0,False,train
CAND-01987,2024-07-08,42,H,995923.0,1,47997,1,0.58,2,False,,0.729,0.734,47.1,0,1000217,libre_inversion,True,1,False,train
CAND-00694,2024-07-08,18,M,667364.0,12,67404,3,0.49,4,False,,0.822,0.831,13.0,0,1901909,libre_inversion,True,0,False,train
CAND-02391,2024-07-08,47,M,947485.0,20,67714,6,0.319,2,True,468.0,0.628,0.736,63.9,0,251938,avance_efectivo,True,0,False,train
CAND-00933,2024-07-08,27,NB,647747.0,2,46534,0,0.35,2,True,616.0,0.962,0.416,62.3,0,472545,libre_inversion,True,0,False,train
CAND-01820,2024-07-08,43,NB,1407614.0,9,104023,3,0.227,2,True,694.0,0.902,0.782,59.5,0,946694,libre_inversion,True,0,False,train
CAND-02725,2024-07-08,31,H,596978.0,4,89551,4,0.187,1,True,528.0,0.49,0.755,21.7,0,1026671,avance_efectivo,True,0,False,train
CAND-01938,2024-07-08,34,M,,22,39971,11,0.526,1,False,,0.679,0.821,65.5,0,140815,avance_efectivo,True,0,True,train
CAND-01657,2024-07-08,42,H,1430062.0,10,87702,3,0.28,1,False,,0.525,0.88,71.5,0,1508120,compra_cartera,True,0,False,train
CAND-00278,2024-07-08,21,H,1403907.0,3,71917,1,0.204,2,True,617.0,0.557,0.456,39.3,0,631742,compra_cartera,True,1,False,train
CAND-00196,2024-07-09,26,H,506839.0,3,19929,2,0.547,3,True,709.0,,0.574,69.7,0,482546,libre_inversion,True,0,False,train
CAND-01793,2024-07-09,34,M,700382.0,10,62650,1,0.089,1,False,,0.856,0.757,9.3,0,408869,libre_inversion,True,0,False,train
CAND-01337,2024-07-09,33,M,1454413.0,8,20623,4,0.433,1,True,682.0,0.846,0.521,41.2,0,1036354,libre_inversion,True,0,False,train
CAND-01367,2024-07-09,18,M,2208070.0,60,44408,33,0.219,2,False,,0.654,0.726,39.6,0,787110,avance_efectivo,True,0,False,train
CAND-02760,2024-07-09,36,M,776329.0,39,13761,21,0.387,1,True,744.0,0.407,0.308,46.9,0,1169524,libre_inversion,True,0,False,train
CAND-01229,2024-07-09,32,H,1031203.0,7,137449,5,0.101,2,True,653.0,0.934,0.908,48.1,0,271662,libre_inversion,True,0,False,train
CAND-02864,2024-07-09,55,M,1192831.0,5,13531,1,0.271,4,False,,0.775,0.875,70.1,0,1726565,compra_cartera,True,0,False,train
CAND-01678,2024-07-09,32,M,1478266.0,3,39351,2,0.286,2,True,679.0,0.709,0.881,49.2,0,679456,libre_inversion,True,0,False,train
CAND-02970,2024-07-09,27,H,344459.0,1,13471,0,0.439,4,False,,0.977,0.638,73.6,0,1511073,libre_inversion,True,0,False,train
CAND-02590,2024-07-09,28,NB,1339734.0,6,59896,0,0.629,1,False,,0.882,0.929,71.4,0,509931,compra_cartera,True,0,False,train
CAND-01293,2024-07-09,26,M,1198808.0,35,99616,19,0.713,3,True,660.0,0.869,0.58,58.5,0,656744,libre_inversion,True,0,False,train
CAND-02690,2024-07-10,28,H,560859.0,19,28368,12,0.325,1,True,656.0,0.484,0.801,45.5,0,595651,libre_inversion,True,1,False,train
CAND-00473,2024-07-10,21,H,962661.0,14,41468,5,0.228,1,True,682.0,0.71,0.758,38.2,0,531980,libre_inversion,True,0,False,train
CAND-00081,2024-07-10,24,M,1983933.0,3,66001,3,0.482,2,True,665.0,0.423,0.927,77.1,0,1002810,avance_efectivo,True,0,False,train
CAND-02647,2024-07-10,29,M,918087.0,10,64944,10,0.497,1,False,,,0.844,85.4,0,839815,compra_cartera,True,0,False,train
CAND-02110,2024-07-10,26,H,1975934.0,1,53443,1,0.609,1,True,560.0,0.751,0.904,0.0,0,965956,libre_inversion,True,0,False,train
CAND-02284,2024-07-10,36,M,863715.0,40,49645,21,0.626,2,False,,0.921,0.802,88.2,0,1451519,compra_cartera,True,0,False,train
CAND-00537,2024-07-10,39,H,1109423.0,23,71688,11,0.302,1,True,616.0,0.82,0.8,44.7,0,158150,compra_cartera,True,0,False,train
CAND-02197,2024-07-10,37,M,2249800.0,16,37930,9,0.394,4,True,678.0,0.642,0.62,44.8,0,599935,libre_inversion,True,0,False,train
CAND-02817,2024-07-11,30,H,1112852.0,12,35051,5,0.325,4,False,,,0.695,53.6,0,656506,compra_cartera,True,0,False,train
CAND-02798,2024-07-11,47,H,1614700.0,1,42379,1,0.826,3,True,596.0,0.919,0.813,10.0,0,755214,libre_inversion,True,0,False,train
CAND-01979,2024-07-11,42,H,1089354.0,3,129150,0,0.493,1,False,,0.972,0.606,77.9,0,448725,avance_efectivo,True,0,False,train
CAND-00321,2024-07-11,20,M,1862622.0,15,199487,4,0.103,1,False,,,0.788,66.1,0,613912,avance_efectivo,True,0,False,train
CAND-00181,2024-07-11,32,H,1682333.0,6,26011,3,0.357,3,False,,0.879,0.636,49.2,0,779406,libre_inversion,True,0,False,train
CAND-01648,2024-07-11,41,H,1420050.0,21,28136,13,0.73,2,False,,0.736,0.785,47.7,0,501755,libre_inversion,True,0,False,train
CAND-00171,2024-07-11,51,H,553673.0,1,86450,1,0.331,3,True,676.0,0.855,0.747,67.2,0,633496,compra_cartera,True,0,False,train
CAND-01792,2024-07-12,38,H,2449754.0,2,58342,2,0.674,1,False,,0.361,0.749,77.6,0,145838,libre_inversion,True,0,False,train
CAND-00848,2024-07-12,45,M,960731.0,8,60874,3,0.146,5,False,,0.637,0.508,48.4,0,396003,libre_inversion,True,0,False,train
CAND-00408,2024-07-12,25,H,906228.0,17,44169,3,0.376,1,True,715.0,0.48,0.821,42.8,0,440586,libre_inversion,True,0,False,train
CAND-02201,2024-07-12,43,M,2983344.0,4,41009,3,0.174,2,False,,0.798,0.883,56.3,0,520766,avance_efectivo,True,0,False,train
CAND-02210,2024-07-12,57,H,606218.0,1,18101,1,0.567,3,False,,0.874,0.696,39.7,0,1061673,compra_cartera,True,0,False,train
CAND-02312,2024-07-12,36,H,896342.0,3,34692,3,0.618,3,False,,0.935,0.859,49.2,0,1072683,libre_inversion,True,0,False,train
CAND-00617,2024-07-12,47,H,1144815.0,8,38254,3,0.434,3,False,,0.608,0.852,45.6,0,970892,libre_inversion,True,0,False,train
CAND-01486,2024-07-12,38,M,1334465.0,22,84327,13,0.635,3,False,,0.851,,28.3,0,309022,libre_inversion,True,0,False,train
CAND-00897,2024-07-12,40,M,1056796.0,4,117717,0,0.428,4,True,503.0,0.736,0.679,43.9,0,434075,libre_inversion,True,0,False,train
CAND-00187,2024-07-12,38,M,1177797.0,6,56546,6,0.393,2,False,,0.643,0.492,28.2,0,818285,avance_efectivo,True,0,False,train
CAND-02390,2024-07-13,44,M,922355.0,17,81041,6,0.414,3,False,,,0.869,58.1,0,794069,libre_inversion,True,0,False,train
CAND-01499,2024-07-13,33,H,804967.0,3,72058,1,0.239,3,True,671.0,0.908,0.624,31.9,0,443369,compra_cartera,True,1,False,train
CAND-00413,2024-07-13,33,H,1622428.0,3,32102,1,0.825,5,True,711.0,0.97,0.886,45.9,0,1326780,compra_cartera,True,0,False,train
CAND-02038,2024-07-13,23,H,1525169.0,11,20808,4,0.34,5,False,,,0.856,54.6,0,577436,compra_cartera,True,0,False,train
CAND-02687,2024-07-14,38,H,758565.0,6,17556,4,0.15,3,False,,0.741,0.883,20.9,0,445219,compra_cartera,True,0,False,train
CAND-01478,2024-07-14,23,M,1614727.0,16,13614,8,0.259,4,True,720.0,0.709,0.784,62.2,0,682656,compra_cartera,True,0,False,train
CAND-01901,2024-07-14,27,M,1163919.0,14,28988,5,0.278,2,False,,0.802,0.505,39.2,0,281185,libre_inversion,True,0,False,train
CAND-00260,2024-07-14,28,H,1367886.0,39,47402,17,0.68,3,False,,0.894,0.351,70.4,0,363811,compra_cartera,True,0,False,train
CAND-01355,2024-07-14,37,H,1079460.0,40,17062,22,0.189,3,False,,0.692,0.563,73.8,22153,484736,compra_cartera,True,0,False,train
CAND-00189,2024-07-14,22,NB,1136305.0,2,21470,1,0.319,1,True,588.0,,0.698,90.0,0,455468,compra_cartera,True,0,False,train
CAND-01156,2024-07-14,49,H,1309166.0,24,16457,15,0.324,1,True,735.0,0.772,,46.3,0,592777,compra_cartera,True,1,False,train
CAND-02158,2024-07-14,33,H,1307573.0,29,51040,16,0.157,2,False,,0.587,0.911,63.2,0,455594,avance_efectivo,True,0,False,train
CAND-00567,2024-07-14,37,H,594427.0,16,16474,10,0.496,1,False,,,0.717,58.6,0,479180,libre_inversion,True,0,False,train
CAND-01110,2024-07-14,18,H,1023726.0,6,53061,5,0.634,3,True,566.0,0.745,0.693,37.7,0,742284,libre_inversion,True,1,False,train
CAND-01273,2024-07-14,35,M,1393805.0,1,24145,1,0.425,3,False,,0.822,0.967,58.2,0,552350,avance_efectivo,True,0,False,train
CAND-01756,2024-07-14,35,M,484368.0,8,39335,5,0.785,3,True,756.0,0.941,0.766,43.5,0,574732,libre_inversion,True,0,False,train
CAND-01576,2024-07-15,29,H,902659.0,30,64751,9,0.464,2,True,818.0,0.642,0.543,27.4,0,519069,libre_inversion,True,1,False,train
CAND-01624,2024-07-15,20,H,2042352.0,23,21399,10,0.345,4,True,555.0,0.557,0.971,37.2,0,566608,libre_inversion,True,0,False,train
CAND-01416,2024-07-15,41,M,1791095.0,1,11044,0,0.564,2,False,,0.834,0.585,32.6,0,542038,avance_efectivo,True,0,False,train
CAND-02376,2024-07-15,47,M,1223080.0,1,105354,1,0.166,3,True,682.0,0.654,0.877,75.5,0,589989,libre_inversion,True,0,False,train
CAND-00121,2024-07-15,25,M,1936022.0,7,108664,2,0.471,4,True,706.0,0.871,0.782,59.2,0,529004,libre_inversion,True,0,False,train
CAND-02412,2024-07-15,41,M,1195478.0,21,84966,10,0.236,1,False,,0.772,0.547,32.6,0,693197,libre_inversion,True,0,False,train
CAND-01117,2024-07-15,33,M,1251404.0,6,18292,3,0.232,3,False,,0.71,0.736,41.3,0,441633,avance_efectivo,True,0,False,train
CAND-01126,2024-07-15,32,M,1923003.0,13,36543,9,0.293,2,False,,0.691,0.455,28.0,0,496068,libre_inversion,True,0,False,train
CAND-00089,2024-07-15,31,M,1717658.0,15,46881,8,0.153,1,True,665.0,0.789,0.922,40.4,0,574314,libre_inversion,True,0,False,train
CAND-02806,2024-07-15,48,H,703683.0,19,86418,9,0.675,3,False,,0.887,0.664,68.5,0,261140,libre_inversion,True,0,False,train
CAND-02657,2024-07-15,22,M,405103.0,18,15272,9,0.334,2,False,,0.884,0.942,47.9,0,223137,libre_inversion,True,1,False,train
CAND-02285,2024-07-15,39,H,2423672.0,1,50343,1,0.264,3,False,,0.935,0.708,44.5,0,473489,libre_inversion,True,0,False,train
CAND-00343,2024-07-16,18,H,1042883.0,1,59836,1,0.865,3,True,573.0,0.393,0.935,21.8,0,850512,libre_inversion,True,0,False,train
CAND-01238,2024-07-16,37,H,1119433.0,4,48885,0,0.747,3,True,690.0,0.716,0.931,84.9,0,1113596,libre_inversion,True,0,False,train
CAND-02040,2024-07-16,25,H,2081403.0,3,63372,0,0.277,1,False,,0.851,0.601,19.2,0,513268,libre_inversion,True,0,False,train
CAND-02497,2024-07-16,50,M,2195003.0,19,60930,9,0.398,1,False,,0.859,0.667,32.9,0,1275088,libre_inversion,True,0,False,train
CAND-00225,2024-07-16,23,M,762810.0,1,35506,0,0.524,1,True,423.0,0.702,0.724,53.6,0,276713,avance_efectivo,True,1,False,train
CAND-01213,2024-07-16,40,M,890513.0,60,76847,30,0.154,1,False,,0.862,,64.2,0,728195,libre_inversion,True,0,False,train
CAND-00797,2024-07-16,33,M,651764.0,17,39709,6,0.56,1,True,635.0,0.716,0.902,70.2,0,1319284,libre_inversion,True,0,False,train
CAND-01592,2024-07-16,52,M,878619.0,3,26702,1,0.647,1,False,,0.675,,43.5,0,412939,libre_inversion,True,0,False,train
CAND-00072,2024-07-16,28,M,1258889.0,1,70886,2,0.262,3,False,,0.84,0.906,54.6,0,838783,compra_cartera,True,0,False,train
CAND-02043,2024-07-16,36,H,2193053.0,21,25203,6,0.454,3,True,698.0,0.719,0.458,66.7,0,1301009,avance_efectivo,True,0,False,train
CAND-00098,2024-07-16,34,M,1425838.0,10,60113,3,0.219,2,True,585.0,0.685,0.687,64.6,0,880899,libre_inversion,True,0,False,train
CAND-02379,2024-07-16,50,M,1040449.0,60,102059,35,0.493,2,False,,0.907,0.55,24.1,0,689232,compra_cartera,True,0,False,train
CAND-02572,2024-07-16,26,H,834285.0,11,145214,6,0.343,2,True,789.0,0.749,0.219,55.2,0,100000,libre_inversion,True,0,False,train
CAND-02331,2024-07-17,34,M,1018742.0,9,34316,5,0.307,2,False,,0.895,0.519,28.3,0,319880,compra_cartera,True,0,False,train
CAND-01490,2024-07-17,44,NB,1869643.0,23,48217,6,0.594,1,True,718.0,0.867,0.819,45.5,0,238615,avance_efectivo,True,0,False,train
CAND-00411,2024-07-17,29,M,708427.0,11,10047,3,0.365,3,False,,,0.418,52.1,0,649090,compra_cartera,True,1,False,train
CAND-02231,2024-07-18,58,M,930031.0,6,124369,3,0.253,2,False,,0.849,0.768,53.9,0,1332298,libre_inversion,True,0,False,train
CAND-01855,2024-07-18,43,M,1114112.0,30,35594,25,0.302,2,True,857.0,0.542,0.432,70.9,0,304326,libre_inversion,True,0,False,train
CAND-00421,2024-07-18,43,H,1757011.0,5,21292,2,0.666,3,False,,0.812,0.851,55.6,0,437898,compra_cartera,True,0,False,train
CAND-02683,2024-07-18,19,M,825706.0,29,55660,17,0.605,3,False,,0.809,0.703,23.4,0,343287,compra_cartera,True,0,False,train
CAND-02177,2024-07-18,19,M,1407678.0,58,22193,17,0.345,2,True,614.0,0.863,0.93,85.9,15146,600488,libre_inversion,True,0,False,train
CAND-01078,2024-07-18,27,M,685678.0,23,32050,14,0.628,2,False,,0.941,0.79,53.0,0,1101182,libre_inversion,True,0,False,train
CAND-02871,2024-07-18,36,NB,652393.0,6,27347,4,0.51,1,False,,0.886,0.918,23.5,0,296822,libre_inversion,True,0,False,train
CAND-00246,2024-07-18,39,H,813380.0,19,46359,11,0.42,4,True,641.0,0.612,0.686,63.7,0,1226784,compra_cartera,True,0,False,train
CAND-00077,2024-07-18,26,M,1456766.0,22,52260,11,0.537,3,False,,0.814,0.636,36.4,0,1571406,compra_cartera,True,0,False,train
CAND-00402,2024-07-18,31,H,1039268.0,9,78730,4,0.286,1,False,,0.549,0.811,36.4,0,903841,avance_efectivo,True,0,False,train
CAND-00843,2024-07-19,41,H,2038103.0,7,19426,2,0.596,3,True,716.0,0.776,0.754,45.4,0,295188,libre_inversion,True,0,False,train
CAND-02185,2024-07-19,35,H,1185910.0,2,65572,0,0.591,3,True,730.0,0.888,0.694,42.1,0,347294,compra_cartera,True,0,False,train
CAND-02488,2024-07-19,29,H,413637.0,2,28882,0,0.319,2,False,,0.733,0.808,27.1,0,553151,compra_cartera,True,0,False,train
CAND-00273,2024-07-19,28,H,895578.0,8,37994,5,0.358,3,False,,0.771,0.72,43.2,0,724063,libre_inversion,True,0,False,train
CAND-01791,2024-07-19,18,M,2205381.0,1,28416,1,0.528,4,True,458.0,0.812,0.731,37.0,0,311992,compra_cartera,True,0,False,train
CAND-01020,2024-07-19,51,M,851360.0,8,85900,5,0.316,1,True,628.0,0.883,0.822,43.7,0,254900,avance_efectivo,True,0,False,train
CAND-00346,2024-07-19,18,M,1184261.0,8,123600,5,0.604,1,True,658.0,0.531,0.952,33.2,0,474918,libre_inversion,True,0,False,train
CAND-01591,2024-07-19,35,H,1058647.0,28,52012,19,0.495,2,False,,0.924,0.563,74.6,0,697458,avance_efectivo,True,0,False,train
CAND-01835,2024-07-19,39,M,1457702.0,2,23492,0,0.395,3,False,,0.728,0.983,54.7,0,363582,libre_inversion,True,0,False,train
CAND-00096,2024-07-19,35,M,1591467.0,8,20219,2,0.515,3,True,635.0,0.503,0.622,26.5,0,810867,compra_cartera,True,0,False,train
CAND-02903,2024-07-19,40,M,876559.0,16,24874,6,0.072,5,False,,0.825,0.649,89.5,0,292512,libre_inversion,True,0,False,train
CAND-00266,2024-07-19,18,H,1677601.0,6,29518,3,0.259,2,True,753.0,0.775,0.88,38.6,0,571554,compra_cartera,True,0,False,train
CAND-01265,2024-07-19,43,M,2197941.0,17,23535,4,0.256,1,True,629.0,0.869,0.823,68.7,0,1253713,libre_inversion,True,0,False,train
CAND-02885,2024-07-20,43,H,1557805.0,1,13916,2,0.296,5,False,,0.895,0.502,64.6,0,823142,compra_cartera,True,0,False,train
CAND-00968,2024-07-20,52,H,1050167.0,4,26986,1,0.594,1,True,508.0,0.612,0.493,40.7,16977,403512,compra_cartera,True,0,False,train
CAND-00683,2024-07-20,49,H,1026972.0,7,28228,4,0.662,1,True,659.0,0.866,0.72,76.4,0,891391,compra_cartera,True,0,False,train
CAND-01736,2024-07-20,40,H,1108151.0,6,106602,2,0.274,1,False,,0.74,0.817,42.3,0,602181,libre_inversion,True,0,False,train
CAND-02689,2024-07-20,49,H,671798.0,8,13016,3,0.78,2,True,728.0,0.915,0.522,75.0,0,1228242,avance_efectivo,True,1,False,train
CAND-00867,2024-07-20,31,M,1087545.0,18,61513,10,0.296,3,False,,0.817,0.708,55.0,0,1241084,libre_inversion,True,0,False,train
CAND-00831,2024-07-20,48,H,2093864.0,8,88926,4,0.185,3,False,,0.748,0.532,49.3,0,242681,libre_inversion,True,0,False,train
CAND-02891,2024-07-20,31,H,2243391.0,2,32246,0,0.122,1,False,,0.892,0.523,63.6,0,538072,libre_inversion,True,0,False,train
CAND-02316,2024-07-20,33,M,529226.0,5,71461,2,0.48,1,False,,0.713,0.801,35.5,0,999,libre_inversion,True,0,False,train
CAND-00162,2024-07-21,40,H,1194992.0,1,23557,0,0.352,5,False,,0.755,0.785,16.5,0,2026347,avance_efectivo,True,0,False,train
CAND-02988,2024-07-21,28,NB,2154844.0,1,16980,2,0.23,3,False,,0.946,0.749,40.4,0,615608,compra_cartera,True,0,False,train
CAND-02919,2024-07-21,42,H,824590.0,22,37223,11,0.239,4,False,,0.715,0.704,55.4,0,812309,libre_inversion,True,0,False,train
CAND-02534,2024-07-21,36,H,1010956.0,1,122912,1,0.789,2,True,631.0,0.85,0.916,64.2,0,2399806,compra_cartera,True,0,False,train
CAND-01957,2024-07-21,34,H,1231239.0,6,8228,2,0.503,1,False,,0.914,0.36,63.4,0,885805,libre_inversion,True,0,False,train
CAND-00031,2024-07-21,34,M,1205071.0,15,51190,7,0.685,4,False,,0.868,0.7,67.0,0,268717,avance_efectivo,True,0,False,train
CAND-00217,2024-07-21,20,M,899814.0,17,26427,2,0.247,2,False,,0.899,0.612,36.2,0,633671,libre_inversion,True,0,False,train
CAND-02205,2024-07-21,26,M,1341742.0,1,36017,1,0.348,3,False,,0.675,0.738,53.5,0,414283,avance_efectivo,True,0,False,train
CAND-00344,2024-07-21,21,M,1024940.0,11,162934,3,0.172,1,True,717.0,0.947,0.921,38.8,0,349524,libre_inversion,True,0,False,train
CAND-02493,2024-07-21,33,H,1265362.0,10,61173,3,0.741,2,False,,0.806,0.586,71.7,0,726407,libre_inversion,True,0,False,train
CAND-01170,2024-07-21,39,H,758475.0,4,22162,1,0.287,1,True,639.0,0.926,0.666,70.5,0,862883,avance_efectivo,True,0,False,train
CAND-01882,2024-07-21,41,H,771830.0,54,68091,35,0.392,2,True,724.0,0.851,0.928,35.0,0,925559,compra_cartera,True,0,False,train
CAND-00650,2024-07-21,24,M,1399003.0,5,10296,3,0.476,1,True,538.0,0.817,0.82,70.6,0,1749456,compra_cartera,True,1,False,train
CAND-00482,2024-07-22,25,H,863756.0,8,16409,6,0.553,2,True,739.0,0.586,0.658,35.2,0,419610,libre_inversion,True,0,False,train
CAND-02833,2024-07-22,28,H,781301.0,1,51491,0,0.518,1,True,629.0,0.684,0.433,20.0,0,103318,libre_inversion,True,0,False,train
CAND-00883,2024-07-22,21,H,1215757.0,8,9643,5,0.307,1,False,,0.782,0.915,71.2,0,397233,avance_efectivo,True,0,False,train
CAND-00144,2024-07-22,20,M,1200568.0,14,17115,7,0.274,4,False,,0.782,0.702,57.2,0,761810,libre_inversion,True,0,False,train
CAND-00852,2024-07-22,27,H,595769.0,13,23428,11,0.066,1,False,,0.539,0.79,30.5,0,481788,libre_inversion,True,0,False,train
CAND-00342,2024-07-22,21,H,2067719.0,1,9194,0,0.104,3,True,703.0,,0.462,43.6,0,375531,libre_inversion,True,0,False,train
CAND-02343,2024-07-22,42,M,884589.0,34,61309,23,0.407,2,False,,0.771,0.904,66.2,0,602260,libre_inversion,True,0,False,train
CAND-02078,2024-07-22,36,M,911587.0,8,58482,7,0.123,3,True,735.0,,0.884,38.6,0,342162,avance_efectivo,True,0,False,train
CAND-00281,2024-07-22,47,H,1192544.0,4,8745,3,0.158,2,False,,0.752,0.922,63.9,0,526714,libre_inversion,True,0,False,train
CAND-00127,2024-07-22,37,H,2224391.0,27,8158,6,0.663,4,False,,0.652,0.78,61.3,0,511571,compra_cartera,True,0,False,train
CAND-02665,2024-07-22,41,M,878527.0,7,78317,7,0.645,2,False,,0.626,,58.4,0,551991,avance_efectivo,True,0,False,train
CAND-02377,2024-07-22,46,H,1265793.0,14,90925,3,0.105,4,False,,0.72,0.598,28.2,0,306370,libre_inversion,True,0,False,train
CAND-00990,2024-07-23,51,M,951697.0,8,43974,6,0.105,2,False,,0.646,0.647,100.0,0,367367,avance_efectivo,True,0,False,train
CAND-00721,2024-07-23,31,H,949479.0,19,20170,9,0.457,3,True,668.0,0.756,0.491,40.9,0,637107,libre_inversion,True,1,False,train
CAND-00476,2024-07-23,28,M,2286058.0,22,41498,10,0.244,2,False,,0.48,0.78,13.1,0,899,compra_cartera,True,0,False,train
CAND-02380,2024-07-23,33,H,1499519.0,14,51144,5,0.167,3,False,,0.853,0.31,67.2,0,497263,libre_inversion,True,0,False,train
CAND-02206,2024-07-23,61,M,2176679.0,3,30384,1,0.81,4,True,638.0,0.796,0.851,33.7,0,462614,compra_cartera,True,1,False,train
CAND-02685,2024-07-23,44,H,1610254.0,9,51653,8,0.404,5,True,720.0,,0.793,58.2,0,1377869,avance_efectivo,True,0,False,train
CAND-02630,2024-07-23,35,M,1823866.0,6,30270,6,0.684,2,True,633.0,0.805,0.631,42.9,0,612588,compra_cartera,True,0,False,train
CAND-02386,2024-07-24,25,M,3906116.0,19,16400,5,0.353,2,False,,0.799,0.547,29.1,0,240966,avance_efectivo,True,1,False,train
CAND-00598,2024-07-24,50,H,1993874.0,14,85802,8,0.057,4,False,,0.797,0.68,31.9,0,263646,libre_inversion,True,0,False,train
CAND-00311,2024-07-24,44,M,1273774.0,15,8141,9,0.274,4,False,,0.807,0.621,24.7,0,905781,libre_inversion,True,0,False,train
CAND-02571,2024-07-24,37,M,751879.0,2,56446,0,0.309,1,True,650.0,0.435,0.529,41.0,0,1182864,libre_inversion,True,0,False,train
CAND-02747,2024-07-24,33,H,380190.0,23,58364,11,0.188,3,False,,0.856,0.741,53.5,0,950544,libre_inversion,True,0,False,train
CAND-02938,2024-07-24,27,M,567519.0,12,59072,4,0.176,1,False,,0.542,0.826,56.1,0,528335,libre_inversion,True,0,False,train
CAND-02874,2024-07-25,33,H,942335.0,20,31707,9,0.123,1,True,624.0,0.902,0.821,85.9,0,290535,avance_efectivo,True,0,False,train
CAND-00950,2024-07-25,29,M,780141.0,8,38868,6,0.512,5,True,803.0,0.667,0.855,42.4,0,978808,libre_inversion,True,0,False,train
CAND-02546,2024-07-25,41,M,1394835.0,8,10374,4,0.072,2,True,581.0,0.603,,14.0,0,315901,libre_inversion,True,0,False,train
CAND-01594,2024-07-25,35,H,1569051.0,41,104887,22,0.494,2,False,,0.845,0.886,73.9,0,661619,avance_efectivo,True,0,False,train
CAND-00600,2024-07-25,18,H,2325943.0,31,37191,15,0.348,1,True,724.0,0.964,0.916,40.3,0,891397,libre_inversion,True,0,False,train
CAND-01431,2024-07-25,26,H,1354176.0,18,70545,12,0.528,1,True,622.0,0.582,0.893,38.8,0,821895,avance_efectivo,True,0,False,train
CAND-00780,2024-07-25,44,M,1401667.0,16,31892,12,0.295,1,True,624.0,0.694,0.641,37.9,0,1096262,libre_inversion,True,0,False,train
CAND-01373,2024-07-25,27,H,1210690.0,4,17662,4,0.191,3,False,,0.789,0.858,18.9,0,1590037,libre_inversion,True,0,False,train
CAND-02699,2024-07-25,39,M,,4,64937,1,0.485,3,False,,0.735,0.698,63.0,0,1463291,avance_efectivo,True,0,True,train
CAND-00237,2024-07-26,42,M,1808035.0,20,14438,6,0.369,1,True,612.0,0.43,0.595,67.1,0,929163,avance_efectivo,True,0,False,train
CAND-00508,2024-07-26,25,M,1182794.0,16,130695,6,0.119,2,True,598.0,0.86,0.876,23.5,0,418734,compra_cartera,True,0,False,train
CAND-00025,2024-07-26,28,M,1923215.0,17,10563,10,0.403,1,True,813.0,0.947,0.52,32.2,0,1108113,libre_inversion,True,0,False,train
CAND-02879,2024-07-26,22,M,1083585.0,19,48917,9,0.65,2,True,750.0,0.887,0.832,49.8,0,937956,libre_inversion,True,0,False,train
CAND-00228,2024-07-26,48,H,997538.0,4,74861,4,0.645,4,True,777.0,0.657,0.679,40.2,0,1065323,avance_efectivo,True,0,False,train
CAND-00037,2024-07-26,24,H,2355216.0,1,107449,2,0.572,1,True,539.0,0.985,,58.2,0,228748,avance_efectivo,True,0,False,train
CAND-00483,2024-07-26,46,H,1208263.0,11,21482,3,0.263,1,False,,0.67,0.873,44.0,0,389450,libre_inversion,True,0,False,train
CAND-00452,2024-07-26,22,NB,649707.0,9,39198,4,0.151,1,True,520.0,0.78,0.727,40.7,0,245313,libre_inversion,True,0,False,train
CAND-00835,2024-07-26,45,M,1431589.0,3,23639,3,0.338,2,True,665.0,0.692,0.812,65.7,0,431469,compra_cartera,True,0,False,train
CAND-01804,2024-07-26,38,NB,963520.0,60,21793,26,0.079,3,False,,0.902,,55.2,0,973674,compra_cartera,True,0,False,train
CAND-02319,2024-07-26,28,M,1877813.0,12,26770,6,0.484,2,False,,0.813,,9.5,0,111344,avance_efectivo,True,1,False,train
CAND-00033,2024-07-26,29,H,1382251.0,21,42641,14,0.781,2,False,,0.833,0.63,33.7,0,1955778,libre_inversion,True,0,False,train
CAND-00502,2024-07-26,35,H,1935491.0,23,67633,8,0.376,3,False,,0.416,0.683,42.0,0,1403960,compra_cartera,True,0,False,train
CAND-00558,2024-07-26,51,M,1620186.0,3,51512,1,0.732,2,True,609.0,0.736,0.773,8.5,0,1024760,libre_inversion,True,0,False,train
CAND-01345,2024-07-26,41,H,1727986.0,12,8570,6,0.447,2,False,,0.864,0.953,67.2,0,508242,compra_cartera,True,0,False,train
CAND-00649,2024-07-27,45,M,1490710.0,1,72916,1,0.368,1,False,,0.82,0.915,40.5,0,637641,libre_inversion,True,1,False,train
CAND-01443,2024-07-27,38,H,798818.0,20,65364,8,0.862,2,False,,,0.807,80.2,0,776012,libre_inversion,True,0,False,train
CAND-01143,2024-07-27,26,H,1991841.0,20,62244,9,0.218,2,False,,0.876,0.769,83.0,0,624642,libre_inversion,True,0,False,train
CAND-01059,2024-07-27,30,M,1231350.0,49,82414,19,0.271,1,False,,,,25.3,0,318615,libre_inversion,True,0,False,train
CAND-02971,2024-07-27,42,M,1524959.0,12,59007,10,0.282,1,False,,0.507,0.894,30.4,0,424030,compra_cartera,True,0,False,train
CAND-01050,2024-07-27,18,H,928191.0,1,5443,2,0.488,2,False,,0.63,,32.8,0,482187,libre_inversion,True,0,False,train
CAND-01840,2024-07-27,36,H,1024220.0,2,104115,1,0.249,2,True,686.0,,,63.4,0,529795,libre_inversion,True,0,False,train
CAND-00928,2024-07-27,45,NB,835842.0,6,61196,3,0.109,2,False,,0.97,0.869,73.6,0,491188,compra_cartera,True,0,False,train
CAND-02188,2024-07-27,47,H,2097689.0,27,100026,12,0.424,2,True,618.0,,0.613,83.3,0,625940,compra_cartera,True,0,False,train
CAND-02811,2024-07-27,31,H,1144958.0,25,44186,23,0.32,3,True,693.0,0.914,0.832,31.1,0,613801,libre_inversion,True,0,False,train
CAND-02839,2024-07-27,18,H,711801.0,11,28694,5,0.227,1,True,593.0,0.765,0.79,57.8,0,1076717,avance_efectivo,True,0,False,train
CAND-01461,2024-07-27,60,M,750910.0,21,29608,15,0.333,3,False,,0.953,0.615,98.9,0,1141579,avance_efectivo,True,0,False,train
CAND-01924,2024-07-27,40,M,1270861.0,16,48998,9,0.214,3,True,623.0,0.826,,32.6,0,211708,compra_cartera,True,0,False,train
CAND-02069,2024-07-28,27,M,1739648.0,15,12584,12,0.541,4,True,730.0,0.879,0.636,24.0,0,435163,avance_efectivo,True,0,False,train
CAND-00353,2024-07-28,30,M,1213440.0,24,36162,18,0.146,3,True,701.0,,0.718,0.7,0,474636,libre_inversion,True,0,False,train
CAND-00716,2024-07-28,36,H,724114.0,12,54052,1,0.563,3,False,,0.899,0.708,60.0,0,733165,compra_cartera,True,0,False,train
CAND-01779,2024-07-28,40,H,933944.0,13,72707,6,0.369,1,False,,0.703,0.907,70.3,0,560322,libre_inversion,True,0,False,train
CAND-01065,2024-07-28,24,H,1454332.0,14,59890,9,0.084,2,False,,0.906,0.705,8.4,0,410589,avance_efectivo,True,0,False,train
CAND-01457,2024-07-28,38,H,1701991.0,1,73429,0,0.486,4,False,,0.76,,25.9,0,525034,libre_inversion,True,0,False,train
CAND-01527,2024-07-28,26,M,1401037.0,10,118029,7,0.18,2,False,,0.859,0.533,41.5,0,593043,libre_inversion,True,0,False,train
CAND-01491,2024-07-28,29,M,1788644.0,1,242546,5,0.522,2,True,630.0,0.925,0.597,31.3,0,474264,compra_cartera,True,1,False,train
CAND-01142,2024-07-28,36,H,1181408.0,2,40677,1,0.518,4,True,692.0,0.654,0.857,39.4,0,932090,libre_inversion,True,0,False,train
CAND-02865,2024-07-28,30,NB,1145706.0,15,75153,6,0.722,1,False,,,0.82,28.3,0,1140718,compra_cartera,True,0,False,train
CAND-02275,2024-07-28,37,H,1624461.0,8,34184,6,0.472,2,True,615.0,0.558,0.841,15.7,23487,720081,avance_efectivo,True,1,False,train
CAND-01500,2024-07-28,28,M,1493118.0,5,26918,3,0.463,4,False,,0.472,0.81,55.6,0,499833,compra_cartera,True,0,False,train
CAND-00981,2024-07-28,53,H,2170538.0,14,50611,4,0.397,5,False,,,0.873,10.5,0,1459348,avance_efectivo,True,0,False,train
CAND-02829,2024-07-29,30,M,571015.0,3,22006,4,0.679,4,False,,0.889,0.859,60.1,0,753340,avance_efectivo,True,0,False,train
CAND-01510,2024-07-29,36,H,3514704.0,1,22667,0,0.193,4,False,,0.684,0.475,28.8,0,386987,libre_inversion,True,1,False,train
CAND-02449,2024-07-29,38,M,1626181.0,6,30571,4,0.429,2,True,790.0,0.697,0.89,24.9,0,499933,compra_cartera,True,1,False,train
CAND-02262,2024-07-29,34,NB,2392028.0,4,15516,0,0.408,1,False,,0.812,0.599,46.0,0,616369,compra_cartera,True,0,False,train
CAND-02561,2024-07-30,42,M,1139660.0,1,191231,2,0.686,3,False,,0.571,0.671,38.3,0,625760,libre_inversion,True,0,False,train
CAND-02820,2024-07-30,32,NB,1138896.0,6,5637,5,0.44,1,True,802.0,0.796,0.49,62.1,0,746545,libre_inversion,True,0,False,train
CAND-02714,2024-07-30,18,M,842523.0,35,26673,22,0.102,2,False,,,0.654,17.7,0,396055,avance_efectivo,True,0,False,train
CAND-02875,2024-07-30,21,M,895976.0,4,28524,2,0.216,3,False,,0.562,0.929,18.6,0,1090561,libre_inversion,True,0,False,train
CAND-02827,2024-07-30,31,M,1165180.0,31,92003,18,0.739,3,True,775.0,0.797,0.88,56.7,0,442735,avance_efectivo,True,0,False,train
CAND-00744,2024-07-30,19,H,1128064.0,13,7689,6,0.571,2,False,,0.883,0.952,66.7,0,302653,libre_inversion,True,0,False,train
CAND-00850,2024-07-30,38,H,1787582.0,4,7304,1,0.212,3,False,,0.591,0.902,17.7,0,283391,compra_cartera,True,0,False,train
CAND-01036,2024-07-30,33,H,836242.0,3,52404,3,0.279,2,False,,0.751,0.651,40.3,0,827116,libre_inversion,True,0,False,train
CAND-00544,2024-07-30,32,M,892733.0,6,17370,6,0.724,2,False,,0.423,0.51,54.2,0,799596,avance_efectivo,True,0,False,train
CAND-01902,2024-07-31,35,H,1064803.0,2,24252,0,0.674,3,True,683.0,,0.798,41.7,0,1414816,libre_inversion,True,0,False,train
CAND-02675,2024-07-31,28,M,855225.0,36,7881,16,0.403,4,True,688.0,0.633,0.91,44.9,0,469276,libre_inversion,True,0,False,train
CAND-01417,2024-07-31,34,M,2212052.0,7,41785,3,0.639,4,True,435.0,0.72,,58.9,0,1023727,avance_efectivo,True,0,False,train
CAND-00781,2024-07-31,30,M,951534.0,22,84983,10,0.148,4,False,,0.808,0.879,44.7,0,836316,libre_inversion,True,0,False,train
CAND-00242,2024-07-31,50,H,1280924.0,9,55212,10,0.875,2,False,,0.739,0.885,42.0,0,465083,avance_efectivo,True,0,False,train
CAND-01802,2024-07-31,38,NB,1413271.0,5,91810,1,0.787,3,True,788.0,0.68,0.677,42.4,0,1591731,compra_cartera,True,0,False,train
CAND-01496,2024-07-31,41,M,1682139.0,11,53558,6,0.221,5,False,,0.86,0.793,63.5,0,1591961,compra_cartera,True,0,False,train
CAND-00996,2024-07-31,26,H,1936017.0,10,90176,3,0.271,1,False,,0.671,0.787,10.5,0,595052,compra_cartera,True,0,False,train
CAND-00711,2024-07-31,29,H,1040105.0,13,13922,14,0.286,2,False,,0.737,0.875,26.2,0,1380756,libre_inversion,True,0,False,train
CAND-00058,2024-07-31,40,NB,1713284.0,2,90143,1,0.337,2,False,,0.923,0.803,36.9,0,895517,libre_inversion,True,0,False,train
CAND-01225,2024-07-31,38,M,2319904.0,6,56712,4,0.351,1,True,671.0,0.864,0.825,36.2,0,365481,libre_inversion,True,0,False,train
CAND-00155,2024-07-31,21,H,1098027.0,13,26650,7,0.497,2,False,,,,54.4,0,815028,libre_inversion,True,0,False,train
CAND-02056,2024-07-31,18,M,1923916.0,1,30547,0,0.72,3,True,667.0,0.917,0.871,70.1,0,176972,libre_inversion,True,0,False,train
CAND-02096,2024-07-31,46,H,1088092.0,11,61342,3,0.041,2,False,,0.707,0.758,63.5,0,773489,avance_efectivo,True,0,False,train
CAND-02140,2024-07-31,57,H,1285430.0,2,37159,0,0.685,1,True,818.0,0.906,0.887,14.6,0,374273,avance_efectivo,True,0,False,train
CAND-01467,2024-07-31,31,H,1099464.0,9,56142,3,0.498,4,False,,0.903,0.92,35.6,0,665597,libre_inversion,True,0,False,train
CAND-01515,2024-08-01,53,M,850756.0,16,52383,8,0.074,4,True,623.0,,0.634,54.9,0,792254,compra_cartera,True,0,False,train
CAND-01727,2024-08-01,41,H,1589321.0,4,47925,1,0.425,2,False,,0.862,0.573,60.0,0,197907,avance_efectivo,True,0,False,train
CAND-01818,2024-08-01,41,M,,8,41137,5,0.266,2,False,,0.687,0.7,36.7,0,166498,libre_inversion,True,0,True,train
CAND-02848,2024-08-01,26,H,2970559.0,7,29784,5,0.457,4,True,585.0,0.656,0.631,15.2,0,718817,compra_cartera,True,0,False,train
CAND-02202,2024-08-01,32,H,2423804.0,2,67061,0,0.168,1,False,,,0.763,31.9,0,384329,compra_cartera,True,0,False,train
CAND-02740,2024-08-01,28,M,1561748.0,6,56686,4,0.266,1,False,,0.728,0.629,67.1,0,324106,avance_efectivo,True,0,False,train
CAND-00726,2024-08-01,30,H,1565791.0,13,12958,7,0.773,2,True,578.0,0.91,0.629,52.3,0,515904,libre_inversion,True,0,False,train
CAND-00172,2024-08-02,27,M,1983279.0,9,35979,3,0.358,2,False,,0.798,,66.5,0,1345768,libre_inversion,True,0,False,train
CAND-01452,2024-08-02,23,M,2194305.0,9,51410,5,0.238,2,True,594.0,,0.85,46.1,0,300442,avance_efectivo,True,0,False,train
CAND-01324,2024-08-02,19,M,1457974.0,6,51756,4,0.45,1,False,,0.807,0.584,32.3,0,204140,compra_cartera,True,1,False,train
CAND-02035,2024-08-02,39,H,1105864.0,15,39232,9,0.257,2,False,,0.648,0.36,89.4,0,354645,compra_cartera,True,0,False,train
CAND-02129,2024-08-02,43,M,1608165.0,10,32628,5,0.342,4,True,717.0,0.757,0.317,58.7,0,295479,libre_inversion,True,1,False,train
CAND-00375,2024-08-02,42,H,1022087.0,9,49663,2,0.35,5,True,586.0,0.673,0.654,3.2,0,957134,compra_cartera,True,0,False,train
CAND-02211,2024-08-02,32,M,776946.0,15,46801,14,0.433,2,False,,,0.826,35.7,0,352815,avance_efectivo,True,0,False,train
CAND-01861,2024-08-02,34,H,1416158.0,22,66395,8,0.424,1,False,,0.897,0.607,51.9,0,1257575,libre_inversion,True,0,False,train
CAND-00391,2024-08-02,34,H,846523.0,12,25858,4,0.292,2,False,,0.871,0.635,44.4,0,870083,avance_efectivo,True,0,False,train
CAND-02320,2024-08-02,36,M,864569.0,5,10980,0,0.307,2,False,,0.72,0.901,60.1,0,275919,libre_inversion,True,0,False,train
CAND-01757,2024-08-02,34,H,781125.0,6,321154,1,0.638,1,False,,0.935,0.952,1.5,0,271018,compra_cartera,True,0,False,train
CAND-01776,2024-08-02,30,H,3653367.0,32,20551,15,0.221,3,False,,0.889,0.77,52.2,0,962462,compra_cartera,True,0,False,train
CAND-02844,2024-08-02,44,M,742165.0,4,29905,2,0.511,1,True,789.0,0.978,0.794,34.2,0,529811,libre_inversion,True,0,False,train
CAND-01033,2024-08-02,28,M,1139366.0,4,69078,1,0.374,4,False,,0.668,0.767,66.2,0,813197,avance_efectivo,True,0,False,train
CAND-02091,2024-08-03,20,H,1573059.0,4,4475,3,0.539,1,False,,0.879,0.852,43.6,0,204565,libre_inversion,True,0,False,train
CAND-02123,2024-08-03,39,H,880776.0,11,72754,6,0.49,4,True,650.0,0.834,,35.3,0,896335,compra_cartera,True,0,False,train
CAND-01182,2024-08-03,39,M,576149.0,6,108015,4,0.575,1,True,508.0,0.843,0.898,77.5,0,896119,libre_inversion,True,0,False,train
CAND-02626,2024-08-03,29,M,1208005.0,14,29007,3,0.23,4,True,637.0,0.72,0.352,40.4,0,580760,avance_efectivo,True,1,False,train
CAND-02762,2024-08-03,25,M,476337.0,16,49073,7,0.486,3,True,893.0,0.512,0.686,51.3,0,416587,compra_cartera,True,0,False,train
CAND-00619,2024-08-03,40,H,916756.0,1,51463,0,0.318,4,False,,0.847,0.814,25.3,0,215580,libre_inversion,True,0,False,train
CAND-02515,2024-08-03,36,H,2080094.0,2,4075,0,0.427,1,False,,0.564,0.813,40.0,0,1699172,compra_cartera,True,1,False,train
CAND-01896,2024-08-03,34,M,1258079.0,3,47447,1,0.485,1,False,,0.692,0.762,22.1,0,2142392,libre_inversion,True,0,False,train
CAND-01450,2024-08-03,18,H,1657801.0,13,20487,6,0.103,2,False,,0.667,0.857,77.0,0,684963,libre_inversion,True,0,False,train
CAND-02857,2024-08-03,34,M,1338480.0,4,45640,1,0.106,1,False,,0.966,0.6,51.6,0,286855,avance_efectivo,True,0,False,train
CAND-03000,2024-08-04,24,M,3128279.0,3,39523,3,0.461,1,True,637.0,0.433,0.501,54.1,0,1484311,libre_inversion,True,1,False,train
CAND-02061,2024-08-04,18,H,1812272.0,3,73541,8,0.35,3,True,633.0,0.918,0.697,66.7,0,258592,compra_cartera,True,0,False,train
CAND-00295,2024-08-04,27,H,1575226.0,7,34028,8,0.387,3,True,643.0,0.458,,72.9,12064,740289,avance_efectivo,True,0,False,train
CAND-00332,2024-08-04,43,H,728922.0,11,16491,3,0.371,3,True,656.0,0.92,0.82,62.9,0,752794,libre_inversion,True,0,False,train
CAND-02338,2024-08-04,45,M,2617901.0,5,36187,2,0.624,2,False,,0.709,0.908,81.4,0,718499,compra_cartera,True,0,False,train
CAND-00186,2024-08-04,34,H,815686.0,6,23996,7,0.275,3,False,,0.711,0.7,47.1,0,376657,avance_efectivo,True,1,False,train
CAND-02900,2024-08-04,43,M,861113.0,4,6728,2,0.32,1,True,642.0,0.811,0.774,62.5,0,745592,avance_efectivo,True,0,False,train
CAND-01407,2024-08-04,30,M,905781.0,23,28132,16,0.579,2,False,,0.618,0.964,50.9,0,214310,libre_inversion,True,0,False,train
CAND-02982,2024-08-04,35,H,1513827.0,15,57865,4,0.448,1,False,,0.839,0.653,37.3,0,452579,libre_inversion,True,0,False,train
CAND-02731,2024-08-04,36,H,2363695.0,3,18814,1,0.211,4,False,,0.744,0.661,62.8,0,604420,libre_inversion,True,0,False,train
CAND-00038,2024-08-05,41,H,577695.0,4,32209,2,0.093,1,False,,0.78,0.744,36.0,0,152288,libre_inversion,True,0,False,train
CAND-02414,2024-08-05,28,M,1616723.0,1,55667,0,0.422,3,False,,0.6,0.884,17.4,0,1264695,libre_inversion,True,0,False,train
CAND-01301,2024-08-05,34,M,2070850.0,29,32209,18,0.219,4,True,628.0,0.758,0.709,75.2,0,661500,libre_inversion,True,0,False,train
CAND-00960,2024-08-05,43,M,999596.0,60,33412,26,0.372,1,True,707.0,0.846,0.47,47.3,0,180699,compra_cartera,True,0,False,train
CAND-00064,2024-08-05,35,M,900535.0,13,29956,5,0.512,1,True,631.0,0.42,0.864,56.1,0,289968,compra_cartera,True,0,False,train
CAND-00192,2024-08-05,29,H,1795251.0,3,106948,3,0.371,2,False,,0.837,0.76,28.2,0,474603,libre_inversion,True,0,False,train
CAND-00141,2024-08-05,18,H,1598758.0,5,97471,4,0.164,1,True,692.0,0.654,0.481,34.6,0,542833,libre_inversion,True,0,False,train
CAND-01440,2024-08-06,32,H,894715.0,1,37661,1,0.353,1,False,,0.807,0.955,75.7,0,271075,compra_cartera,True,0,False,train
CAND-01311,2024-08-06,32,M,839747.0,9,13504,5,0.178,2,True,498.0,0.643,0.486,42.8,0,396605,libre_inversion,True,1,False,train
CAND-02930,2024-08-06,23,M,1003618.0,11,54427,6,0.468,2,False,,0.826,0.888,48.5,8568,1433197,libre_inversion,True,0,False,train
CAND-02025,2024-08-06,28,H,786836.0,8,17299,3,0.654,2,False,,0.694,0.785,100.0,0,563569,avance_efectivo,True,0,False,train
CAND-02622,2024-08-06,27,H,1212472.0,13,37834,6,0.563,3,False,,0.853,0.853,50.8,0,497514,avance_efectivo,True,0,False,train
CAND-00185,2024-08-06,32,H,1366776.0,17,101534,7,0.138,2,False,,0.954,0.578,51.0,0,500469,libre_inversion,True,0,False,train
CAND-00169,2024-08-06,44,M,1003047.0,55,104447,29,0.467,4,False,,0.849,0.733,92.6,13303,778785,libre_inversion,True,0,False,train
CAND-00775,2024-08-06,31,M,2004249.0,16,9259,9,0.448,1,True,736.0,0.749,0.507,29.6,0,949187,libre_inversion,True,0,False,train
CAND-02453,2024-08-06,18,H,2945943.0,6,33613,1,0.322,1,True,684.0,0.68,0.698,40.8,0,628461,avance_efectivo,True,0,False,train
CAND-00626,2024-08-06,33,H,551261.0,3,103570,2,0.408,3,False,,0.878,0.752,19.7,0,947729,avance_efectivo,True,0,False,train
CAND-00253,2024-08-06,25,H,1500126.0,1,37452,2,0.488,1,False,,0.686,0.907,48.7,0,639551,libre_inversion,True,0,False,train
CAND-02604,2024-08-07,45,H,1588419.0,52,64229,26,0.162,2,True,538.0,0.885,0.693,58.2,0,782689,avance_efectivo,True,0,False,train
CAND-00910,2024-08-07,41,H,1714708.0,4,62305,2,0.793,4,False,,0.861,0.799,63.5,0,791575,compra_cartera,True,0,False,train
CAND-01316,2024-08-07,34,NB,917064.0,8,89893,2,0.182,1,False,,0.809,0.768,51.8,0,293820,avance_efectivo,True,0,False,train
CAND-02159,2024-08-07,24,H,768772.0,14,35720,7,0.184,5,False,,0.76,0.838,66.0,0,351305,avance_efectivo,True,0,False,train
CAND-01281,2024-08-07,18,H,1043596.0,4,111731,3,0.394,1,False,,0.839,,28.3,0,555415,avance_efectivo,True,0,False,train
CAND-00002,2024-08-07,37,M,1248206.0,21,15294,12,0.697,2,True,716.0,0.915,0.96,65.7,0,371196,avance_efectivo,True,0,False,train
CAND-02789,2024-08-07,35,H,1099126.0,9,91741,3,0.522,2,True,636.0,0.636,0.795,39.3,0,401105,avance_efectivo,True,0,False,train
CAND-01247,2024-08-07,39,M,852640.0,2,19531,1,0.949,4,False,,0.783,0.747,60.6,0,776988,avance_efectivo,True,0,False,train
CAND-01242,2024-08-07,24,H,1564622.0,1,32621,1,0.31,2,True,675.0,0.675,0.871,49.2,0,579969,avance_efectivo,True,0,False,train
CAND-01668,2024-08-08,19,H,1541802.0,5,21666,5,0.592,1,True,769.0,0.89,0.556,9.7,0,359839,avance_efectivo,True,0,False,train
CAND-00458,2024-08-08,39,H,1394447.0,7,77750,2,0.491,1,False,,0.518,0.724,43.9,0,309822,avance_efectivo,True,0,False,train
CAND-00009,2024-08-08,44,H,1858649.0,12,14003,5,0.791,2,False,,0.948,0.911,37.7,0,409852,compra_cartera,True,0,False,train
CAND-01174,2024-08-08,21,M,1476886.0,18,31018,9,0.352,1,True,783.0,0.882,0.625,59.9,0,394559,avance_efectivo,True,0,False,train
CAND-02196,2024-08-08,38,H,1344718.0,5,105540,2,0.275,1,False,,0.919,0.908,80.2,0,435174,libre_inversion,True,0,False,train
CAND-00592,2024-08-08,26,H,1112496.0,3,13916,2,0.572,1,False,,0.637,0.884,59.9,0,100000,libre_inversion,True,0,False,train
CAND-00229,2024-08-08,47,H,2149902.0,11,77861,6,0.249,1,False,,0.561,0.816,39.4,0,607440,libre_inversion,True,0,False,train
CAND-02729,2024-08-08,24,M,873943.0,15,32234,9,0.548,3,True,648.0,0.691,0.838,58.3,0,602677,libre_inversion,True,0,False,train
CAND-00986,2024-08-08,31,H,550396.0,18,79784,11,0.426,2,False,,0.52,0.988,30.0,0,787414,avance_efectivo,True,0,False,train
CAND-01266,2024-08-08,37,M,1445989.0,18,9766,9,0.157,5,False,,0.592,,62.0,0,667434,avance_efectivo,True,0,False,train
CAND-01032,2024-08-08,19,M,1265451.0,8,18287,6,0.467,1,True,595.0,0.826,0.95,24.0,0,896587,libre_inversion,True,0,False,train
CAND-01597,2024-08-08,40,H,850101.0,2,8993,1,0.419,1,True,536.0,0.835,0.414,39.5,0,1371074,avance_efectivo,True,1,False,train
CAND-00574,2024-08-08,35,H,791348.0,3,26500,3,0.467,1,False,,0.825,0.83,57.4,0,260587,libre_inversion,True,0,False,train
CAND-02108,2024-08-09,32,M,815762.0,12,28826,8,0.212,2,False,,0.614,0.754,30.1,0,1142684,libre_inversion,True,0,False,train
CAND-01548,2024-08-09,33,M,1666016.0,7,59452,6,0.639,3,False,,0.8,0.791,44.8,0,680719,avance_efectivo,True,0,False,train
CAND-00429,2024-08-09,38,M,1269966.0,3,18432,0,0.388,3,False,,0.849,0.838,31.8,0,393977,avance_efectivo,True,0,False,train
CAND-01995,2024-08-09,28,H,2481508.0,4,3855,3,0.796,2,True,627.0,0.68,0.661,39.3,0,718671,libre_inversion,True,0,False,train
CAND-02841,2024-08-09,42,H,2041311.0,30,35186,14,0.447,1,False,,,0.837,48.0,0,285515,avance_efectivo,True,0,False,train
CAND-02591,2024-08-09,19,H,849267.0,1,77278,1,0.302,1,True,845.0,0.872,0.724,30.2,0,769653,libre_inversion,True,0,False,train
CAND-00547,2024-08-09,30,H,960740.0,1,117373,0,0.482,5,True,544.0,0.958,0.678,70.2,0,541762,compra_cartera,True,0,False,train
CAND-02763,2024-08-09,56,H,973593.0,1,21370,1,0.133,4,False,,0.678,0.65,75.5,0,791974,compra_cartera,True,0,False,train
CAND-02141,2024-08-09,37,M,865299.0,37,15257,20,0.602,1,False,,0.68,0.582,58.6,0,932219,libre_inversion,True,0,False,train
CAND-00326,2024-08-09,37,M,696332.0,22,33066,14,0.223,2,False,,0.596,0.793,59.6,0,667732,libre_inversion,True,0,False,train
CAND-01424,2024-08-09,45,H,1077277.0,20,43516,5,0.349,4,True,807.0,0.719,0.89,33.5,0,568238,avance_efectivo,True,0,False,train
CAND-00720,2024-08-09,23,M,1266831.0,13,78930,6,0.226,3,True,671.0,0.82,0.751,79.5,0,505797,libre_inversion,True,0,False,train
CAND-01104,2024-08-09,41,M,644316.0,5,48201,1,0.388,2,False,,0.798,0.735,71.5,0,1268893,compra_cartera,True,0,False,train
CAND-01956,2024-08-10,37,M,833999.0,25,29378,13,0.697,1,False,,0.876,0.803,67.1,0,760787,libre_inversion,True,0,False,train
CAND-01934,2024-08-10,36,M,1329945.0,5,81886,3,0.507,2,False,,0.737,0.909,43.2,0,631354,libre_inversion,True,0,False,train
CAND-01554,2024-08-10,33,M,1713109.0,38,17799,17,0.151,1,True,576.0,0.816,0.812,91.3,0,332155,avance_efectivo,True,0,False,train
CAND-02986,2024-08-10,20,M,1260749.0,4,21329,0,0.183,1,False,,0.949,,69.9,0,758596,libre_inversion,True,0,False,train
CAND-00335,2024-08-10,34,M,971407.0,38,85900,15,0.721,5,True,838.0,0.962,0.642,59.3,0,222849,libre_inversion,True,0,False,train
CAND-01278,2024-08-10,35,H,821827.0,36,24843,20,0.593,2,False,,0.808,0.663,89.3,0,428958,compra_cartera,True,0,False,train
CAND-02556,2024-08-10,42,M,1252648.0,30,8115,19,0.452,1,False,,0.637,0.604,52.0,0,809900,libre_inversion,True,1,False,train
CAND-00425,2024-08-10,22,M,1115584.0,1,37221,1,0.629,5,True,744.0,0.843,0.334,45.8,0,788185,compra_cartera,True,0,False,train
CAND-01196,2024-08-10,41,M,1824365.0,25,29420,11,0.644,3,True,590.0,0.67,0.801,57.6,0,1103849,avance_efectivo,True,0,False,train
CAND-02931,2024-08-10,48,M,1058236.0,12,6050,4,0.198,2,True,464.0,0.945,0.941,42.9,0,571070,avance_efectivo,True,0,False,train
CAND-02359,2024-08-10,58,H,1393974.0,12,64284,5,0.6,1,False,,0.945,,53.4,0,767089,libre_inversion,True,0,False,train
CAND-01600,2024-08-11,20,M,1234969.0,12,39401,8,0.11,3,False,,0.755,0.79,69.1,0,1680723,avance_efectivo,True,0,False,train
CAND-00218,2024-08-11,30,H,860258.0,22,84090,12,0.761,3,True,584.0,0.79,0.513,74.2,0,346090,libre_inversion,True,0,False,train
CAND-00652,2024-08-11,41,H,629808.0,8,73758,5,0.451,3,False,,0.724,0.698,35.5,0,566259,avance_efectivo,True,0,False,train
CAND-01357,2024-08-11,38,M,468512.0,1,122965,0,0.52,1,True,386.0,0.822,0.894,37.8,0,931065,libre_inversion,True,0,False,train
CAND-00386,2024-08-11,18,M,662302.0,16,133259,7,0.366,5,False,,0.828,,65.8,0,524767,libre_inversion,True,0,False,train
CAND-01280,2024-08-11,26,M,1196830.0,4,38813,2,0.504,4,True,544.0,0.962,0.897,46.3,0,240985,libre_inversion,True,0,False,train
CAND-02718,2024-08-11,34,H,1077470.0,8,32282,5,0.077,2,False,,0.638,0.966,18.5,0,2359195,libre_inversion,True,0,False,train
CAND-00149,2024-08-11,34,M,1697643.0,3,21702,2,0.801,3,False,,0.819,0.879,37.9,0,829169,avance_efectivo,True,0,False,train
CAND-01483,2024-08-11,40,H,1446761.0,48,41925,22,0.092,2,True,575.0,0.673,0.583,58.5,0,994755,libre_inversion,True,0,False,train
CAND-00479,2024-08-11,34,H,1565165.0,4,63372,2,0.381,1,False,,0.71,0.803,22.7,0,2586910,libre_inversion,True,0,False,train
CAND-01155,2024-08-11,36,H,633101.0,4,32725,4,0.883,1,True,635.0,0.724,0.566,45.8,0,258053,compra_cartera,True,0,False,train
CAND-02709,2024-08-11,42,H,743708.0,2,82867,0,0.4,4,False,,0.655,0.963,68.8,0,668994,libre_inversion,True,0,False,train
CAND-01455,2024-08-12,24,H,1143347.0,8,10825,2,0.712,2,False,,0.806,0.708,32.1,0,416997,libre_inversion,True,0,False,train
CAND-02079,2024-08-12,32,H,2354917.0,23,56762,13,0.213,5,True,827.0,0.685,0.604,64.3,0,255211,compra_cartera,True,0,False,train
CAND-02669,2024-08-12,25,H,892280.0,2,39908,2,0.324,3,True,618.0,0.924,0.741,43.5,0,572652,libre_inversion,True,0,False,train
CAND-02181,2024-08-12,37,M,1040279.0,17,12649,9,0.452,4,True,562.0,0.86,0.594,63.1,0,3134381,libre_inversion,True,1,False,train
CAND-02465,2024-08-12,32,H,1947874.0,23,42287,12,0.358,1,True,708.0,0.842,,59.6,0,298166,libre_inversion,True,0,False,train
CAND-00419,2024-08-12,30,H,1301193.0,10,21130,4,0.111,1,True,495.0,0.81,0.744,65.3,0,407681,libre_inversion,True,0,False,train
CAND-01409,2024-08-12,30,H,1200607.0,60,71798,30,0.334,2,True,698.0,0.814,,51.6,0,366822,compra_cartera,True,0,False,train
CAND-00160,2024-08-12,43,M,1217919.0,5,53524,3,0.489,1,True,655.0,0.933,0.866,87.3,0,522009,libre_inversion,True,0,False,train
CAND-00596,2024-08-12,36,M,1652639.0,33,26709,13,0.364,2,False,,0.666,0.534,43.2,0,337721,libre_inversion,True,1,False,train
CAND-01150,2024-08-12,38,M,1039020.0,6,34634,3,0.418,1,True,683.0,0.796,0.871,56.1,0,599302,compra_cartera,True,0,False,train
CAND-01429,2024-08-12,18,H,1568839.0,6,13882,3,0.707,1,False,,0.726,0.924,12.2,0,795748,libre_inversion,True,0,False,train
CAND-01302,2024-08-12,36,M,932713.0,28,56555,17,0.577,1,False,,0.911,0.836,17.6,0,969488,compra_cartera,True,0,False,train
CAND-00589,2024-08-12,32,H,916945.0,20,56098,10,0.429,2,False,,0.83,0.918,17.1,0,663834,compra_cartera,True,0,False,train
CAND-01473,2024-08-12,40,H,617412.0,24,16811,13,0.126,4,True,685.0,0.928,0.583,25.2,0,617291,compra_cartera,True,0,False,train
CAND-00958,2024-08-13,41,H,1261956.0,32,41877,18,0.34,1,True,712.0,0.779,0.825,65.8,0,299097,avance_efectivo,True,0,False,train
CAND-00504,2024-08-13,44,H,1167027.0,8,110887,7,0.47,1,False,,0.881,0.864,42.4,0,910895,libre_inversion,True,0,False,train
CAND-01498,2024-08-13,35,M,1009692.0,26,77632,17,0.448,1,True,598.0,,0.736,43.6,0,2667817,compra_cartera,True,0,False,train
CAND-01819,2024-08-13,37,H,812840.0,23,53784,9,0.655,3,True,546.0,0.903,0.563,45.3,0,659647,compra_cartera,True,0,False,train
CAND-02147,2024-08-13,46,H,1634800.0,31,32684,16,0.077,4,False,,0.852,0.492,57.5,0,308260,compra_cartera,True,0,False,train
CAND-01366,2024-08-13,22,M,1198090.0,5,86249,3,0.228,3,True,732.0,0.656,0.923,72.3,0,1058482,libre_inversion,True,0,False,train
CAND-00987,2024-08-13,19,H,1248090.0,8,122956,4,0.197,1,True,507.0,0.905,0.774,69.2,0,717100,avance_efectivo,True,0,False,train
CAND-01459,2024-08-13,47,M,1209014.0,13,96712,10,0.337,1,True,770.0,0.771,0.694,28.5,0,863197,compra_cartera,True,0,False,train
CAND-01389,2024-08-13,46,H,1523149.0,18,89790,9,0.147,4,False,,0.813,0.936,44.0,0,1165967,libre_inversion,True,0,False,train
CAND-01787,2024-08-13,31,M,834322.0,2,50103,0,0.641,4,False,,0.763,0.85,40.4,0,382696,avance_efectivo,True,0,False,train
CAND-00964,2024-08-13,53,M,1808849.0,12,61354,7,0.48,2,False,,0.888,0.934,45.4,0,734920,libre_inversion,True,0,False,train
CAND-01080,2024-08-14,18,H,875843.0,3,48293,0,0.23,4,False,,0.874,0.682,75.5,0,381378,compra_cartera,True,0,False,train
CAND-01370,2024-08-14,18,M,1126865.0,10,30764,3,0.188,2,False,,0.676,0.762,56.3,0,1020090,compra_cartera,True,0,False,train
CAND-00989,2024-08-14,30,M,856028.0,18,46654,5,0.409,4,True,755.0,0.858,0.489,94.5,0,431499,libre_inversion,True,0,False,train
CAND-02241,2024-08-14,42,H,2156273.0,13,53134,5,0.755,1,False,,0.658,,20.5,0,1165936,compra_cartera,True,0,False,train
CAND-01878,2024-08-14,51,H,1609877.0,20,19211,7,0.438,1,True,748.0,0.776,0.635,65.4,0,458535,libre_inversion,True,0,False,train
CAND-00778,2024-08-14,35,H,1778105.0,8,82847,2,0.286,1,True,617.0,0.398,0.836,79.1,0,1300740,libre_inversion,True,0,False,train
CAND-00285,2024-08-14,25,H,1006326.0,1,20536,1,0.63,4,False,,0.806,0.999,65.3,0,597176,compra_cartera,True,0,False,train
CAND-01685,2024-08-14,18,M,1510685.0,14,40892,4,0.506,3,False,,0.7,0.37,61.7,0,306059,compra_cartera,True,0,False,train
CAND-02433,2024-08-14,39,M,2597391.0,5,18889,2,0.546,2,False,,0.619,0.737,74.2,0,1716467,libre_inversion,True,1,False,train
CAND-00819,2024-08-14,48,M,943659.0,32,52246,13,0.156,1,True,622.0,0.537,0.579,84.2,0,632427,avance_efectivo,True,0,False,train
CAND-01596,2024-08-14,54,NB,2312505.0,17,18946,12,0.187,4,True,671.0,0.791,0.573,52.3,0,444678,avance_efectivo,True,0,False,train
CAND-00792,2024-08-14,28,H,935015.0,6,85242,2,0.532,2,False,,0.763,0.563,44.1,0,478505,libre_inversion,True,0,False,train
CAND-02613,2024-08-15,30,M,1453108.0,5,34454,4,0.168,1,False,,0.936,0.713,23.7,0,1319,compra_cartera,True,0,False,train
CAND-00243,2024-08-15,37,H,649416.0,11,24674,8,0.505,2,False,,0.833,0.788,32.7,0,864271,libre_inversion,True,0,False,train
CAND-00156,2024-08-15,24,M,1244565.0,1,78048,0,0.537,5,False,,0.656,0.739,56.3,0,514602,avance_efectivo,True,0,False,train
CAND-02396,2024-08-15,18,M,1682064.0,14,85779,2,0.327,1,True,691.0,0.735,0.651,31.9,0,397516,compra_cartera,True,0,False,train
CAND-02759,2024-08-15,51,H,2394804.0,9,41180,6,0.247,3,False,,0.831,0.734,59.3,0,652884,compra_cartera,True,0,False,train
CAND-01275,2024-08-15,22,M,903625.0,28,13643,14,0.77,2,True,537.0,0.802,0.81,50.1,0,2332029,libre_inversion,True,1,False,train
CAND-01240,2024-08-15,48,H,1287984.0,14,38252,8,0.636,4,True,709.0,0.852,0.751,28.2,0,304997,libre_inversion,True,0,False,train
CAND-00338,2024-08-15,44,M,2330926.0,1,8440,1,0.306,1,True,580.0,0.601,0.894,39.1,0,708915,avance_efectivo,True,0,False,train
CAND-00549,2024-08-15,26,H,1202994.0,19,110359,8,0.266,2,False,,0.812,0.544,34.0,0,1077947,libre_inversion,True,0,False,train
CAND-00370,2024-08-15,42,H,2809167.0,20,88338,11,0.304,1,True,665.0,0.919,0.921,81.3,0,175086,libre_inversion,True,0,False,train
CAND-00444,2024-08-16,25,H,1327544.0,6,24040,4,0.443,3,True,678.0,0.737,0.686,72.1,0,952120,libre_inversion,True,0,False,train
CAND-02797,2024-08-16,31,H,998777.0,5,90713,4,0.456,2,False,,0.864,0.537,49.0,0,715297,libre_inversion,True,0,False,train
CAND-00539,2024-08-16,50,M,1614284.0,4,46367,1,0.134,2,True,638.0,0.783,0.835,47.2,0,703573,libre_inversion,True,0,False,train
CAND-01782,2024-08-16,23,M,1217029.0,11,7411,4,0.086,2,True,691.0,0.526,0.504,63.8,0,1817501,libre_inversion,True,0,False,train
CAND-00892,2024-08-16,56,H,1140608.0,5,21105,2,0.143,1,False,,0.483,0.629,25.1,0,503797,libre_inversion,True,1,False,train
CAND-00686,2024-08-16,34,M,858116.0,23,103067,19,0.167,1,False,,0.944,0.356,58.8,0,190295,avance_efectivo,True,0,False,train
CAND-00995,2024-08-16,50,M,860624.0,9,39210,4,0.386,4,False,,0.865,0.78,59.8,0,1153352,compra_cartera,True,0,False,train
CAND-01585,2024-08-16,45,M,2207133.0,2,42245,1,0.485,2,False,,0.783,,56.8,0,709792,avance_efectivo,True,0,False,train
CAND-01905,2024-08-17,23,H,2560740.0,21,11653,12,0.523,2,True,709.0,0.754,0.781,62.9,0,693591,libre_inversion,True,0,False,train
CAND-02756,2024-08-17,33,H,1161841.0,45,48742,22,0.272,3,True,695.0,0.743,0.948,84.0,0,883607,avance_efectivo,True,0,False,train
CAND-00201,2024-08-17,29,M,1387741.0,6,22583,5,0.249,1,False,,0.819,,44.3,0,143065,libre_inversion,True,0,False,train
CAND-02352,2024-08-17,34,H,1424709.0,15,5407,7,0.917,4,False,,0.751,0.783,76.7,0,1602376,libre_inversion,True,0,False,train
CAND-01305,2024-08-17,42,H,2026791.0,5,12947,1,0.755,1,True,670.0,0.946,0.546,15.0,0,162345,avance_efectivo,True,0,False,train
CAND-00545,2024-08-17,36,H,1409038.0,18,59803,5,0.666,3,True,606.0,,0.657,77.0,0,1784644,avance_efectivo,True,0,False,train
CAND-01734,2024-08-17,38,M,795571.0,18,49186,9,0.316,1,False,,0.695,,54.2,0,493772,libre_inversion,True,0,False,train
CAND-01118,2024-08-17,50,H,1474002.0,42,24256,23,0.301,3,False,,0.916,0.932,61.8,0,333003,libre_inversion,True,0,False,train
CAND-01603,2024-08-17,46,M,854847.0,10,55246,3,0.188,4,True,629.0,0.55,0.925,54.5,0,472447,avance_efectivo,True,0,False,train
CAND-01158,2024-08-17,34,M,2054455.0,16,52856,13,0.285,1,True,600.0,0.65,0.575,50.2,0,583144,avance_efectivo,True,1,False,train
CAND-02533,2024-08-17,48,M,1617239.0,17,90531,10,0.691,1,False,,0.683,0.786,50.6,0,1501615,compra_cartera,True,0,False,train
CAND-02894,2024-08-18,59,H,1314617.0,25,38636,11,0.375,1,True,711.0,0.719,0.878,80.9,0,885988,libre_inversion,True,0,False,train
CAND-01537,2024-08-18,19,M,1165970.0,11,113568,4,0.106,5,True,713.0,0.523,0.728,62.3,0,620404,avance_efectivo,True,1,False,train
CAND-01164,2024-08-18,50,H,3640660.0,15,66501,6,0.583,4,False,,0.713,0.786,65.0,0,1003988,avance_efectivo,True,0,False,train
CAND-01533,2024-08-18,34,H,2297845.0,20,20217,10,0.412,2,False,,0.923,0.58,26.6,0,471766,avance_efectivo,True,0,False,train
CAND-02708,2024-08-18,23,H,2493620.0,1,16922,0,0.725,2,True,682.0,0.656,0.8,62.5,0,509107,libre_inversion,True,0,False,train
CAND-02264,2024-08-18,41,NB,803648.0,1,4796,0,0.627,3,True,649.0,0.915,0.538,52.4,0,588592,compra_cartera,True,1,False,train
CAND-02511,2024-08-18,18,H,816644.0,2,45698,1,0.229,3,True,504.0,0.878,0.677,63.1,0,629603,avance_efectivo,True,0,False,train
CAND-00935,2024-08-19,45,M,1981615.0,30,87183,13,0.135,2,False,,0.776,0.686,77.5,0,363632,libre_inversion,True,0,False,train
CAND-00895,2024-08-19,30,H,1083167.0,14,77761,9,0.447,2,False,,0.767,0.842,34.8,0,744385,avance_efectivo,True,0,False,train
CAND-01129,2024-08-19,25,H,1429302.0,10,38194,7,0.263,5,False,,0.799,0.67,44.4,0,684727,compra_cartera,True,0,False,train
CAND-01430,2024-08-19,31,H,945038.0,6,79719,1,0.441,2,False,,0.976,0.763,100.0,0,589595,compra_cartera,True,0,False,train
CAND-00961,2024-08-19,30,M,,6,71332,3,0.392,4,False,,0.502,0.928,61.2,0,282544,compra_cartera,True,0,True,train
CAND-01573,2024-08-19,35,H,736928.0,18,30224,7,0.061,1,False,,0.56,0.565,44.9,0,328812,avance_efectivo,True,0,False,train
CAND-00851,2024-08-19,43,H,1210740.0,1,90325,1,0.109,2,False,,,0.857,19.2,0,372452,libre_inversion,True,0,False,train
CAND-02494,2024-08-19,30,H,1291954.0,2,59973,1,0.655,4,False,,0.849,0.694,4.8,0,558931,libre_inversion,True,0,False,train
CAND-01543,2024-08-20,39,H,1476669.0,17,49830,11,0.383,2,True,676.0,0.592,0.853,32.0,0,725053,libre_inversion,True,0,False,train
CAND-02610,2024-08-20,20,H,1063904.0,3,126025,2,0.559,2,True,672.0,0.716,0.798,54.6,0,184871,compra_cartera,True,0,False,train
CAND-00390,2024-08-20,48,M,860750.0,4,35249,2,0.265,5,True,672.0,0.838,0.845,68.4,0,514058,libre_inversion,True,0,False,train
CAND-00779,2024-08-20,39,H,1189540.0,4,178017,4,0.362,2,True,439.0,0.883,0.72,59.5,0,124275,avance_efectivo,True,0,False,train
CAND-00971,2024-08-20,39,H,1106115.0,1,42314,0,0.352,3,True,604.0,0.855,,55.6,0,435448,compra_cartera,True,0,False,train
CAND-00929,2024-08-20,49,M,1191684.0,6,39625,1,0.387,3,True,729.0,0.779,0.886,15.1,0,1357132,compra_cartera,True,0,False,train
CAND-01335,2024-08-20,21,H,1053186.0,10,19803,5,0.217,4,True,734.0,0.964,0.881,80.2,0,399127,compra_cartera,True,0,False,train
CAND-02959,2024-08-20,58,H,897169.0,8,60080,6,0.104,2,False,,0.575,0.598,71.6,0,613141,avance_efectivo,True,0,False,train
CAND-00036,2024-08-20,36,H,1127214.0,16,13581,4,0.547,4,False,,0.777,0.683,44.6,0,562359,avance_efectivo,True,0,False,train
CAND-02480,2024-08-20,27,M,1195524.0,22,68346,11,0.461,2,False,,0.534,,45.7,0,1196690,libre_inversion,True,0,False,train
CAND-01764,2024-08-20,46,H,967612.0,7,95386,2,0.563,1,True,699.0,0.867,0.534,31.7,0,1881928,libre_inversion,True,0,False,train
CAND-01386,2024-08-20,42,M,1190593.0,6,72282,0,0.274,2,True,631.0,0.811,,11.6,0,416671,libre_inversion,True,0,False,train
CAND-02750,2024-08-20,24,M,1762894.0,33,75610,21,0.083,2,False,,0.928,0.514,29.2,0,448779,libre_inversion,True,0,False,train
CAND-02720,2024-08-20,34,M,844106.0,2,96310,1,0.784,2,True,723.0,,0.669,48.8,0,246296,compra_cartera,True,0,False,train
CAND-02769,2024-08-20,20,M,874729.0,2,34575,1,0.396,5,True,578.0,0.85,,56.5,0,267562,avance_efectivo,True,0,False,train
CAND-01460,2024-08-20,40,H,2115622.0,1,77216,1,0.503,3,True,747.0,0.85,0.727,38.8,0,660607,compra_cartera,True,0,False,train
CAND-01810,2024-08-20,43,H,563955.0,12,40073,6,0.363,1,False,,0.703,0.829,57.4,12306,645733,libre_inversion,True,0,False,train
CAND-01571,2024-08-20,36,H,1117235.0,17,23719,10,0.348,1,True,719.0,0.811,0.694,70.6,0,454680,libre_inversion,True,0,False,train
CAND-00629,2024-08-20,46,H,1201639.0,17,113542,17,0.662,2,False,,0.617,0.538,66.6,0,263597,compra_cartera,True,0,False,train
CAND-01418,2024-08-21,58,H,725706.0,6,42128,4,0.251,1,True,642.0,0.849,0.795,56.6,0,400096,libre_inversion,True,0,False,train
CAND-02238,2024-08-21,28,M,1513178.0,29,94523,12,0.282,2,True,721.0,0.862,0.735,25.8,0,523929,libre_inversion,True,0,False,train
CAND-01695,2024-08-21,46,M,993405.0,36,12533,27,0.259,1,False,,0.885,0.76,62.3,0,334900,libre_inversion,True,0,False,train
CAND-02887,2024-08-21,22,M,1125060.0,1,120194,0,0.105,1,False,,0.862,0.698,33.0,0,1080251,avance_efectivo,True,0,False,train
CAND-01291,2024-08-21,32,M,765160.0,19,24185,10,0.514,1,True,649.0,0.711,0.738,49.5,15765,727264,avance_efectivo,True,1,False,train
CAND-00902,2024-08-21,44,NB,1091971.0,1,12346,0,0.129,2,True,661.0,0.688,0.967,8.4,0,2411575,libre_inversion,True,0,False,train
CAND-02335,2024-08-21,30,H,1476904.0,16,48552,5,0.444,1,True,661.0,0.951,0.92,23.3,0,210487,avance_efectivo,True,0,False,train
CAND-01021,2024-08-21,24,M,2184359.0,9,29409,2,0.234,1,False,,0.479,0.553,36.3,0,995709,avance_efectivo,True,0,False,train
CAND-01444,2024-08-22,41,H,2241886.0,12,83742,8,0.32,3,True,575.0,0.67,0.627,61.7,0,657309,compra_cartera,True,0,False,train
CAND-00471,2024-08-22,41,H,1541156.0,1,12133,1,0.788,4,True,634.0,0.492,0.757,34.8,0,979793,libre_inversion,True,0,False,train
CAND-02067,2024-08-22,24,H,810537.0,24,123158,14,0.769,2,True,682.0,0.902,,37.1,0,970018,libre_inversion,True,0,False,train
CAND-01342,2024-08-22,28,M,2093738.0,1,87894,0,0.532,1,False,,0.849,0.666,31.9,0,423283,libre_inversion,True,0,False,train
CAND-00221,2024-08-22,37,H,1963437.0,1,106587,1,0.038,2,False,,,0.76,34.2,0,759162,compra_cartera,True,0,False,train
CAND-02796,2024-08-22,49,M,2445680.0,17,15074,9,0.379,1,False,,0.399,0.915,22.5,0,368464,libre_inversion,True,0,False,train
CAND-00534,2024-08-22,45,H,2107388.0,5,134812,4,0.317,4,True,694.0,0.961,0.749,27.9,0,234968,libre_inversion,True,0,False,train
CAND-00274,2024-08-22,34,H,1597971.0,19,48031,8,0.259,5,False,,0.904,0.637,47.8,0,665542,libre_inversion,True,0,False,train
CAND-02805,2024-08-22,46,H,1540906.0,60,32657,30,0.601,3,False,,0.609,0.499,69.3,0,272919,libre_inversion,True,0,False,train
CAND-00048,2024-08-22,25,M,1375898.0,3,50658,3,0.499,1,False,,0.709,0.784,33.5,0,277316,libre_inversion,True,0,False,train
CAND-01892,2024-08-23,38,H,1030820.0,9,9191,9,0.192,2,False,,0.881,0.681,45.1,0,878014,avance_efectivo,True,1,False,train
CAND-02178,2024-08-23,45,H,931098.0,13,41451,5,0.193,2,False,,0.902,0.821,64.1,0,711144,avance_efectivo,True,0,False,train
CAND-02585,2024-08-23,48,M,1179622.0,8,128670,3,0.201,5,True,692.0,0.64,0.703,46.3,0,293885,compra_cartera,True,0,False,train
CAND-02646,2024-08-23,35,M,1061995.0,10,136792,4,0.335,4,False,,0.893,0.69,53.1,0,1016768,libre_inversion,True,0,False,train
CAND-01838,2024-08-23,44,M,1910204.0,36,60131,19,0.409,5,False,,0.91,0.527,68.4,0,428585,libre_inversion,True,0,False,train
CAND-01580,2024-08-23,34,H,1302037.0,7,88461,4,0.407,3,True,658.0,0.901,0.972,61.3,0,614632,libre_inversion,True,0,False,train
CAND-00367,2024-08-24,44,M,793524.0,39,46771,13,0.142,3,True,734.0,0.813,0.931,30.1,0,1333664,libre_inversion,True,0,False,train
CAND-02981,2024-08-24,19,H,791080.0,15,97144,13,0.208,4,False,,0.455,0.846,59.9,0,327125,compra_cartera,True,0,False,train
CAND-00363,2024-08-24,36,H,721767.0,15,58610,8,0.48,3,True,742.0,0.763,0.751,43.2,0,1285905,libre_inversion,True,0,False,train
CAND-01670,2024-08-24,51,M,1641266.0,5,72491,1,0.359,2,True,624.0,0.518,0.876,69.2,0,446111,libre_inversion,True,0,False,train
CAND-02801,2024-08-24,27,H,1477094.0,23,67502,13,0.553,3,False,,0.796,0.769,75.3,0,555208,compra_cartera,True,0,False,train
CAND-02466,2024-08-24,31,H,703496.0,5,85114,3,0.652,3,True,644.0,,0.683,42.8,0,543,avance_efectivo,True,0,False,train
CAND-00919,2024-08-24,32,M,684376.0,5,41549,3,0.353,1,True,635.0,,0.821,29.0,0,459740,libre_inversion,True,0,False,train
CAND-02615,2024-08-24,26,H,1673524.0,1,90992,1,0.059,1,True,691.0,0.876,0.633,49.1,0,720415,libre_inversion,True,0,False,train
CAND-00188,2024-08-24,34,M,1084452.0,3,103724,2,0.23,3,False,,0.917,0.876,26.1,0,432762,libre_inversion,True,0,False,train
CAND-01120,2024-08-24,32,H,821694.0,1,44661,1,0.098,3,False,,0.829,,39.7,0,189493,libre_inversion,True,0,False,train
CAND-01865,2024-08-25,30,M,1252159.0,23,45807,13,0.506,1,False,,0.799,0.864,35.7,0,638546,libre_inversion,True,0,False,train
CAND-02814,2024-08-25,41,M,1036172.0,2,43189,2,0.829,4,False,,0.737,0.826,76.1,0,826258,avance_efectivo,True,0,False,train
CAND-02495,2024-08-25,45,H,1027319.0,8,76354,5,0.21,3,True,629.0,0.638,,90.0,0,305868,libre_inversion,True,0,False,train
CAND-00050,2024-08-25,49,M,1123640.0,10,37231,7,0.616,4,False,,0.592,0.713,51.8,0,1089403,avance_efectivo,True,1,False,train
CAND-00525,2024-08-25,34,H,906172.0,3,63718,1,0.17,4,False,,0.928,0.482,36.8,0,1015082,libre_inversion,True,0,False,train
CAND-02288,2024-08-25,45,M,879561.0,19,25161,12,0.297,1,True,600.0,0.939,,28.7,0,1536607,libre_inversion,True,1,False,train
CAND-01406,2024-08-25,41,H,1564652.0,1,76262,1,0.238,1,False,,0.693,0.914,49.9,0,2002855,libre_inversion,True,0,False,train
CAND-02809,2024-08-25,30,M,1518088.0,13,45779,11,0.435,4,False,,0.821,0.479,41.4,0,941897,libre_inversion,True,0,False,train
CAND-00672,2024-08-25,21,H,907281.0,3,39626,4,0.568,3,False,,0.74,0.702,66.4,0,660729,libre_inversion,True,0,False,train
CAND-02199,2024-08-26,47,H,1178173.0,46,39712,22,0.388,3,True,533.0,0.752,0.767,71.5,0,268380,libre_inversion,True,0,False,train
CAND-01112,2024-08-26,41,H,711139.0,14,50262,10,0.318,1,True,683.0,0.671,0.753,62.2,0,1521925,avance_efectivo,True,0,False,train
CAND-00524,2024-08-26,57,M,571502.0,36,32744,13,0.217,3,True,582.0,0.855,0.815,56.2,0,2096289,libre_inversion,True,0,False,train
CAND-01127,2024-08-26,50,H,474919.0,22,21693,10,0.423,1,False,,0.848,0.83,53.2,0,908741,compra_cartera,True,0,False,train
CAND-01134,2024-08-26,40,H,1096142.0,9,91154,5,0.67,4,False,,0.759,0.8,73.6,0,550585,libre_inversion,True,0,False,train
CAND-01506,2024-08-26,46,M,1106216.0,13,97611,7,0.447,4,False,,0.419,0.918,40.3,0,1361191,avance_efectivo,True,0,False,train
CAND-00776,2024-08-26,48,H,1688241.0,51,134556,17,0.151,1,False,,0.869,0.791,49.5,0,821960,avance_efectivo,True,0,False,train
CAND-01144,2024-08-26,37,M,1066557.0,7,50991,0,0.487,3,True,851.0,0.916,0.649,48.0,0,404861,compra_cartera,True,0,False,train
CAND-02989,2024-08-26,44,H,757076.0,19,35460,10,0.31,1,False,,0.777,0.536,19.0,0,1018486,libre_inversion,True,0,False,train
CAND-00437,2024-08-26,29,H,1793450.0,1,98764,0,0.477,3,True,739.0,0.685,0.724,28.9,0,407307,libre_inversion,True,0,False,train
CAND-01612,2024-08-26,25,M,1043613.0,28,49438,16,0.617,1,True,643.0,0.787,0.801,51.9,0,374303,libre_inversion,True,0,False,train
CAND-02121,2024-08-26,33,M,813413.0,21,28684,11,0.245,2,True,665.0,0.811,0.834,55.3,0,2143532,avance_efectivo,True,1,False,train
CAND-02413,2024-08-26,19,H,2304524.0,6,59908,1,0.384,2,False,,0.585,,68.5,0,570014,libre_inversion,True,0,False,train
CAND-01769,2024-08-26,35,M,2856578.0,2,12008,1,0.677,2,True,607.0,0.758,0.85,52.7,0,887902,libre_inversion,True,0,False,train
CAND-01100,2024-08-27,19,H,1184537.0,12,68670,3,0.153,3,False,,0.681,0.905,23.7,0,2113066,libre_inversion,True,0,False,train
CAND-01047,2024-08-27,40,M,1070851.0,11,145766,8,0.341,1,False,,0.824,0.955,69.8,0,700262,compra_cartera,True,0,False,train
CAND-00705,2024-08-27,40,H,755309.0,5,148025,1,0.524,3,False,,0.872,0.847,84.8,0,522037,libre_inversion,True,0,False,train
CAND-02508,2024-08-27,37,M,1741351.0,1,42279,0,0.173,4,False,,0.741,0.65,62.4,0,702824,libre_inversion,True,0,False,train
CAND-01230,2024-08-27,35,M,1223717.0,14,54831,6,0.167,1,False,,0.646,0.971,43.0,0,1094749,compra_cartera,True,0,False,train
CAND-02520,2024-08-27,18,H,2019693.0,11,137529,4,0.042,2,True,704.0,0.767,0.898,54.5,0,293968,libre_inversion,True,0,False,train
CAND-02257,2024-08-27,44,H,1368098.0,14,51040,10,0.442,2,True,502.0,0.649,0.966,73.5,0,889775,libre_inversion,True,0,False,train
CAND-00320,2024-08-27,18,M,1407874.0,6,114349,1,0.338,3,False,,0.661,0.341,15.6,0,999586,libre_inversion,True,0,False,train
CAND-02557,2024-08-27,29,M,1006784.0,2,24027,1,0.178,1,False,,0.677,,13.4,0,233903,avance_efectivo,True,0,False,train
CAND-00114,2024-08-28,31,M,1218062.0,1,35941,1,0.069,2,True,572.0,0.833,0.89,61.9,0,627729,libre_inversion,True,0,False,train
CAND-02537,2024-08-28,38,M,1549080.0,24,93561,11,0.479,1,False,,0.762,0.739,61.4,0,527079,libre_inversion,True,0,False,train
CAND-00967,2024-08-28,44,H,2528963.0,10,96016,9,0.638,4,True,550.0,0.698,0.82,32.3,0,728484,compra_cartera,True,0,False,train
CAND-00688,2024-08-28,26,NB,1496542.0,2,59463,1,0.521,5,False,,0.633,0.624,58.3,0,847532,avance_efectivo,True,0,False,train
CAND-02703,2024-08-28,42,M,598794.0,9,35203,7,0.182,1,False,,0.899,0.826,18.9,0,714309,libre_inversion,True,0,False,train
CAND-02549,2024-08-28,32,H,1943740.0,21,49776,10,0.2,1,True,571.0,0.758,0.87,15.0,0,429197,compra_cartera,True,0,False,train
CAND-02569,2024-08-28,38,H,2165524.0,34,36830,18,0.266,2,False,,0.722,0.684,56.9,0,425426,libre_inversion,True,0,False,train
CAND-02086,2024-08-28,31,M,1543984.0,6,119264,7,0.34,2,False,,0.633,,36.6,0,1178362,compra_cartera,True,0,False,train
CAND-02138,2024-08-28,33,M,1815021.0,4,14225,0,0.15,4,False,,0.671,0.616,90.6,0,504371,compra_cartera,True,0,False,train
CAND-01852,2024-08-28,36,H,1387523.0,53,68542,26,0.366,3,False,,0.589,0.566,65.6,0,614043,libre_inversion,True,0,False,train
CAND-02450,2024-08-28,45,H,990627.0,3,23436,1,0.04,5,False,,0.781,0.755,59.6,0,599743,avance_efectivo,True,0,False,train
CAND-01383,2024-08-29,25,H,1828910.0,5,11372,2,0.741,4,True,590.0,0.787,0.599,33.5,0,489066,libre_inversion,True,1,False,train
CAND-02888,2024-08-29,41,M,1383842.0,3,63400,1,0.205,3,False,,0.523,0.945,41.9,0,580585,compra_cartera,True,0,False,train
CAND-02307,2024-08-29,38,H,1233495.0,6,52785,5,0.143,3,True,695.0,0.932,0.645,64.8,0,1558565,libre_inversion,True,0,False,train
CAND-02348,2024-08-29,35,H,1919115.0,5,100134,4,0.626,4,True,638.0,0.737,0.37,39.0,0,666344,avance_efectivo,True,0,False,train
CAND-00021,2024-08-29,18,M,1254321.0,5,64728,3,0.394,5,False,,0.962,0.479,31.9,0,1765732,libre_inversion,True,0,False,train
CAND-02984,2024-08-29,37,H,1060179.0,7,60152,1,0.396,1,False,,0.886,0.702,18.4,0,1181471,libre_inversion,True,0,False,train
CAND-01190,2024-08-29,49,M,923784.0,60,24010,33,0.516,3,False,,0.817,0.673,47.6,0,851029,libre_inversion,True,1,False,train
CAND-00858,2024-08-29,36,H,1646028.0,6,9116,5,0.156,1,True,651.0,0.853,0.799,58.7,0,216465,avance_efectivo,True,0,False,train
CAND-01223,2024-08-29,41,M,1409337.0,24,15745,6,0.223,2,False,,0.668,0.67,36.8,0,676929,avance_efectivo,True,0,False,train
CAND-00690,2024-08-29,43,H,833113.0,20,33871,11,0.173,5,False,,0.786,0.962,60.1,0,161715,compra_cartera,True,0,False,train
CAND-02222,2024-08-29,36,M,1436016.0,1,45359,0,0.291,4,False,,0.598,0.821,67.7,0,1426610,libre_inversion,True,0,False,train
CAND-01169,2024-08-29,27,H,535114.0,33,31019,12,0.459,1,False,,0.887,0.749,53.0,0,628441,libre_inversion,True,0,False,train
CAND-00724,2024-08-30,42,H,963730.0,8,17725,3,0.459,3,True,571.0,0.752,0.917,77.6,0,1008003,avance_efectivo,True,0,False,train
CAND-00400,2024-08-30,30,H,628716.0,5,22909,3,0.289,1,False,,0.832,0.732,50.8,0,633179,libre_inversion,True,0,False,train
CAND-00853,2024-08-30,29,H,1569160.0,10,82956,5,0.269,2,True,774.0,0.809,0.538,37.0,0,829,avance_efectivo,True,0,False,train
CAND-00097,2024-08-30,36,M,1256631.0,49,22715,24,0.257,4,False,,0.863,0.529,51.5,0,318910,libre_inversion,True,0,False,train
CAND-01676,2024-08-30,35,M,2252853.0,10,198944,10,0.105,1,True,684.0,0.963,0.972,62.2,0,1077326,avance_efectivo,True,0,False,train
CAND-02627,2024-08-30,34,H,976570.0,31,26511,17,0.68,1,True,657.0,0.828,0.602,10.1,0,1003346,avance_efectivo,True,0,False,train
CAND-01488,2024-08-30,45,H,516040.0,5,23877,6,0.35,5,False,,0.928,0.8,77.6,0,536075,avance_efectivo,True,0,False,train
CAND-00622,2024-08-30,32,H,1194254.0,29,56118,17,0.061,2,True,646.0,0.686,0.914,56.7,0,693935,libre_inversion,True,0,False,train
CAND-01338,2024-08-30,29,M,968585.0,2,5774,1,0.795,3,False,,0.682,0.911,54.8,19879,269078,compra_cartera,True,1,False,train
CAND-01928,2024-08-30,23,M,778449.0,27,35156,18,0.266,2,True,635.0,0.693,0.952,63.4,0,1648746,libre_inversion,True,0,False,train
CAND-02878,2024-08-30,47,M,767053.0,31,20342,17,0.243,1,False,,0.712,0.823,68.2,0,594612,libre_inversion,True,0,False,train
CAND-01263,2024-08-30,18,H,2530011.0,1,143064,1,0.582,3,True,592.0,0.785,0.57,79.8,0,215721,compra_cartera,True,0,False,train
CAND-02075,2024-08-30,18,NB,1265521.0,12,54107,5,0.046,5,False,,0.57,0.815,46.3,0,356961,libre_inversion,True,0,False,train
CAND-00747,2024-08-30,37,M,1180213.0,25,77053,15,0.723,2,True,647.0,0.452,0.862,65.4,0,448622,libre_inversion,True,0,False,train
CAND-01329,2024-08-31,34,H,1417386.0,28,54958,10,0.203,2,True,730.0,0.619,0.794,21.0,0,1575587,compra_cartera,True,0,False,train
CAND-00486,2024-08-31,26,M,748726.0,23,73035,7,0.353,2,False,,,0.389,81.8,0,503436,libre_inversion,True,1,False,train
CAND-00417,2024-08-31,20,M,3009089.0,3,93343,0,0.74,2,True,535.0,0.906,0.952,41.4,0,500323,compra_cartera,True,0,False,train
CAND-01556,2024-08-31,20,M,728536.0,8,59372,2,0.065,2,True,635.0,0.547,0.945,62.9,0,403247,libre_inversion,True,0,False,train
CAND-00313,2024-08-31,53,M,1124631.0,10,19461,5,0.456,3,False,,0.826,0.82,30.3,0,481170,libre_inversion,True,0,False,train
CAND-02608,2024-08-31,53,M,2216090.0,5,40440,4,0.52,4,False,,0.791,0.842,36.8,0,600835,libre_inversion,True,0,False,train
CAND-00075,2024-08-31,42,H,1528576.0,9,42850,3,0.325,4,True,678.0,0.655,0.787,46.8,0,100000,libre_inversion,True,0,False,train
CAND-00438,2024-08-31,43,M,1362604.0,6,24823,3,0.545,2,False,,0.914,,36.5,0,362630,libre_inversion,True,0,False,train
CAND-02548,2024-08-31,49,M,1427428.0,46,66236,19,0.225,1,True,639.0,0.81,0.849,17.7,0,345404,libre_inversion,True,0,False,train
CAND-01813,2024-08-31,21,H,924508.0,42,63911,24,0.178,4,False,,,0.849,45.7,0,549714,avance_efectivo,True,0,False,train
CAND-01103,2024-08-31,29,H,792622.0,3,75485,1,0.08,4,True,633.0,0.553,,23.1,0,383754,libre_inversion,True,0,False,train
