application_id,fecha_apertura,fecha_corte,altura_mora,saldo_capital
CAND-00001,2024-03-20,2024-04-19,0,428989
CAND-00001,2024-03-20,2024-05-19,0,386445
CAND-00001,2024-03-20,2024-06-18,0,347446
CAND-00001,2024-03-20,2024-07-18,0,314018
CAND-00002,2024-08-22,2024-09-21,0,784934
CAND-00002,2024-08-22,2024-10-21,30,761573
CAND-00002,2024-08-22,2024-11-20,0,714851
CAND-00003,2024-01-21,2024-02-20,0,541578
CAND-00003,2024-01-21,2024-03-21,0,489061
CAND-00003,2024-01-21,2024-04-20,0,456968
CAND-00003,2024-01-21,2024-05-20,0,404451
CAND-00003,2024-01-21,2024-06-19,0,356311
CAND-00004,2024-05-06,2024-06-05,0,1722667
CAND-00004,2024-05-06,2024-07-05,0,1550401
CAND-00004,2024-05-06,2024-08-04,0,1360907
CAND-00005,2024-09-28,2024-10-28,0,438552
CAND-00005,2024-09-28,2024-11-27,0,409185
CAND-00005,2024-09-28,2024-12-27,0,370028
CAND-00005,2024-09-28,2025-01-26,30,360439
CAND-00006,2024-10-18,2024-11-17,0,388958
CAND-00006,2024-10-18,2024-12-17,0,357168
CAND-00006,2024-10-18,2025-01-16,0,331339
CAND-00006,2024-10-18,2025-02-15,0,290012
CAND-00007,2024-02-12,2024-03-13,0,831395
CAND-00007,2024-02-12,2024-04-12,0,781653
CAND-00007,2024-02-12,2024-05-12,0,707041
CAND-00007,2024-02-12,2024-06-11,0,657299
CAND-00008,2024-05-31,2024-06-30,0,409399
CAND-00008,2024-05-31,2024-07-30,0,369080
CAND-00008,2024-05-31,2024-08-29,0,328760
CAND-00008,2024-05-31,2024-09-28,0,284409
CAND-00008,2024-05-31,2024-10-28,0,258319
CAND-00008,2024-05-31,2024-11-27,0,230600
CAND-00009,2024-08-14,2024-09-13,0,462390
CAND-00009,2024-08-14,2024-10-13,0,420646
CAND-00009,2024-08-14,2024-11-12,0,378903
CAND-00009,2024-08-14,2024-12-12,30,368680
CAND-00009,2024-08-14,2025-01-11,0,330147
CAND-00009,2024-08-14,2025-02-10,0,300681
CAND-00010,2024-03-03,2024-04-02,0,276203
CAND-00010,2024-03-03,2024-05-02,0,246742
CAND-00010,2024-03-03,2024-06-01,0,225698
CAND-00010,2024-03-03,2024-07-01,0,201146
CAND-00010,2024-03-03,2024-07-31,0,181505
CAND-00011,2024-04-10,2024-05-10,0,569034
CAND-00011,2024-04-10,2024-06-09,0,533593
CAND-00011,2024-04-10,2024-07-09,0,498151
CAND-00012,2024-04-27,2024-05-27,0,967091
CAND-00012,2024-04-27,2024-06-26,0,898013
CAND-00012,2024-04-27,2024-07-26,0,818308
CAND-00012,2024-04-27,2024-08-25,0,757357
CAND-00012,2024-04-27,2024-09-24,0,653740
CAND-00012,2024-04-27,2024-10-24,0,550123
CAND-00013,2024-05-06,2024-06-05,0,887762
CAND-00013,2024-05-06,2024-07-05,0,813782
CAND-00013,2024-05-06,2024-08-04,0,760352
CAND-00013,2024-05-06,2024-09-03,0,680206
CAND-00013,2024-05-06,2024-10-03,0,600061
CAND-00013,2024-05-06,2024-11-02,0,543488
CAND-00014,2024-01-21,2024-02-20,0,428512
CAND-00014,2024-01-21,2024-03-21,30,419094
CAND-00014,2024-01-21,2024-04-20,0,372946
CAND-00014,2024-01-21,2024-05-20,0,337448
CAND-00015,2024-05-02,2024-06-01,0,421073
CAND-00015,2024-05-02,2024-07-01,0,375958
CAND-00015,2024-05-02,2024-07-31,0,341254
CAND-00015,2024-05-02,2024-08-30,0,313058
CAND-00016,2024-05-08,2024-06-07,0,567681
CAND-00016,2024-05-08,2024-07-07,0,524747
CAND-00016,2024-05-08,2024-08-06,0,489390
CAND-00016,2024-05-08,2024-09-05,0,443153
CAND-00016,2024-05-08,2024-10-05,0,405586
CAND-00016,2024-05-08,2024-11-04,0,359350
CAND-00017,2024-03-21,2024-04-20,0,996467
CAND-00017,2024-03-21,2024-05-20,0,936495
CAND-00017,2024-03-21,2024-06-19,0,828544
CAND-00018,2024-06-07,2024-07-07,0,781472
CAND-00018,2024-06-07,2024-08-06,0,728873
CAND-00018,2024-06-07,2024-09-05,0,644714
CAND-00018,2024-06-07,2024-10-05,0,597960
CAND-00018,2024-06-07,2024-11-04,0,533222
CAND-00019,2024-06-25,2024-07-25,0,550537
CAND-00019,2024-06-25,2024-08-24,0,515993
CAND-00019,2024-06-25,2024-09-23,0,470821
CAND-00019,2024-06-25,2024-10-23,0,421884
CAND-00019,2024-06-25,2024-11-22,0,372948
CAND-00020,2024-01-23,2024-02-22,0,393672
CAND-00020,2024-01-23,2024-03-23,0,362996
CAND-00020,2024-01-23,2024-04-22,0,334365
CAND-00020,2024-01-23,2024-05-22,0,305735
CAND-00020,2024-01-23,2024-06-21,0,269946
CAND-00020,2024-01-23,2024-07-21,0,241316
CAND-00021,2024-09-28,2024-10-28,0,1118979
CAND-00021,2024-09-28,2024-11-27,0,1049906
CAND-00021,2024-09-28,2024-12-27,0,936878
CAND-00021,2024-09-28,2025-01-26,0,853991
CAND-00022,2024-05-29,2024-06-28,0,267049
CAND-00022,2024-05-29,2024-07-28,0,242322
CAND-00022,2024-05-29,2024-08-27,0,212650
CAND-00023,2024-05-20,2024-06-19,0,388493
CAND-00023,2024-05-20,2024-07-19,0,356310
CAND-00023,2024-05-20,2024-08-18,0,328418
CAND-00023,2024-05-20,2024-09-17,0,302270
CAND-00024,2024-03-22,2024-04-21,30,1146967
CAND-00024,2024-03-22,2024-05-21,60,1118059
CAND-00024,2024-03-22,2024-06-20,90,1089152
CAND-00024,2024-03-22,2024-07-20,115,1063387
CAND-00024,2024-03-22,2024-08-19,115,1025155
CAND-00024,2024-03-22,2024-09-18,115,1000967
CAND-00025,2024-08-04,2024-09-03,0,2530850
CAND-00025,2024-08-04,2024-10-03,0,2324717
CAND-00025,2024-08-04,2024-11-02,0,2101407
CAND-00025,2024-08-04,2024-12-02,0,1878096
CAND-00026,2024-03-09,2024-04-08,30,614872
CAND-00026,2024-03-09,2024-05-08,60,603654
CAND-00026,2024-03-09,2024-06-07,90,584616
CAND-00026,2024-03-09,2024-07-07,104,570655
CAND-00026,2024-03-09,2024-08-06,104,553204
CAND-00027,2024-06-02,2024-07-02,0,604325
CAND-00027,2024-06-02,2024-08-01,0,549387
CAND-00027,2024-06-02,2024-08-31,0,483460
CAND-00027,2024-06-02,2024-09-30,30,471474
CAND-00027,2024-06-02,2024-10-30,60,454569
CAND-00029,2024-04-17,2024-05-17,0,510245
CAND-00029,2024-04-17,2024-06-16,0,473136
CAND-00029,2024-04-17,2024-07-16,0,436028
CAND-00029,2024-04-17,2024-08-15,0,380365
CAND-00029,2024-04-17,2024-09-14,0,324701
CAND-00030,2024-04-16,2024-05-16,0,691752
CAND-00030,2024-04-16,2024-06-15,30,668169
CAND-00030,2024-04-16,2024-07-15,0,626245
CAND-00030,2024-04-16,2024-08-14,0,579080
CAND-00030,2024-04-16,2024-09-13,0,521031
CAND-00030,2024-04-16,2024-10-13,0,476640
CAND-00031,2024-08-03,2024-09-02,0,1174950
CAND-00031,2024-08-03,2024-10-02,0,1094840
CAND-00031,2024-08-03,2024-11-01,0,1003286
CAND-00031,2024-08-03,2024-12-01,0,904688
CAND-00031,2024-08-03,2024-12-31,30,880504
CAND-00031,2024-08-03,2025-01-30,60,854346
CAND-00032,2024-04-10,2024-05-10,0,727869
CAND-00032,2024-04-10,2024-06-09,0,678242
CAND-00032,2024-04-10,2024-07-09,0,634128
CAND-00033,2024-08-01,2024-08-31,0,305784
CAND-00033,2024-08-01,2024-09-30,0,276248
CAND-00033,2024-08-01,2024-10-30,0,253042
CAND-00033,2024-08-01,2024-11-29,0,223506
CAND-00033,2024-08-01,2024-12-29,0,196431
CAND-00033,2024-08-01,2025-01-28,0,166895
CAND-00034,2024-05-04,2024-06-03,0,484093
CAND-00034,2024-05-04,2024-07-03,0,455130
CAND-00034,2024-05-04,2024-08-02,30,445294
CAND-00034,2024-05-04,2024-09-01,0,405191
CAND-00035,2024-09-18,2024-10-18,0,1458923
CAND-00035,2024-09-18,2024-11-17,0,1337346
CAND-00035,2024-09-18,2024-12-17,0,1224453
CAND-00035,2024-09-18,2025-01-16,0,1080771
CAND-00036,2024-08-27,2024-09-26,0,314846
CAND-00036,2024-08-27,2024-10-26,0,286969
CAND-00036,2024-08-27,2024-11-25,0,267291
CAND-00036,2024-08-27,2024-12-25,30,260174
CAND-00037,2024-08-07,2024-09-06,0,586911
CAND-00037,2024-08-07,2024-10-06,0,549510
CAND-00037,2024-08-07,2024-11-05,0,485928
CAND-00037,2024-08-07,2024-12-05,30,465417
CAND-00038,2024-08-12,2024-09-11,0,732709
CAND-00038,2024-08-12,2024-10-11,0,677294
CAND-00038,2024-08-12,2024-11-10,0,631659
CAND-00038,2024-08-12,2024-12-10,0,571981
CAND-00038,2024-08-12,2025-01-09,0,494400
CAND-00039,2024-06-13,2024-07-13,0,589291
CAND-00039,2024-06-13,2024-08-12,0,552588
CAND-00039,2024-06-13,2024-09-11,0,513590
CAND-00040,2024-09-25,2024-10-25,0,601578
CAND-00040,2024-09-25,2024-11-24,0,562653
CAND-00040,2024-09-25,2024-12-24,0,521294
CAND-00041,2024-01-30,2024-02-29,0,673075
CAND-00041,2024-01-30,2024-03-30,0,630654
CAND-00041,2024-01-30,2024-04-29,0,575181
CAND-00042,2024-02-17,2024-03-18,0,1413130
CAND-00042,2024-02-17,2024-04-17,30,1368970
CAND-00042,2024-02-17,2024-05-17,60,1326071
CAND-00042,2024-02-17,2024-06-16,90,1288535
CAND-00043,2024-09-28,2024-10-28,0,359526
CAND-00043,2024-09-28,2024-11-27,0,324328
CAND-00043,2024-09-28,2024-12-27,0,298516
CAND-00043,2024-09-28,2025-01-26,0,270860
CAND-00043,2024-09-28,2025-02-25,0,249350
CAND-00044,2024-04-26,2024-05-26,30,656405
CAND-00044,2024-04-26,2024-06-25,60,643772
CAND-00044,2024-04-26,2024-07-25,90,632026
CAND-00045,2024-02-22,2024-03-23,0,629580
CAND-00045,2024-02-22,2024-04-22,30,610468
CAND-00045,2024-02-22,2024-05-22,60,598306
CAND-00045,2024-02-22,2024-06-21,90,581990
CAND-00046,2024-05-31,2024-06-30,30,997159
CAND-00046,2024-05-31,2024-07-30,0,928604
CAND-00046,2024-05-31,2024-08-29,0,860049
CAND-00046,2024-05-31,2024-09-28,0,766566
CAND-00046,2024-05-31,2024-10-28,0,687464
CAND-00047,2024-03-07,2024-04-06,0,410601
CAND-00047,2024-03-07,2024-05-06,0,385027
CAND-00047,2024-03-07,2024-06-05,0,353973
CAND-00047,2024-03-07,2024-07-05,0,317744
CAND-00048,2024-09-17,2024-10-17,0,394676
CAND-00048,2024-09-17,2024-11-16,0,355535
CAND-00048,2024-09-17,2024-12-16,0,312479
CAND-00049,2024-02-06,2024-03-07,30,345583
CAND-00049,2024-02-06,2024-04-06,0,321866
CAND-00049,2024-02-06,2024-05-06,0,300940
CAND-00049,2024-02-06,2024-06-05,0,281176
CAND-00049,2024-02-06,2024-07-05,0,255766
CAND-00050,2024-09-16,2024-10-16,30,961910
CAND-00050,2024-09-16,2024-11-15,60,945012
CAND-00050,2024-09-16,2024-12-15,90,917011
CAND-00050,2024-09-16,2025-01-14,107,893107
CAND-00051,2024-02-19,2024-03-20,0,586856
CAND-00051,2024-02-19,2024-04-19,0,534190
CAND-00051,2024-02-19,2024-05-19,0,470990
CAND-00051,2024-02-19,2024-06-18,0,422374
CAND-00052,2024-05-04,2024-06-03,0,868496
CAND-00052,2024-05-04,2024-07-03,0,791598
CAND-00052,2024-05-04,2024-08-02,0,733924
CAND-00052,2024-05-04,2024-09-01,0,676251
CAND-00053,2024-07-04,2024-08-03,0,399616
CAND-00053,2024-07-04,2024-09-02,0,364095
CAND-00053,2024-07-04,2024-10-02,0,321469
CAND-00053,2024-07-04,2024-11-01,0,278843
CAND-00053,2024-07-04,2024-12-01,0,252202
CAND-00054,2024-02-22,2024-03-23,0,814489
CAND-00054,2024-02-22,2024-04-22,0,765469
CAND-00054,2024-02-22,2024-05-22,0,706645
CAND-00054,2024-02-22,2024-06-21,0,626430
CAND-00055,2024-05-11,2024-06-10,0,622159
CAND-00055,2024-05-11,2024-07-10,0,575105
CAND-00055,2024-05-11,2024-08-09,0,536355
CAND-00055,2024-05-11,2024-09-08,0,476468
CAND-00056,2024-04-06,2024-05-06,0,774831
CAND-00056,2024-04-06,2024-06-05,0,703087
CAND-00056,2024-04-06,2024-07-05,0,636862
CAND-00056,2024-04-06,2024-08-04,0,579467
CAND-00057,2024-06-30,2024-07-30,0,242578
CAND-00057,2024-06-30,2024-08-29,0,221174
CAND-00057,2024-06-30,2024-09-28,0,204051
CAND-00057,2024-06-30,2024-10-28,0,189781
CAND-00057,2024-06-30,2024-11-27,0,171435
CAND-00057,2024-06-30,2024-12-27,0,148085
CAND-00058,2024-08-25,2024-09-24,0,1603805
CAND-00058,2024-08-25,2024-10-24,0,1509136
CAND-00058,2024-08-25,2024-11-23,0,1378056
CAND-00058,2024-08-25,2024-12-23,0,1277818
CAND-00058,2024-08-25,2025-01-22,0,1107414
CAND-00058,2024-08-25,2025-02-21,30,1064813
CAND-00059,2024-03-13,2024-04-12,30,782011
CAND-00059,2024-03-13,2024-05-12,0,715700
CAND-00059,2024-03-13,2024-06-11,30,701490
CAND-00059,2024-03-13,2024-07-11,0,657283
CAND-00059,2024-03-13,2024-08-10,0,577710
CAND-00060,2024-07-23,2024-08-22,30,2430147
CAND-00060,2024-07-23,2024-09-21,60,2358979
CAND-00060,2024-07-23,2024-10-21,90,2298225
CAND-00060,2024-07-23,2024-11-20,93,2238918
CAND-00061,2024-02-13,2024-03-14,0,778203
CAND-00061,2024-02-13,2024-04-13,0,725144
CAND-00061,2024-02-13,2024-05-13,0,664505
CAND-00062,2024-05-29,2024-06-28,0,311891
CAND-00062,2024-05-29,2024-07-28,0,281870
CAND-00062,2024-05-29,2024-08-27,0,261230
CAND-00063,2024-03-11,2024-04-10,0,249158
CAND-00063,2024-03-11,2024-05-10,0,225175
CAND-00063,2024-03-11,2024-06-09,0,210518
CAND-00063,2024-03-11,2024-07-09,0,195000
CAND-00064,2024-08-21,2024-09-20,0,519109
CAND-00064,2024-08-21,2024-10-20,0,488051
CAND-00064,2024-08-21,2024-11-19,0,432147
CAND-00064,2024-08-21,2024-12-19,0,381325
CAND-00064,2024-08-21,2025-01-18,0,348440
CAND-00065,2024-04-07,2024-05-07,30,311755
CAND-00065,2024-04-07,2024-06-06,0,290465
CAND-00065,2024-04-07,2024-07-06,30,283368
CAND-00065,2024-04-07,2024-08-05,0,256754
CAND-00065,2024-04-07,2024-09-04,0,235464
CAND-00065,2024-04-07,2024-10-04,0,214173
CAND-00066,2024-03-21,2024-04-20,0,1330482
CAND-00066,2024-03-21,2024-05-20,0,1202415
CAND-00066,2024-03-21,2024-06-19,0,1119547
CAND-00066,2024-03-21,2024-07-19,0,1011182
CAND-00066,2024-03-21,2024-08-18,0,923135
CAND-00067,2024-05-02,2024-06-01,0,708532
CAND-00067,2024-05-02,2024-07-01,0,653705
CAND-00067,2024-05-02,2024-07-31,30,638654
CAND-00068,2024-06-17,2024-07-17,0,842875
CAND-00068,2024-06-17,2024-08-16,0,751564
CAND-00068,2024-06-17,2024-09-15,0,675471
CAND-00068,2024-06-17,2024-10-15,0,621758
CAND-00069,2024-06-16,2024-07-16,0,185098
CAND-00069,2024-06-16,2024-08-15,0,164531
CAND-00069,2024-06-16,2024-09-14,0,151677
CAND-00070,2024-09-02,2024-10-02,0,284445
CAND-00070,2024-09-02,2024-11-01,0,266192
CAND-00070,2024-09-02,2024-12-01,30,260225
CAND-00070,2024-09-02,2024-12-31,0,239538
CAND-00070,2024-09-02,2025-01-30,0,211328
CAND-00070,2024-09-02,2025-03-01,0,180298
CAND-00071,2024-01-22,2024-02-21,30,827129
CAND-00071,2024-01-22,2024-03-22,60,812328
CAND-00071,2024-01-22,2024-04-21,90,796705
CAND-00071,2024-01-22,2024-05-21,91,779128
CAND-00072,2024-07-26,2024-08-25,0,605809
CAND-00072,2024-07-26,2024-09-24,0,549715
CAND-00072,2024-07-26,2024-10-24,30,529318
CAND-00072,2024-07-26,2024-11-23,0,484443
CAND-00072,2024-07-26,2024-12-23,0,428350
CAND-00073,2024-04-30,2024-05-30,0,184584
CAND-00073,2024-04-30,2024-06-29,0,170624
CAND-00073,2024-04-30,2024-07-29,0,151080
CAND-00073,2024-04-30,2024-08-28,0,137120
CAND-00074,2024-06-24,2024-07-24,0,227366
CAND-00074,2024-06-24,2024-08-23,0,207234
CAND-00074,2024-06-24,2024-09-22,0,192136
CAND-00075,2024-09-05,2024-10-05,0,664612
CAND-00075,2024-09-05,2024-11-04,0,604612
CAND-00075,2024-09-05,2024-12-04,0,532612
CAND-00076,2024-01-20,2024-02-19,0,270391
CAND-00076,2024-01-20,2024-03-20,0,254368
CAND-00076,2024-01-20,2024-04-19,0,235140
CAND-00076,2024-01-20,2024-05-19,0,211105
CAND-00076,2024-01-20,2024-06-18,0,193079
CAND-00077,2024-08-09,2024-09-08,0,537065
CAND-00077,2024-08-09,2024-10-08,0,498006
CAND-00077,2024-08-09,2024-11-07,0,456156
CAND-00077,2024-08-09,2024-12-07,0,423607
CAND-00077,2024-08-09,2025-01-06,0,374783
CAND-00077,2024-08-09,2025-02-05,0,332934
CAND-00078,2024-06-25,2024-07-25,0,476127
CAND-00078,2024-06-25,2024-08-24,0,448119
CAND-00078,2024-06-25,2024-09-23,0,412110
CAND-00078,2024-06-25,2024-10-23,0,382455
CAND-00078,2024-06-25,2024-11-22,0,352800
CAND-00078,2024-06-25,2024-12-22,0,306969
CAND-00079,2024-09-26,2024-10-26,0,383500
CAND-00079,2024-09-26,2024-11-25,0,357534
CAND-00079,2024-09-26,2024-12-25,0,333095
CAND-00079,2024-09-26,2025-01-24,0,301137
CAND-00080,2024-04-05,2024-05-05,0,744617
CAND-00080,2024-04-05,2024-06-04,0,665191
CAND-00080,2024-04-05,2024-07-04,0,618470
CAND-00080,2024-04-05,2024-08-03,0,552282
CAND-00081,2024-07-24,2024-08-23,0,1230479
CAND-00081,2024-07-24,2024-09-22,0,1121530
CAND-00081,2024-07-24,2024-10-22,0,1002677
CAND-00082,2024-07-14,2024-08-13,0,572422
CAND-00082,2024-07-14,2024-09-12,0,517131
CAND-00082,2024-07-14,2024-10-12,0,456311
CAND-00082,2024-07-14,2024-11-11,0,401020
CAND-00082,2024-07-14,2024-12-11,0,345730
CAND-00082,2024-07-14,2025-01-10,0,309953
CAND-00083,2024-07-04,2024-08-03,0,307290
CAND-00083,2024-07-04,2024-09-02,0,281026
CAND-00083,2024-07-04,2024-10-02,0,252573
CAND-00083,2024-07-04,2024-11-01,30,246250
CAND-00083,2024-07-04,2024-12-01,60,234869
CAND-00083,2024-07-04,2024-12-31,90,227109
CAND-00084,2024-05-26,2024-06-25,0,1061127
CAND-00084,2024-05-26,2024-07-25,0,996281
CAND-00084,2024-05-26,2024-08-24,0,906493
CAND-00084,2024-05-26,2024-09-23,30,870017
CAND-00084,2024-05-26,2024-10-23,0,786642
CAND-00085,2024-06-01,2024-07-01,0,660816
CAND-00085,2024-06-01,2024-07-31,0,619353
CAND-00085,2024-06-01,2024-08-30,0,575298
CAND-00085,2024-06-01,2024-09-29,0,504811
CAND-00086,2024-09-10,2024-10-10,0,296854
CAND-00086,2024-09-10,2024-11-09,0,269368
CAND-00086,2024-09-10,2024-12-09,0,247378
CAND-00086,2024-09-10,2025-01-08,0,225389
CAND-00086,2024-09-10,2025-02-07,0,200017
CAND-00087,2024-05-07,2024-06-06,0,619783
CAND-00087,2024-05-07,2024-07-06,30,607978
CAND-00087,2024-05-07,2024-08-05,0,566659
CAND-00088,2024-10-10,2024-11-09,0,1384656
CAND-00088,2024-10-10,2024-12-09,0,1279934
CAND-00088,2024-10-10,2025-01-08,0,1133323
CAND-00089,2024-08-01,2024-08-31,0,846293
CAND-00089,2024-08-01,2024-09-30,0,788591
CAND-00089,2024-08-01,2024-10-30,0,734284
CAND-00090,2024-07-04,2024-08-03,0,214669
CAND-00090,2024-07-04,2024-09-02,0,201139
CAND-00090,2024-07-04,2024-10-02,30,196347
CAND-00090,2024-07-04,2024-11-01,0,173347
CAND-00091,2024-10-11,2024-11-10,0,297930
CAND-00091,2024-10-11,2024-12-10,0,276744
CAND-00091,2024-10-11,2025-01-09,0,244965
CAND-00091,2024-10-11,2025-02-08,0,220519
CAND-00092,2024-10-01,2024-10-31,0,488457
CAND-00092,2024-10-01,2024-11-30,0,453180
CAND-00092,2024-10-01,2024-12-30,0,405074
CAND-00092,2024-10-01,2025-01-29,0,369797
CAND-00092,2024-10-01,2025-02-28,0,329092
CAND-00092,2024-10-01,2025-03-30,0,280986
CAND-00093,2024-09-22,2024-10-22,0,805877
CAND-00093,2024-09-22,2024-11-21,0,741919
CAND-00093,2024-09-22,2024-12-21,0,667300
CAND-00093,2024-09-22,2025-01-20,0,598422
CAND-00093,2024-09-22,2025-02-19,0,534463
CAND-00093,2024-09-22,2025-03-21,0,453062
CAND-00094,2024-07-29,2024-08-28,0,390025
CAND-00094,2024-07-29,2024-09-27,0,356689
CAND-00094,2024-07-29,2024-10-27,0,329604
CAND-00094,2024-07-29,2024-11-26,0,304113
CAND-00094,2024-07-29,2024-12-26,0,273158
CAND-00095,2024-05-13,2024-06-12,0,328303
CAND-00095,2024-05-13,2024-07-12,0,296325
CAND-00095,2024-05-13,2024-08-11,0,264348
CAND-00095,2024-05-13,2024-09-10,0,243656
CAND-00096,2024-08-01,2024-08-31,0,305920
CAND-00096,2024-08-01,2024-09-30,30,300105
CAND-00096,2024-08-01,2024-10-30,0,279392
CAND-00096,2024-08-01,2024-11-29,0,249264
CAND-00096,2024-08-01,2024-12-29,30,242059
CAND-00097,2024-09-09,2024-10-09,0,350859
CAND-00097,2024-09-09,2024-11-08,0,319532
CAND-00097,2024-09-09,2024-12-08,0,288205
CAND-00098,2024-07-20,2024-08-19,0,332753
CAND-00098,2024-07-20,2024-09-18,0,310570
CAND-00098,2024-07-20,2024-10-18,0,283267
CAND-00098,2024-07-20,2024-11-17,0,251000
CAND-00098,2024-07-20,2024-12-17,0,228816
CAND-00098,2024-07-20,2025-01-16,0,201514
CAND-00099,2024-03-04,2024-04-03,0,340889
CAND-00099,2024-03-04,2024-05-03,0,312045
CAND-00099,2024-03-04,2024-06-02,0,287046
CAND-00099,2024-03-04,2024-07-02,0,263610
CAND-00099,2024-03-04,2024-08-01,0,238611
CAND-00099,2024-03-04,2024-08-31,0,211827
CAND-00100,2024-04-09,2024-05-09,0,343529
CAND-00100,2024-04-09,2024-06-08,0,320627
CAND-00100,2024-04-09,2024-07-08,0,296198
CAND-00100,2024-04-09,2024-08-07,0,268011
CAND-00100,2024-04-09,2024-09-06,0,243583
CAND-00101,2024-07-15,2024-08-14,0,994344
CAND-00101,2024-07-15,2024-09-13,0,897923
CAND-00101,2024-07-15,2024-10-13,0,838999
CAND-00102,2024-05-25,2024-06-24,0,631009
CAND-00102,2024-05-25,2024-07-24,0,568429
CAND-00102,2024-05-25,2024-08-23,0,511065
CAND-00103,2024-03-16,2024-04-15,0,586793
CAND-00103,2024-03-16,2024-05-15,0,523922
CAND-00103,2024-03-16,2024-06-14,0,475560
CAND-00104,2024-03-04,2024-04-03,0,1007637
CAND-00104,2024-03-04,2024-05-03,0,918069
CAND-00104,2024-03-04,2024-06-02,0,820359
CAND-00105,2024-07-06,2024-08-05,30,378452
CAND-00105,2024-07-06,2024-09-04,60,371668
CAND-00105,2024-07-06,2024-10-04,90,365114
CAND-00106,2024-05-10,2024-06-09,0,598986
CAND-00106,2024-05-10,2024-07-09,30,587988
CAND-00106,2024-05-10,2024-08-08,0,549817
CAND-00106,2024-05-10,2024-09-07,30,530732
CAND-00106,2024-05-10,2024-10-07,0,490176
CAND-00106,2024-05-10,2024-11-06,0,446916
CAND-00107,2024-04-01,2024-05-01,0,587263
CAND-00107,2024-04-01,2024-05-31,0,547736
CAND-00107,2024-04-01,2024-06-30,30,534829
CAND-00108,2024-03-07,2024-04-06,0,821664
CAND-00108,2024-03-07,2024-05-06,30,804869
CAND-00108,2024-03-07,2024-06-05,0,730691
CAND-00108,2024-03-07,2024-07-05,30,703717
CAND-00108,2024-03-07,2024-08-04,0,648084
CAND-00109,2024-09-12,2024-10-12,0,428710
CAND-00109,2024-09-12,2024-11-11,0,398088
CAND-00109,2024-09-12,2024-12-11,0,356330
CAND-00109,2024-09-12,2025-01-10,0,314573
CAND-00109,2024-09-12,2025-02-09,0,287553
CAND-00110,2024-03-28,2024-04-27,0,310489
CAND-00110,2024-03-28,2024-05-27,0,279910
CAND-00110,2024-03-28,2024-06-26,0,249332
CAND-00110,2024-03-28,2024-07-26,0,226908
CAND-00110,2024-03-28,2024-08-25,0,193272
CAND-00111,2024-10-14,2024-11-13,0,524558
CAND-00111,2024-10-14,2024-12-13,0,472897
CAND-00111,2024-10-14,2025-01-12,0,429184
CAND-00111,2024-10-14,2025-02-11,0,391299
CAND-00111,2024-10-14,2025-03-13,0,339638
CAND-00111,2024-10-14,2025-04-12,0,308067
CAND-00112,2024-04-24,2024-05-24,0,276711
CAND-00112,2024-04-24,2024-06-23,0,257975
CAND-00112,2024-04-24,2024-07-23,0,239240
CAND-00113,2024-05-29,2024-06-28,0,447420
CAND-00113,2024-05-29,2024-07-28,0,403048
CAND-00113,2024-05-29,2024-08-27,0,374337
CAND-00113,2024-05-29,2024-09-26,0,329964
CAND-00113,2024-05-29,2024-10-26,0,285592
CAND-00113,2024-05-29,2024-11-25,0,258476
CAND-00114,2024-09-27,2024-10-27,0,495507
CAND-00114,2024-09-27,2024-11-26,0,466012
CAND-00114,2024-09-27,2024-12-26,30,449422
CAND-00115,2024-02-05,2024-03-06,0,671593
CAND-00115,2024-02-05,2024-04-05,0,629619
CAND-00115,2024-02-05,2024-05-05,0,578650
CAND-00115,2024-02-05,2024-06-04,0,531078
CAND-00116,2024-04-20,2024-05-20,0,487918
CAND-00116,2024-04-20,2024-06-19,0,453222
CAND-00116,2024-04-20,2024-07-19,30,441393
CAND-00117,2024-01-29,2024-02-28,0,166069
CAND-00117,2024-01-29,2024-03-29,0,155041
CAND-00117,2024-01-29,2024-04-28,0,140337
CAND-00118,2024-02-26,2024-03-27,0,209258
CAND-00118,2024-02-26,2024-04-26,0,188506
CAND-00118,2024-02-26,2024-05-26,0,165677
CAND-00118,2024-02-26,2024-06-25,0,151410
CAND-00119,2024-02-24,2024-03-25,0,147033
CAND-00119,2024-02-24,2024-04-24,0,137957
CAND-00119,2024-02-24,2024-05-24,0,124343
CAND-00119,2024-02-24,2024-06-23,0,111776
CAND-00119,2024-02-24,2024-07-23,0,102166
CAND-00119,2024-02-24,2024-08-22,0,90497
CAND-00120,2024-06-20,2024-07-20,0,1833487
CAND-00120,2024-06-20,2024-08-19,0,1714850
CAND-00120,2024-06-20,2024-09-18,0,1513166
CAND-00120,2024-06-20,2024-10-18,0,1401120
CAND-00120,2024-06-20,2024-11-17,0,1266664
CAND-00121,2024-08-10,2024-09-09,0,1643698
CAND-00121,2024-08-10,2024-10-09,0,1479328
CAND-00121,2024-08-10,2024-11-08,0,1372971
CAND-00121,2024-08-10,2024-12-08,0,1208602
CAND-00122,2024-09-29,2024-10-29,0,486360
CAND-00122,2024-09-29,2024-11-28,0,449448
CAND-00122,2024-09-29,2024-12-28,30,437965
CAND-00122,2024-09-29,2025-01-27,60,425046
CAND-00122,2024-09-29,2025-02-26,90,413301
CAND-00123,2024-05-23,2024-06-22,0,382481
CAND-00123,2024-05-23,2024-07-22,0,356583
CAND-00123,2024-05-23,2024-08-21,0,322054
CAND-00123,2024-05-23,2024-09-20,0,280619
CAND-00123,2024-05-23,2024-10-20,0,239183
CAND-00124,2024-04-14,2024-05-14,0,578489
CAND-00124,2024-04-14,2024-06-13,0,540074
CAND-00124,2024-04-14,2024-07-13,0,496171
CAND-00124,2024-04-14,2024-08-12,0,457756
CAND-00124,2024-04-14,2024-09-11,0,401879
CAND-00125,2024-05-05,2024-06-04,0,423085
CAND-00125,2024-05-05,2024-07-04,0,392529
CAND-00125,2024-05-05,2024-08-03,0,346695
CAND-00125,2024-05-05,2024-09-02,0,300860
CAND-00126,2024-02-10,2024-03-11,0,287205
CAND-00126,2024-02-10,2024-04-10,0,269254
CAND-00126,2024-02-10,2024-05-10,0,247458
CAND-00126,2024-02-10,2024-06-09,0,223984
CAND-00126,2024-02-10,2024-07-09,0,200511
CAND-00126,2024-02-10,2024-08-08,0,181439
CAND-00127,2024-08-15,2024-09-14,0,3594422
CAND-00127,2024-08-15,2024-10-14,0,3367882
CAND-00127,2024-08-15,2024-11-13,0,3092799
CAND-00128,2024-01-22,2024-02-21,0,367453
CAND-00128,2024-01-22,2024-03-22,0,334280
CAND-00128,2024-01-22,2024-04-21,0,303659
CAND-00128,2024-01-22,2024-05-21,0,278779
CAND-00128,2024-01-22,2024-06-20,0,242591
CAND-00128,2024-01-22,2024-07-20,0,202783
CAND-00129,2024-01-24,2024-02-23,0,384135
CAND-00129,2024-01-24,2024-03-24,0,352848
CAND-00129,2024-01-24,2024-04-23,0,330252
CAND-00129,2024-01-24,2024-05-23,0,293276
CAND-00130,2024-05-15,2024-06-14,30,251199
CAND-00130,2024-05-15,2024-07-14,0,236094
CAND-00130,2024-05-15,2024-08-13,30,231059
CAND-00131,2024-03-27,2024-04-26,0,1684583
CAND-00131,2024-03-27,2024-05-26,0,1554228
CAND-00131,2024-03-27,2024-06-25,0,1371732
CAND-00132,2024-05-12,2024-06-11,0,290755
CAND-00132,2024-05-12,2024-07-11,0,267910
CAND-00132,2024-05-12,2024-08-10,30,261875
CAND-00133,2024-07-22,2024-08-21,0,874526
CAND-00133,2024-07-22,2024-09-20,0,797362
CAND-00133,2024-07-22,2024-10-20,0,720198
CAND-00133,2024-07-22,2024-11-19,0,627601
CAND-00133,2024-07-22,2024-12-19,0,535004
CAND-00133,2024-07-22,2025-01-18,0,450825
CAND-00134,2024-09-29,2024-10-29,0,1193501
CAND-00134,2024-09-29,2024-11-28,0,1085754
CAND-00134,2024-09-29,2024-12-28,0,993400
CAND-00134,2024-09-29,2025-01-27,0,864104
CAND-00134,2024-09-29,2025-02-26,0,746562
CAND-00135,2024-10-06,2024-11-05,0,461984
CAND-00135,2024-10-06,2024-12-05,0,433209
CAND-00135,2024-10-06,2025-01-04,0,395582
CAND-00135,2024-10-06,2025-02-03,30,380759
CAND-00136,2024-10-01,2024-10-31,0,1291444
CAND-00136,2024-10-01,2024-11-30,0,1189973
CAND-00136,2024-10-01,2024-12-30,0,1111052
CAND-00136,2024-10-01,2025-01-29,0,1009581
CAND-00136,2024-10-01,2025-02-28,0,908110
CAND-00137,2024-08-01,2024-08-31,0,335794
CAND-00137,2024-08-01,2024-09-30,0,298483
CAND-00137,2024-08-01,2024-10-30,0,273610
CAND-00137,2024-08-01,2024-11-29,0,251662
CAND-00137,2024-08-01,2024-12-29,30,245339
CAND-00138,2024-03-11,2024-04-10,0,1218963
CAND-00138,2024-03-11,2024-05-10,0,1126773
CAND-00138,2024-03-11,2024-06-09,0,1019217
CAND-00138,2024-03-11,2024-07-09,0,927027
CAND-00139,2024-01-06,2024-02-05,0,184949
CAND-00139,2024-01-06,2024-03-06,30,180379
CAND-00139,2024-01-06,2024-04-05,60,176107
CAND-00139,2024-01-06,2024-05-05,90,172659
CAND-00139,2024-01-06,2024-06-04,107,169329
CAND-00140,2024-02-06,2024-03-07,0,571923
CAND-00140,2024-02-06,2024-04-06,30,561623
CAND-00140,2024-02-06,2024-05-06,0,506381
CAND-00140,2024-02-06,2024-06-05,0,451138
CAND-00141,2024-08-06,2024-09-05,0,768629
CAND-00141,2024-08-06,2024-10-05,0,714184
CAND-00141,2024-08-06,2024-11-04,0,639942
CAND-00141,2024-08-06,2024-12-04,0,571886
CAND-00141,2024-08-06,2025-01-03,0,513553
CAND-00141,2024-08-06,2025-02-02,0,468182
CAND-00142,2024-06-01,2024-07-01,0,464470
CAND-00142,2024-06-01,2024-07-31,0,431441
CAND-00142,2024-06-01,2024-08-30,0,386402
CAND-00143,2024-05-14,2024-06-13,30,635343
CAND-00143,2024-05-14,2024-07-13,0,594771
CAND-00143,2024-05-14,2024-08-12,30,580959
CAND-00144,2024-08-19,2024-09-18,0,1032873
CAND-00144,2024-08-19,2024-10-18,0,944594
CAND-00144,2024-08-19,2024-11-17,0,862619
CAND-00144,2024-08-19,2024-12-17,0,747856
CAND-00144,2024-08-19,2025-01-16,0,684098
CAND-00144,2024-08-19,2025-02-15,30,649321
CAND-00145,2024-07-21,2024-08-20,0,676898
CAND-00145,2024-07-21,2024-09-19,0,604001
CAND-00145,2024-07-21,2024-10-19,0,531105
CAND-00145,2024-07-21,2024-11-18,0,488224
CAND-00146,2024-06-10,2024-07-10,30,1486128
CAND-00146,2024-06-10,2024-08-09,60,1457451
CAND-00146,2024-06-10,2024-09-08,90,1412748
CAND-00148,2024-06-24,2024-07-24,0,1306355
CAND-00148,2024-06-24,2024-08-23,30,1269522
CAND-00148,2024-06-24,2024-09-22,0,1176211
CAND-00148,2024-06-24,2024-10-22,0,1076234
CAND-00149,2024-08-12,2024-09-11,0,163828
CAND-00149,2024-08-12,2024-10-11,0,153388
CAND-00149,2024-08-12,2024-11-10,0,142295
CAND-00149,2024-08-12,2024-12-10,0,131203
CAND-00149,2024-08-12,2025-01-09,0,117550
CAND-00150,2024-02-07,2024-03-08,0,567615
CAND-00150,2024-02-07,2024-04-07,0,524175
CAND-00150,2024-02-07,2024-05-07,0,488401
CAND-00150,2024-02-07,2024-06-06,0,437721
CAND-00150,2024-02-07,2024-07-06,0,382434
CAND-00150,2024-02-07,2024-08-05,0,346660
CAND-00151,2024-04-22,2024-05-22,0,926289
CAND-00151,2024-04-22,2024-06-21,0,843953
CAND-00151,2024-04-22,2024-07-21,0,745148
CAND-00151,2024-04-22,2024-08-20,0,690257
CAND-00152,2024-03-17,2024-04-16,0,587640
CAND-00152,2024-03-17,2024-05-16,0,538670
CAND-00152,2024-03-17,2024-06-15,0,475009
CAND-00152,2024-03-17,2024-07-15,0,439642
CAND-00152,2024-03-17,2024-08-14,0,394170
CAND-00152,2024-03-17,2024-09-13,0,348697
CAND-00153,2024-04-23,2024-05-23,0,197148
CAND-00153,2024-04-23,2024-06-22,0,177433
CAND-00153,2024-04-23,2024-07-22,0,163879
CAND-00153,2024-04-23,2024-08-21,0,148389
CAND-00153,2024-04-23,2024-09-20,0,136341
CAND-00153,2024-04-23,2024-10-20,0,122787
CAND-00154,2024-03-18,2024-04-17,0,750470
CAND-00154,2024-03-18,2024-05-17,0,705571
CAND-00154,2024-03-18,2024-06-16,0,624751
CAND-00154,2024-03-18,2024-07-16,0,579851
CAND-00154,2024-03-18,2024-08-15,0,525971
CAND-00155,2024-08-18,2024-09-17,0,323905
CAND-00155,2024-08-18,2024-10-17,0,294214
CAND-00155,2024-08-18,2024-11-16,0,264523
CAND-00155,2024-08-18,2024-12-16,0,239073
CAND-00156,2024-08-23,2024-09-22,0,421495
CAND-00156,2024-08-23,2024-10-22,0,383178
CAND-00156,2024-08-23,2024-11-21,0,357632
CAND-00156,2024-08-23,2024-12-21,0,326978
CAND-00156,2024-08-23,2025-01-20,0,285177
CAND-00157,2024-05-20,2024-06-19,0,503063
CAND-00157,2024-05-20,2024-07-19,0,454640
CAND-00157,2024-05-20,2024-08-18,0,419130
CAND-00157,2024-05-20,2024-09-17,30,402988
CAND-00157,2024-05-20,2024-10-17,60,391409
CAND-00158,2024-01-16,2024-02-15,30,582154
CAND-00158,2024-01-16,2024-03-16,0,536056
CAND-00158,2024-01-16,2024-04-15,0,489958
CAND-00158,2024-01-16,2024-05-15,0,454706
CAND-00158,2024-01-16,2024-06-14,0,404766
CAND-00158,2024-01-16,2024-07-14,0,364815
CAND-00159,2024-05-13,2024-06-12,0,788552
CAND-00159,2024-05-13,2024-07-12,0,731203
CAND-00159,2024-05-13,2024-08-11,0,645179
CAND-00159,2024-05-13,2024-09-10,0,579007
CAND-00159,2024-05-13,2024-10-10,30,561802
CAND-00160,2024-08-30,2024-09-29,0,1273807
CAND-00160,2024-08-30,2024-10-29,0,1158007
CAND-00160,2024-08-30,2024-11-28,0,1071156
CAND-00160,2024-08-30,2024-12-28,0,984306
CAND-00160,2024-08-30,2025-01-27,0,891665
CAND-00161,2024-09-14,2024-10-14,0,630553
CAND-00161,2024-09-14,2024-11-13,0,584312
CAND-00161,2024-09-14,2024-12-13,0,543512
CAND-00161,2024-09-14,2025-01-12,0,493968
CAND-00161,2024-09-14,2025-02-11,0,424607
CAND-00162,2024-08-13,2024-09-12,0,861692
CAND-00162,2024-08-13,2024-10-12,0,789885
CAND-00162,2024-08-13,2024-11-11,0,696535
CAND-00162,2024-08-13,2024-12-11,0,624727
CAND-00162,2024-08-13,2025-01-10,0,558048
CAND-00162,2024-08-13,2025-02-09,0,464698
CAND-00163,2024-07-07,2024-08-06,0,1509992
CAND-00163,2024-07-07,2024-09-05,0,1348208
CAND-00163,2024-07-07,2024-10-05,0,1186423
CAND-00163,2024-07-07,2024-11-04,0,1039345
CAND-00163,2024-07-07,2024-12-04,0,892268
CAND-00163,2024-07-07,2025-01-03,0,791153
CAND-00164,2024-05-19,2024-06-18,0,1112678
CAND-00164,2024-05-19,2024-07-18,0,991294
CAND-00164,2024-05-19,2024-08-17,0,869912
CAND-00164,2024-05-19,2024-09-16,0,759563
CAND-00166,2024-02-19,2024-03-20,0,1391443
CAND-00166,2024-02-19,2024-04-19,0,1298680
CAND-00166,2024-02-19,2024-05-19,0,1174996
CAND-00166,2024-02-19,2024-06-18,0,1026576
CAND-00166,2024-02-19,2024-07-18,0,891648
CAND-00167,2024-02-14,2024-03-15,0,232639
CAND-00167,2024-02-14,2024-04-14,0,211490
CAND-00167,2024-02-14,2024-05-14,30,204239
CAND-00167,2024-02-14,2024-06-13,0,189310
CAND-00167,2024-02-14,2024-07-13,0,169788
CAND-00168,2024-03-21,2024-04-20,0,684952
CAND-00168,2024-03-21,2024-05-20,0,632969
CAND-00168,2024-03-21,2024-06-19,0,592538
CAND-00168,2024-03-21,2024-07-19,0,531891
CAND-00168,2024-03-21,2024-08-18,0,459115
CAND-00168,2024-03-21,2024-09-17,0,416306
CAND-00169,2024-09-03,2024-10-03,0,237732
CAND-00169,2024-09-03,2024-11-02,0,219207
CAND-00169,2024-09-03,2024-12-02,0,195631
CAND-00169,2024-09-03,2025-01-01,0,181223
CAND-00169,2024-09-03,2025-01-31,0,161273
CAND-00170,2024-01-28,2024-02-27,0,974338
CAND-00170,2024-01-28,2024-03-28,0,898943
CAND-00170,2024-01-28,2024-04-27,0,793390
CAND-00171,2024-07-29,2024-08-28,0,716640
CAND-00171,2024-07-29,2024-09-27,0,671850
CAND-00171,2024-07-29,2024-10-27,30,655987
CAND-00171,2024-07-29,2024-11-26,0,597415
CAND-00171,2024-07-29,2024-12-26,0,521272
CAND-00172,2024-08-20,2024-09-19,0,197095
CAND-00172,2024-08-20,2024-10-19,0,184673
CAND-00172,2024-08-20,2024-11-18,0,168429
CAND-00172,2024-08-20,2024-12-18,30,164029
CAND-00172,2024-08-20,2025-01-17,0,147785
CAND-00173,2024-05-10,2024-06-09,0,841335
CAND-00173,2024-05-10,2024-07-09,30,823807
CAND-00173,2024-05-10,2024-08-08,0,766842
CAND-00173,2024-05-10,2024-09-07,0,709876
CAND-00173,2024-05-10,2024-10-07,0,639765
CAND-00174,2024-02-02,2024-03-03,30,335374
CAND-00174,2024-02-02,2024-04-02,60,324228
CAND-00174,2024-02-02,2024-05-02,30,317453
CAND-00175,2024-09-30,2024-10-30,0,425550
CAND-00175,2024-09-30,2024-11-29,30,416265
CAND-00175,2024-09-30,2024-12-29,0,390474
CAND-00176,2024-01-24,2024-02-23,0,576830
CAND-00176,2024-01-24,2024-03-24,0,540778
CAND-00176,2024-01-24,2024-04-23,0,502473
CAND-00176,2024-01-24,2024-05-23,30,485909
CAND-00177,2024-04-03,2024-05-03,0,819176
CAND-00177,2024-04-03,2024-06-02,30,801879
CAND-00177,2024-04-03,2024-07-02,60,783109
CAND-00177,2024-04-03,2024-08-01,90,762104
CAND-00177,2024-04-03,2024-08-31,60,738889
CAND-00178,2024-04-18,2024-05-18,0,270105
CAND-00178,2024-04-18,2024-06-17,0,244016
CAND-00178,2024-04-18,2024-07-17,0,226079
CAND-00178,2024-04-18,2024-08-16,0,204003
CAND-00178,2024-04-18,2024-09-15,30,197897
CAND-00178,2024-04-18,2024-10-15,60,188929
CAND-00179,2024-06-16,2024-07-16,0,726749
CAND-00179,2024-06-16,2024-08-15,0,674572
CAND-00179,2024-06-16,2024-09-14,30,656371
CAND-00179,2024-06-16,2024-10-14,0,612890
CAND-00179,2024-06-16,2024-11-13,30,596238
CAND-00180,2024-10-03,2024-11-02,0,1102413
CAND-00180,2024-10-03,2024-12-02,0,1017107
CAND-00180,2024-10-03,2025-01-01,0,917584
CAND-00180,2024-10-03,2025-01-31,0,825716
CAND-00181,2024-07-16,2024-08-15,0,270607
CAND-00181,2024-07-16,2024-09-14,0,251505
CAND-00181,2024-07-16,2024-10-14,0,227628
CAND-00181,2024-07-16,2024-11-13,0,205588
CAND-00181,2024-07-16,2024-12-13,30,199857
CAND-00182,2024-07-06,2024-08-05,30,341253
CAND-00182,2024-07-06,2024-09-04,60,333639
CAND-00182,2024-07-06,2024-10-04,90,327271
CAND-00182,2024-07-06,2024-11-03,99,319657
CAND-00182,2024-07-06,2024-12-03,99,313171
CAND-00183,2024-06-16,2024-07-16,0,649752
CAND-00183,2024-06-16,2024-08-15,0,586140
CAND-00183,2024-06-16,2024-09-14,0,532314
CAND-00184,2024-05-14,2024-06-13,0,951945
CAND-00184,2024-05-14,2024-07-13,0,879700
CAND-00184,2024-05-14,2024-08-12,0,787750
CAND-00184,2024-05-14,2024-09-11,0,720321
CAND-00184,2024-05-14,2024-10-11,0,660824
CAND-00185,2024-08-23,2024-09-22,30,377574
CAND-00185,2024-08-23,2024-10-22,0,353513
CAND-00185,2024-08-23,2024-11-21,0,327847
CAND-00185,2024-08-23,2024-12-21,0,298234
CAND-00186,2024-08-11,2024-09-10,0,1515055
CAND-00186,2024-08-11,2024-10-10,30,1480622
CAND-00186,2024-08-11,2024-11-09,60,1438243
CAND-00187,2024-08-08,2024-09-07,0,986067
CAND-00187,2024-08-08,2024-10-07,0,904381
CAND-00187,2024-08-08,2024-11-06,0,833586
CAND-00188,2024-09-13,2024-10-13,0,1838480
CAND-00188,2024-09-13,2024-11-12,0,1687630
CAND-00188,2024-09-13,2024-12-12,0,1547555
CAND-00188,2024-09-13,2025-01-11,0,1407481
CAND-00189,2024-07-23,2024-08-22,0,354492
CAND-00189,2024-07-23,2024-09-21,30,344174
CAND-00189,2024-07-23,2024-10-21,0,305998
CAND-00189,2024-07-23,2024-11-20,0,280548
CAND-00189,2024-07-23,2024-12-20,0,259339
CAND-00189,2024-07-23,2025-01-19,0,227525
CAND-00190,2024-10-09,2024-11-08,0,1885565
CAND-00190,2024-10-09,2024-12-08,30,1843586
CAND-00190,2024-10-09,2025-01-07,60,1808121
CAND-00191,2024-05-09,2024-06-08,30,1407781
CAND-00191,2024-05-09,2024-07-08,60,1376631
CAND-00191,2024-05-09,2024-08-07,90,1352344
CAND-00191,2024-05-09,2024-09-06,106,1304580
CAND-00191,2024-05-09,2024-10-06,106,1269631
CAND-00191,2024-05-09,2024-11-05,106,1230903
CAND-00192,2024-08-19,2024-09-18,0,984974
CAND-00192,2024-08-19,2024-10-18,0,900788
CAND-00192,2024-08-19,2024-11-17,0,839987
CAND-00193,2024-05-30,2024-06-29,0,295032
CAND-00193,2024-05-30,2024-07-29,0,272042
CAND-00193,2024-05-30,2024-08-28,0,242783
CAND-00194,2024-06-16,2024-07-16,0,945494
CAND-00194,2024-06-16,2024-08-15,0,888589
CAND-00194,2024-06-16,2024-09-14,0,824571
CAND-00194,2024-06-16,2024-10-14,0,722143
CAND-00194,2024-06-16,2024-11-13,0,653857
CAND-00195,2024-03-09,2024-04-08,30,989141
CAND-00195,2024-03-09,2024-05-08,60,967126
CAND-00195,2024-03-09,2024-06-07,90,947651
CAND-00195,2024-03-09,2024-07-07,111,930191
CAND-00196,2024-07-31,2024-08-30,0,787886
CAND-00196,2024-07-31,2024-09-29,0,723714
CAND-00196,2024-07-31,2024-10-29,0,671575
CAND-00196,2024-07-31,2024-11-28,0,602055
CAND-00196,2024-07-31,2024-12-28,0,542467
CAND-00197,2024-03-03,2024-04-02,0,1000203
CAND-00197,2024-03-03,2024-05-02,0,932882
CAND-00197,2024-03-03,2024-06-01,0,861072
CAND-00197,2024-03-03,2024-07-01,0,763150
CAND-00197,2024-03-03,2024-07-31,0,695829
CAND-00198,2024-07-02,2024-08-01,0,292063
CAND-00198,2024-07-02,2024-08-31,30,282884
CAND-00198,2024-07-02,2024-09-30,60,277147
CAND-00199,2024-04-24,2024-05-24,30,403952
CAND-00199,2024-04-24,2024-06-23,0,379470
CAND-00199,2024-04-24,2024-07-23,30,371309
CAND-00199,2024-04-24,2024-08-22,60,362816
CAND-00200,2024-04-13,2024-05-13,0,515906
CAND-00200,2024-04-13,2024-06-12,0,478073
CAND-00200,2024-04-13,2024-07-12,0,446546
CAND-00201,2024-09-11,2024-10-11,0,619671
CAND-00201,2024-09-11,2024-11-10,0,560023
CAND-00201,2024-09-11,2024-12-10,0,519016
CAND-00202,2024-05-05,2024-06-04,30,660297
CAND-00202,2024-05-05,2024-07-04,60,646743
CAND-00202,2024-05-05,2024-08-03,90,629367
CAND-00203,2024-05-05,2024-06-04,30,138966
CAND-00203,2024-05-05,2024-07-04,60,136317
CAND-00203,2024-05-05,2024-08-03,90,133273
CAND-00203,2024-05-05,2024-09-02,60,129508
CAND-00203,2024-05-05,2024-10-02,90,125535
CAND-00204,2024-04-23,2024-05-23,0,873362
CAND-00204,2024-04-23,2024-06-22,0,794984
CAND-00204,2024-04-23,2024-07-22,0,736200
CAND-00204,2024-04-23,2024-08-21,0,657821
CAND-00204,2024-04-23,2024-09-20,0,595118
CAND-00205,2024-02-13,2024-03-14,0,647131
CAND-00205,2024-02-13,2024-04-13,0,578374
CAND-00205,2024-02-13,2024-05-13,0,529261
CAND-00205,2024-02-13,2024-06-12,0,491062
CAND-00206,2024-09-14,2024-10-14,0,1510353
CAND-00206,2024-09-14,2024-11-13,0,1416282
CAND-00206,2024-09-14,2024-12-13,0,1302054
CAND-00206,2024-09-14,2025-01-12,0,1187826
CAND-00206,2024-09-14,2025-02-11,0,1064810
CAND-00207,2024-07-06,2024-08-05,0,681739
CAND-00207,2024-07-06,2024-09-04,30,667156
CAND-00207,2024-07-06,2024-10-04,0,592785
CAND-00207,2024-07-06,2024-11-03,0,549037
CAND-00208,2024-04-10,2024-05-10,0,340897
CAND-00208,2024-04-10,2024-06-09,0,307324
CAND-00208,2024-04-10,2024-07-09,0,276548
CAND-00209,2024-02-22,2024-03-23,0,410686
CAND-00209,2024-02-22,2024-04-22,0,377236
CAND-00209,2024-02-22,2024-05-22,0,333752
CAND-00209,2024-02-22,2024-06-21,0,309594
CAND-00209,2024-02-22,2024-07-21,0,276145
CAND-00210,2024-04-20,2024-05-20,0,406105
CAND-00210,2024-04-20,2024-06-19,0,380226
CAND-00210,2024-04-20,2024-07-19,0,343563
CAND-00210,2024-04-20,2024-08-18,30,333999
CAND-00211,2024-09-16,2024-10-16,0,255257
CAND-00211,2024-09-16,2024-11-15,30,250284
CAND-00211,2024-09-16,2024-12-15,60,244360
CAND-00211,2024-09-16,2025-01-14,90,236170
CAND-00211,2024-09-16,2025-02-13,98,231013
CAND-00211,2024-09-16,2025-03-15,98,226128
CAND-00212,02-10-2024,2024-11-01,30,454209
CAND-00212,02-10-2024,2024-12-01,60,445477
CAND-00212,02-10-2024,2024-12-31,90,431866
CAND-00212,02-10-2024,2025-01-30,118,423602
CAND-00213,2024-05-31,2024-06-30,0,357985
CAND-00213,2024-05-31,2024-07-30,0,321825
CAND-00213,2024-05-31,2024-08-29,0,282049
CAND-00213,2024-05-31,2024-09-28,30,274946
CAND-00213,2024-05-31,2024-10-28,0,238786
CAND-00213,2024-05-31,2024-11-27,0,216688
CAND-00214,2024-10-14,2024-11-13,30,553693
CAND-00214,2024-10-14,2024-12-13,60,539943
CAND-00214,2024-10-14,2025-01-12,90,528437
CAND-00215,2024-04-13,2024-05-13,0,805988
CAND-00215,2024-04-13,2024-06-12,0,748897
CAND-00215,2024-04-13,2024-07-12,0,691806
CAND-00215,2024-04-13,2024-08-11,0,630637
CAND-00215,2024-04-13,2024-09-10,0,545001
CAND-00216,2024-01-09,2024-02-08,0,233470
CAND-00216,2024-01-09,2024-03-09,0,219202
CAND-00216,2024-01-09,2024-04-08,30,211649
CAND-00217,2024-07-26,2024-08-25,0,323411
CAND-00217,2024-07-26,2024-09-24,0,288582
CAND-00217,2024-07-26,2024-10-24,0,256920
CAND-00217,2024-07-26,2024-11-23,0,235152
CAND-00217,2024-07-26,2024-12-23,0,206128
CAND-00218,2024-08-26,2024-09-25,0,1799424
CAND-00218,2024-08-26,2024-10-25,0,1651120
CAND-00218,2024-08-26,2024-11-24,0,1458324
CAND-00218,2024-08-26,2024-12-24,0,1329794
CAND-00218,2024-08-26,2025-01-23,0,1192083
CAND-00219,2024-02-28,2024-03-29,0,587559
CAND-00219,2024-02-28,2024-04-28,0,552741
CAND-00219,2024-02-28,2024-05-28,0,504531
CAND-00219,2024-02-28,2024-06-27,0,465360
CAND-00219,2024-02-28,2024-07-27,0,430542
CAND-00219,2024-02-28,2024-08-26,0,382332
CAND-00220,2024-03-21,2024-04-20,0,1083963
CAND-00220,2024-03-21,2024-05-20,0,1000085
CAND-00220,2024-03-21,2024-06-19,0,893331
CAND-00220,2024-03-21,2024-07-19,0,824255
CAND-00220,2024-03-21,2024-08-18,0,740377
CAND-00220,2024-03-21,2024-09-17,0,633623
CAND-00221,2024-09-12,2024-10-12,0,377070
CAND-00221,2024-09-12,2024-11-11,0,350885
CAND-00221,2024-09-12,2024-12-11,0,327609
CAND-00221,2024-09-12,2025-01-10,0,295381
CAND-00222,2024-05-22,2024-06-21,0,651603
CAND-00222,2024-05-22,2024-07-21,0,579926
CAND-00222,2024-05-22,2024-08-20,0,528729
CAND-00222,2024-05-22,2024-09-19,30,515930
CAND-00223,2024-07-02,2024-08-01,0,216302
CAND-00223,2024-07-02,2024-08-31,0,199822
CAND-00223,2024-07-02,2024-09-30,0,176750
CAND-00224,2024-05-06,2024-06-05,0,736821
CAND-00224,2024-05-06,2024-07-05,0,668597
CAND-00224,2024-05-06,2024-08-04,0,610119
CAND-00224,2024-05-06,2024-09-03,0,558951
CAND-00224,2024-05-06,2024-10-03,0,510793
CAND-00225,2024-07-26,2024-08-25,0,851112
CAND-00225,2024-07-26,2024-09-24,30,823804
CAND-00225,2024-07-26,2024-10-24,60,805234
CAND-00226,2024-05-08,2024-06-07,0,551521
CAND-00226,2024-05-08,2024-07-07,0,515023
CAND-00226,2024-05-08,2024-08-06,0,478525
CAND-00226,2024-05-08,2024-09-05,0,420129
CAND-00226,2024-05-08,2024-10-05,0,367041
CAND-00227,2024-03-12,2024-04-11,0,345857
CAND-00227,2024-03-12,2024-05-11,0,316297
CAND-00227,2024-03-12,2024-06-10,0,284273
CAND-00227,2024-03-12,2024-07-10,0,245845
CAND-00227,2024-03-12,2024-08-09,0,210909
CAND-00228,2024-08-03,2024-09-02,0,783188
CAND-00228,2024-08-03,2024-10-02,0,704869
CAND-00228,2024-08-03,2024-11-01,0,647436
CAND-00228,2024-08-03,2024-12-01,0,569117
CAND-00229,2024-09-01,2024-10-01,0,1504005
CAND-00229,2024-09-01,2024-10-31,0,1341071
CAND-00229,2024-09-01,2024-11-30,0,1178137
CAND-00229,2024-09-01,2024-12-30,0,1015204
CAND-00229,2024-09-01,2025-01-29,0,906581
CAND-00229,2024-09-01,2025-02-28,0,797958
CAND-00230,2024-07-22,2024-08-21,0,478465
CAND-00230,2024-07-22,2024-09-20,0,447762
CAND-00230,2024-07-22,2024-10-20,30,433654
CAND-00230,2024-07-22,2024-11-19,0,393504
CAND-00230,2024-07-22,2024-12-19,0,346052
CAND-00231,2024-02-27,2024-03-28,0,625104
CAND-00231,2024-02-27,2024-04-27,0,576395
CAND-00231,2024-02-27,2024-05-27,0,519567
CAND-00232,2024-03-27,2024-04-26,0,795628
CAND-00232,2024-03-27,2024-05-26,0,735246
CAND-00232,2024-03-27,2024-06-25,0,685519
CAND-00233,2024-02-11,2024-03-12,30,593571
CAND-00233,2024-02-11,2024-04-11,60,573919
CAND-00233,2024-02-11,2024-05-11,90,560958
CAND-00234,2024-06-15,2024-07-15,0,602812
CAND-00234,2024-06-15,2024-08-14,0,538763
CAND-00234,2024-06-15,2024-09-13,0,480537
CAND-00234,2024-06-15,2024-10-13,0,444955
CAND-00235,2024-02-08,2024-03-09,0,735243
CAND-00235,2024-02-08,2024-04-08,0,655034
CAND-00235,2024-02-08,2024-05-08,0,607853
CAND-00235,2024-02-08,2024-06-07,0,554381
CAND-00235,2024-02-08,2024-07-07,0,497089
CAND-00235,2024-02-08,2024-08-06,0,446959
CAND-00236,2024-06-17,2024-07-17,0,693839
CAND-00236,2024-06-17,2024-08-16,0,618673
CAND-00236,2024-06-17,2024-09-15,0,556035
CAND-00236,2024-06-17,2024-10-15,30,541580
CAND-00236,2024-06-17,2024-11-14,0,483760
CAND-00236,2024-06-17,2024-12-14,0,433649
CAND-00237,2024-08-10,2024-09-09,0,445191
CAND-00237,2024-08-10,2024-10-09,0,416094
CAND-00237,2024-08-10,2024-11-08,0,385178
CAND-00237,2024-08-10,2024-12-08,0,352201
CAND-00237,2024-08-10,2025-01-07,30,339517
CAND-00238,2024-06-15,2024-07-15,0,488536
CAND-00238,2024-06-15,2024-08-14,0,447199
CAND-00238,2024-06-15,2024-09-13,0,408814
CAND-00238,2024-06-15,2024-10-13,0,359960
CAND-00238,2024-06-15,2024-11-12,0,315178
CAND-00239,2024-01-30,2024-02-29,0,535268
CAND-00239,2024-01-30,2024-03-30,0,489976
CAND-00239,2024-01-30,2024-04-29,0,444684
CAND-00239,2024-01-30,2024-05-29,0,402628
CAND-00240,2024-02-07,2024-03-08,0,431622
CAND-00240,2024-02-07,2024-04-07,0,403058
CAND-00240,2024-02-07,2024-05-07,0,372591
CAND-00240,2024-02-07,2024-06-06,0,339947
CAND-00240,2024-02-07,2024-07-06,0,298401
CAND-00241,2024-07-26,2024-08-25,0,1009569
CAND-00241,2024-07-26,2024-09-24,0,918967
CAND-00241,2024-07-26,2024-10-24,0,858565
CAND-00241,2024-07-26,2024-11-23,0,780906
CAND-00241,2024-07-26,2024-12-23,0,682067
CAND-00242,2024-08-26,2024-09-25,0,1169437
CAND-00242,2024-08-26,2024-10-25,0,1085478
CAND-00242,2024-08-26,2024-11-24,0,959538
CAND-00242,2024-08-26,2024-12-24,0,845048
CAND-00242,2024-08-26,2025-01-23,0,748171
CAND-00243,2024-08-22,2024-09-21,0,742241
CAND-00243,2024-08-22,2024-10-21,0,693728
CAND-00243,2024-08-22,2024-11-20,30,673613
CAND-00243,2024-08-22,2024-12-20,0,627796
CAND-00243,2024-08-22,2025-01-19,0,581979
CAND-00244,2024-06-05,2024-07-05,0,1044443
CAND-00244,2024-06-05,2024-08-04,0,970462
CAND-00244,2024-06-05,2024-09-03,0,905184
CAND-00244,2024-06-05,2024-10-03,0,819821
CAND-00244,2024-06-05,2024-11-02,0,750463
CAND-00245,2024-06-28,2024-07-28,0,943320
CAND-00245,2024-06-28,2024-08-27,0,841732
CAND-00245,2024-06-28,2024-09-26,0,749379
CAND-00245,2024-06-28,2024-10-26,0,657026
CAND-00246,2024-08-06,2024-09-05,0,519311
CAND-00246,2024-08-06,2024-10-05,0,488764
CAND-00246,2024-08-06,2024-11-04,0,449488
CAND-00247,2024-03-24,2024-04-23,0,687934
CAND-00247,2024-03-24,2024-05-23,0,644938
CAND-00247,2024-03-24,2024-06-22,0,584027
CAND-00247,2024-03-24,2024-07-22,0,538344
CAND-00248,2024-09-23,2024-10-23,0,245045
CAND-00248,2024-09-23,2024-11-22,0,228338
CAND-00248,2024-09-23,2024-12-22,0,213486
CAND-00249,2024-10-23,2024-11-22,0,511651
CAND-00249,2024-10-23,2024-12-22,0,469833
CAND-00249,2024-10-23,2025-01-21,0,439632
CAND-00249,2024-10-23,2025-02-20,30,426989
CAND-00250,2024-03-10,2024-04-09,0,637970
CAND-00250,2024-03-10,2024-05-09,0,575139
CAND-00250,2024-03-10,2024-06-08,0,517545
CAND-00250,2024-03-10,2024-07-08,30,504254
CAND-00250,2024-03-10,2024-08-07,0,461058
CAND-00251,2024-03-04,2024-04-03,0,896114
CAND-00251,2024-03-04,2024-05-03,0,838130
CAND-00251,2024-03-04,2024-06-02,0,776522
CAND-00251,2024-03-04,2024-07-02,0,694378
CAND-00252,2024-01-25,2024-02-24,0,612828
CAND-00252,2024-01-25,2024-03-25,30,591263
CAND-00252,2024-01-25,2024-04-24,0,530486
CAND-00252,2024-01-25,2024-05-24,30,518960
CAND-00252,2024-01-25,2024-06-23,60,502246
CAND-00252,2024-01-25,2024-07-23,90,490720
CAND-00253,2024-08-07,2024-09-06,0,599675
CAND-00253,2024-08-07,2024-10-06,0,549702
CAND-00253,2024-08-07,2024-11-05,30,529401
CAND-00253,2024-08-07,2024-12-05,0,479428
CAND-00253,2024-08-07,2025-01-04,0,436118
CAND-00253,2024-08-07,2025-02-03,0,397903
CAND-00254,2024-07-02,2024-08-01,0,528108
CAND-00254,2024-07-02,2024-08-31,0,486957
CAND-00254,2024-07-02,2024-09-30,0,448549
CAND-00254,2024-07-02,2024-10-30,0,400539
CAND-00255,2024-02-18,2024-03-19,0,569740
CAND-00255,2024-02-18,2024-04-18,30,556024
CAND-00255,2024-02-18,2024-05-18,0,499913
CAND-00255,2024-02-18,2024-06-17,0,448478
CAND-00255,2024-02-18,2024-07-17,0,407330
CAND-00255,2024-02-18,2024-08-16,0,373040
CAND-00256,2024-02-18,2024-03-19,0,334589
CAND-00256,2024-02-18,2024-04-18,0,313394
CAND-00256,2024-02-18,2024-05-18,0,292198
CAND-00256,2024-02-18,2024-06-17,30,285399
CAND-00256,2024-02-18,2024-07-17,0,249367
CAND-00257,2024-03-26,2024-04-25,0,444918
CAND-00257,2024-03-26,2024-05-25,0,417729
CAND-00257,2024-03-26,2024-06-24,0,380082
CAND-00257,2024-03-26,2024-07-24,0,347454
CAND-00257,2024-03-26,2024-08-23,0,320265
CAND-00258,2024-01-16,2024-02-15,0,460013
CAND-00258,2024-01-16,2024-03-16,0,421089
CAND-00258,2024-01-16,2024-04-15,0,389463
CAND-00258,2024-01-16,2024-05-15,0,338861
CAND-00258,2024-01-16,2024-06-14,0,305127
CAND-00258,2024-01-16,2024-07-14,0,259126
CAND-00259,2024-01-08,2024-02-07,0,1131354
CAND-00259,2024-01-08,2024-03-08,0,1030340
CAND-00259,2024-01-08,2024-04-07,0,909124
CAND-00259,2024-01-08,2024-05-07,0,815880
CAND-00260,2024-07-14,2024-08-13,0,320208
CAND-00260,2024-07-14,2024-09-12,0,298194
CAND-00260,2024-07-14,2024-10-12,0,262971
CAND-00260,2024-07-14,2024-11-11,0,237812
CAND-00260,2024-07-14,2024-12-11,0,215797
CAND-00260,2024-07-14,2025-01-10,0,192316
CAND-00261,2024-02-06,2024-03-07,0,522316
CAND-00261,2024-02-06,2024-04-06,0,475162
CAND-00261,2024-02-06,2024-05-06,0,428009
CAND-00261,2024-02-06,2024-06-05,0,371424
CAND-00262,2024-07-25,2024-08-24,0,501079
CAND-00262,2024-07-25,2024-09-23,0,469148
CAND-00262,2024-07-25,2024-10-23,0,438990
CAND-00262,2024-07-25,2024-11-22,30,421479
CAND-00262,2024-07-25,2024-12-22,60,403385
CAND-00262,2024-07-25,2025-01-21,90,392741
CAND-00263,2024-03-11,2024-04-10,0,2110245
CAND-00263,2024-03-11,2024-05-10,0,1974828
CAND-00263,2024-03-11,2024-06-09,0,1797744
CAND-00264,2024-07-08,2024-08-07,0,1014653
CAND-00264,2024-07-08,2024-09-06,0,915823
CAND-00264,2024-07-08,2024-10-06,0,851874
CAND-00265,2024-05-15,2024-06-14,0,398806
CAND-00265,2024-05-15,2024-07-14,0,371804
CAND-00265,2024-05-15,2024-08-13,0,328600
CAND-00265,2024-05-15,2024-09-12,0,285396
CAND-00265,2024-05-15,2024-10-12,0,249392
CAND-00265,2024-05-15,2024-11-11,30,235456
CAND-00266,2024-07-20,2024-08-19,0,287676
CAND-00266,2024-07-20,2024-09-18,0,256696
CAND-00266,2024-07-20,2024-10-18,0,225715
CAND-00266,2024-07-20,2024-11-17,0,197551
CAND-00267,2024-06-02,2024-07-02,0,545018
CAND-00267,2024-06-02,2024-08-01,0,511072
CAND-00267,2024-06-02,2024-08-31,0,479012
CAND-00267,2024-06-02,2024-09-30,0,421305
CAND-00267,2024-06-02,2024-10-30,0,385237
CAND-00268,2024-06-15,2024-07-15,0,414633
CAND-00268,2024-06-15,2024-08-14,0,378048
CAND-00268,2024-06-15,2024-09-13,30,369088
CAND-00269,2024-06-21,2024-07-21,0,364718
CAND-00269,2024-06-21,2024-08-20,0,338533
CAND-00269,2024-06-21,2024-09-19,0,313985
CAND-00269,2024-06-21,2024-10-19,0,289436
CAND-00270,2024-04-09,2024-05-09,0,786197
CAND-00270,2024-04-09,2024-06-08,0,702663
CAND-00270,2024-04-09,2024-07-08,0,633052
CAND-00270,2024-04-09,2024-08-07,0,583915
CAND-00270,2024-04-09,2024-09-06,30,556969
CAND-00270,2024-04-09,2024-10-06,60,534392
CAND-00271,2024-01-26,2024-02-25,0,770678
CAND-00271,2024-01-26,2024-03-26,0,719299
CAND-00271,2024-01-26,2024-04-25,0,670943
CAND-00271,2024-01-26,2024-05-25,0,602438
CAND-00271,2024-01-26,2024-06-24,0,556768
CAND-00271,2024-01-26,2024-07-24,0,474563
CAND-00272,2024-04-06,2024-05-06,30,719643
CAND-00272,2024-04-06,2024-06-05,0,678949
CAND-00272,2024-04-06,2024-07-05,0,638255
CAND-00273,2024-07-30,2024-08-29,0,712036
CAND-00273,2024-07-30,2024-09-28,0,656938
CAND-00273,2024-07-30,2024-10-28,0,605513
CAND-00274,2024-09-06,2024-10-06,0,1998024
CAND-00274,2024-09-06,2024-11-05,0,1850022
CAND-00274,2024-09-06,2024-12-05,0,1628020
CAND-00274,2024-09-06,2025-01-04,0,1406017
CAND-00275,2024-02-08,2024-03-09,30,575074
CAND-00275,2024-02-08,2024-04-08,60,563558
CAND-00275,2024-02-08,2024-05-08,90,553432
CAND-00276,2024-03-17,2024-04-16,0,804703
CAND-00276,2024-03-17,2024-05-16,0,752634
CAND-00276,2024-03-17,2024-06-15,0,678869
CAND-00276,2024-03-17,2024-07-15,0,610779
CAND-00276,2024-03-17,2024-08-14,0,522262
CAND-00276,2024-03-17,2024-09-13,0,459035
CAND-00277,2024-05-06,2024-06-05,0,468675
CAND-00277,2024-05-06,2024-07-05,0,437552
CAND-00277,2024-05-06,2024-08-04,0,401983
CAND-00278,2024-07-21,2024-08-20,0,796170
CAND-00278,2024-07-21,2024-09-19,30,772754
CAND-00278,2024-07-21,2024-10-19,60,755894
CAND-00278,2024-07-21,2024-11-18,90,730348
CAND-00279,2024-03-09,2024-04-08,0,242528
CAND-00279,2024-03-09,2024-05-08,0,220873
CAND-00279,2024-03-09,2024-06-07,0,202313
CAND-00279,2024-03-09,2024-07-07,30,197908
CAND-00280,2024-04-26,2024-05-26,0,1379802
CAND-00280,2024-04-26,2024-06-25,0,1264819
CAND-00280,2024-04-26,2024-07-25,0,1140253
CAND-00280,2024-04-26,2024-08-24,0,1052325
CAND-00280,2024-04-26,2024-09-23,0,964396
CAND-00281,2024-07-28,2024-08-27,0,383881
CAND-00281,2024-07-28,2024-09-26,0,349225
CAND-00281,2024-07-28,2024-10-26,30,338562
CAND-00281,2024-07-28,2024-11-25,0,300755
CAND-00281,2024-07-28,2024-12-25,0,268765
CAND-00281,2024-07-28,2025-01-24,0,227178
CAND-00282,2024-04-15,2024-05-15,0,456259
CAND-00282,2024-04-15,2024-06-14,0,423814
CAND-00282,2024-04-15,2024-07-14,0,396776
CAND-00282,2024-04-15,2024-08-13,0,352533
CAND-00283,2024-05-07,2024-06-06,0,325772
CAND-00283,2024-05-07,2024-07-06,0,291023
CAND-00283,2024-05-07,2024-08-05,30,283469
CAND-00284,2024-03-13,2024-04-12,0,533584
CAND-00284,2024-03-13,2024-05-12,0,476668
CAND-00284,2024-03-13,2024-06-11,30,464020
CAND-00284,2024-03-13,2024-07-11,60,449426
CAND-00284,2024-03-13,2024-08-10,90,439613
CAND-00285,2024-08-25,2024-09-24,0,822567
CAND-00285,2024-08-25,2024-10-24,0,755074
CAND-00285,2024-08-25,2024-11-23,0,700237
CAND-00285,2024-08-25,2024-12-23,0,612496
CAND-00285,2024-08-25,2025-01-22,0,563751
CAND-00285,2024-08-25,2025-02-21,0,483987
CAND-00286,2024-03-11,2024-04-10,0,331456
CAND-00286,2024-03-11,2024-05-10,0,304138
CAND-00286,2024-03-11,2024-06-09,0,280462
CAND-00287,2024-05-14,2024-06-13,30,1196469
CAND-00287,2024-05-14,2024-07-13,60,1160575
CAND-00287,2024-05-14,2024-08-12,90,1124681
CAND-00287,2024-05-14,2024-09-11,106,1085313
CAND-00287,2024-05-14,2024-10-11,106,1055547
CAND-00287,2024-05-14,2024-11-10,106,1023431
CAND-00288,2024-06-09,2024-07-09,0,710044
CAND-00288,2024-06-09,2024-08-08,0,655425
CAND-00288,2024-06-09,2024-09-07,30,632935
CAND-00288,2024-06-09,2024-10-07,60,615943
CAND-00288,2024-06-09,2024-11-06,90,595820
CAND-00289,2024-04-12,2024-05-12,0,598401
CAND-00289,2024-04-12,2024-06-11,0,555848
CAND-00289,2024-04-12,2024-07-11,0,520387
CAND-00289,2024-04-12,2024-08-10,0,480494
CAND-00289,2024-04-12,2024-09-09,0,422467
CAND-00289,2024-04-12,2024-10-09,0,379914
CAND-00290,2024-05-03,2024-06-02,0,597488
CAND-00290,2024-05-03,2024-07-02,0,559998
CAND-00290,2024-05-03,2024-08-01,0,524591
CAND-00290,2024-05-03,2024-08-31,0,489185
CAND-00291,2024-02-13,2024-03-14,0,654178
CAND-00291,2024-02-13,2024-04-13,0,615697
CAND-00291,2024-02-13,2024-05-13,0,562415
CAND-00291,2024-02-13,2024-06-12,0,509134
CAND-00292,2024-07-24,2024-08-23,0,519189
CAND-00292,2024-07-24,2024-09-22,0,484711
CAND-00292,2024-07-24,2024-10-22,0,447935
CAND-00293,2024-07-13,2024-08-12,0,1216929
CAND-00293,2024-07-13,2024-09-11,0,1124892
CAND-00293,2024-07-13,2024-10-11,30,1100581
CAND-00294,2024-06-07,2024-07-07,0,286537
CAND-00294,2024-06-07,2024-08-06,0,263796
CAND-00294,2024-06-07,2024-09-05,0,231958
CAND-00294,2024-06-07,2024-10-05,0,200121
CAND-00294,2024-06-07,2024-11-04,0,168283
CAND-00294,2024-06-07,2024-12-04,0,147058
CAND-00295,2024-08-22,2024-09-21,0,716340
CAND-00295,2024-08-22,2024-10-21,30,695198
CAND-00295,2024-08-22,2024-11-20,0,619087
CAND-00296,2024-06-09,2024-07-09,30,1149653
CAND-00296,2024-06-09,2024-08-08,0,1051260
CAND-00296,2024-06-09,2024-09-07,0,981805
CAND-00296,2024-06-09,2024-10-07,0,912351
CAND-00297,2024-10-03,2024-11-02,0,451364
CAND-00297,2024-10-03,2024-12-02,0,403003
CAND-00297,2024-10-03,2025-01-01,0,359039
CAND-00297,2024-10-03,2025-01-31,0,321839
CAND-00298,2024-03-22,2024-04-21,0,983044
CAND-00298,2024-03-22,2024-05-21,0,888419
CAND-00298,2024-03-22,2024-06-20,0,808352
CAND-00298,2024-03-22,2024-07-20,0,721613
CAND-00298,2024-03-22,2024-08-19,0,641546
CAND-00298,2024-03-22,2024-09-18,0,580319
CAND-00299,2024-05-14,2024-06-13,0,395355
CAND-00299,2024-05-14,2024-07-13,0,356418
CAND-00299,2024-05-14,2024-08-12,0,327865
CAND-00299,2024-05-14,2024-09-11,0,288928
CAND-00299,2024-05-14,2024-10-11,0,260375
CAND-00299,2024-05-14,2024-11-10,0,231822
CAND-00300,2024-07-06,2024-08-05,0,473632
CAND-00300,2024-07-06,2024-09-04,0,423483
CAND-00300,2024-07-06,2024-10-04,0,381692
CAND-00300,2024-07-06,2024-11-03,0,331543
CAND-00300,2024-07-06,2024-12-03,0,303682
CAND-00300,2024-07-06,2025-01-02,0,270249
CAND-00301,2024-06-21,2024-07-21,0,305575
CAND-00301,2024-06-21,2024-08-20,0,275481
CAND-00301,2024-06-21,2024-09-19,0,242377
CAND-00301,2024-06-21,2024-10-19,0,214790
CAND-00301,2024-06-21,2024-11-18,0,189326
CAND-00302,2024-05-04,2024-06-03,0,514417
CAND-00302,2024-05-04,2024-07-03,30,500347
CAND-00302,2024-05-04,2024-08-02,0,466053
CAND-00302,2024-05-04,2024-09-01,30,451613
CAND-00302,2024-05-04,2024-10-01,0,419336
CAND-00302,2024-05-04,2024-10-31,30,405266
CAND-00303,2024-02-25,2024-03-26,0,412968
CAND-00303,2024-02-25,2024-04-25,0,383716
CAND-00303,2024-02-25,2024-05-25,0,347151
CAND-00304,2024-07-09,2024-08-08,0,583079
CAND-00304,2024-07-09,2024-09-07,0,537266
CAND-00304,2024-07-09,2024-10-07,0,491452
CAND-00304,2024-07-09,2024-11-06,0,445639
CAND-00305,2024-03-11,2024-04-10,30,893655
CAND-00305,2024-03-11,2024-05-10,0,832975
CAND-00305,2024-03-11,2024-06-09,0,782408
CAND-00306,2024-03-07,2024-04-06,0,651366
CAND-00306,2024-03-07,2024-05-06,0,597920
CAND-00306,2024-03-07,2024-06-05,0,534758
CAND-00306,2024-03-07,2024-07-05,0,481312
CAND-00306,2024-03-07,2024-08-04,0,411833
CAND-00306,2024-03-07,2024-09-03,0,373234
CAND-00307,2024-03-13,2024-04-12,30,937191
CAND-00307,2024-03-13,2024-05-12,60,916826
CAND-00307,2024-03-13,2024-06-11,90,895557
CAND-00307,2024-03-13,2024-07-11,92,875616
CAND-00309,2024-05-08,2024-06-07,0,502600
CAND-00309,2024-05-08,2024-07-07,0,456063
CAND-00309,2024-05-08,2024-08-06,0,409526
CAND-00310,2024-01-16,2024-02-15,0,184877
CAND-00310,2024-01-16,2024-03-16,0,172359
CAND-00310,2024-01-16,2024-04-15,0,158053
CAND-00310,2024-01-16,2024-05-15,0,143747
CAND-00311,2024-08-02,2024-09-01,0,779151
CAND-00311,2024-08-02,2024-10-01,0,703892
CAND-00311,2024-08-02,2024-10-31,0,640212
CAND-00311,2024-08-02,2024-11-30,0,564953
CAND-00311,2024-08-02,2024-12-30,0,482168
CAND-00311,2024-08-02,2025-01-29,0,433471
CAND-00312,2024-07-22,2024-08-21,0,359735
CAND-00312,2024-07-22,2024-09-20,0,327259
CAND-00312,2024-07-22,2024-10-20,30,317516
CAND-00313,2024-09-08,2024-10-08,0,297106
CAND-00313,2024-09-08,2024-11-07,0,276990
CAND-00313,2024-09-08,2024-12-07,0,259108
CAND-00313,2024-09-08,2025-01-06,0,226922
CAND-00314,2024-05-05,2024-06-04,0,472253
CAND-00314,2024-05-05,2024-07-04,30,463130
CAND-00314,2024-05-05,2024-08-03,60,451726
CAND-00314,2024-05-05,2024-09-02,90,440818
CAND-00315,2024-07-06,2024-08-05,0,673781
CAND-00315,2024-07-06,2024-09-04,0,628160
CAND-00315,2024-07-06,2024-10-04,0,587608
CAND-00316,2024-10-07,2024-11-06,0,281758
CAND-00316,2024-10-07,2024-12-06,0,256811
CAND-00316,2024-10-07,2025-01-05,0,233782
CAND-00317,2024-01-19,2024-02-18,0,388059
CAND-00317,2024-01-19,2024-03-19,0,363330
CAND-00317,2024-01-19,2024-04-18,30,349316
CAND-00317,2024-01-19,2024-05-18,0,321290
CAND-00317,2024-01-19,2024-06-17,0,296561
CAND-00317,2024-01-19,2024-07-17,0,271831
CAND-00318,2024-06-26,2024-07-26,0,2370672
CAND-00318,2024-06-26,2024-08-25,0,2202749
CAND-00318,2024-06-26,2024-09-24,0,2034827
CAND-00319,2024-03-11,2024-04-10,0,173681
CAND-00319,2024-03-11,2024-05-10,0,158174
CAND-00319,2024-03-11,2024-06-09,0,142667
CAND-00319,2024-03-11,2024-07-09,0,129375
CAND-00319,2024-03-11,2024-08-08,30,125498
CAND-00320,2024-08-30,2024-09-29,0,934489
CAND-00320,2024-08-30,2024-10-29,0,866998
CAND-00320,2024-08-30,2024-11-28,0,774965
CAND-00320,2024-08-30,2024-12-28,0,707474
CAND-00320,2024-08-30,2025-01-27,30,675838
CAND-00321,2024-07-16,2024-08-15,0,825649
CAND-00321,2024-07-16,2024-09-14,0,738228
CAND-00321,2024-07-16,2024-10-14,30,721416
CAND-00322,2024-09-25,2024-10-25,0,406025
CAND-00322,2024-09-25,2024-11-24,30,393165
CAND-00322,2024-09-25,2024-12-24,60,384915
CAND-00323,2024-07-20,2024-08-19,0,2046187
CAND-00323,2024-07-20,2024-09-18,30,1981992
CAND-00323,2024-07-20,2024-10-18,60,1930026
CAND-00323,2024-07-20,2024-11-17,90,1889607
CAND-00323,2024-07-20,2024-12-17,60,1851316
CAND-00323,2024-07-20,2025-01-16,90,1813025
CAND-00324,2024-05-02,2024-06-01,0,631899
CAND-00324,2024-05-02,2024-07-01,0,594729
CAND-00324,2024-05-02,2024-07-31,0,557558
CAND-00324,2024-05-02,2024-08-30,0,520388
CAND-00324,2024-05-02,2024-09-29,0,475783
CAND-00324,2024-05-02,2024-10-29,0,424316
CAND-00325,2024-03-01,2024-03-31,0,750337
CAND-00325,2024-03-01,2024-04-30,0,696466
CAND-00325,2024-03-01,2024-05-30,0,629129
CAND-00325,2024-03-01,2024-06-29,0,555669
CAND-00326,2024-08-23,2024-09-22,0,1470494
CAND-00326,2024-08-23,2024-10-22,0,1314795
CAND-00326,2024-08-23,2024-11-21,0,1203581
CAND-00326,2024-08-23,2024-12-21,0,1117081
CAND-00326,2024-08-23,2025-01-20,0,1030582
CAND-00326,2024-08-23,2025-02-19,0,910813
CAND-00327,2024-03-23,2024-04-22,0,795049
CAND-00327,2024-03-23,2024-05-22,0,729187
CAND-00327,2024-03-23,2024-06-21,0,663325
CAND-00327,2024-03-23,2024-07-21,0,585488
CAND-00328,2024-05-28,2024-06-27,0,524317
CAND-00328,2024-05-28,2024-07-27,0,489499
CAND-00328,2024-05-28,2024-08-26,0,454681
CAND-00328,2024-05-28,2024-09-25,0,411828
CAND-00328,2024-05-28,2024-10-25,0,365405
CAND-00330,2024-01-23,2024-02-22,0,557849
CAND-00330,2024-01-23,2024-03-23,0,523758
CAND-00330,2024-01-23,2024-04-22,0,472622
CAND-00330,2024-01-23,2024-05-22,0,434270
CAND-00330,2024-01-23,2024-06-21,0,378485
CAND-00330,2024-01-23,2024-07-21,0,322700
CAND-00331,2024-06-05,2024-07-05,0,788396
CAND-00331,2024-06-05,2024-08-04,30,761147
CAND-00331,2024-06-05,2024-09-03,60,745789
CAND-00332,2024-08-11,2024-09-10,0,706008
CAND-00332,2024-08-11,2024-10-10,0,641291
CAND-00332,2024-08-11,2024-11-09,0,576573
CAND-00332,2024-08-11,2024-12-09,0,533428
CAND-00332,2024-08-11,2025-01-08,0,462828
CAND-00332,2024-08-11,2025-02-07,0,407356
CAND-00333,2024-03-23,2024-04-22,0,149467
CAND-00333,2024-03-23,2024-05-22,30,145190
CAND-00333,2024-03-23,2024-06-21,60,140793
CAND-00333,2024-03-23,2024-07-21,90,136934
CAND-00334,2024-06-25,2024-07-25,0,286432
CAND-00334,2024-06-25,2024-08-24,30,279157
CAND-00334,2024-06-25,2024-09-23,60,268973
CAND-00334,2024-06-25,2024-10-23,90,262608
CAND-00335,2024-08-12,2024-09-11,0,179762
CAND-00335,2024-08-12,2024-10-11,0,168432
CAND-00335,2024-08-12,2024-11-10,0,154675
CAND-00335,2024-08-12,2024-12-10,0,143975
CAND-00335,2024-08-12,2025-01-09,0,129159
CAND-00336,2024-03-04,2024-04-03,30,512927
CAND-00336,2024-03-04,2024-05-03,0,465160
CAND-00336,2024-03-04,2024-06-02,0,421373
CAND-00336,2024-03-04,2024-07-02,0,380955
CAND-00336,2024-03-04,2024-08-01,30,369775
CAND-00336,2024-03-04,2024-08-31,0,322008
CAND-00337,2024-05-01,2024-05-31,0,257502
CAND-00337,2024-05-01,2024-06-30,30,249171
CAND-00337,2024-05-01,2024-07-30,60,244287
CAND-00337,2024-05-01,2024-08-29,90,239318
CAND-00338,2024-09-04,2024-10-04,0,674934
CAND-00338,2024-09-04,2024-11-03,0,628532
CAND-00338,2024-09-04,2024-12-03,30,606696
CAND-00338,2024-09-04,2025-01-02,60,594112
CAND-00338,2024-09-04,2025-02-01,30,577239
CAND-00339,2024-05-01,2024-05-31,0,539018
CAND-00339,2024-05-01,2024-06-30,0,491458
CAND-00339,2024-05-01,2024-07-30,0,459751
CAND-00339,2024-05-01,2024-08-29,0,415849
CAND-00339,2024-05-01,2024-09-28,0,371947
CAND-00339,2024-05-01,2024-10-28,0,333899
CAND-00340,2024-04-24,2024-05-24,0,282081
CAND-00340,2024-04-24,2024-06-23,0,254834
CAND-00340,2024-04-24,2024-07-23,0,234854
CAND-00340,2024-04-24,2024-08-22,30,227361
CAND-00340,2024-04-24,2024-09-21,0,197390
CAND-00341,2024-05-15,2024-06-14,0,398375
CAND-00341,2024-05-15,2024-07-14,0,372338
CAND-00341,2024-05-15,2024-08-13,30,362920
CAND-00341,2024-05-15,2024-09-12,60,354407
CAND-00341,2024-05-15,2024-10-12,90,346056
CAND-00342,2024-08-20,2024-09-19,0,624894
CAND-00342,2024-08-20,2024-10-19,0,585973
CAND-00342,2024-08-20,2024-11-18,0,530835
CAND-00342,2024-08-20,2024-12-18,0,494077
CAND-00343,2024-08-02,2024-09-01,0,546933
CAND-00343,2024-08-02,2024-10-01,0,502231
CAND-00343,2024-08-02,2024-10-31,0,468048
CAND-00344,2024-08-15,2024-09-14,0,380877
CAND-00344,2024-08-15,2024-10-14,0,340068
CAND-00344,2024-08-15,2024-11-13,30,332369
CAND-00345,2024-04-10,2024-05-10,0,519407
CAND-00345,2024-04-10,2024-06-09,0,487056
CAND-00345,2024-04-10,2024-07-09,0,447773
CAND-00346,2024-08-15,2024-09-14,0,426120
CAND-00346,2024-08-15,2024-10-14,0,395527
CAND-00346,2024-08-15,2024-11-13,0,357286
CAND-00347,2024-06-21,2024-07-21,0,1216472
CAND-00347,2024-06-21,2024-08-20,0,1135691
CAND-00347,2024-06-21,2024-09-19,0,1006441
CAND-00347,2024-06-21,2024-10-19,0,920274
CAND-00347,2024-06-21,2024-11-18,0,839493
CAND-00349,2024-06-16,2024-07-16,0,931099
CAND-00349,2024-06-16,2024-08-15,0,837989
CAND-00349,2024-06-16,2024-09-14,30,803849
CAND-00349,2024-06-16,2024-10-14,0,725064
CAND-00350,2024-07-10,2024-08-09,30,699708
CAND-00350,2024-07-10,2024-09-08,60,686612
CAND-00350,2024-07-10,2024-10-08,30,667657
CAND-00351,2024-09-25,2024-10-25,30,1144339
CAND-00351,2024-09-25,2024-11-24,60,1115870
CAND-00351,2024-09-25,2024-12-24,90,1084324
CAND-00351,2024-09-25,2025-01-23,118,1060979
CAND-00351,2024-09-25,2025-02-22,118,1033188
CAND-00351,2024-09-25,2025-03-24,118,997818
CAND-00352,2024-03-12,2024-04-11,30,398030
CAND-00352,2024-03-12,2024-05-11,0,368737
CAND-00352,2024-03-12,2024-06-10,30,357020
CAND-00352,2024-03-12,2024-07-10,60,349564
CAND-00352,2024-03-12,2024-08-09,90,340244
CAND-00353,2024-08-23,2024-09-22,0,526449
CAND-00353,2024-08-23,2024-10-22,0,493660
CAND-00353,2024-08-23,2024-11-21,0,458822
CAND-00353,2024-08-23,2024-12-21,30,447446
CAND-00354,2024-07-10,2024-08-09,0,1269689
CAND-00354,2024-07-10,2024-09-08,0,1133651
CAND-00354,2024-07-10,2024-10-08,0,1029006
CAND-00354,2024-07-10,2024-11-07,0,943982
CAND-00354,2024-07-10,2024-12-07,30,916775
CAND-00354,2024-07-10,2025-01-06,0,780737
CAND-00355,2024-04-15,2024-05-15,0,1520863
CAND-00355,2024-04-15,2024-06-14,30,1466268
CAND-00355,2024-04-15,2024-07-14,0,1369923
CAND-00355,2024-04-15,2024-08-13,30,1329976
CAND-00356,2024-03-29,2024-04-28,0,655291
CAND-00356,2024-03-29,2024-05-28,0,596483
CAND-00356,2024-03-29,2024-06-27,0,549436
CAND-00357,2024-03-21,2024-04-20,0,859730
CAND-00357,2024-03-21,2024-05-20,0,796046
CAND-00357,2024-03-21,2024-06-19,0,709204
CAND-00357,2024-03-21,2024-07-19,0,635723
CAND-00357,2024-03-21,2024-08-18,30,609906
CAND-00357,2024-03-21,2024-09-17,60,588678
CAND-00358,2024-06-20,2024-07-20,0,230600
CAND-00358,2024-06-20,2024-08-19,0,213160
CAND-00358,2024-06-20,2024-09-18,0,188743
CAND-00358,2024-06-20,2024-10-18,30,184222
CAND-00358,2024-06-20,2024-11-17,0,165440
CAND-00358,2024-06-20,2024-12-17,0,143243
CAND-00359,2024-01-24,2024-02-23,0,454775
CAND-00359,2024-01-24,2024-03-24,0,423767
CAND-00359,2024-01-24,2024-04-23,30,414407
CAND-00359,2024-01-24,2024-05-23,0,373064
CAND-00359,2024-01-24,2024-06-22,0,331720
CAND-00360,2024-05-04,2024-06-03,0,523127
CAND-00360,2024-05-04,2024-07-03,0,471912
CAND-00360,2024-05-04,2024-08-02,0,415575
CAND-00361,2024-06-29,2024-07-29,0,858332
CAND-00361,2024-06-29,2024-08-28,0,804686
CAND-00361,2024-06-29,2024-09-27,0,754021
CAND-00361,2024-06-29,2024-10-27,0,700375
CAND-00362,2024-02-04,2024-03-05,0,792531
CAND-00362,2024-02-04,2024-04-04,0,742581
CAND-00362,2024-02-04,2024-05-04,0,671820
CAND-00362,2024-02-04,2024-06-03,0,601058
CAND-00362,2024-02-04,2024-07-03,0,530296
CAND-00363,2024-09-15,2024-10-15,0,264820
CAND-00363,2024-09-15,2024-11-14,0,239026
CAND-00363,2024-09-15,2024-12-14,0,215381
CAND-00364,2024-06-25,2024-07-25,0,281043
CAND-00364,2024-06-25,2024-08-24,0,256245
CAND-00364,2024-06-25,2024-09-23,0,234990
CAND-00364,2024-06-25,2024-10-23,0,212099
CAND-00364,2024-06-25,2024-11-22,0,190844
CAND-00364,2024-06-25,2024-12-22,0,163792
CAND-00365,2024-06-06,2024-07-06,0,2194639
CAND-00365,2024-06-06,2024-08-05,0,2054785
CAND-00365,2024-06-06,2024-09-04,0,1871898
CAND-00365,2024-06-06,2024-10-04,0,1723303
CAND-00365,2024-06-06,2024-11-03,0,1564801
CAND-00366,2024-06-26,2024-07-26,0,571721
CAND-00366,2024-06-26,2024-08-25,0,533010
CAND-00366,2024-06-26,2024-09-24,0,498601
CAND-00366,2024-06-26,2024-10-24,0,436665
CAND-00367,2024-08-26,2024-09-25,0,328416
CAND-00367,2024-08-26,2024-10-25,0,301349
CAND-00367,2024-08-26,2024-11-24,30,292766
CAND-00368,2024-07-24,2024-08-23,0,729754
CAND-00368,2024-07-24,2024-09-22,0,673905
CAND-00368,2024-07-24,2024-10-22,0,595717
CAND-00368,2024-07-24,2024-11-21,0,535573
CAND-00368,2024-07-24,2024-12-21,0,483448
CAND-00369,2024-06-19,2024-07-19,0,255626
CAND-00369,2024-06-19,2024-08-18,0,228097
CAND-00369,2024-06-19,2024-09-17,0,210891
CAND-00369,2024-06-19,2024-10-17,0,192538
CAND-00369,2024-06-19,2024-11-16,0,171362
CAND-00369,2024-06-19,2024-12-16,0,151699
CAND-00370,2024-08-16,2024-09-15,0,275293
CAND-00370,2024-08-16,2024-10-15,0,256763
CAND-00370,2024-08-16,2024-11-14,0,233958
CAND-00370,2024-08-16,2024-12-14,0,217488
CAND-00371,2024-02-28,2024-03-29,30,373311
CAND-00371,2024-02-28,2024-04-28,60,364220
CAND-00371,2024-02-28,2024-05-28,90,355543
CAND-00372,2024-05-09,2024-06-08,0,909756
CAND-00372,2024-05-09,2024-07-08,0,821882
CAND-00372,2024-05-09,2024-08-07,0,752838
CAND-00372,2024-05-09,2024-09-06,0,692425
CAND-00372,2024-05-09,2024-10-06,0,635565
CAND-00372,2024-05-09,2024-11-05,0,561210
CAND-00373,2024-04-27,2024-05-27,0,1424304
CAND-00373,2024-04-27,2024-06-26,0,1338582
CAND-00373,2024-04-27,2024-07-26,0,1252860
CAND-00373,2024-04-27,2024-08-25,0,1142646
CAND-00374,2024-10-13,2024-11-12,0,802362
CAND-00374,2024-10-13,2024-12-12,0,751534
CAND-00374,2024-10-13,2025-01-11,0,697528
CAND-00374,2024-10-13,2025-02-10,0,646700
CAND-00374,2024-10-13,2025-03-12,0,560292
CAND-00374,2024-10-13,2025-04-11,0,509463
CAND-00375,2024-08-25,2024-09-24,0,1137877
CAND-00375,2024-08-25,2024-10-24,0,1051819
CAND-00375,2024-08-25,2024-11-23,0,971498
CAND-00376,2024-05-03,2024-06-02,0,550466
CAND-00376,2024-05-03,2024-07-02,0,508123
CAND-00376,2024-05-03,2024-08-01,0,448842
CAND-00376,2024-05-03,2024-08-31,0,413971
CAND-00376,2024-05-03,2024-09-30,0,376920
CAND-00376,2024-05-03,2024-10-30,0,323028
CAND-00377,2024-03-19,2024-04-18,0,934781
CAND-00377,2024-03-19,2024-05-18,30,902617
CAND-00377,2024-03-19,2024-06-17,0,811971
CAND-00377,2024-03-19,2024-07-17,0,721326
CAND-00377,2024-03-19,2024-08-16,0,665931
CAND-00377,2024-03-19,2024-09-15,0,607278
CAND-00378,2024-05-19,2024-06-18,0,515076
CAND-00378,2024-05-19,2024-07-18,0,474197
CAND-00378,2024-05-19,2024-08-17,0,436043
CAND-00378,2024-05-19,2024-09-16,0,397890
CAND-00378,2024-05-19,2024-10-16,0,364225
CAND-00379,2024-03-26,2024-04-25,0,742411
CAND-00379,2024-03-26,2024-05-25,0,670098
CAND-00379,2024-03-26,2024-06-24,0,590554
CAND-00380,2024-05-12,2024-06-11,0,150801
CAND-00380,2024-05-12,2024-07-11,0,138476
CAND-00380,2024-05-12,2024-08-10,0,128462
CAND-00380,2024-05-12,2024-09-09,0,117017
CAND-00380,2024-05-12,2024-10-09,0,107003
CAND-00382,2024-07-28,2024-08-27,0,160861
CAND-00382,2024-07-28,2024-09-26,0,148413
CAND-00382,2024-07-28,2024-10-26,0,135008
CAND-00383,2024-02-19,2024-03-20,0,1083527
CAND-00383,2024-02-19,2024-04-19,0,977447
CAND-00383,2024-02-19,2024-05-19,0,908808
CAND-00383,2024-02-19,2024-06-18,0,831016
CAND-00383,2024-02-19,2024-07-18,0,733776
CAND-00383,2024-02-19,2024-08-17,0,665137
CAND-00384,2024-10-09,2024-11-08,30,604477
CAND-00384,2024-10-09,2024-12-08,0,553220
CAND-00384,2024-10-09,2025-01-07,0,514778
CAND-00385,2024-03-25,2024-04-24,0,574390
CAND-00385,2024-03-25,2024-05-24,0,517425
CAND-00385,2024-03-25,2024-06-23,0,478263
CAND-00385,2024-03-25,2024-07-23,0,421298
CAND-00385,2024-03-25,2024-08-22,0,369081
CAND-00386,2024-08-15,2024-09-14,0,258354
CAND-00386,2024-08-15,2024-10-14,0,240413
CAND-00386,2024-08-15,2024-11-13,0,222472
CAND-00386,2024-08-15,2024-12-13,0,201967
CAND-00387,2024-01-07,2024-02-06,0,1090152
CAND-00387,2024-01-07,2024-03-07,0,1020196
CAND-00387,2024-01-07,2024-04-06,0,921091
CAND-00387,2024-01-07,2024-05-06,0,836144
CAND-00388,2024-03-20,2024-04-19,0,929762
CAND-00388,2024-03-20,2024-05-19,30,912052
CAND-00388,2024-03-20,2024-06-18,60,894953
CAND-00389,2024-06-14,2024-07-14,0,377294
CAND-00389,2024-06-14,2024-08-13,0,339184
CAND-00389,2024-06-14,2024-09-12,0,306936
CAND-00389,2024-06-14,2024-10-12,0,265015
CAND-00390,2024-09-10,2024-10-10,0,1198315
CAND-00390,2024-09-10,2024-11-09,0,1099553
CAND-00390,2024-09-10,2024-12-09,0,992560
CAND-00391,2024-08-02,2024-09-01,0,455163
CAND-00391,2024-08-02,2024-10-01,0,422290
CAND-00391,2024-08-02,2024-10-31,0,372981
CAND-00391,2024-08-02,2024-11-30,0,335050
CAND-00391,2024-08-02,2024-12-30,0,306045
CAND-00392,2024-02-20,2024-03-21,0,907021
CAND-00392,2024-02-20,2024-04-20,30,880055
CAND-00392,2024-02-20,2024-05-20,0,796912
CAND-00392,2024-02-20,2024-06-19,0,725646
CAND-00392,2024-02-20,2024-07-19,0,625874
CAND-00392,2024-02-20,2024-08-18,0,567184
CAND-00393,2024-02-22,2024-03-23,0,378993
CAND-00393,2024-02-22,2024-04-22,0,355306
CAND-00393,2024-02-22,2024-05-22,0,330138
CAND-00393,2024-02-22,2024-06-21,0,304971
CAND-00394,2024-06-06,2024-07-06,0,581108
CAND-00394,2024-06-06,2024-08-05,0,546134
CAND-00394,2024-06-06,2024-09-04,0,506788
CAND-00394,2024-06-06,2024-10-04,0,461822
CAND-00394,2024-06-06,2024-11-03,0,424790
CAND-00394,2024-06-06,2024-12-03,0,389816
CAND-00395,2024-02-26,2024-03-27,0,366992
CAND-00395,2024-02-26,2024-04-26,0,334370
CAND-00395,2024-02-26,2024-05-26,0,304258
CAND-00395,2024-02-26,2024-06-25,0,282511
CAND-00396,2024-06-28,2024-07-28,0,201596
CAND-00396,2024-06-28,2024-08-27,0,184981
CAND-00396,2024-06-28,2024-09-26,30,179581
CAND-00396,2024-06-28,2024-10-26,0,162966
CAND-00396,2024-06-28,2024-11-25,30,157566
CAND-00397,2024-04-15,2024-05-15,0,1444239
CAND-00397,2024-04-15,2024-06-14,30,1408676
CAND-00397,2024-04-15,2024-07-14,0,1318724
CAND-00398,2024-04-03,2024-05-03,0,233281
CAND-00398,2024-04-03,2024-06-02,0,211897
CAND-00398,2024-04-03,2024-07-02,0,194790
CAND-00398,2024-04-03,2024-08-01,0,179695
CAND-00398,2024-04-03,2024-08-31,0,159956
CAND-00399,2024-09-20,2024-10-20,0,301542
CAND-00399,2024-09-20,2024-11-19,0,269069
CAND-00399,2024-09-20,2024-12-19,0,248773
CAND-00399,2024-09-20,2025-01-18,0,216299
CAND-00399,2024-09-20,2025-02-17,0,198258
CAND-00400,2024-09-11,2024-10-11,0,896434
CAND-00400,2024-09-11,2024-11-10,0,805885
CAND-00400,2024-09-11,2024-12-10,0,747295
CAND-00400,2024-09-11,2025-01-09,0,680892
CAND-00400,2024-09-11,2025-02-08,0,625557
CAND-00401,2024-02-06,2024-03-07,0,988803
CAND-00401,2024-02-06,2024-04-06,0,889922
CAND-00401,2024-02-06,2024-05-06,0,791042
CAND-00401,2024-02-06,2024-06-05,0,718530
CAND-00401,2024-02-06,2024-07-05,0,650550
CAND-00402,2024-08-11,2024-09-10,0,628405
CAND-00402,2024-08-11,2024-10-10,0,574695
CAND-00402,2024-08-11,2024-11-09,0,531056
CAND-00402,2024-08-11,2024-12-09,0,461233
CAND-00402,2024-08-11,2025-01-08,0,420161
CAND-00402,2024-08-11,2025-02-07,0,381371
CAND-00403,2024-07-06,2024-08-05,0,879709
CAND-00403,2024-07-06,2024-09-04,30,860236
CAND-00403,2024-07-06,2024-10-04,0,775265
CAND-00403,2024-07-06,2024-11-03,0,703365
CAND-00403,2024-07-06,2024-12-03,0,609896
CAND-00404,2024-03-09,2024-04-08,0,667677
CAND-00404,2024-03-09,2024-05-08,0,625947
CAND-00404,2024-03-09,2024-06-07,0,566830
CAND-00404,2024-03-09,2024-07-07,0,512260
CAND-00405,2024-05-28,2024-06-27,0,369167
CAND-00405,2024-05-28,2024-07-27,0,336352
CAND-00405,2024-05-28,2024-08-26,0,300554
CAND-00406,2024-05-25,2024-06-24,0,251004
CAND-00406,2024-05-25,2024-07-24,0,235510
CAND-00406,2024-05-25,2024-08-23,30,228359
CAND-00406,2024-05-25,2024-09-22,0,200469
CAND-00407,2024-01-27,2024-02-26,0,1081864
CAND-00407,2024-01-27,2024-03-27,0,999436
CAND-00407,2024-01-27,2024-04-26,30,975395
CAND-00407,2024-01-27,2024-05-26,0,907513
CAND-00407,2024-01-27,2024-06-25,0,830580
CAND-00408,2024-08-09,2024-09-08,0,607897
CAND-00408,2024-08-09,2024-10-08,0,564987
CAND-00408,2024-08-09,2024-11-07,30,550994
CAND-00408,2024-08-09,2024-12-07,60,534490
CAND-00409,2024-01-22,2024-02-21,0,153135
CAND-00409,2024-01-22,2024-03-22,0,141468
CAND-00409,2024-01-22,2024-04-21,0,129800
CAND-00409,2024-01-22,2024-05-21,0,120725
CAND-00410,2024-02-27,2024-03-28,0,815328
CAND-00410,2024-02-27,2024-04-27,0,767201
CAND-00410,2024-02-27,2024-05-27,0,719074
CAND-00410,2024-02-27,2024-06-26,0,664931
CAND-00411,2024-08-03,2024-09-02,30,373749
CAND-00411,2024-08-03,2024-10-02,60,365213
CAND-00411,2024-08-03,2024-11-01,90,358353
CAND-00411,2024-08-03,2024-12-01,104,348750
CAND-00411,2024-08-03,2024-12-31,104,340399
CAND-00412,2024-09-30,2024-10-30,0,1217672
CAND-00412,2024-09-30,2024-11-29,0,1108952
CAND-00412,2024-09-30,2024-12-29,0,1036471
CAND-00412,2024-09-30,2025-01-28,0,936114
CAND-00413,2024-08-02,2024-09-01,0,226018
CAND-00413,2024-08-02,2024-10-01,0,205928
CAND-00413,2024-08-02,2024-10-31,0,181819
CAND-00413,2024-08-02,2024-11-30,0,164599
CAND-00413,2024-08-02,2024-12-30,0,148526
CAND-00413,2024-08-02,2025-01-29,0,124418
CAND-00414,2024-02-24,2024-03-25,30,735316
CAND-00414,2024-02-24,2024-04-24,0,693736
CAND-00414,2024-02-24,2024-05-24,30,672352
CAND-00415,2024-07-10,2024-08-09,0,188988
CAND-00415,2024-07-10,2024-09-08,0,175995
CAND-00415,2024-07-10,2024-10-08,0,161146
CAND-00416,2024-03-02,2024-04-01,0,538471
CAND-00416,2024-03-02,2024-05-01,0,492908
CAND-00416,2024-03-02,2024-05-31,0,458066
CAND-00416,2024-03-02,2024-06-30,0,398834
CAND-00416,2024-03-02,2024-07-30,0,356526
CAND-00416,2024-03-02,2024-08-29,0,307166
CAND-00417,2024-09-03,2024-10-03,0,639069
CAND-00417,2024-09-03,2024-11-02,0,571168
CAND-00417,2024-09-03,2024-12-02,0,525901
CAND-00417,2024-09-03,2025-01-01,0,488178
CAND-00418,2024-03-31,2024-04-30,0,581624
CAND-00418,2024-03-31,2024-05-30,0,537635
CAND-00418,2024-03-31,2024-06-29,0,503422
CAND-00418,2024-03-31,2024-07-29,0,459434
CAND-00418,2024-03-31,2024-08-28,0,403449
CAND-00419,2024-08-16,2024-09-15,0,557194
CAND-00419,2024-08-16,2024-10-15,0,519204
CAND-00419,2024-08-16,2024-11-14,0,478680
CAND-00419,2024-08-16,2024-12-14,0,423421
CAND-00419,2024-08-16,2025-01-13,0,385431
CAND-00420,2024-02-07,2024-03-08,0,376275
CAND-00420,2024-02-07,2024-04-07,30,368226
CAND-00420,2024-02-07,2024-05-07,0,340861
CAND-00421,2024-08-17,2024-09-16,30,935352
CAND-00421,2024-08-17,2024-10-16,0,871723
CAND-00421,2024-08-17,2024-11-15,0,792186
CAND-00421,2024-08-17,2024-12-15,0,724012
CAND-00422,2024-06-30,2024-07-30,0,1503057
CAND-00422,2024-06-30,2024-08-29,0,1355905
CAND-00422,2024-06-30,2024-09-28,0,1208752
CAND-00422,2024-06-30,2024-10-28,0,1093133
CAND-00422,2024-06-30,2024-11-27,0,931265
CAND-00422,2024-06-30,2024-12-27,0,784112
CAND-00423,2024-09-22,2024-10-22,0,256374
CAND-00423,2024-09-22,2024-11-21,0,228406
CAND-00423,2024-09-22,2024-12-21,0,211954
CAND-00424,2024-04-30,2024-05-30,0,767619
CAND-00424,2024-04-30,2024-06-29,0,719809
CAND-00424,2024-04-30,2024-07-29,0,661754
CAND-00425,2024-08-18,2024-09-17,0,1220805
CAND-00425,2024-08-18,2024-10-17,0,1111804
CAND-00425,2024-08-18,2024-11-16,0,1030054
CAND-00425,2024-08-18,2024-12-16,0,948304
CAND-00425,2024-08-18,2025-01-15,0,854875
CAND-00425,2024-08-18,2025-02-14,0,745874
CAND-00426,2024-01-08,2024-02-07,0,640465
CAND-00426,2024-01-08,2024-03-08,0,588300
CAND-00426,2024-01-08,2024-04-07,0,545916
CAND-00426,2024-01-08,2024-05-07,0,500707
CAND-00427,2024-02-06,2024-03-07,0,403567
CAND-00427,2024-02-06,2024-04-06,0,369701
CAND-00427,2024-02-06,2024-05-06,0,342185
CAND-00427,2024-02-06,2024-06-05,30,334462
CAND-00427,2024-02-06,2024-07-05,0,305111
CAND-00427,2024-02-06,2024-08-04,0,271246
CAND-00428,2024-06-25,2024-07-25,0,634420
CAND-00428,2024-06-25,2024-08-24,0,585328
CAND-00428,2024-06-25,2024-09-23,0,542372
CAND-00428,2024-06-25,2024-10-23,0,489504
CAND-00428,2024-06-25,2024-11-22,0,436636
CAND-00429,2024-08-31,2024-09-30,30,410359
CAND-00429,2024-08-31,2024-10-30,0,375238
CAND-00429,2024-08-31,2024-11-29,0,342819
CAND-00429,2024-08-31,2024-12-29,0,304506
CAND-00429,2024-08-31,2025-01-28,0,276409
CAND-00430,2024-03-03,2024-04-02,0,688414
CAND-00430,2024-03-03,2024-05-02,0,642520
CAND-00430,2024-03-03,2024-06-01,0,575764
CAND-00430,2024-03-03,2024-07-01,0,514572
CAND-00430,2024-03-03,2024-07-31,0,441141
CAND-00431,2024-05-28,2024-06-27,0,517162
CAND-00431,2024-05-28,2024-07-27,30,504520
CAND-00431,2024-05-28,2024-08-26,0,471057
CAND-00431,2024-05-28,2024-09-25,0,439452
CAND-00432,2024-02-05,2024-03-06,0,1109034
CAND-00432,2024-02-05,2024-04-05,30,1087815
CAND-00432,2024-02-05,2024-05-05,0,988795
CAND-00432,2024-02-05,2024-06-04,30,966790
CAND-00433,2024-04-06,2024-05-06,0,1341548
CAND-00433,2024-04-06,2024-06-05,30,1300663
CAND-00433,2024-04-06,2024-07-05,0,1181414
CAND-00434,2024-04-04,2024-05-04,0,1332064
CAND-00434,2024-04-04,2024-06-03,0,1221715
CAND-00434,2024-04-04,2024-07-03,0,1078262
CAND-00434,2024-04-04,2024-08-02,0,967914
CAND-00434,2024-04-04,2024-09-01,0,878256
CAND-00435,2024-02-18,2024-03-19,0,741168
CAND-00435,2024-02-18,2024-04-18,0,667664
CAND-00435,2024-02-18,2024-05-18,0,620102
CAND-00436,04-05-2024,2024-06-03,0,450698
CAND-00436,04-05-2024,2024-07-03,30,441517
CAND-00436,04-05-2024,2024-08-02,60,428805
CAND-00437,2024-09-20,2024-10-20,30,722886
CAND-00437,2024-09-20,2024-11-19,0,673863
CAND-00437,2024-09-20,2024-12-19,30,652235
CAND-00437,2024-09-20,2025-01-18,0,599710
CAND-00437,2024-09-20,2025-02-17,30,584064
CAND-00437,2024-09-20,2025-03-19,0,522785
CAND-00438,2024-09-05,2024-10-05,30,1148055
CAND-00438,2024-09-05,2024-11-04,0,1050050
CAND-00438,2024-09-05,2024-12-04,0,980870
CAND-00438,2024-09-05,2025-01-03,0,911690
CAND-00438,2024-09-05,2025-02-02,0,813686
CAND-00438,2024-09-05,2025-03-04,0,748349
CAND-00439,2024-07-11,2024-08-10,0,1083657
CAND-00439,2024-07-11,2024-09-09,0,968519
CAND-00439,2024-07-11,2024-10-09,0,872570
CAND-00439,2024-07-11,2024-11-08,0,767899
CAND-00439,2024-07-11,2024-12-08,0,685657
CAND-00440,2024-09-26,2024-10-26,0,993342
CAND-00440,2024-09-26,2024-11-25,0,886912
CAND-00440,2024-09-26,2024-12-25,0,827785
CAND-00441,2024-10-10,2024-11-09,0,397590
CAND-00441,2024-10-10,2024-12-09,0,370482
CAND-00441,2024-10-10,2025-01-08,0,346386
CAND-00441,2024-10-10,2025-02-07,0,303012
CAND-00441,2024-10-10,2025-03-09,0,277498
CAND-00442,2024-07-01,2024-07-31,0,1602767
CAND-00442,2024-07-01,2024-08-30,0,1479477
CAND-00442,2024-07-01,2024-09-29,0,1383585
CAND-00442,2024-07-01,2024-10-29,0,1210980
CAND-00442,2024-07-01,2024-11-28,0,1103101
CAND-00442,2024-07-01,2024-12-28,0,930495
CAND-00443,2024-07-10,2024-08-09,0,374173
CAND-00443,2024-07-10,2024-09-08,0,337541
CAND-00443,2024-07-10,2024-10-08,0,303961
CAND-00444,2024-08-26,2024-09-25,0,241905
CAND-00444,2024-08-26,2024-10-25,0,223546
CAND-00444,2024-08-26,2024-11-24,0,202127
CAND-00444,2024-08-26,2024-12-24,0,183769
CAND-00445,2024-10-22,2024-11-21,0,1285346
CAND-00445,2024-10-22,2024-12-21,0,1190135
CAND-00445,2024-10-22,2025-01-20,0,1047319
CAND-00446,2024-05-05,2024-06-04,0,308426
CAND-00446,2024-05-05,2024-07-04,0,274156
CAND-00446,2024-05-05,2024-08-03,0,252738
CAND-00446,2024-05-05,2024-09-02,0,221583
CAND-00446,2024-05-05,2024-10-02,30,213016
CAND-00447,2024-06-25,2024-07-25,0,271581
CAND-00447,2024-06-25,2024-08-24,0,253475
CAND-00447,2024-06-25,2024-09-23,0,229335
CAND-00448,2024-06-30,2024-07-30,0,807352
CAND-00448,2024-06-30,2024-08-29,30,789542
CAND-00448,2024-06-30,2024-09-28,0,739258
CAND-00449,2024-04-16,2024-05-16,0,406411
CAND-00449,2024-04-16,2024-06-15,0,382327
CAND-00449,2024-04-16,2024-07-15,0,353427
CAND-00450,2024-03-25,2024-04-24,0,742203
CAND-00450,2024-03-25,2024-05-24,0,691598
CAND-00450,2024-03-25,2024-06-23,0,617991
CAND-00450,2024-03-25,2024-07-23,0,537024
CAND-00450,2024-03-25,2024-08-22,0,489396
CAND-00451,2024-01-09,2024-02-08,0,402325
CAND-00451,2024-01-09,2024-03-09,0,363137
CAND-00451,2024-01-09,2024-04-08,0,336196
CAND-00451,2024-01-09,2024-05-08,0,307458
CAND-00451,2024-01-09,2024-06-07,0,280517
CAND-00452,2024-08-06,2024-09-05,0,383439
CAND-00452,2024-08-06,2024-10-05,0,350994
CAND-00452,2024-08-06,2024-11-04,0,312650
CAND-00452,2024-08-06,2024-12-04,30,300599
CAND-00452,2024-08-06,2025-01-03,60,293327
CAND-00453,2024-07-17,2024-08-16,0,800994
CAND-00453,2024-07-17,2024-09-15,30,785217
CAND-00453,2024-07-17,2024-10-15,0,727368
CAND-00453,2024-07-17,2024-11-14,0,676324
CAND-00453,2024-07-17,2024-12-14,0,618474
CAND-00453,2024-07-17,2025-01-13,0,556493
CAND-00454,2024-07-15,2024-08-14,0,913844
CAND-00454,2024-07-15,2024-09-13,30,894097
CAND-00454,2024-07-15,2024-10-13,60,875840
CAND-00454,2024-07-15,2024-11-12,90,856867
CAND-00455,2024-07-07,2024-08-06,0,678877
CAND-00455,2024-07-07,2024-09-05,0,618976
CAND-00455,2024-07-07,2024-10-05,0,563683
CAND-00455,2024-07-07,2024-11-04,0,515762
CAND-00456,2024-02-11,2024-03-12,0,795003
CAND-00456,2024-02-11,2024-04-11,0,724612
CAND-00456,2024-02-11,2024-05-11,30,699769
CAND-00456,2024-02-11,2024-06-10,60,680998
CAND-00456,2024-02-11,2024-07-10,90,658168
CAND-00456,2024-02-11,2024-08-09,93,639805
CAND-00457,2024-06-17,2024-07-17,0,123543
CAND-00457,2024-06-17,2024-08-16,0,114167
CAND-00457,2024-06-17,2024-09-15,0,103228
CAND-00457,2024-06-17,2024-10-15,0,90102
CAND-00457,2024-06-17,2024-11-14,0,80726
CAND-00457,2024-06-17,2024-12-14,0,73004
CAND-00458,2024-08-10,2024-09-09,0,325563
CAND-00458,2024-08-10,2024-10-09,0,301448
CAND-00458,2024-08-10,2024-11-08,0,277332
CAND-00458,2024-08-10,2024-12-08,0,256053
CAND-00458,2024-08-10,2025-01-07,0,235957
CAND-00458,2024-08-10,2025-02-06,0,211841
CAND-00459,2024-01-31,2024-03-01,0,277140
CAND-00459,2024-01-31,2024-03-31,0,256816
CAND-00459,2024-01-31,2024-04-30,0,239880
CAND-00459,2024-01-31,2024-05-30,0,222944
CAND-00459,2024-01-31,2024-06-29,30,217595
CAND-00459,2024-01-31,2024-07-29,0,187110
CAND-00460,2024-10-05,2024-11-04,0,1041466
CAND-00460,2024-10-05,2024-12-04,0,967951
CAND-00460,2024-10-05,2025-01-03,0,867703
CAND-00460,2024-10-05,2025-02-02,0,794188
CAND-00461,2024-03-05,2024-04-04,0,162901
CAND-00461,2024-03-05,2024-05-04,0,152946
CAND-00461,2024-03-05,2024-06-03,0,136656
CAND-00462,2024-05-19,2024-06-18,0,629243
CAND-00462,2024-05-19,2024-07-18,0,583098
CAND-00462,2024-05-19,2024-08-17,0,542383
CAND-00463,2024-06-18,2024-07-18,30,215667
CAND-00463,2024-06-18,2024-08-17,60,210652
CAND-00463,2024-06-18,2024-09-16,90,206325
CAND-00463,2024-06-18,2024-10-16,118,201193
CAND-00463,2024-06-18,2024-11-15,118,194296
CAND-00463,2024-06-18,2024-12-15,118,188638
CAND-00464,2024-01-21,2024-02-20,30,397376
CAND-00464,2024-01-21,2024-03-21,0,373386
CAND-00464,2024-01-21,2024-04-20,0,347896
CAND-00464,2024-01-21,2024-05-20,30,338186
CAND-00464,2024-01-21,2024-06-19,0,310997
CAND-00464,2024-01-21,2024-07-19,0,279625
CAND-00465,2024-03-08,2024-04-07,0,311790
CAND-00465,2024-03-08,2024-05-07,0,288925
CAND-00465,2024-03-08,2024-06-06,0,266061
CAND-00465,2024-03-08,2024-07-06,0,245886
CAND-00465,2024-03-08,2024-08-05,0,226832
CAND-00466,2024-06-07,2024-07-07,0,176343
CAND-00466,2024-06-07,2024-08-06,0,158854
CAND-00466,2024-06-07,2024-09-05,30,155155
CAND-00467,2024-07-30,2024-08-29,0,1001619
CAND-00467,2024-07-30,2024-09-28,0,935105
CAND-00467,2024-07-30,2024-10-28,0,859089
CAND-00467,2024-07-30,2024-11-27,0,796488
CAND-00467,2024-07-30,2024-12-27,0,733887
CAND-00468,2024-10-05,2024-11-04,30,273861
CAND-00468,2024-10-05,2024-12-04,0,257423
CAND-00468,2024-10-05,2025-01-03,0,235927
CAND-00468,2024-10-05,2025-02-02,0,215966
CAND-00468,2024-10-05,2025-03-04,0,192678
CAND-00468,2024-10-05,2025-04-03,0,164733
CAND-00469,2024-05-22,2024-06-21,0,653013
CAND-00469,2024-05-22,2024-07-21,0,582270
CAND-00469,2024-05-22,2024-08-20,0,517958
CAND-00469,2024-05-22,2024-09-19,0,459006
CAND-00470,2024-09-11,2024-10-11,0,900778
CAND-00470,2024-09-11,2024-11-10,0,825713
CAND-00470,2024-09-11,2024-12-10,0,728129
CAND-00470,2024-09-11,2025-01-09,0,653064
CAND-00470,2024-09-11,2025-02-08,0,564351
CAND-00470,2024-09-11,2025-03-10,0,475638
CAND-00471,2024-09-13,2024-10-13,30,366745
CAND-00471,2024-09-13,2024-11-12,0,341699
CAND-00471,2024-09-13,2024-12-12,0,316653
CAND-00471,2024-09-13,2025-01-11,0,282499
CAND-00471,2024-09-13,2025-02-10,0,257453
CAND-00471,2024-09-13,2025-03-12,0,230618
CAND-00472,2024-07-03,2024-08-02,0,343543
CAND-00472,2024-07-03,2024-09-01,0,319113
CAND-00472,2024-07-03,2024-10-01,0,298755
CAND-00472,2024-07-03,2024-10-31,0,270567
CAND-00472,2024-07-03,2024-11-30,0,244392
CAND-00472,2024-07-03,2024-12-30,0,221490
CAND-00473,2024-07-20,2024-08-19,0,1322098
CAND-00473,2024-07-20,2024-09-18,0,1190981
CAND-00473,2024-07-20,2024-10-18,0,1087960
CAND-00473,2024-07-20,2024-11-17,0,943732
CAND-00473,2024-07-20,2024-12-17,0,832786
CAND-00473,2024-07-20,2025-01-16,0,712595
CAND-00474,2024-07-06,2024-08-05,0,625769
CAND-00474,2024-07-06,2024-09-04,0,578091
CAND-00474,2024-07-06,2024-10-04,0,517411
CAND-00474,2024-07-06,2024-11-03,0,466066
CAND-00474,2024-07-06,2024-12-03,0,399317
CAND-00475,2024-05-23,2024-06-22,0,1382692
CAND-00475,2024-05-23,2024-07-22,0,1269241
CAND-00475,2024-05-23,2024-08-21,0,1146335
CAND-00475,2024-05-23,2024-09-20,0,998848
CAND-00475,2024-05-23,2024-10-20,0,906668
CAND-00475,2024-05-23,2024-11-19,30,875942
CAND-00476,2024-08-15,2024-09-14,0,1022952
CAND-00476,2024-08-15,2024-10-14,0,921503
CAND-00476,2024-08-15,2024-11-13,30,894932
CAND-00476,2024-08-15,2024-12-13,0,825186
CAND-00477,2024-04-03,2024-05-03,0,96129
CAND-00477,2024-04-03,2024-06-02,0,85777
CAND-00477,2024-04-03,2024-07-02,0,79307
CAND-00477,2024-04-03,2024-08-01,30,76719
CAND-00477,2024-04-03,2024-08-31,60,74468
CAND-00478,2024-10-04,2024-11-03,30,435723
CAND-00478,2024-10-04,2024-12-03,0,405868
CAND-00478,2024-10-04,2025-01-02,0,380988
CAND-00478,2024-10-04,2025-02-01,0,340277
CAND-00478,2024-10-04,2025-03-03,0,302958
CAND-00479,2024-08-13,2024-09-12,0,239695
CAND-00479,2024-08-13,2024-10-12,0,221940
CAND-00479,2024-08-13,2024-11-11,0,204185
CAND-00479,2024-08-13,2024-12-11,0,187539
CAND-00479,2024-08-13,2025-01-10,0,171873
CAND-00479,2024-08-13,2025-02-09,0,155227
CAND-00480,2024-05-09,2024-06-08,0,714987
CAND-00480,2024-05-09,2024-07-08,0,671655
CAND-00480,2024-05-09,2024-08-07,30,653084
CAND-00480,2024-05-09,2024-09-06,0,604334
CAND-00481,2024-03-25,2024-04-24,0,240796
CAND-00481,2024-03-25,2024-05-24,0,218905
CAND-00481,2024-03-25,2024-06-23,0,201393
CAND-00482,2024-08-17,2024-09-16,0,723111
CAND-00482,2024-08-17,2024-10-16,0,672895
CAND-00482,2024-08-17,2024-11-15,0,615505
CAND-00483,2024-08-25,2024-09-24,30,812694
CAND-00483,2024-08-25,2024-10-24,0,748226
CAND-00483,2024-08-25,2024-11-23,0,701665
CAND-00483,2024-08-25,2024-12-23,0,617856
CAND-00484,2024-07-07,2024-08-06,0,375689
CAND-00484,2024-07-07,2024-09-05,0,352116
CAND-00484,2024-07-07,2024-10-05,0,329853
CAND-00484,2024-07-07,2024-11-04,0,303138
CAND-00485,2024-05-11,2024-06-10,0,494297
CAND-00485,2024-05-11,2024-07-10,0,463510
CAND-00485,2024-05-11,2024-08-09,0,434434
CAND-00486,2024-09-04,2024-10-04,30,451969
CAND-00486,2024-09-04,2024-11-03,60,437016
CAND-00486,2024-09-04,2024-12-03,90,428269
CAND-00486,2024-09-04,2025-01-02,60,414222
CAND-00486,2024-09-04,2025-02-01,90,402916
CAND-00487,2024-06-01,2024-07-01,0,1170408
CAND-00487,2024-06-01,2024-07-31,0,1100383
CAND-00487,2024-06-01,2024-08-30,0,1010352
CAND-00487,2024-06-01,2024-09-29,0,936208
CAND-00487,2024-06-01,2024-10-29,0,857431
CAND-00487,2024-06-01,2024-11-28,0,773402
CAND-00488,2024-10-04,2024-11-03,30,467993
CAND-00488,2024-10-04,2024-12-03,0,441402
CAND-00488,2024-10-04,2025-01-02,0,397891
CAND-00488,2024-10-04,2025-02-01,0,371300
CAND-00488,2024-10-04,2025-03-03,0,327788
CAND-00489,2024-03-29,2024-04-28,30,606628
CAND-00489,2024-03-29,2024-05-28,60,595064
CAND-00489,2024-03-29,2024-06-27,30,576140
CAND-00490,2024-05-29,2024-06-28,0,394420
CAND-00490,2024-05-29,2024-07-28,0,355304
CAND-00490,2024-05-29,2024-08-27,0,329993
CAND-00491,2024-05-02,2024-06-01,0,1337999
CAND-00491,2024-05-02,2024-07-01,0,1248799
CAND-00491,2024-05-02,2024-07-31,0,1164846
CAND-00491,2024-05-02,2024-08-30,0,1035101
CAND-00491,2024-05-02,2024-09-29,0,916168
CAND-00491,2024-05-02,2024-10-29,30,877595
CAND-00492,2024-06-02,2024-07-02,0,475133
CAND-00492,2024-06-02,2024-08-01,0,439074
CAND-00492,2024-06-02,2024-08-31,0,409378
CAND-00492,2024-06-02,2024-09-30,0,358895
CAND-00493,2024-06-08,2024-07-08,0,567877
CAND-00493,2024-06-08,2024-08-07,0,533699
CAND-00493,2024-06-08,2024-09-06,0,495249
CAND-00493,2024-06-08,2024-10-06,0,454236
CAND-00493,2024-06-08,2024-11-05,0,420058
CAND-00493,2024-06-08,2024-12-05,0,364131
CAND-00494,2024-07-01,2024-07-31,0,348564
CAND-00494,2024-07-01,2024-08-30,0,319964
CAND-00494,2024-07-01,2024-09-29,0,288981
CAND-00494,2024-07-01,2024-10-29,0,264194
CAND-00494,2024-07-01,2024-11-28,0,227014
CAND-00495,2024-04-02,2024-05-02,0,522682
CAND-00495,2024-04-02,2024-06-01,0,471206
CAND-00495,2024-04-02,2024-07-01,0,437898
CAND-00495,2024-04-02,2024-07-31,30,424416
CAND-00496,2024-03-04,2024-04-03,0,755051
CAND-00496,2024-03-04,2024-05-03,0,696970
CAND-00496,2024-03-04,2024-06-02,0,651796
CAND-00496,2024-03-04,2024-07-02,0,606622
CAND-00496,2024-03-04,2024-08-01,0,552413
CAND-00496,2024-03-04,2024-08-31,0,478492
CAND-00497,2024-05-01,2024-05-31,0,649183
CAND-00497,2024-05-01,2024-06-30,0,610112
CAND-00497,2024-05-01,2024-07-30,0,546177
CAND-00497,2024-05-01,2024-08-29,0,499292
CAND-00497,2024-05-01,2024-09-28,0,449058
CAND-00497,2024-05-01,2024-10-28,0,405102
CAND-00498,2024-02-01,2024-03-02,30,1158420
CAND-00498,2024-02-01,2024-04-01,0,1079396
CAND-00498,2024-02-01,2024-05-01,0,1000372
CAND-00498,2024-02-01,2024-05-31,0,892612
CAND-00499,2024-04-03,2024-05-03,0,2911609
CAND-00499,2024-04-03,2024-06-02,0,2648755
CAND-00499,2024-04-03,2024-07-02,0,2385902
CAND-00499,2024-04-03,2024-08-01,0,2123048
CAND-00499,2024-04-03,2024-08-31,0,1836299
CAND-00499,2024-04-03,2024-09-30,0,1610996
CAND-00500,2024-05-30,2024-06-29,30,436093
CAND-00500,2024-05-30,2024-07-29,60,423601
CAND-00500,2024-05-30,2024-08-28,30,413824
CAND-00500,2024-05-30,2024-09-27,60,400975
CAND-00500,2024-05-30,2024-10-27,90,390267
CAND-00500,2024-05-30,2024-11-26,120,381090
CAND-00501,2024-04-11,2024-05-11,0,750570
CAND-00501,2024-04-11,2024-06-10,0,692834
CAND-00501,2024-04-11,2024-07-10,0,635098
CAND-00501,2024-04-11,2024-08-09,0,581211
CAND-00501,2024-04-11,2024-09-08,30,555136
CAND-00502,2024-08-09,2024-09-08,0,471693
CAND-00502,2024-08-09,2024-10-08,0,434257
CAND-00502,2024-08-09,2024-11-07,0,393941
CAND-00502,2024-08-09,2024-12-07,0,353626
CAND-00502,2024-08-09,2025-01-06,0,320869
CAND-00503,2024-07-01,2024-07-31,0,1106987
CAND-00503,2024-07-01,2024-08-30,0,987773
CAND-00503,2024-07-01,2024-09-29,0,896070
CAND-00503,2024-07-01,2024-10-29,0,804367
CAND-00503,2024-07-01,2024-11-28,0,729858
CAND-00503,2024-07-01,2024-12-28,0,663628
CAND-00504,2024-09-01,2024-10-01,0,668857
CAND-00504,2024-09-01,2024-10-31,0,613976
CAND-00504,2024-09-01,2024-11-30,0,563016
CAND-00504,2024-09-01,2024-12-30,0,491671
CAND-00504,2024-09-01,2025-01-29,0,436790
CAND-00504,2024-09-01,2025-02-28,0,365446
CAND-00505,2024-02-28,2024-03-29,0,652229
CAND-00505,2024-02-28,2024-04-28,0,605402
CAND-00505,2024-02-28,2024-05-28,0,541547
CAND-00505,2024-02-28,2024-06-27,0,471307
CAND-00506,2024-03-04,2024-04-03,0,388112
CAND-00506,2024-03-04,2024-05-03,0,357870
CAND-00506,2024-03-04,2024-06-02,0,327627
CAND-00506,2024-03-04,2024-07-02,0,299401
CAND-00506,2024-03-04,2024-08-01,0,269158
CAND-00507,2024-06-13,2024-07-13,0,240932
CAND-00507,2024-06-13,2024-08-12,0,214429
CAND-00507,2024-06-13,2024-09-11,0,196761
CAND-00507,2024-06-13,2024-10-11,0,176374
CAND-00507,2024-06-13,2024-11-10,0,158706
CAND-00508,2024-08-21,2024-09-20,0,379608
CAND-00508,2024-08-21,2024-10-20,0,355248
CAND-00508,2024-08-21,2024-11-19,0,330888
CAND-00509,2024-03-31,2024-04-30,30,705898
CAND-00509,2024-03-31,2024-05-30,60,681846
CAND-00509,2024-03-31,2024-06-29,30,662856
CAND-00509,2024-03-31,2024-07-29,60,645676
CAND-00509,2024-03-31,2024-08-28,90,628495
CAND-00510,2024-03-09,2024-04-08,0,1118976
CAND-00510,2024-03-09,2024-05-08,0,1052029
CAND-00510,2024-03-09,2024-06-07,0,951608
CAND-00510,2024-03-09,2024-07-07,0,842058
CAND-00510,2024-03-09,2024-08-06,0,761721
CAND-00511,2024-10-01,2024-10-31,0,460263
CAND-00511,2024-10-01,2024-11-30,0,414236
CAND-00511,2024-10-01,2024-12-30,0,384455
CAND-00511,2024-10-01,2025-01-29,0,350702
CAND-00511,2024-10-01,2025-02-28,0,304676
CAND-00511,2024-10-01,2025-03-30,0,273033
CAND-00512,2024-03-29,2024-04-28,0,278224
CAND-00512,2024-03-29,2024-05-28,0,250401
CAND-00512,2024-03-29,2024-06-27,0,229998
CAND-00512,2024-03-29,2024-07-27,0,199394
CAND-00512,2024-03-29,2024-08-26,30,193619
CAND-00513,2024-09-24,2024-10-24,0,760756
CAND-00513,2024-09-24,2024-11-23,0,710412
CAND-00513,2024-09-24,2024-12-23,0,629861
CAND-00513,2024-09-24,2025-01-22,0,572325
CAND-00513,2024-09-24,2025-02-21,0,521981
CAND-00514,2024-02-03,2024-03-04,0,1074548
CAND-00514,2024-02-03,2024-04-03,0,997401
CAND-00514,2024-02-03,2024-05-03,0,929330
CAND-00515,2024-06-19,2024-07-19,0,301910
CAND-00515,2024-06-19,2024-08-18,0,282670
CAND-00515,2024-06-19,2024-09-17,0,257511
CAND-00515,2024-06-19,2024-10-17,0,227778
CAND-00516,2024-05-01,2024-05-31,0,2779224
CAND-00516,2024-05-01,2024-06-30,0,2544059
CAND-00516,2024-05-01,2024-07-30,0,2340249
CAND-00516,2024-05-01,2024-08-29,0,2062326
CAND-00516,2024-05-01,2024-09-28,0,1892485
CAND-00517,2024-06-23,2024-07-23,0,430907
CAND-00517,2024-06-23,2024-08-22,0,384502
CAND-00517,2024-06-23,2024-09-21,0,338096
CAND-00517,2024-06-23,2024-10-21,0,312316
CAND-00517,2024-06-23,2024-11-20,0,281379
CAND-00518,2024-01-17,2024-02-16,0,708411
CAND-00518,2024-01-17,2024-03-17,30,684797
CAND-00518,2024-01-17,2024-04-16,0,638959
CAND-00519,2024-01-28,2024-02-27,0,229925
CAND-00519,2024-01-28,2024-03-28,0,211860
CAND-00519,2024-01-28,2024-04-27,0,194999
CAND-00519,2024-01-28,2024-05-27,0,175543
CAND-00519,2024-01-28,2024-06-26,0,160666
CAND-00520,2024-07-21,2024-08-20,0,1738004
CAND-00520,2024-07-21,2024-09-19,30,1703283
CAND-00520,2024-07-21,2024-10-19,0,1561726
CAND-00521,2024-02-25,2024-03-26,0,830606
CAND-00521,2024-02-25,2024-04-25,0,771541
CAND-00521,2024-02-25,2024-05-25,0,682943
CAND-00522,2024-04-27,2024-05-27,0,899770
CAND-00522,2024-04-27,2024-06-26,0,818541
CAND-00522,2024-04-27,2024-07-26,0,761203
CAND-00522,2024-04-27,2024-08-25,0,672589
CAND-00522,2024-04-27,2024-09-24,0,602964
CAND-00523,2024-01-20,2024-02-19,30,1488136
CAND-00523,2024-01-20,2024-03-20,0,1336285
CAND-00523,2024-01-20,2024-04-19,0,1241379
CAND-00523,2024-01-20,2024-05-19,0,1089528
CAND-00523,2024-01-20,2024-06-18,0,988294
CAND-00524,2024-09-10,2024-10-10,0,91667
CAND-00524,2024-09-10,2024-11-09,0,83333
CAND-00524,2024-09-10,2024-12-09,30,80000
CAND-00524,2024-09-10,2025-01-08,0,71667
CAND-00524,2024-09-10,2025-02-07,0,65417
CAND-00524,2024-09-10,2025-03-09,0,55417
CAND-00525,2024-09-11,2024-10-11,0,417218
CAND-00525,2024-09-11,2024-11-10,0,389136
CAND-00525,2024-09-11,2024-12-10,0,361054
CAND-00525,2024-09-11,2025-01-09,0,326492
CAND-00525,2024-09-11,2025-02-08,0,300062
CAND-00526,2024-06-04,2024-07-04,0,578279
CAND-00526,2024-06-04,2024-08-03,0,539727
CAND-00526,2024-06-04,2024-09-02,0,503443
CAND-00527,2024-04-09,2024-05-09,0,359193
CAND-00527,2024-04-09,2024-06-08,0,335247
CAND-00527,2024-04-09,2024-07-08,0,311300
CAND-00527,2024-04-09,2024-08-07,0,290015
CAND-00527,2024-04-09,2024-09-06,0,255184
CAND-00527,2024-04-09,2024-10-06,0,233899
CAND-00528,2024-05-19,2024-06-18,30,349438
CAND-00528,2024-05-19,2024-07-18,0,317009
CAND-00528,2024-05-19,2024-08-17,0,294714
CAND-00528,2024-05-19,2024-09-16,0,270933
CAND-00528,2024-05-19,2024-10-16,0,241207
CAND-00528,2024-05-19,2024-11-15,0,218912
CAND-00529,2024-06-11,2024-07-11,30,496158
CAND-00529,2024-06-11,2024-08-10,0,450233
CAND-00529,2024-06-11,2024-09-09,0,404307
CAND-00529,2024-06-11,2024-10-09,0,362209
CAND-00529,2024-06-11,2024-11-08,0,316284
CAND-00530,2024-10-04,2024-11-03,0,370299
CAND-00530,2024-10-04,2024-12-03,0,346961
CAND-00530,2024-10-04,2025-01-02,0,323623
CAND-00530,2024-10-04,2025-02-01,0,287555
CAND-00530,2024-10-04,2025-03-03,0,254492
CAND-00531,2024-07-15,2024-08-14,0,744111
CAND-00531,2024-07-15,2024-09-13,0,700340
CAND-00531,2024-07-15,2024-10-13,0,628714
CAND-00531,2024-07-15,2024-11-12,0,579471
CAND-00531,2024-07-15,2024-12-12,0,526946
CAND-00531,2024-07-15,2025-01-11,0,470669
CAND-00532,2024-05-29,2024-06-28,0,1096854
CAND-00532,2024-05-29,2024-07-28,30,1076198
CAND-00532,2024-05-29,2024-08-27,0,994949
CAND-00532,2024-05-29,2024-09-26,0,927242
CAND-00532,2024-05-29,2024-10-26,0,833494
CAND-00533,2024-02-24,2024-03-25,0,391728
CAND-00533,2024-02-24,2024-04-24,0,350251
CAND-00533,2024-02-24,2024-05-24,0,308774
CAND-00533,2024-02-24,2024-06-23,0,267297
CAND-00533,2024-02-24,2024-07-23,0,239645
CAND-00534,2024-09-20,2024-10-20,0,438225
CAND-00534,2024-09-20,2024-11-19,0,412140
CAND-00534,2024-09-20,2024-12-19,0,386056
CAND-00534,2024-09-20,2025-01-18,0,346928
CAND-00534,2024-09-20,2025-02-17,0,317583
CAND-00535,2024-03-12,2024-04-11,0,442432
CAND-00535,2024-03-12,2024-05-11,0,394785
CAND-00535,2024-03-12,2024-06-10,0,347139
CAND-00535,2024-03-12,2024-07-10,0,299492
CAND-00535,2024-03-12,2024-08-09,30,287581
CAND-00536,2024-03-25,2024-04-24,0,472747
CAND-00536,2024-03-25,2024-05-24,30,463531
CAND-00536,2024-03-25,2024-06-23,0,430702
CAND-00536,2024-03-25,2024-07-23,0,382949
CAND-00536,2024-03-25,2024-08-22,0,339177
CAND-00536,2024-03-25,2024-09-21,0,298771
CAND-00537,2024-07-12,2024-08-11,0,586492
CAND-00537,2024-07-12,2024-09-10,0,532187
CAND-00537,2024-07-12,2024-10-10,0,495984
CAND-00537,2024-07-12,2024-11-09,0,449437
CAND-00537,2024-07-12,2024-12-09,0,413234
CAND-00538,16-10-2024,2024-11-15,0,593196
CAND-00538,16-10-2024,2024-12-15,30,580014
CAND-00538,16-10-2024,2025-01-14,0,525089
CAND-00538,16-10-2024,2025-02-13,30,505703
CAND-00538,16-10-2024,2025-03-15,60,492521
CAND-00539,2024-08-27,2024-09-26,30,1301230
CAND-00539,2024-08-27,2024-10-26,0,1226447
CAND-00539,2024-08-27,2024-11-25,0,1136707
CAND-00539,2024-08-27,2024-12-25,0,1002097
CAND-00539,2024-08-27,2025-01-24,0,867487
CAND-00540,2024-09-16,2024-10-16,0,367669
CAND-00540,2024-09-16,2024-11-15,0,336559
CAND-00540,2024-09-16,2024-12-15,0,307670
CAND-00540,2024-09-16,2025-01-14,0,267227
CAND-00541,2024-01-18,2024-02-17,0,552701
CAND-00541,2024-01-18,2024-03-18,0,516577
CAND-00541,2024-01-18,2024-04-17,0,455165
CAND-00541,2024-01-18,2024-05-17,0,419041
CAND-00541,2024-01-18,2024-06-16,0,363213
CAND-00541,2024-01-18,2024-07-16,0,307384
CAND-00542,2024-01-12,2024-02-11,0,588402
CAND-00542,2024-01-12,2024-03-12,0,545906
CAND-00542,2024-01-12,2024-04-11,0,496872
CAND-00543,2024-05-04,2024-06-03,0,556313
CAND-00543,2024-05-04,2024-07-03,0,520316
CAND-00543,2024-05-04,2024-08-02,0,482070
CAND-00543,2024-05-04,2024-09-01,0,426438
CAND-00543,2024-05-04,2024-10-01,0,392441
CAND-00544,2024-08-07,2024-09-06,0,1779998
CAND-00544,2024-08-07,2024-10-06,0,1634518
CAND-00544,2024-08-07,2024-11-05,0,1516315
CAND-00544,2024-08-07,2024-12-05,0,1390231
CAND-00544,2024-08-07,2025-01-04,30,1346249
CAND-00544,2024-08-07,2025-02-03,60,1312477
CAND-00545,2024-09-02,2024-10-02,0,537595
CAND-00545,2024-09-02,2024-11-01,0,503996
CAND-00545,2024-09-02,2024-12-01,0,465916
CAND-00545,2024-09-02,2024-12-31,0,413989
CAND-00546,2024-03-25,2024-04-24,0,576258
CAND-00546,2024-03-25,2024-05-24,30,562993
CAND-00546,2024-03-25,2024-06-23,60,542655
CAND-00546,2024-03-25,2024-07-23,90,527401
CAND-00547,2024-08-28,2024-09-27,0,634157
CAND-00547,2024-08-28,2024-10-27,0,595990
CAND-00547,2024-08-28,2024-11-26,0,527289
CAND-00547,2024-08-28,2024-12-26,0,458589
CAND-00548,2024-02-04,2024-03-05,0,707810
CAND-00548,2024-02-04,2024-04-04,0,663572
CAND-00548,2024-02-04,2024-05-04,0,595204
CAND-00549,2024-09-10,2024-10-10,0,289074
CAND-00549,2024-09-10,2024-11-09,30,280611
CAND-00549,2024-09-10,2024-12-09,0,263213
CAND-00549,2024-09-10,2025-01-08,0,231896
CAND-00550,2024-04-19,2024-05-19,0,1273614
CAND-00550,2024-04-19,2024-06-18,0,1192453
CAND-00550,2024-04-19,2024-07-18,0,1106218
CAND-00550,2024-04-19,2024-08-17,0,991239
CAND-00550,2024-04-19,2024-09-16,0,905005
CAND-00550,2024-04-19,2024-10-16,0,813022
CAND-00551,2024-07-07,2024-08-06,0,716892
CAND-00551,2024-07-07,2024-09-05,30,703392
CAND-00551,2024-07-07,2024-10-05,60,685690
CAND-00552,2024-04-25,2024-05-25,0,558196
CAND-00552,2024-04-25,2024-06-24,0,519820
CAND-00552,2024-04-25,2024-07-24,0,481444
CAND-00553,2024-03-21,2024-04-20,0,452506
CAND-00553,2024-03-21,2024-05-20,0,414534
CAND-00553,2024-03-21,2024-06-19,0,381624
CAND-00553,2024-03-21,2024-07-19,0,346364
CAND-00554,2024-03-17,2024-04-16,0,565105
CAND-00554,2024-03-17,2024-05-16,0,527432
CAND-00554,2024-03-17,2024-06-15,0,477200
CAND-00555,2024-05-06,2024-06-05,0,550985
CAND-00555,2024-05-06,2024-07-05,0,508818
CAND-00555,2024-05-06,2024-08-04,0,476021
CAND-00555,2024-05-06,2024-09-03,30,461622
CAND-00556,2024-07-07,2024-08-06,0,389802
CAND-00556,2024-07-07,2024-09-05,30,382272
CAND-00556,2024-07-07,2024-10-05,0,344621
CAND-00556,2024-07-07,2024-11-04,30,335809
CAND-00556,2024-07-07,2024-12-04,60,326396
CAND-00557,2024-01-26,2024-02-25,0,2210082
CAND-00557,2024-01-26,2024-03-26,0,2050465
CAND-00557,2024-01-26,2024-04-25,0,1890848
CAND-00557,2024-01-26,2024-05-25,0,1741207
CAND-00557,2024-01-26,2024-06-24,0,1608192
CAND-00558,2024-08-19,2024-09-18,0,418355
CAND-00558,2024-08-19,2024-10-18,0,386338
CAND-00558,2024-08-19,2024-11-17,0,348985
CAND-00558,2024-08-19,2024-12-17,0,322618
CAND-00559,2024-03-07,2024-04-06,0,1149391
CAND-00559,2024-03-07,2024-05-06,0,1046767
CAND-00559,2024-03-07,2024-06-05,0,974326
CAND-00560,2024-02-17,2024-03-18,0,702608
CAND-00560,2024-02-17,2024-04-17,30,685309
CAND-00560,2024-02-17,2024-05-17,0,637737
CAND-00561,2024-04-26,2024-05-26,0,443029
CAND-00561,2024-04-26,2024-06-25,0,415681
CAND-00561,2024-04-26,2024-07-25,0,377815
CAND-00562,2024-04-09,2024-05-09,0,447054
CAND-00562,2024-04-09,2024-06-08,0,410516
CAND-00562,2024-04-09,2024-07-08,0,384127
CAND-00563,2024-09-19,2024-10-19,0,351992
CAND-00563,2024-09-19,2024-11-18,0,327992
CAND-00563,2024-09-19,2024-12-18,0,289593
CAND-00563,2024-09-19,2025-01-17,0,265594
CAND-00563,2024-09-19,2025-02-16,0,233595
CAND-00563,2024-09-19,2025-03-18,0,204057
CAND-00564,2024-02-07,2024-03-08,0,437058
CAND-00564,2024-02-07,2024-04-07,0,409206
CAND-00564,2024-02-07,2024-05-07,30,400597
CAND-00564,2024-02-07,2024-06-06,0,371005
CAND-00565,2024-06-15,2024-07-15,0,767406
CAND-00565,2024-06-15,2024-08-14,0,717751
CAND-00565,2024-06-15,2024-09-13,0,657454
CAND-00565,2024-06-15,2024-10-13,0,607799
CAND-00565,2024-06-15,2024-11-12,0,551522
CAND-00566,2024-04-16,2024-05-16,0,362591
CAND-00566,2024-04-16,2024-06-15,0,327093
CAND-00566,2024-04-16,2024-07-15,0,288045
CAND-00567,2024-08-10,2024-09-09,0,500778
CAND-00567,2024-08-10,2024-10-09,0,446527
CAND-00567,2024-08-10,2024-11-08,30,433295
CAND-00567,2024-08-10,2024-12-08,60,424100
CAND-00567,2024-08-10,2025-01-07,90,409437
CAND-00568,2024-10-25,2024-11-24,0,280111
CAND-00568,2024-10-25,2024-12-24,0,250349
CAND-00568,2024-10-25,2025-01-23,0,232842
CAND-00568,2024-10-25,2025-02-22,0,211584
CAND-00568,2024-10-25,2025-03-24,0,190325
CAND-00569,2024-09-25,2024-10-25,0,452821
CAND-00569,2024-09-25,2024-11-24,0,404876
CAND-00569,2024-09-25,2024-12-24,0,367994
CAND-00569,2024-09-25,2025-01-23,0,341358
CAND-00569,2024-09-25,2025-02-22,30,333091
CAND-00571,2024-04-07,2024-05-07,0,913416
CAND-00571,2024-04-07,2024-06-06,0,825189
CAND-00571,2024-04-07,2024-07-06,0,728138
CAND-00571,2024-04-07,2024-08-05,0,674221
CAND-00571,2024-04-07,2024-09-04,0,617133
CAND-00571,2024-04-07,2024-10-04,0,556476
CAND-00572,2024-03-16,2024-04-15,0,329592
CAND-00572,2024-03-16,2024-05-15,0,310061
CAND-00572,2024-03-16,2024-06-14,0,274904
CAND-00572,2024-03-16,2024-07-14,0,252931
CAND-00572,2024-03-16,2024-08-13,0,223634
CAND-00573,2024-05-13,2024-06-12,30,552923
CAND-00573,2024-05-13,2024-07-12,0,517173
CAND-00573,2024-05-13,2024-08-11,0,469508
CAND-00573,2024-05-13,2024-09-10,0,421842
CAND-00573,2024-05-13,2024-10-10,0,377843
CAND-00574,2024-08-19,2024-09-18,0,713930
CAND-00574,2024-08-19,2024-10-18,0,650469
CAND-00574,2024-08-19,2024-11-17,0,596075
CAND-00574,2024-08-19,2024-12-17,0,551279
CAND-00575,2024-04-28,2024-05-28,0,864624
CAND-00575,2024-04-28,2024-06-27,0,797251
CAND-00575,2024-04-28,2024-07-27,30,780703
CAND-00575,2024-04-28,2024-08-26,60,762564
CAND-00575,2024-04-28,2024-09-25,90,743314
CAND-00576,2024-01-31,2024-03-01,0,301382
CAND-00576,2024-01-31,2024-03-31,30,295683
CAND-00576,2024-01-31,2024-04-30,0,275739
CAND-00576,2024-01-31,2024-05-30,0,246729
CAND-00577,2024-06-13,2024-07-13,0,304430
CAND-00577,2024-06-13,2024-08-12,0,280268
CAND-00577,2024-06-13,2024-09-11,0,259127
CAND-00577,2024-06-13,2024-10-11,0,234966
CAND-00578,2024-05-02,2024-06-01,0,461167
CAND-00578,2024-05-02,2024-07-01,0,431327
CAND-00578,2024-05-02,2024-07-31,0,397508
CAND-00578,2024-05-02,2024-08-30,0,358486
CAND-00579,2024-09-22,2024-10-22,0,944367
CAND-00579,2024-09-22,2024-11-21,0,871724
CAND-00579,2024-09-22,2024-12-21,0,786973
CAND-00579,2024-09-22,2025-01-20,0,730472
CAND-00579,2024-09-22,2025-02-19,0,666909
CAND-00579,2024-09-22,2025-03-21,0,610408
CAND-00580,2024-03-22,2024-04-21,0,329148
CAND-00580,2024-03-22,2024-05-21,0,296506
CAND-00580,2024-03-22,2024-06-20,0,268885
CAND-00580,2024-03-22,2024-07-20,0,241264
CAND-00580,2024-03-22,2024-08-19,0,220142
CAND-00581,2024-02-22,2024-03-23,0,826153
CAND-00581,2024-02-22,2024-04-22,0,776725
CAND-00581,2024-02-22,2024-05-22,0,702583
CAND-00581,2024-02-22,2024-06-21,0,613613
CAND-00581,2024-02-22,2024-07-21,0,558006
CAND-00582,2024-09-24,2024-10-24,0,745901
CAND-00582,2024-09-24,2024-11-23,0,682786
CAND-00582,2024-09-24,2024-12-23,0,631506
CAND-00582,2024-09-24,2025-01-22,0,568391
CAND-00582,2024-09-24,2025-02-21,0,517110
CAND-00583,2024-04-08,2024-05-08,0,292272
CAND-00583,2024-04-08,2024-06-07,30,286575
CAND-00583,2024-04-08,2024-07-07,60,276427
CAND-00584,2024-04-13,2024-05-13,0,323435
CAND-00584,2024-04-13,2024-06-12,0,293487
CAND-00584,2024-04-13,2024-07-12,0,265843
CAND-00584,2024-04-13,2024-08-11,0,245878
CAND-00585,2024-04-30,2024-05-30,0,840808
CAND-00585,2024-04-30,2024-06-29,0,764371
CAND-00585,2024-04-30,2024-07-29,0,698853
CAND-00585,2024-04-30,2024-08-28,0,607129
CAND-00585,2024-04-30,2024-09-27,0,523743
CAND-00586,2024-10-11,2024-11-10,0,617510
CAND-00586,2024-10-11,2024-12-10,0,563024
CAND-00586,2024-10-11,2025-01-09,30,545353
CAND-00586,2024-10-11,2025-02-08,0,479969
CAND-00586,2024-10-11,2025-03-10,0,441508
CAND-00587,2024-05-15,2024-06-14,0,1388643
CAND-00587,2024-05-15,2024-07-14,0,1238206
CAND-00587,2024-05-15,2024-08-13,0,1101446
CAND-00587,2024-05-15,2024-09-12,0,964686
CAND-00587,2024-05-15,2024-10-12,0,857231
CAND-00588,2024-10-02,2024-11-01,0,567735
CAND-00588,2024-10-02,2024-12-01,0,511821
CAND-00588,2024-10-02,2024-12-31,0,477652
CAND-00588,2024-10-02,2025-01-30,30,459563
CAND-00589,2024-08-17,2024-09-16,0,158900
CAND-00589,2024-08-17,2024-10-16,0,143605
CAND-00589,2024-08-17,2024-11-15,0,133708
CAND-00590,2024-05-17,2024-06-16,0,803242
CAND-00590,2024-05-17,2024-07-16,0,715616
CAND-00590,2024-05-17,2024-08-15,0,664071
CAND-00590,2024-05-17,2024-09-14,0,591049
CAND-00590,2024-05-17,2024-10-14,0,539504
CAND-00590,2024-05-17,2024-11-13,0,487959
CAND-00591,2024-04-27,2024-05-27,0,299253
CAND-00591,2024-04-27,2024-06-26,0,272534
CAND-00591,2024-04-27,2024-07-26,0,243386
CAND-00591,2024-04-27,2024-08-25,0,224525
CAND-00591,2024-04-27,2024-09-24,0,201623
CAND-00591,2024-04-27,2024-10-24,0,183811
CAND-00592,2024-09-01,2024-10-01,0,768975
CAND-00592,2024-09-01,2024-10-31,0,713438
CAND-00592,2024-09-01,2024-11-30,0,657901
CAND-00593,2024-06-14,2024-07-14,0,528855
CAND-00593,2024-06-14,2024-08-13,0,494635
CAND-00593,2024-06-14,2024-09-12,0,455853
CAND-00593,2024-06-14,2024-10-12,0,419494
CAND-00593,2024-06-14,2024-11-11,0,374745
CAND-00594,2024-06-04,2024-07-04,30,1103739
CAND-00594,2024-06-04,2024-08-03,0,1040924
CAND-00594,2024-06-04,2024-09-02,0,965547
CAND-00594,2024-06-04,2024-10-02,0,902733
CAND-00594,2024-06-04,2024-11-01,0,799945
CAND-00594,2024-06-04,2024-12-01,0,729279
CAND-00595,2024-09-23,2024-10-23,0,847272
CAND-00595,2024-09-23,2024-11-22,0,789022
CAND-00595,2024-09-23,2024-12-22,0,737244
CAND-00595,2024-09-23,2025-01-21,0,685466
CAND-00596,2024-08-19,2024-09-18,0,745546
CAND-00596,2024-08-19,2024-10-18,30,722329
CAND-00596,2024-08-19,2024-11-17,60,706541
CAND-00596,2024-08-19,2024-12-17,90,683986
CAND-00596,2024-08-19,2025-01-16,120,659317
CAND-00597,2024-02-20,2024-03-21,0,1136556
CAND-00597,2024-02-20,2024-04-20,0,1049961
CAND-00597,2024-02-20,2024-05-20,0,978648
CAND-00598,2024-08-19,2024-09-18,0,306118
CAND-00598,2024-08-19,2024-10-18,0,272445
CAND-00598,2024-08-19,2024-11-17,0,241833
CAND-00598,2024-08-19,2024-12-17,0,208160
CAND-00599,2024-04-04,2024-05-04,0,1382342
CAND-00599,2024-04-04,2024-06-03,0,1274627
CAND-00599,2024-04-04,2024-07-03,0,1180376
CAND-00599,2024-04-04,2024-08-02,0,1096598
CAND-00600,2024-08-14,2024-09-13,0,263632
CAND-00600,2024-08-14,2024-10-13,0,247359
CAND-00600,2024-08-14,2024-11-12,0,230128
CAND-00600,2024-08-14,2024-12-12,0,205718
CAND-00600,2024-08-14,2025-01-11,0,187410
CAND-00601,2024-02-14,2024-03-15,30,404692
CAND-00601,2024-02-14,2024-04-14,0,380291
CAND-00601,2024-02-14,2024-05-14,30,367328
CAND-00601,2024-02-14,2024-06-13,60,358311
CAND-00601,2024-02-14,2024-07-13,90,350015
CAND-00601,2024-02-14,2024-08-12,60,341549
CAND-00602,2024-06-10,2024-07-10,0,989836
CAND-00602,2024-06-10,2024-08-09,0,908619
CAND-00602,2024-06-10,2024-09-08,0,838230
CAND-00602,2024-06-10,2024-10-08,0,776123
CAND-00603,2024-09-17,2024-10-17,0,551453
CAND-00603,2024-09-17,2024-11-16,0,512527
CAND-00603,2024-09-17,2024-12-16,0,463869
CAND-00603,2024-09-17,2025-01-15,0,431431
CAND-00604,2024-07-15,2024-08-14,0,954011
CAND-00604,2024-07-15,2024-09-13,0,867885
CAND-00604,2024-07-15,2024-10-13,0,798984
CAND-00604,2024-07-15,2024-11-12,0,725162
CAND-00604,2024-07-15,2024-12-12,0,664367
CAND-00605,2024-10-05,2024-11-04,0,1166752
CAND-00605,2024-10-05,2024-12-04,0,1084393
CAND-00605,2024-10-05,2025-01-03,0,1007181
CAND-00605,2024-10-05,2025-02-02,0,904232
CAND-00605,2024-10-05,2025-03-04,0,791925
CAND-00606,2024-01-21,2024-02-20,0,808206
CAND-00606,2024-01-21,2024-03-21,0,753808
CAND-00606,2024-01-21,2024-04-20,0,699409
CAND-00606,2024-01-21,2024-05-20,30,682343
CAND-00606,2024-01-21,2024-06-19,0,627945
CAND-00606,2024-01-21,2024-07-19,0,579590
CAND-00607,2024-04-19,2024-05-19,0,712085
CAND-00607,2024-04-19,2024-06-18,0,632965
CAND-00607,2024-04-19,2024-07-18,0,561037
CAND-00608,2024-03-01,2024-03-31,0,878685
CAND-00608,2024-03-01,2024-04-30,0,811738
CAND-00608,2024-03-01,2024-05-30,0,726532
CAND-00609,2024-07-12,2024-08-11,0,398084
CAND-00609,2024-07-12,2024-09-10,0,362359
CAND-00609,2024-07-12,2024-10-10,0,326633
CAND-00609,2024-07-12,2024-11-09,0,298053
CAND-00610,2024-07-10,2024-08-09,0,518168
CAND-00610,2024-07-10,2024-09-08,0,485782
CAND-00610,2024-07-10,2024-10-08,0,435732
CAND-00610,2024-07-10,2024-11-07,0,396407
CAND-00610,2024-07-10,2024-12-07,0,359703
CAND-00610,2024-07-10,2025-01-06,30,348908
CAND-00611,2024-01-06,2024-02-05,0,403138
CAND-00611,2024-01-06,2024-03-06,0,370303
CAND-00611,2024-01-06,2024-04-05,0,341846
CAND-00612,2024-10-08,2024-11-07,0,672161
CAND-00612,2024-10-08,2024-12-07,0,600464
CAND-00612,2024-10-08,2025-01-06,0,528767
CAND-00612,2024-10-08,2025-02-05,0,488935
CAND-00612,2024-10-08,2025-03-07,0,437723
CAND-00613,2024-03-17,2024-04-16,0,338765
CAND-00613,2024-03-17,2024-05-16,0,318234
CAND-00613,2024-03-17,2024-06-15,0,284637
CAND-00613,2024-03-17,2024-07-15,0,260000
CAND-00613,2024-03-17,2024-08-14,30,252301
CAND-00613,2024-03-17,2024-09-13,0,229203
CAND-00614,2024-02-19,2024-03-20,0,470600
CAND-00614,2024-02-19,2024-04-19,0,441841
CAND-00614,2024-02-19,2024-05-19,0,402021
CAND-00614,2024-02-19,2024-06-18,0,350255
CAND-00614,2024-02-19,2024-07-18,0,315744
CAND-00615,2024-03-23,2024-04-22,0,609229
CAND-00615,2024-03-23,2024-05-22,0,568773
CAND-00615,2024-03-23,2024-06-21,0,528316
CAND-00616,2024-01-10,2024-02-09,0,925578
CAND-00616,2024-01-10,2024-03-10,0,835425
CAND-00616,2024-01-10,2024-04-09,0,780331
CAND-00616,2024-01-10,2024-05-09,0,721996
CAND-00616,2024-01-10,2024-06-08,0,622827
CAND-00616,2024-01-10,2024-07-08,0,551992
CAND-00617,2024-07-30,2024-08-29,0,673681
CAND-00617,2024-07-30,2024-09-28,0,626897
CAND-00617,2024-07-30,2024-10-28,0,558849
CAND-00617,2024-07-30,2024-11-27,0,490800
CAND-00618,2024-06-16,2024-07-16,0,493154
CAND-00618,2024-06-16,2024-08-15,0,460922
CAND-00618,2024-06-16,2024-09-14,0,418772
CAND-00618,2024-06-16,2024-10-14,0,384525
CAND-00619,2024-08-30,2024-09-29,0,2142305
CAND-00619,2024-08-30,2024-10-29,0,1979081
CAND-00619,2024-08-30,2024-11-28,0,1788654
CAND-00620,2024-03-21,2024-04-20,0,185462
CAND-00620,2024-03-21,2024-05-20,0,169611
CAND-00620,2024-03-21,2024-06-19,0,154891
CAND-00620,2024-03-21,2024-07-19,30,150208
CAND-00620,2024-03-21,2024-08-18,0,131474
CAND-00621,2024-06-08,2024-07-08,0,345300
CAND-00621,2024-06-08,2024-08-07,0,322058
CAND-00621,2024-06-08,2024-09-06,0,295497
CAND-00621,2024-06-08,2024-10-06,0,258311
CAND-00621,2024-06-08,2024-11-05,0,236436
CAND-00621,2024-06-08,2024-12-05,0,199250
CAND-00622,2024-09-17,2024-10-17,0,213373
CAND-00622,2024-09-17,2024-11-16,0,198926
CAND-00622,2024-09-17,2024-12-16,0,184479
CAND-00623,2024-01-31,2024-03-01,0,391709
CAND-00623,2024-01-31,2024-03-31,0,359805
CAND-00623,2024-01-31,2024-04-30,0,327901
CAND-00624,2024-09-29,2024-10-29,0,182564
CAND-00624,2024-09-29,2024-11-28,0,169582
CAND-00624,2024-09-29,2024-12-28,0,151879
CAND-00625,2024-03-15,2024-04-14,30,740595
CAND-00625,2024-03-15,2024-05-14,0,664890
CAND-00625,2024-03-15,2024-06-13,0,610815
CAND-00625,2024-03-15,2024-07-13,0,541992
CAND-00625,2024-03-15,2024-08-12,0,483757
CAND-00625,2024-03-15,2024-09-11,30,469992
CAND-00626,2024-08-15,2024-09-14,0,398675
CAND-00626,2024-08-15,2024-10-14,0,362129
CAND-00626,2024-08-15,2024-11-13,0,336333
CAND-00626,2024-08-15,2024-12-13,0,307097
CAND-00626,2024-08-15,2025-01-12,0,270551
CAND-00626,2024-08-15,2025-02-11,0,230684
CAND-00627,2024-04-04,2024-05-04,30,451867
CAND-00627,2024-04-04,2024-06-03,60,443435
CAND-00627,2024-04-04,2024-07-03,90,427976
CAND-00628,2024-05-06,2024-06-05,0,504333
CAND-00628,2024-05-06,2024-07-05,0,449314
CAND-00628,2024-05-06,2024-08-04,0,418749
CAND-00628,2024-05-06,2024-09-03,0,376427
CAND-00628,2024-05-06,2024-10-03,0,330579
CAND-00628,2024-05-06,2024-11-02,30,317784
CAND-00629,2024-08-23,2024-09-22,0,634409
CAND-00629,2024-08-23,2024-10-22,0,597091
CAND-00629,2024-08-23,2024-11-21,0,555108
CAND-00629,2024-08-23,2024-12-21,0,507127
CAND-00629,2024-08-23,2025-01-20,0,465144
CAND-00629,2024-08-23,2025-02-19,0,417164
CAND-00630,2024-05-25,2024-06-24,0,1941039
CAND-00630,2024-05-25,2024-07-24,0,1816480
CAND-00630,2024-05-25,2024-08-23,0,1698842
CAND-00630,2024-05-25,2024-09-22,0,1574283
CAND-00630,2024-05-25,2024-10-22,0,1362533
CAND-00630,2024-05-25,2024-11-21,0,1221367
CAND-00631,2024-02-20,2024-03-21,30,293986
CAND-00631,2024-02-20,2024-04-20,60,284521
CAND-00631,2024-02-20,2024-05-20,90,278806
CAND-00631,2024-02-20,2024-06-19,90,272624
CAND-00631,2024-02-20,2024-07-19,90,267117
CAND-00632,2024-04-02,2024-05-02,0,485291
CAND-00632,2024-04-02,2024-06-01,0,445628
CAND-00632,2024-04-02,2024-07-01,0,411253
CAND-00632,2024-04-02,2024-07-31,0,368285
CAND-00632,2024-04-02,2024-08-30,0,336058
CAND-00632,2024-04-02,2024-09-29,0,284496
CAND-00633,2024-02-23,2024-03-24,30,774547
CAND-00633,2024-02-23,2024-04-23,60,749670
CAND-00633,2024-02-23,2024-05-23,90,724793
CAND-00633,2024-02-23,2024-06-22,106,704381
CAND-00633,2024-02-23,2024-07-22,106,686289
CAND-00634,2024-07-01,2024-07-31,0,337225
CAND-00634,2024-07-01,2024-08-30,0,304525
CAND-00634,2024-07-01,2024-09-29,0,283365
CAND-00634,2024-07-01,2024-10-29,0,263382
CAND-00634,2024-07-01,2024-11-28,0,233406
CAND-00634,2024-07-01,2024-12-28,0,197435
CAND-00635,2024-05-15,2024-06-14,0,572401
CAND-00635,2024-05-15,2024-07-14,0,511794
CAND-00635,2024-05-15,2024-08-13,0,476143
CAND-00635,2024-05-15,2024-09-12,0,425637
CAND-00635,2024-05-15,2024-10-12,0,375131
CAND-00637,2024-03-21,2024-04-20,30,896946
CAND-00637,2024-03-21,2024-05-20,0,835488
CAND-00637,2024-03-21,2024-06-19,0,758667
CAND-00637,2024-03-21,2024-07-19,0,697209
CAND-00638,2024-03-11,2024-04-10,0,754744
CAND-00638,2024-03-11,2024-05-10,0,709319
CAND-00638,2024-03-11,2024-06-09,0,661223
CAND-00639,2024-04-22,2024-05-22,0,1102491
CAND-00639,2024-04-22,2024-06-21,0,1021642
CAND-00639,2024-04-22,2024-07-21,0,950304
CAND-00639,2024-04-22,2024-08-20,0,857016
CAND-00639,2024-04-22,2024-09-19,0,735742
CAND-00640,2024-02-25,2024-03-26,0,964630
CAND-00640,2024-02-25,2024-04-25,0,860129
CAND-00640,2024-02-25,2024-05-25,0,773044
CAND-00641,2024-03-03,2024-04-02,0,169886
CAND-00641,2024-03-03,2024-05-02,0,158643
CAND-00641,2024-03-03,2024-06-01,0,140655
CAND-00641,2024-03-03,2024-07-01,0,129413
CAND-00641,2024-03-03,2024-07-31,0,119420
CAND-00642,2024-04-20,2024-05-20,0,215939
CAND-00642,2024-04-20,2024-06-19,0,194798
CAND-00642,2024-04-20,2024-07-19,0,181879
CAND-00642,2024-04-20,2024-08-18,0,168959
CAND-00642,2024-04-20,2024-09-17,0,155280
CAND-00643,2024-03-26,2024-04-25,0,856662
CAND-00643,2024-03-26,2024-05-25,0,799002
CAND-00643,2024-03-26,2024-06-24,0,728036
CAND-00643,2024-03-26,2024-07-24,0,676783
CAND-00643,2024-03-26,2024-08-23,0,584527
CAND-00644,2024-04-06,2024-05-06,30,1795761
CAND-00644,2024-04-06,2024-06-05,60,1764761
CAND-00644,2024-04-06,2024-07-05,90,1717863
CAND-00645,2024-06-05,2024-07-05,0,231653
CAND-00645,2024-06-05,2024-08-04,0,211142
CAND-00645,2024-06-05,2024-09-03,0,195759
CAND-00645,2024-06-05,2024-10-03,0,176825
CAND-00645,2024-06-05,2024-11-02,0,157892
CAND-00646,2024-10-26,2024-11-25,0,303621
CAND-00646,2024-10-26,2024-12-25,0,276373
CAND-00646,2024-10-26,2025-01-24,0,249125
CAND-00646,2024-10-26,2025-02-23,0,216427
CAND-00646,2024-10-26,2025-03-25,0,193072
CAND-00647,2024-01-25,2024-02-24,0,404176
CAND-00647,2024-01-25,2024-03-25,0,374985
CAND-00647,2024-01-25,2024-04-24,0,349229
CAND-00647,2024-01-25,2024-05-24,0,324904
CAND-00647,2024-01-25,2024-06-23,0,299147
CAND-00648,2024-09-03,2024-10-03,30,412169
CAND-00648,2024-09-03,2024-11-02,60,400834
CAND-00648,2024-09-03,2024-12-02,90,390349
CAND-00648,2024-09-03,2025-01-01,114,380363
CAND-00648,2024-09-03,2025-01-31,114,372140
CAND-00648,2024-09-03,2025-03-02,114,362154
CAND-00649,2024-07-28,2024-08-27,0,353409
CAND-00649,2024-07-28,2024-09-26,30,345310
CAND-00649,2024-07-28,2024-10-26,60,336475
CAND-00649,2024-07-28,2024-11-25,90,328541
CAND-00649,2024-07-28,2024-12-25,113,318822
CAND-00649,2024-07-28,2025-01-24,113,309567
CAND-00650,2024-08-02,2024-09-01,0,597977
CAND-00650,2024-08-02,2024-10-01,30,584960
CAND-00650,2024-08-02,2024-10-31,60,573570
CAND-00650,2024-08-02,2024-11-30,90,554241
CAND-00651,2024-05-03,2024-06-02,0,1713315
CAND-00651,2024-05-03,2024-07-02,0,1569540
CAND-00651,2024-05-03,2024-08-01,0,1452723
CAND-00651,2024-05-03,2024-08-31,0,1328119
CAND-00651,2024-05-03,2024-09-30,0,1203514
CAND-00651,2024-05-03,2024-10-30,0,1047758
CAND-00652,2024-09-01,2024-10-01,0,356431
CAND-00652,2024-09-01,2024-10-31,0,331184
CAND-00652,2024-09-01,2024-11-30,0,293313
CAND-00652,2024-09-01,2024-12-30,0,268066
CAND-00653,2024-01-20,2024-02-19,0,422722
CAND-00653,2024-01-20,2024-03-20,0,381547
CAND-00653,2024-01-20,2024-04-19,30,373602
CAND-00653,2024-01-20,2024-05-19,0,343407
CAND-00654,2024-04-02,2024-05-02,0,462200
CAND-00654,2024-04-02,2024-06-01,0,417180
CAND-00654,2024-04-02,2024-07-01,30,407837
CAND-00655,2024-02-14,2024-03-15,0,421484
CAND-00655,2024-02-14,2024-04-14,0,392946
CAND-00655,2024-02-14,2024-05-14,0,362506
CAND-00656,2024-03-05,2024-04-04,0,665902
CAND-00656,2024-03-05,2024-05-04,0,599862
CAND-00656,2024-03-05,2024-06-03,0,559504
CAND-00657,2024-07-04,2024-08-03,0,1817939
CAND-00657,2024-07-04,2024-09-02,0,1622161
CAND-00657,2024-07-04,2024-10-02,0,1426383
CAND-00657,2024-07-04,2024-11-01,0,1263234
CAND-00657,2024-07-04,2024-12-01,0,1140873
CAND-00657,2024-07-04,2024-12-31,0,962893
CAND-00658,2024-03-02,2024-04-01,0,2168654
CAND-00658,2024-03-02,2024-05-01,30,2099555
CAND-00658,2024-03-02,2024-05-31,0,1961356
CAND-00659,2024-04-23,2024-05-23,0,1013717
CAND-00659,2024-04-23,2024-06-22,0,945080
CAND-00659,2024-04-23,2024-07-22,0,876442
CAND-00659,2024-04-23,2024-08-21,0,766623
CAND-00659,2024-04-23,2024-09-20,0,675107
CAND-00660,2024-04-26,2024-05-26,0,567031
CAND-00660,2024-04-26,2024-06-25,0,530341
CAND-00660,2024-04-26,2024-07-25,0,493650
CAND-00661,2024-03-17,2024-04-16,0,436236
CAND-00661,2024-03-17,2024-05-16,0,409981
CAND-00661,2024-03-17,2024-06-15,0,383726
CAND-00661,2024-03-17,2024-07-15,0,352220
CAND-00661,2024-03-17,2024-08-14,0,304961
CAND-00661,2024-03-17,2024-09-13,0,268608
CAND-00662,2024-10-17,2024-11-16,0,1776880
CAND-00662,2024-10-17,2024-12-16,0,1669190
CAND-00662,2024-10-17,2025-01-15,0,1561500
CAND-00662,2024-10-17,2025-02-14,0,1423042
CAND-00663,2024-07-08,2024-08-07,0,818499
CAND-00663,2024-07-08,2024-09-06,30,794426
CAND-00663,2024-07-08,2024-10-06,0,736649
CAND-00664,2024-04-21,2024-05-21,0,910621
CAND-00664,2024-04-21,2024-06-20,0,852591
CAND-00664,2024-04-21,2024-07-20,0,797785
CAND-00664,2024-04-21,2024-08-19,0,732018
CAND-00665,28-04-2024,2024-05-28,0,363337
CAND-00665,28-04-2024,2024-06-27,30,353174
CAND-00665,28-04-2024,2024-07-27,60,345085
CAND-00666,2024-04-07,2024-05-07,0,427536
CAND-00666,2024-04-07,2024-06-06,0,387949
CAND-00666,2024-04-07,2024-07-06,0,361558
CAND-00666,2024-04-07,2024-08-05,0,335167
CAND-00666,2024-04-07,2024-09-04,0,287663
CAND-00666,2024-04-07,2024-10-04,0,259720
CAND-00667,2024-09-15,2024-10-15,0,577812
CAND-00667,2024-09-15,2024-11-14,0,543036
CAND-00667,2024-09-15,2024-12-14,0,490873
CAND-00667,2024-09-15,2025-01-13,30,478835
CAND-00668,2024-09-30,2024-10-30,0,888115
CAND-00668,2024-09-30,2024-11-29,0,829138
CAND-00668,2024-09-30,2024-12-29,0,766230
CAND-00668,2024-09-30,2025-01-28,0,671868
CAND-00668,2024-09-30,2025-02-27,0,612892
CAND-00668,2024-09-30,2025-03-29,0,553915
CAND-00669,2024-03-19,2024-04-18,0,448316
CAND-00669,2024-03-19,2024-05-18,0,414159
CAND-00669,2024-03-19,2024-06-17,0,386029
CAND-00670,2024-04-29,2024-05-29,0,1519028
CAND-00670,2024-04-29,2024-06-28,0,1411008
CAND-00670,2024-04-29,2024-07-28,0,1286370
CAND-00670,2024-04-29,2024-08-27,0,1124340
CAND-00670,2024-04-29,2024-09-26,0,989315
CAND-00670,2024-04-29,2024-10-26,0,827286
CAND-00671,2024-09-15,2024-10-15,30,596645
CAND-00671,2024-09-15,2024-11-14,0,560378
CAND-00671,2024-09-15,2024-12-14,0,516340
CAND-00671,2024-09-15,2025-01-13,0,468915
CAND-00671,2024-09-15,2025-02-12,0,417537
CAND-00671,2024-09-15,2025-03-14,0,366159
CAND-00672,2024-08-27,2024-09-26,0,1051252
CAND-00672,2024-08-27,2024-10-26,0,958172
CAND-00672,2024-08-27,2024-11-25,0,865093
CAND-00672,2024-08-27,2024-12-25,0,753397
CAND-00673,2024-06-19,2024-07-19,0,589173
CAND-00673,2024-06-19,2024-08-18,0,550665
CAND-00673,2024-06-19,2024-09-17,0,512157
CAND-00673,2024-06-19,2024-10-17,0,457604
CAND-00673,2024-06-19,2024-11-16,0,421235
CAND-00673,2024-06-19,2024-12-16,0,374476
CAND-00674,2024-07-01,2024-07-31,0,394109
CAND-00674,2024-07-01,2024-08-30,0,352235
CAND-00674,2024-07-01,2024-09-29,0,326064
CAND-00674,2024-07-01,2024-10-29,0,302800
CAND-00674,2024-07-01,2024-11-28,0,270590
CAND-00675,2024-06-28,2024-07-28,0,340945
CAND-00675,2024-06-28,2024-08-27,0,318383
CAND-00675,2024-06-28,2024-09-26,0,297147
CAND-00675,2024-06-28,2024-10-26,0,274585
CAND-00676,2024-04-18,2024-05-18,0,1279309
CAND-00676,2024-04-18,2024-06-17,0,1175111
CAND-00676,2024-04-18,2024-07-17,0,1078357
CAND-00676,2024-04-18,2024-08-16,0,998677
CAND-00677,2024-02-17,2024-03-18,0,487403
CAND-00677,2024-02-17,2024-04-17,0,456125
CAND-00677,2024-02-17,2024-05-17,0,418146
CAND-00678,2024-07-08,2024-08-07,0,373001
CAND-00678,2024-07-08,2024-09-06,30,363816
CAND-00678,2024-07-08,2024-10-06,60,356221
CAND-00678,2024-07-08,2024-11-05,90,348626
CAND-00678,2024-07-08,2024-12-05,97,341932
CAND-00678,2024-07-08,2025-01-04,97,334618
CAND-00679,2024-02-20,2024-03-21,0,398901
CAND-00679,2024-02-20,2024-04-20,0,363285
CAND-00679,2024-02-20,2024-05-20,0,332757
CAND-00680,2024-06-22,2024-07-22,0,1102186
CAND-00680,2024-06-22,2024-08-21,0,1037127
CAND-00680,2024-06-22,2024-09-20,0,959055
CAND-00680,2024-06-22,2024-10-20,0,861466
CAND-00680,2024-06-22,2024-11-19,0,788274
CAND-00680,2024-06-22,2024-12-19,0,698191
CAND-00681,2024-06-30,2024-07-30,0,375099
CAND-00681,2024-06-30,2024-08-29,0,337589
CAND-00681,2024-06-30,2024-09-28,0,303205
CAND-00681,2024-06-30,2024-10-28,0,278934
CAND-00681,2024-06-30,2024-11-27,0,247195
CAND-00682,2024-03-24,2024-04-23,0,1106216
CAND-00682,2024-03-24,2024-05-23,0,1027552
CAND-00682,2024-03-24,2024-06-22,0,920283
CAND-00682,2024-03-24,2024-07-22,0,829516
CAND-00682,2024-03-24,2024-08-21,30,802699
CAND-00682,2024-03-24,2024-09-20,60,768985
CAND-00683,2024-08-19,2024-09-18,0,327567
CAND-00683,2024-08-19,2024-10-18,0,300795
CAND-00683,2024-08-19,2024-11-17,0,271791
CAND-00683,2024-08-19,2024-12-17,0,246931
CAND-00683,2024-08-19,2025-01-16,0,226458
CAND-00683,2024-08-19,2025-02-15,0,204706
CAND-00684,14-02-2024,2024-03-15,30,1240511
CAND-00684,14-02-2024,2024-04-14,60,1214900
CAND-00684,14-02-2024,2024-05-14,90,1188222
CAND-00684,14-02-2024,2024-06-13,119,1149418
CAND-00684,14-02-2024,2024-07-13,90,1119639
CAND-00686,2024-09-05,2024-10-05,0,310445
CAND-00686,2024-09-05,2024-11-04,0,282958
CAND-00686,2024-09-05,2024-12-04,0,249973
CAND-00686,2024-09-05,2025-01-03,0,224600
CAND-00687,2024-02-12,2024-03-13,0,445027
CAND-00687,2024-02-12,2024-04-12,30,435985
CAND-00687,2024-02-12,2024-05-12,60,421461
CAND-00687,2024-02-12,2024-06-11,90,412245
CAND-00687,2024-02-12,2024-07-11,113,403982
CAND-00687,2024-02-12,2024-08-10,90,394765
CAND-00688,2024-09-10,2024-10-10,0,1147067
CAND-00688,2024-09-10,2024-11-09,0,1079093
CAND-00688,2024-09-10,2024-12-09,30,1044134
CAND-00689,2024-04-25,2024-05-25,0,354600
CAND-00689,2024-04-25,2024-06-24,0,329482
CAND-00689,2024-04-25,2024-07-24,0,304365
CAND-00689,2024-04-25,2024-08-23,0,279247
CAND-00690,2024-08-29,2024-09-28,0,808304
CAND-00690,2024-08-29,2024-10-28,30,791673
CAND-00690,2024-08-29,2024-11-27,0,716830
CAND-00690,2024-08-29,2024-12-27,0,663999
CAND-00691,2024-01-27,2024-02-26,0,843839
CAND-00691,2024-01-27,2024-03-27,0,773519
CAND-00691,2024-01-27,2024-04-26,0,719745
CAND-00691,2024-01-27,2024-05-26,0,643565
CAND-00692,2024-07-28,2024-08-27,0,227046
CAND-00692,2024-07-28,2024-09-26,0,213031
CAND-00692,2024-07-28,2024-10-26,0,190097
CAND-00693,2024-06-13,2024-07-13,0,270442
CAND-00693,2024-06-13,2024-08-12,0,249836
CAND-00693,2024-06-13,2024-09-11,0,232868
CAND-00693,2024-06-13,2024-10-11,0,206643
CAND-00693,2024-06-13,2024-11-10,0,182604
CAND-00694,2024-07-20,2024-08-19,0,625096
CAND-00694,2024-07-20,2024-09-18,0,556904
CAND-00694,2024-07-20,2024-10-18,0,504448
CAND-00694,2024-07-20,2024-11-17,0,461828
CAND-00694,2024-07-20,2024-12-17,0,419208
CAND-00695,2024-05-27,2024-06-26,0,462774
CAND-00695,2024-05-27,2024-07-26,0,417698
CAND-00695,2024-05-27,2024-08-25,0,382282
CAND-00695,2024-05-27,2024-09-24,0,354736
CAND-00696,2024-07-11,2024-08-10,30,277302
CAND-00696,2024-07-11,2024-09-09,60,270409
CAND-00696,2024-07-11,2024-10-09,90,263679
CAND-00696,2024-07-11,2024-11-08,104,255115
CAND-00696,2024-07-11,2024-12-08,104,248834
CAND-00696,2024-07-11,2025-01-07,104,243695
CAND-00697,2024-02-03,2024-03-04,0,857697
CAND-00697,2024-02-03,2024-04-03,0,765801
CAND-00697,2024-02-03,2024-05-03,0,711744
CAND-00697,2024-02-03,2024-06-02,0,628202
CAND-00698,2024-03-03,2024-04-02,0,156944
CAND-00698,2024-03-03,2024-05-02,0,147097
CAND-00698,2024-03-03,2024-06-01,0,130356
CAND-00698,2024-03-03,2024-07-01,0,115137
CAND-00698,2024-03-03,2024-07-31,0,103179
CAND-00698,2024-03-03,2024-08-30,0,89229
CAND-00699,2024-01-15,2024-02-14,30,718675
CAND-00699,2024-01-15,2024-03-15,60,694089
CAND-00699,2024-01-15,2024-04-14,90,681149
CAND-00699,2024-01-15,2024-05-14,93,662709
CAND-00700,2024-06-19,2024-07-19,0,256394
CAND-00700,2024-06-19,2024-08-18,0,237591
CAND-00700,2024-06-19,2024-09-17,0,221923
CAND-00701,2024-02-09,2024-03-10,0,1134731
CAND-00701,2024-02-09,2024-04-09,0,1062848
CAND-00701,2024-02-09,2024-05-09,0,981380
CAND-00702,2024-01-26,2024-02-25,0,516770
CAND-00702,2024-01-26,2024-03-26,0,484345
CAND-00702,2024-01-26,2024-04-25,0,438410
CAND-00702,2024-01-26,2024-05-25,0,388299
CAND-00703,2024-03-27,2024-04-26,0,563529
CAND-00703,2024-03-27,2024-05-26,0,516846
CAND-00703,2024-03-27,2024-06-25,0,478916
CAND-00704,2024-05-19,2024-06-18,30,1097803
CAND-00704,2024-05-19,2024-07-18,0,1028008
CAND-00704,2024-05-19,2024-08-17,0,916335
CAND-00704,2024-05-19,2024-09-16,0,836568
CAND-00704,2024-05-19,2024-10-16,0,756802
CAND-00704,2024-05-19,2024-11-15,30,725781
CAND-00705,2024-09-07,2024-10-07,0,681092
CAND-00705,2024-09-07,2024-11-06,0,635686
CAND-00705,2024-09-07,2024-12-06,0,575144
CAND-00705,2024-09-07,2025-01-05,0,519260
CAND-00705,2024-09-07,2025-02-04,0,470827
CAND-00706,2024-04-07,2024-05-07,0,176985
CAND-00706,2024-04-07,2024-06-06,0,165002
CAND-00706,2024-04-07,2024-07-06,0,147571
CAND-00706,2024-04-07,2024-08-05,0,136920
CAND-00706,2024-04-07,2024-09-04,0,125641
CAND-00707,2024-02-01,2024-03-02,0,1284047
CAND-00707,2024-02-01,2024-04-01,0,1184686
CAND-00707,2024-02-01,2024-05-01,0,1085326
CAND-00707,2024-02-01,2024-05-31,0,1003499
CAND-00707,2024-02-01,2024-06-30,0,877040
CAND-00708,2024-10-01,2024-10-31,0,268733
CAND-00708,2024-10-01,2024-11-30,0,250737
CAND-00708,2024-10-01,2024-12-30,0,224562
CAND-00709,2024-05-13,2024-06-12,30,482594
CAND-00709,2024-05-13,2024-07-12,0,454995
CAND-00709,2024-05-13,2024-08-11,0,413596
CAND-00709,2024-05-13,2024-09-10,30,402305
CAND-00710,2024-02-27,2024-03-28,0,1290997
CAND-00710,2024-02-27,2024-04-27,0,1204930
CAND-00710,2024-02-27,2024-05-27,0,1106568
CAND-00710,2024-02-27,2024-06-26,0,991813
CAND-00710,2024-02-27,2024-07-26,0,885885
CAND-00711,2024-08-14,2024-09-13,0,1881044
CAND-00711,2024-08-14,2024-10-13,0,1708615
CAND-00711,2024-08-14,2024-11-12,0,1579293
CAND-00712,2024-05-18,2024-06-17,0,552392
CAND-00712,2024-05-18,2024-07-17,0,513400
CAND-00712,2024-05-18,2024-08-16,0,468409
CAND-00712,2024-05-18,2024-09-15,0,415237
CAND-00712,2024-05-18,2024-10-15,0,366497
CAND-00713,2024-03-24,2024-04-23,0,216662
CAND-00713,2024-03-24,2024-05-23,0,192588
CAND-00713,2024-03-24,2024-06-22,0,175393
CAND-00713,2024-03-24,2024-07-22,0,153508
CAND-00713,2024-03-24,2024-08-21,0,136312
CAND-00714,2024-09-29,2024-10-29,0,722110
CAND-00714,2024-09-29,2024-11-28,0,674913
CAND-00714,2024-09-29,2024-12-28,0,617603
CAND-00714,2024-09-29,2025-01-27,0,573028
CAND-00714,2024-09-29,2025-02-26,0,515718
CAND-00715,2024-02-21,2024-03-22,0,191561
CAND-00715,2024-02-21,2024-04-21,0,175958
CAND-00715,2024-02-21,2024-05-21,30,170888
CAND-00715,2024-02-21,2024-06-20,0,158957
CAND-00715,2024-02-21,2024-07-20,0,146280
CAND-00716,2024-08-26,2024-09-25,0,92857
CAND-00716,2024-08-26,2024-10-25,0,86607
CAND-00716,2024-08-26,2024-11-24,0,80357
CAND-00716,2024-08-26,2024-12-24,0,73214
CAND-00717,2024-05-17,2024-06-16,0,433447
CAND-00717,2024-05-17,2024-07-16,0,389665
CAND-00717,2024-05-17,2024-08-15,0,357557
CAND-00717,2024-05-17,2024-09-14,0,330801
CAND-00717,2024-05-17,2024-10-14,0,300701
CAND-00718,2024-03-11,2024-04-10,0,342984
CAND-00718,2024-03-11,2024-05-10,0,320974
CAND-00718,2024-03-11,2024-06-09,0,289794
CAND-00719,2024-05-30,2024-06-29,0,928652
CAND-00719,2024-05-30,2024-07-29,30,901244
CAND-00719,2024-05-30,2024-08-28,0,811545
CAND-00720,2024-09-04,2024-10-04,0,356416
CAND-00720,2024-09-04,2024-11-03,0,326714
CAND-00720,2024-09-04,2024-12-03,0,299135
CAND-00720,2024-09-04,2025-01-02,0,260523
CAND-00720,2024-09-04,2025-02-01,0,221911
CAND-00721,2024-07-31,2024-08-30,0,661181
CAND-00721,2024-07-31,2024-09-29,30,642923
CAND-00721,2024-07-31,2024-10-29,60,624666
CAND-00721,2024-07-31,2024-11-28,30,604887
CAND-00722,2024-10-02,2024-11-01,0,971413
CAND-00722,2024-10-02,2024-12-01,0,885065
CAND-00722,2024-10-02,2024-12-31,0,805360
CAND-00722,2024-10-02,2025-01-30,0,736281
CAND-00722,2024-10-02,2025-03-01,0,632664
CAND-00723,2024-07-17,2024-08-16,0,910901
CAND-00723,2024-07-17,2024-09-15,0,844102
CAND-00723,2024-07-17,2024-10-15,0,781477
CAND-00724,2024-09-21,2024-10-21,0,440246
CAND-00724,2024-09-21,2024-11-20,0,411112
CAND-00724,2024-09-21,2024-12-20,0,368736
CAND-00724,2024-09-21,2025-01-19,0,339602
CAND-00724,2024-09-21,2025-02-18,0,306306
CAND-00725,2024-05-16,2024-06-15,0,871674
CAND-00725,2024-05-16,2024-07-15,0,794762
CAND-00725,2024-05-16,2024-08-14,0,717849
CAND-00725,2024-05-16,2024-09-13,0,656319
CAND-00726,2024-08-27,2024-09-26,0,320170
CAND-00726,2024-08-27,2024-10-26,0,298158
CAND-00726,2024-08-27,2024-11-25,0,273002
CAND-00726,2024-08-27,2024-12-25,0,249523
CAND-00727,2024-05-16,2024-06-15,0,335127
CAND-00727,2024-05-16,2024-07-15,0,309013
CAND-00727,2024-05-16,2024-08-14,0,278547
CAND-00728,2024-02-12,2024-03-13,0,728039
CAND-00728,2024-02-12,2024-04-12,0,647146
CAND-00728,2024-02-12,2024-05-12,0,602205
CAND-00728,2024-02-12,2024-06-11,0,528666
CAND-00729,2024-07-16,2024-08-15,0,240625
CAND-00729,2024-07-16,2024-09-14,0,226042
CAND-00729,2024-07-16,2024-10-14,0,204167
CAND-00729,2024-07-16,2024-11-13,0,182292
CAND-00729,2024-07-16,2024-12-13,0,166850
CAND-00729,2024-07-16,2025-01-12,0,150444
CAND-00730,2024-07-04,2024-08-03,0,2853426
CAND-00730,2024-07-04,2024-09-02,30,2772945
CAND-00730,2024-07-04,2024-10-02,60,2710170
CAND-00730,2024-07-04,2024-11-01,90,2643387
CAND-00730,2024-07-04,2024-12-01,92,2576605
CAND-00731,2024-04-29,2024-05-29,0,613021
CAND-00731,2024-04-29,2024-06-28,0,547340
CAND-00731,2024-04-29,2024-07-28,0,503553
CAND-00731,2024-04-29,2024-08-27,0,437872
CAND-00731,2024-04-29,2024-09-26,0,401383
CAND-00732,2024-09-26,2024-10-26,0,440975
CAND-00732,2024-09-26,2024-11-25,0,397242
CAND-00732,2024-09-26,2024-12-25,0,357154
CAND-00733,2024-02-27,2024-03-28,0,592920
CAND-00733,2024-02-27,2024-04-27,30,574620
CAND-00733,2024-02-27,2024-05-27,0,514729
CAND-00733,2024-02-27,2024-06-26,0,470809
CAND-00733,2024-02-27,2024-07-26,0,420132
CAND-00733,2024-02-27,2024-08-25,0,376212
CAND-00734,2024-04-16,2024-05-16,0,831102
CAND-00734,2024-04-16,2024-06-15,0,770658
CAND-00734,2024-04-16,2024-07-15,0,688235
CAND-00734,2024-04-16,2024-08-14,0,623474
CAND-00735,2024-04-08,2024-05-08,0,527660
CAND-00735,2024-04-08,2024-06-07,0,490284
CAND-00735,2024-04-08,2024-07-07,0,439317
CAND-00735,2024-04-08,2024-08-06,0,408171
CAND-00736,2024-02-01,2024-03-02,0,908788
CAND-00736,2024-02-01,2024-04-01,0,839547
CAND-00736,2024-02-01,2024-05-01,30,819352
CAND-00736,2024-02-01,2024-05-31,60,801062
CAND-00736,2024-02-01,2024-06-30,90,782420
CAND-00737,2024-02-16,2024-03-17,0,666131
CAND-00737,2024-02-16,2024-04-16,0,606350
CAND-00737,2024-02-16,2024-05-16,0,558525
CAND-00737,2024-02-16,2024-06-15,0,498744
CAND-00737,2024-02-16,2024-07-15,0,443562
CAND-00738,2024-02-20,2024-03-21,0,447777
CAND-00738,2024-02-20,2024-04-20,0,419411
CAND-00738,2024-02-20,2024-05-20,0,382317
CAND-00738,2024-02-20,2024-06-19,0,338479
CAND-00739,2024-05-08,2024-06-07,0,338573
CAND-00739,2024-05-08,2024-07-07,0,307537
CAND-00739,2024-05-08,2024-08-06,0,282708
CAND-00739,2024-05-08,2024-09-05,30,272643
CAND-00740,2024-04-06,2024-05-06,30,880179
CAND-00740,2024-04-06,2024-06-05,60,853592
CAND-00740,2024-04-06,2024-07-05,30,836208
CAND-00741,2024-06-03,2024-07-03,0,563332
CAND-00741,2024-06-03,2024-08-02,30,552248
CAND-00741,2024-06-03,2024-09-01,0,518995
CAND-00741,2024-06-03,2024-10-01,0,481587
CAND-00741,2024-06-03,2024-10-31,0,421733
CAND-00742,2024-06-18,2024-07-18,0,708805
CAND-00742,2024-06-18,2024-08-17,0,664658
CAND-00742,2024-06-18,2024-09-16,30,650497
CAND-00742,2024-06-18,2024-10-16,60,629054
CAND-00742,2024-06-18,2024-11-15,90,610750
CAND-00742,2024-06-18,2024-12-15,100,592445
CAND-00743,2024-01-14,2024-02-13,0,872712
CAND-00743,2024-01-14,2024-03-14,0,819820
CAND-00743,2024-01-14,2024-04-13,0,760317
CAND-00744,2024-08-14,2024-09-13,0,381293
CAND-00744,2024-08-14,2024-10-13,0,352356
CAND-00744,2024-08-14,2024-11-12,0,311843
CAND-00745,2024-10-24,2024-11-23,0,165218
CAND-00745,2024-10-24,2024-12-23,0,152979
CAND-00745,2024-10-24,2025-01-22,30,149073
CAND-00746,2024-03-25,2024-04-24,0,744416
CAND-00746,2024-03-25,2024-05-24,0,696646
CAND-00746,2024-03-25,2024-06-23,0,628972
CAND-00746,2024-03-25,2024-07-23,0,581202
CAND-00747,2024-09-23,2024-10-23,0,675502
CAND-00747,2024-09-23,2024-11-22,0,627654
CAND-00747,2024-09-23,2024-12-22,30,604502
CAND-00748,2024-05-26,2024-06-25,0,285896
CAND-00748,2024-05-26,2024-07-25,0,257906
CAND-00748,2024-05-26,2024-08-24,0,234222
CAND-00748,2024-05-26,2024-09-23,30,227672
CAND-00749,2024-09-22,2024-10-22,0,789166
CAND-00749,2024-09-22,2024-11-21,0,704988
CAND-00749,2024-09-22,2024-12-21,0,628463
CAND-00750,2024-02-03,2024-03-04,0,467880
CAND-00750,2024-02-03,2024-04-03,0,422510
CAND-00750,2024-02-03,2024-05-03,0,377140
CAND-00751,2024-03-22,2024-04-21,0,210467
CAND-00751,2024-03-22,2024-05-21,0,196301
CAND-00751,2024-03-22,2024-06-20,0,182135
CAND-00751,2024-03-22,2024-07-20,0,167025
CAND-00751,2024-03-22,2024-08-19,0,144359
CAND-00752,2024-01-08,2024-02-07,0,413093
CAND-00752,2024-01-08,2024-03-08,0,378139
CAND-00752,2024-01-08,2024-04-07,0,340272
CAND-00753,2024-07-07,2024-08-06,0,1146963
CAND-00753,2024-07-07,2024-09-05,30,1125903
CAND-00753,2024-07-07,2024-10-05,0,1037150
CAND-00753,2024-07-07,2024-11-04,0,948397
CAND-00754,2024-03-12,2024-04-11,0,415680
CAND-00754,2024-03-12,2024-05-11,0,391143
CAND-00754,2024-03-12,2024-06-10,0,354338
CAND-00754,2024-03-12,2024-07-10,0,317533
CAND-00754,2024-03-12,2024-08-09,0,277382
CAND-00755,2024-03-07,2024-04-06,0,320556
CAND-00755,2024-03-07,2024-05-06,0,288176
CAND-00755,2024-03-07,2024-06-05,0,267225
CAND-00755,2024-03-07,2024-07-05,30,257599
CAND-00756,2024-04-04,2024-05-04,0,457154
CAND-00756,2024-04-04,2024-06-03,0,426541
CAND-00756,2024-04-04,2024-07-03,0,397729
CAND-00756,2024-04-04,2024-08-02,30,381929
CAND-00757,2024-10-15,2024-11-14,0,556639
CAND-00757,2024-10-15,2024-12-14,0,505099
CAND-00757,2024-10-15,2025-01-13,0,460921
CAND-00757,2024-10-15,2025-02-12,0,419688
CAND-00757,2024-10-15,2025-03-14,0,368148
CAND-00757,2024-10-15,2025-04-13,0,323970
CAND-00758,2024-03-01,2024-03-31,0,652208
CAND-00758,2024-03-01,2024-04-30,0,588356
CAND-00758,2024-03-01,2024-05-30,0,547039
CAND-00758,2024-03-01,2024-06-29,0,505723
CAND-00758,2024-03-01,2024-07-29,0,458898
CAND-00759,2024-05-20,2024-06-19,0,1549564
CAND-00759,2024-05-20,2024-07-19,0,1384923
CAND-00759,2024-05-20,2024-08-18,0,1293456
CAND-00759,2024-05-20,2024-09-17,0,1196608
CAND-00759,2024-05-20,2024-10-17,0,1059407
CAND-00760,2024-06-29,2024-07-29,0,1238976
CAND-00760,2024-06-29,2024-08-28,0,1113827
CAND-00760,2024-06-29,2024-09-27,0,1007932
CAND-00760,2024-06-29,2024-10-27,30,983349
CAND-00760,2024-06-29,2024-11-26,0,868629
CAND-00760,2024-06-29,2024-12-26,0,770297
CAND-00761,2024-09-13,2024-10-13,0,1196727
CAND-00761,2024-09-13,2024-11-12,30,1162481
CAND-00761,2024-09-13,2024-12-12,60,1129990
CAND-00762,2024-06-11,2024-07-11,0,545480
CAND-00762,2024-06-11,2024-08-10,0,497349
CAND-00762,2024-06-11,2024-09-09,0,458845
CAND-00762,2024-06-11,2024-10-09,0,422747
CAND-00762,2024-06-11,2024-11-08,0,364990
CAND-00762,2024-06-11,2024-12-08,0,320562
CAND-00763,2024-06-17,2024-07-17,0,977642
CAND-00763,2024-06-17,2024-08-16,0,906540
CAND-00763,2024-06-17,2024-09-15,0,809584
CAND-00764,2024-04-14,2024-05-14,0,728711
CAND-00764,2024-04-14,2024-06-13,0,656944
CAND-00764,2024-04-14,2024-07-13,0,596218
CAND-00764,2024-04-14,2024-08-12,0,549781
CAND-00764,2024-04-14,2024-09-11,0,489055
CAND-00765,2024-07-10,2024-08-09,0,500632
CAND-00765,2024-07-10,2024-09-08,0,454741
CAND-00765,2024-07-10,2024-10-08,0,418028
CAND-00765,2024-07-10,2024-11-07,0,362958
CAND-00765,2024-07-10,2024-12-07,0,317067
CAND-00765,2024-07-10,2025-01-06,0,284673
CAND-00766,2024-03-25,2024-04-24,0,1026932
CAND-00766,2024-03-25,2024-05-24,0,928083
CAND-00766,2024-03-25,2024-06-23,0,860124
CAND-00766,2024-03-25,2024-07-23,0,769513
CAND-00766,2024-03-25,2024-08-22,0,691846
CAND-00766,2024-03-25,2024-09-21,0,583112
CAND-00767,2024-07-04,2024-08-03,30,1421438
CAND-00767,2024-07-04,2024-09-02,0,1330130
CAND-00767,2024-07-04,2024-10-02,0,1217751
CAND-00768,2024-04-15,2024-05-15,0,1358232
CAND-00768,2024-04-15,2024-06-14,0,1214419
CAND-00768,2024-04-15,2024-07-14,0,1118544
CAND-00768,2024-04-15,2024-08-13,0,1028661
CAND-00768,2024-04-15,2024-09-12,0,925938
CAND-00769,2024-05-08,2024-06-07,0,90909
CAND-00769,2024-05-08,2024-07-07,0,83217
CAND-00769,2024-05-08,2024-08-06,0,76967
CAND-00769,2024-05-08,2024-09-05,0,71084
CAND-00769,2024-05-08,2024-10-05,0,63942
CAND-00769,2024-05-08,2024-11-04,30,62090
CAND-00770,2024-03-24,2024-04-23,0,568083
CAND-00770,2024-03-24,2024-05-23,0,526002
CAND-00770,2024-03-24,2024-06-22,0,480917
CAND-00770,2024-03-24,2024-07-22,0,435831
CAND-00771,2024-10-19,2024-11-18,0,959731
CAND-00771,2024-10-19,2024-12-18,0,893083
CAND-00771,2024-10-19,2025-01-17,30,874375
CAND-00771,2024-10-19,2025-02-16,0,815132
CAND-00771,2024-10-19,2025-03-18,0,718190
CAND-00771,2024-10-19,2025-04-17,0,658947
CAND-00772,2024-04-11,2024-05-11,0,536338
CAND-00772,2024-04-11,2024-06-10,0,492134
CAND-00772,2024-04-11,2024-07-10,0,460210
CAND-00773,2024-04-13,2024-05-13,0,658963
CAND-00773,2024-04-13,2024-06-12,0,620201
CAND-00773,2024-04-13,2024-07-12,0,566530
CAND-00774,2024-05-12,2024-06-11,0,1665961
CAND-00774,2024-05-12,2024-07-11,0,1529801
CAND-00774,2024-05-12,2024-08-10,0,1419171
CAND-00774,2024-05-12,2024-09-09,0,1315048
CAND-00774,2024-05-12,2024-10-09,0,1216710
CAND-00775,2024-08-07,2024-09-06,0,708454
CAND-00775,2024-08-07,2024-10-06,0,645480
CAND-00775,2024-08-07,2024-11-05,0,601028
CAND-00776,2024-08-31,2024-09-30,0,1363850
CAND-00776,2024-08-31,2024-10-30,0,1241453
CAND-00776,2024-08-31,2024-11-29,0,1159855
CAND-00776,2024-08-31,2024-12-29,0,1068057
CAND-00776,2024-08-31,2025-01-28,0,945661
CAND-00777,2024-03-04,2024-04-03,30,649682
CAND-00777,2024-03-04,2024-05-03,0,594311
CAND-00777,2024-03-04,2024-06-02,30,582446
CAND-00777,2024-03-04,2024-07-02,0,538149
CAND-00777,2024-03-04,2024-08-01,0,501236
CAND-00778,2024-09-06,2024-10-06,0,602873
CAND-00778,2024-09-06,2024-11-05,0,544413
CAND-00778,2024-09-06,2024-12-05,0,501542
CAND-00779,2024-09-12,2024-10-12,0,713788
CAND-00779,2024-09-12,2024-11-11,0,658168
CAND-00779,2024-09-12,2024-12-11,0,602548
CAND-00780,2024-07-30,2024-08-29,0,190817
CAND-00780,2024-07-30,2024-09-28,0,176824
CAND-00780,2024-07-30,2024-10-28,0,165163
CAND-00780,2024-07-30,2024-11-27,30,160043
CAND-00780,2024-07-30,2024-12-27,60,155273
CAND-00780,2024-07-30,2025-01-26,90,148714
CAND-00781,2024-07-31,2024-08-30,0,1786271
CAND-00781,2024-07-31,2024-09-29,0,1653955
CAND-00781,2024-07-31,2024-10-29,0,1512187
CAND-00781,2024-07-31,2024-11-28,0,1331756
CAND-00782,2024-03-23,2024-04-22,30,920969
CAND-00782,2024-03-23,2024-05-22,0,848478
CAND-00782,2024-03-23,2024-06-21,30,830000
CAND-00782,2024-03-23,2024-07-21,0,771100
CAND-00783,2024-04-29,2024-05-29,0,531793
CAND-00783,2024-04-29,2024-06-28,0,498671
CAND-00783,2024-04-29,2024-07-28,0,467389
CAND-00784,2024-01-25,2024-02-24,0,467545
CAND-00784,2024-01-25,2024-03-25,0,424253
CAND-00784,2024-01-25,2024-04-24,0,372304
CAND-00784,2024-01-25,2024-05-24,0,325077
CAND-00785,2024-10-03,2024-11-02,0,573004
CAND-00785,2024-10-03,2024-12-02,0,510494
CAND-00785,2024-10-03,2025-01-01,30,496603
CAND-00785,2024-10-03,2025-01-31,60,477661
CAND-00785,2024-10-03,2025-03-02,90,464638
CAND-00786,2024-07-09,2024-08-08,0,456248
CAND-00786,2024-07-09,2024-09-07,0,406475
CAND-00786,2024-07-09,2024-10-07,0,370924
CAND-00787,2024-07-06,2024-08-05,30,398251
CAND-00787,2024-07-06,2024-09-04,0,375655
CAND-00787,2024-07-06,2024-10-04,0,338680
CAND-00787,2024-07-06,2024-11-03,0,301705
CAND-00787,2024-07-06,2024-12-03,0,261033
CAND-00787,2024-07-06,2025-01-02,0,237108
CAND-00788,2024-06-05,2024-07-05,0,313656
CAND-00788,2024-06-05,2024-08-04,0,294053
CAND-00788,2024-06-05,2024-09-03,0,260727
CAND-00789,2024-06-09,2024-07-09,30,304434
CAND-00789,2024-06-09,2024-08-08,0,284879
CAND-00789,2024-06-09,2024-09-07,30,279389
CAND-00790,2024-09-13,2024-10-13,0,737233
CAND-00790,2024-09-13,2024-11-12,0,664627
CAND-00790,2024-09-13,2024-12-12,0,614710
CAND-00790,2024-09-13,2025-01-11,0,553274
CAND-00790,2024-09-13,2025-02-10,0,503357
CAND-00790,2024-09-13,2025-03-12,0,423490
CAND-00791,2024-05-06,2024-06-05,0,628837
CAND-00791,2024-05-06,2024-07-05,0,581278
CAND-00791,2024-05-06,2024-08-04,0,520748
CAND-00791,2024-05-06,2024-09-03,0,479134
CAND-00791,2024-05-06,2024-10-03,0,439967
CAND-00791,2024-05-06,2024-11-02,0,379438
CAND-00792,2024-08-27,2024-09-26,0,435522
CAND-00792,2024-08-27,2024-10-26,0,408907
CAND-00792,2024-08-27,2024-11-25,0,360999
CAND-00792,2024-08-27,2024-12-25,0,334384
CAND-00792,2024-08-27,2025-01-24,0,290832
CAND-00792,2024-08-27,2025-02-23,0,262651
CAND-00793,2024-02-15,2024-03-16,0,543878
CAND-00793,2024-02-15,2024-04-15,0,498238
CAND-00793,2024-02-15,2024-05-15,0,463337
CAND-00794,2024-06-17,2024-07-17,0,767731
CAND-00794,2024-06-17,2024-08-16,0,708675
CAND-00794,2024-06-17,2024-09-15,0,625996
CAND-00794,2024-06-17,2024-10-15,0,580063
CAND-00795,2024-01-19,2024-02-18,0,201901
CAND-00795,2024-01-19,2024-03-19,0,185335
CAND-00795,2024-01-19,2024-04-18,0,173370
CAND-00796,2024-05-30,2024-06-29,0,385245
CAND-00796,2024-05-30,2024-07-29,0,353635
CAND-00796,2024-05-30,2024-08-28,0,312542
CAND-00796,2024-05-30,2024-09-27,30,303411
CAND-00797,2024-08-04,2024-09-03,0,387154
CAND-00797,2024-08-04,2024-10-03,0,346019
CAND-00797,2024-08-04,2024-11-02,0,308623
CAND-00798,2024-04-13,2024-05-13,0,529349
CAND-00798,2024-04-13,2024-06-12,0,472342
CAND-00798,2024-04-13,2024-07-12,0,438809
CAND-00798,2024-04-13,2024-08-11,0,407138
CAND-00799,2024-09-30,2024-10-30,0,285851
CAND-00799,2024-09-30,2024-11-29,0,264232
CAND-00799,2024-09-30,2024-12-29,0,233966
CAND-00799,2024-09-30,2025-01-28,0,212347
CAND-00799,2024-09-30,2025-02-27,0,192169
CAND-00799,2024-09-30,2025-03-29,0,175354
CAND-00800,2024-02-22,2024-03-23,0,776025
CAND-00800,2024-02-22,2024-04-22,0,719116
CAND-00800,2024-02-22,2024-05-22,0,633753
CAND-00800,2024-02-22,2024-06-21,0,568090
CAND-00800,2024-02-22,2024-07-21,0,482727
CAND-00800,2024-02-22,2024-08-20,0,421754
CAND-00801,2024-09-16,2024-10-16,0,338773
CAND-00801,2024-09-16,2024-11-15,0,315482
CAND-00801,2024-09-16,2024-12-15,0,286817
CAND-00801,2024-09-16,2025-01-14,0,252939
CAND-00801,2024-09-16,2025-02-13,0,215674
CAND-00801,2024-09-16,2025-03-15,0,193754
CAND-00802,2024-05-06,2024-06-05,0,879034
CAND-00802,2024-05-06,2024-07-05,0,820661
CAND-00802,2024-05-06,2024-08-04,0,748817
CAND-00802,2024-05-06,2024-09-03,0,655419
CAND-00802,2024-05-06,2024-10-03,0,603532
CAND-00802,2024-05-06,2024-11-02,0,545159
CAND-00803,2024-05-22,2024-06-21,0,318544
CAND-00803,2024-05-22,2024-07-21,0,297103
CAND-00803,2024-05-22,2024-08-20,0,270715
CAND-00803,2024-05-22,2024-09-19,0,242128
CAND-00803,2024-05-22,2024-10-19,0,210942
CAND-00804,2024-06-11,2024-07-11,0,596583
CAND-00804,2024-06-11,2024-08-10,0,558565
CAND-00804,2024-06-11,2024-09-09,0,520548
CAND-00805,2024-03-02,2024-04-01,0,622112
CAND-00805,2024-03-02,2024-05-01,0,560415
CAND-00805,2024-03-02,2024-05-31,0,511939
CAND-00805,2024-03-02,2024-06-30,0,444072
CAND-00806,2024-02-06,2024-03-07,0,711838
CAND-00806,2024-02-06,2024-04-06,0,636205
CAND-00806,2024-02-06,2024-05-06,0,567448
CAND-00807,2024-06-17,2024-07-17,30,503129
CAND-00807,2024-06-17,2024-08-16,0,468858
CAND-00807,2024-06-17,2024-09-15,0,422125
CAND-00807,2024-06-17,2024-10-15,0,370718
CAND-00807,2024-06-17,2024-11-14,0,333999
CAND-00807,2024-06-17,2024-12-14,0,301870
CAND-00808,2024-05-25,2024-06-24,0,1917967
CAND-00808,2024-05-25,2024-07-24,0,1744818
CAND-00808,2024-05-25,2024-08-23,0,1629384
CAND-00808,2024-05-25,2024-09-22,0,1469554
CAND-00808,2024-05-25,2024-10-22,0,1321140
CAND-00808,2024-05-25,2024-11-21,0,1132249
CAND-00809,2024-03-11,2024-04-10,0,709527
CAND-00809,2024-03-11,2024-05-10,0,640725
CAND-00809,2024-03-11,2024-06-09,0,593423
CAND-00809,2024-03-11,2024-07-09,0,530354
CAND-00810,2024-09-29,2024-10-29,0,233701
CAND-00810,2024-09-29,2024-11-28,0,208773
CAND-00810,2024-09-29,2024-12-28,0,194109
CAND-00810,2024-09-29,2025-01-27,0,173336
CAND-00810,2024-09-29,2025-02-26,0,150674
CAND-00811,2024-02-01,2024-03-02,0,270569
CAND-00811,2024-02-01,2024-04-01,0,253326
CAND-00811,2024-02-01,2024-05-01,0,226680
CAND-00811,2024-02-01,2024-05-31,0,204132
CAND-00811,2024-02-01,2024-06-30,0,174821
CAND-00812,2024-07-06,2024-08-05,0,595951
CAND-00812,2024-07-06,2024-09-04,0,555601
CAND-00812,2024-07-06,2024-10-04,30,536612
CAND-00812,2024-07-06,2024-11-03,60,520472
CAND-00812,2024-07-06,2024-12-03,90,504331
CAND-00813,2024-07-12,2024-08-11,0,494120
CAND-00813,2024-07-12,2024-09-10,0,453736
CAND-00813,2024-07-12,2024-10-10,30,444190
CAND-00814,2024-02-29,2024-03-30,0,298953
CAND-00814,2024-02-29,2024-04-29,0,276265
CAND-00814,2024-02-29,2024-05-29,0,253577
CAND-00814,2024-02-29,2024-06-28,0,235930
CAND-00815,2024-04-02,2024-05-02,0,1423238
CAND-00815,2024-04-02,2024-06-01,0,1325391
CAND-00815,2024-04-02,2024-07-01,0,1227543
CAND-00816,2024-07-18,2024-08-17,0,703018
CAND-00816,2024-07-18,2024-09-16,0,639108
CAND-00816,2024-07-18,2024-10-16,0,562415
CAND-00816,2024-07-18,2024-11-15,0,492694
CAND-00816,2024-07-18,2024-12-15,0,433699
CAND-00816,2024-07-18,2025-01-14,0,369788
CAND-00817,2024-05-25,2024-06-24,0,137166
CAND-00817,2024-05-25,2024-07-24,0,128021
CAND-00817,2024-05-25,2024-08-23,30,124364
CAND-00818,2024-02-23,2024-03-24,0,580039
CAND-00818,2024-02-23,2024-04-23,0,518409
CAND-00818,2024-02-23,2024-05-23,0,482157
CAND-00819,05-09-2024,2024-10-05,0,220567
CAND-00819,05-09-2024,2024-11-04,0,201037
CAND-00819,05-09-2024,2024-12-04,0,184298
CAND-00819,05-09-2024,2025-01-03,30,177602
CAND-00819,05-09-2024,2025-02-02,60,171743
CAND-00819,05-09-2024,2025-03-04,90,165576
CAND-00820,2024-06-12,2024-07-12,30,1172165
CAND-00820,2024-06-12,2024-08-11,0,1086293
CAND-00820,2024-06-12,2024-09-10,0,1015574
CAND-00820,2024-06-12,2024-10-10,0,923095
CAND-00820,2024-06-12,2024-11-09,0,847956
CAND-00821,2024-03-13,2024-04-12,30,665295
CAND-00821,2024-03-13,2024-05-12,60,652203
CAND-00821,2024-03-13,2024-06-11,90,634288
CAND-00822,2024-05-03,2024-06-02,0,292986
CAND-00822,2024-05-03,2024-07-02,0,268946
CAND-00822,2024-05-03,2024-08-01,0,246623
CAND-00822,2024-05-03,2024-08-31,0,222583
CAND-00822,2024-05-03,2024-09-30,0,196540
CAND-00823,2024-03-10,2024-04-09,30,338478
CAND-00823,2024-03-10,2024-05-09,60,332100
CAND-00823,2024-03-10,2024-06-08,90,321970
CAND-00824,2024-06-18,2024-07-18,0,887251
CAND-00824,2024-06-18,2024-08-17,0,812796
CAND-00824,2024-06-18,2024-09-16,0,759023
CAND-00824,2024-06-18,2024-10-16,0,678364
CAND-00825,2024-07-03,2024-08-02,0,382219
CAND-00825,2024-07-03,2024-09-01,0,358129
CAND-00825,2024-07-03,2024-10-01,0,320900
CAND-00825,2024-07-03,2024-10-31,0,286773
CAND-00825,2024-07-03,2024-11-30,0,245821
CAND-00825,2024-07-03,2024-12-30,0,204869
CAND-00826,2024-06-10,2024-07-10,30,442120
CAND-00826,2024-06-10,2024-08-09,0,407166
CAND-00826,2024-06-10,2024-09-08,0,381921
CAND-00826,2024-06-10,2024-10-08,0,351628
CAND-00826,2024-06-10,2024-11-07,0,319171
CAND-00827,2024-03-17,2024-04-16,0,534030
CAND-00827,2024-03-17,2024-05-16,0,485482
CAND-00827,2024-03-17,2024-06-15,0,427224
CAND-00827,2024-03-17,2024-07-15,0,382410
CAND-00827,2024-03-17,2024-08-14,0,350045
CAND-00828,2024-03-09,2024-04-08,0,1574851
CAND-00828,2024-03-09,2024-05-08,0,1462862
CAND-00828,2024-03-09,2024-06-07,0,1294877
CAND-00828,2024-03-09,2024-07-07,0,1165659
CAND-00829,2024-02-10,2024-03-11,0,466662
CAND-00829,2024-02-10,2024-04-10,0,438742
CAND-00829,2024-02-10,2024-05-10,0,396862
CAND-00829,2024-02-10,2024-06-09,0,365452
CAND-00830,2024-03-16,2024-04-15,0,456606
CAND-00830,2024-03-16,2024-05-15,0,420730
CAND-00830,2024-03-16,2024-06-14,0,392826
CAND-00831,2024-08-11,2024-09-10,0,432174
CAND-00831,2024-08-11,2024-10-10,0,385027
CAND-00831,2024-08-11,2024-11-09,0,345739
CAND-00832,2024-03-15,2024-04-14,0,811899
CAND-00832,2024-03-15,2024-05-14,0,763572
CAND-00832,2024-03-15,2024-06-13,0,691081
CAND-00832,2024-03-15,2024-07-13,0,604092
CAND-00833,2024-05-23,2024-06-22,0,718023
CAND-00833,2024-05-23,2024-07-22,0,675065
CAND-00833,2024-05-23,2024-08-21,0,629579
CAND-00833,2024-05-23,2024-09-20,0,586620
CAND-00833,2024-05-23,2024-10-20,0,543662
CAND-00833,2024-05-23,2024-11-19,0,473366
CAND-00834,2024-09-20,2024-10-20,30,884856
CAND-00834,2024-09-20,2024-11-19,60,861500
CAND-00834,2024-09-20,2024-12-19,90,841258
CAND-00835,2024-08-19,2024-09-18,0,838488
CAND-00835,2024-08-19,2024-10-18,0,773151
CAND-00835,2024-08-19,2024-11-17,0,702789
CAND-00835,2024-08-19,2024-12-17,0,637452
CAND-00836,2024-02-27,2024-03-28,0,339622
CAND-00836,2024-02-27,2024-04-27,30,332939
CAND-00836,2024-02-27,2024-05-27,60,326718
CAND-00837,2024-06-22,2024-07-22,0,707069
CAND-00837,2024-06-22,2024-08-21,0,658458
CAND-00837,2024-06-22,2024-09-20,0,598629
CAND-00837,2024-06-22,2024-10-20,0,527922
CAND-00837,2024-06-22,2024-11-19,0,476071
CAND-00838,2024-04-11,2024-05-11,0,399644
CAND-00838,2024-04-11,2024-06-10,0,373001
CAND-00838,2024-04-11,2024-07-10,0,330372
CAND-00838,2024-04-11,2024-08-09,0,303729
CAND-00838,2024-04-11,2024-09-08,0,264976
CAND-00838,2024-04-11,2024-10-08,30,257364
CAND-00839,2024-05-03,2024-06-02,0,180580
CAND-00839,2024-05-03,2024-07-02,0,165145
CAND-00839,2024-05-03,2024-08-01,30,160965
CAND-00839,2024-05-03,2024-08-31,0,145531
CAND-00839,2024-05-03,2024-09-30,0,128811
CAND-00839,2024-05-03,2024-10-30,0,113377
CAND-00840,2024-04-28,2024-05-28,0,441848
CAND-00840,2024-04-28,2024-06-27,0,402573
CAND-00840,2024-04-28,2024-07-27,0,374849
CAND-00841,2024-01-05,2024-02-04,0,1968949
CAND-00841,2024-01-05,2024-03-05,0,1808025
CAND-00841,2024-01-05,2024-04-04,0,1633691
CAND-00841,2024-01-05,2024-05-04,0,1494224
CAND-00841,2024-01-05,2024-06-03,0,1304041
CAND-00842,2024-10-15,2024-11-14,0,832629
CAND-00842,2024-10-15,2024-12-14,0,763243
CAND-00842,2024-10-15,2025-01-13,0,698814
CAND-00842,2024-10-15,2025-02-12,0,645754
CAND-00842,2024-10-15,2025-03-14,0,576368
CAND-00843,2024-08-07,2024-09-06,0,602048
CAND-00843,2024-08-07,2024-10-06,0,561912
CAND-00843,2024-08-07,2024-11-05,0,521775
CAND-00843,2024-08-07,2024-12-05,0,468260
CAND-00844,2024-01-31,2024-03-01,0,651164
CAND-00844,2024-01-31,2024-03-31,0,585390
CAND-00844,2024-01-31,2024-04-30,0,513039
CAND-00844,2024-01-31,2024-05-30,0,452746
CAND-00845,2024-09-23,2024-10-23,30,1134832
CAND-00845,2024-09-23,2024-11-22,60,1110402
CAND-00845,2024-09-23,2024-12-22,90,1087851
CAND-00845,2024-09-23,2025-01-21,93,1061199
CAND-00845,2024-09-23,2025-02-20,93,1039878
CAND-00846,2024-06-07,2024-07-07,0,120600
CAND-00846,2024-06-07,2024-08-06,0,113385
CAND-00846,2024-06-07,2024-09-05,0,105267
CAND-00847,2024-04-13,2024-05-13,0,563215
CAND-00847,2024-04-13,2024-06-12,0,524814
CAND-00847,2024-04-13,2024-07-12,0,468958
CAND-00847,2024-04-13,2024-08-11,0,430557
CAND-00847,2024-04-13,2024-09-10,0,396422
CAND-00848,2024-07-13,2024-08-12,0,666800
CAND-00848,2024-07-13,2024-09-11,0,607265
CAND-00848,2024-07-13,2024-10-11,0,535822
CAND-00848,2024-07-13,2024-11-10,30,514809
CAND-00848,2024-07-13,2024-12-10,0,472784
CAND-00848,2024-07-13,2025-01-09,0,425155
CAND-00849,2024-10-05,2024-11-04,0,290893
CAND-00849,2024-10-05,2024-12-04,0,269345
CAND-00849,2024-10-05,2025-01-03,0,242410
CAND-00850,2024-07-30,2024-08-29,0,400397
CAND-00850,2024-07-30,2024-09-28,0,361856
CAND-00850,2024-07-30,2024-10-28,0,326527
CAND-00850,2024-07-30,2024-11-27,0,284132
CAND-00850,2024-07-30,2024-12-27,0,245591
CAND-00850,2024-07-30,2025-01-26,0,217328
CAND-00851,2024-08-31,2024-09-30,0,676809
CAND-00851,2024-08-31,2024-10-30,0,604616
CAND-00851,2024-08-31,2024-11-29,0,559496
CAND-00851,2024-08-31,2024-12-29,0,499335
CAND-00851,2024-08-31,2025-01-28,0,447768
CAND-00852,2024-08-02,2024-09-01,0,541478
CAND-00852,2024-08-02,2024-10-01,0,502098
CAND-00852,2024-08-02,2024-10-31,0,459904
CAND-00852,2024-08-02,2024-11-30,0,410679
CAND-00852,2024-08-02,2024-12-30,30,393802
CAND-00852,2024-08-02,2025-01-29,60,377837
CAND-00853,2024-09-14,2024-10-14,0,498047
CAND-00853,2024-09-14,2024-11-13,0,465821
CAND-00853,2024-09-14,2024-12-13,0,426688
CAND-00853,2024-09-14,2025-01-12,0,387556
CAND-00854,2024-01-13,2024-02-12,0,395567
CAND-00854,2024-01-13,2024-03-13,0,370930
CAND-00854,2024-01-13,2024-04-12,0,343008
CAND-00854,2024-01-13,2024-05-12,0,310789
CAND-00854,2024-01-13,2024-06-11,0,278571
CAND-00855,2024-05-12,2024-06-11,0,547015
CAND-00855,2024-05-12,2024-07-11,0,494178
CAND-00855,2024-05-12,2024-08-10,0,457853
CAND-00856,2024-06-15,2024-07-15,0,939767
CAND-00856,2024-06-15,2024-08-14,0,862313
CAND-00856,2024-06-15,2024-09-13,0,806375
CAND-00856,2024-06-15,2024-10-13,0,734454
CAND-00856,2024-06-15,2024-11-12,30,716147
CAND-00857,2024-05-23,2024-06-22,0,449192
CAND-00857,2024-05-23,2024-07-22,0,422317
CAND-00857,2024-05-23,2024-08-21,0,390067
CAND-00857,2024-05-23,2024-09-20,30,380940
CAND-00857,2024-05-23,2024-10-20,60,371637
CAND-00857,2024-05-23,2024-11-19,90,359544
CAND-00858,2024-09-27,2024-10-27,0,406252
CAND-00858,2024-09-27,2024-11-26,0,366857
CAND-00858,2024-09-27,2024-12-26,0,339774
CAND-00859,2024-09-10,2024-10-10,0,270663
CAND-00859,2024-09-10,2024-11-09,30,265478
CAND-00859,2024-09-10,2024-12-09,0,242345
CAND-00860,2024-04-15,2024-05-15,0,1011883
CAND-00860,2024-04-15,2024-06-14,0,943775
CAND-00860,2024-04-15,2024-07-14,0,875668
CAND-00861,2024-06-13,2024-07-13,0,630619
CAND-00861,2024-06-13,2024-08-12,0,569468
CAND-00861,2024-06-13,2024-09-11,0,508317
CAND-00861,2024-06-13,2024-10-11,0,460270
CAND-00861,2024-06-13,2024-11-10,0,399119
CAND-00862,2024-03-15,2024-04-14,0,820531
CAND-00862,2024-03-15,2024-05-14,0,733008
CAND-00862,2024-03-15,2024-06-13,0,665682
CAND-00862,2024-03-15,2024-07-13,0,607333
CAND-00862,2024-03-15,2024-08-12,0,558709
CAND-00862,2024-03-15,2024-09-11,0,485773
CAND-00863,2024-03-11,2024-04-10,0,569373
CAND-00863,2024-03-11,2024-05-10,0,522655
CAND-00863,2024-03-11,2024-06-09,0,472044
CAND-00863,2024-03-11,2024-07-09,30,453065
CAND-00863,2024-03-11,2024-08-08,0,419324
CAND-00864,2024-03-29,2024-04-28,0,201963
CAND-00864,2024-03-29,2024-05-28,0,186094
CAND-00864,2024-03-29,2024-06-27,0,171284
CAND-00864,2024-03-29,2024-07-27,0,157399
CAND-00865,2024-03-04,2024-04-03,30,552969
CAND-00865,2024-03-04,2024-05-03,0,496415
CAND-00865,2024-03-04,2024-06-02,0,461069
CAND-00865,2024-03-04,2024-07-02,0,425723
CAND-00866,2024-03-16,2024-04-15,0,1032025
CAND-00866,2024-03-16,2024-05-15,0,946968
CAND-00866,2024-03-16,2024-06-14,0,854823
CAND-00866,2024-03-16,2024-07-14,0,785714
CAND-00866,2024-03-16,2024-08-13,0,711998
CAND-00866,2024-03-16,2024-09-12,0,642889
CAND-00867,2024-08-15,2024-09-14,0,981226
CAND-00867,2024-08-15,2024-10-14,0,893617
CAND-00867,2024-08-15,2024-11-13,0,827910
CAND-00867,2024-08-15,2024-12-13,0,747039
CAND-00867,2024-08-15,2025-01-12,0,651465
CAND-00867,2024-08-15,2025-02-11,0,585758
CAND-00868,2024-05-12,2024-06-11,0,526312
CAND-00868,2024-05-12,2024-07-11,0,483444
CAND-00868,2024-05-12,2024-08-10,0,448615
CAND-00869,2024-04-03,2024-05-03,0,544784
CAND-00869,2024-04-03,2024-06-02,0,510853
CAND-00869,2024-04-03,2024-07-02,0,474801
CAND-00870,2024-06-06,2024-07-06,0,397288
CAND-00870,2024-06-06,2024-08-05,0,360502
CAND-00870,2024-06-06,2024-09-04,0,328971
CAND-00870,2024-06-06,2024-10-04,0,304447
CAND-00870,2024-06-06,2024-11-03,0,264317
CAND-00871,2024-01-15,2024-02-14,0,2765186
CAND-00871,2024-01-15,2024-03-15,0,2472402
CAND-00871,2024-01-15,2024-04-14,0,2247183
CAND-00871,2024-01-15,2024-05-14,0,2051993
CAND-00871,2024-01-15,2024-06-13,0,1879767
CAND-00872,2024-03-20,2024-04-19,0,342565
CAND-00872,2024-03-20,2024-05-19,30,335848
CAND-00872,2024-03-20,2024-06-18,0,313178
CAND-00872,2024-03-20,2024-07-18,0,285277
CAND-00872,2024-03-20,2024-08-17,0,265126
CAND-00872,2024-03-20,2024-09-16,0,243790
CAND-00873,2024-06-20,2024-07-20,0,579141
CAND-00873,2024-06-20,2024-08-19,0,539654
CAND-00873,2024-06-20,2024-09-18,0,482219
CAND-00873,2024-06-20,2024-10-18,0,419040
CAND-00873,2024-06-20,2024-11-17,0,373912
CAND-00873,2024-06-20,2024-12-17,30,361762
CAND-00874,2024-03-11,2024-04-10,0,712792
CAND-00874,2024-03-11,2024-05-10,0,668068
CAND-00874,2024-03-11,2024-06-09,0,617381
CAND-00874,2024-03-11,2024-07-09,0,575141
CAND-00875,2024-04-29,2024-05-29,0,654510
CAND-00875,2024-04-29,2024-06-28,0,601017
CAND-00875,2024-04-29,2024-07-28,0,560110
CAND-00875,2024-04-29,2024-08-27,0,506616
CAND-00875,2024-04-29,2024-09-26,0,460255
CAND-00875,2024-04-29,2024-10-26,0,397035
CAND-00876,2024-04-06,2024-05-06,0,761533
CAND-00876,2024-04-06,2024-06-05,0,680900
CAND-00876,2024-04-06,2024-07-05,0,623305
CAND-00876,2024-04-06,2024-08-04,0,578509
CAND-00876,2024-04-06,2024-09-03,0,531078
CAND-00877,2024-03-14,2024-04-13,0,857587
CAND-00877,2024-03-14,2024-05-13,0,774056
CAND-00877,2024-03-14,2024-06-12,0,690524
CAND-00877,2024-03-14,2024-07-12,0,624893
CAND-00878,2024-05-14,2024-06-13,0,970857
CAND-00878,2024-05-14,2024-07-13,0,897176
CAND-00878,2024-05-14,2024-08-12,0,794023
CAND-00878,2024-05-14,2024-09-11,0,720342
CAND-00878,2024-05-14,2024-10-11,0,646660
CAND-00879,2024-04-21,2024-05-21,0,517626
CAND-00879,2024-04-21,2024-06-20,0,461881
CAND-00879,2024-04-21,2024-07-20,0,415428
CAND-00880,2024-04-07,2024-05-07,0,1186473
CAND-00880,2024-04-07,2024-06-06,0,1077713
CAND-00880,2024-04-07,2024-07-06,30,1043367
CAND-00880,2024-04-07,2024-08-05,60,1020471
CAND-00880,2024-04-07,2024-09-04,90,994368
CAND-00881,2024-07-21,2024-08-20,0,1291131
CAND-00881,2024-07-21,2024-09-19,0,1171582
CAND-00881,2024-07-21,2024-10-19,0,1075942
CAND-00881,2024-07-21,2024-11-18,0,986281
CAND-00882,2024-06-27,2024-07-27,0,343972
CAND-00882,2024-06-27,2024-08-26,0,315749
CAND-00882,2024-06-27,2024-09-25,0,291289
CAND-00882,2024-06-27,2024-10-25,0,266829
CAND-00882,2024-06-27,2024-11-24,0,243897
CAND-00883,2024-07-23,2024-08-22,0,1310228
CAND-00883,2024-07-23,2024-09-21,0,1217741
CAND-00883,2024-07-23,2024-10-21,0,1131035
CAND-00883,2024-07-23,2024-11-20,0,1004917
CAND-00883,2024-07-23,2024-12-20,0,866187
CAND-00884,2024-05-07,2024-06-06,0,378036
CAND-00884,2024-05-07,2024-07-06,0,348033
CAND-00884,2024-05-07,2024-08-05,0,315722
CAND-00884,2024-05-07,2024-09-04,0,289470
CAND-00884,2024-05-07,2024-10-04,0,257159
CAND-00884,2024-05-07,2024-11-03,0,233824
CAND-00885,2024-04-15,2024-05-15,30,675230
CAND-00885,2024-04-15,2024-06-14,60,657767
CAND-00885,2024-04-15,2024-07-14,90,635939
CAND-00885,2024-04-15,2024-08-13,90,617060
CAND-00885,2024-04-15,2024-09-12,90,602805
CAND-00886,2024-08-03,2024-09-02,0,635233
CAND-00886,2024-08-03,2024-10-02,0,566416
CAND-00886,2024-08-03,2024-11-01,0,523405
CAND-00887,2024-05-26,2024-06-25,0,693317
CAND-00887,2024-05-26,2024-07-25,0,641960
CAND-00887,2024-05-26,2024-08-24,0,596645
CAND-00887,2024-05-26,2024-09-23,0,537387
CAND-00887,2024-05-26,2024-10-23,0,494590
CAND-00887,2024-05-26,2024-11-22,0,439565
CAND-00888,2024-07-25,2024-08-24,0,1151891
CAND-00888,2024-07-25,2024-09-23,0,1083631
CAND-00888,2024-07-25,2024-10-23,0,989117
CAND-00888,2024-07-25,2024-11-22,0,894603
CAND-00889,2024-09-18,2024-10-18,0,636359
CAND-00889,2024-09-18,2024-11-17,0,596252
CAND-00889,2024-09-18,2024-12-17,0,553639
CAND-00890,2024-02-21,2024-03-22,0,347570
CAND-00890,2024-02-21,2024-04-21,0,325664
CAND-00890,2024-02-21,2024-05-21,0,303758
CAND-00890,2024-02-21,2024-06-20,0,272725
CAND-00890,2024-02-21,2024-07-20,0,238871
CAND-00890,2024-02-21,2024-08-19,0,207838
CAND-00891,2024-03-14,2024-04-13,0,975597
CAND-00891,2024-03-14,2024-05-13,0,889216
CAND-00891,2024-03-14,2024-06-12,0,794982
CAND-00892,2024-08-23,2024-09-22,0,316700
CAND-00892,2024-08-23,2024-10-22,30,306096
CAND-00892,2024-08-23,2024-11-21,60,297166
CAND-00893,2024-05-25,2024-06-24,0,643707
CAND-00893,2024-05-25,2024-07-24,0,581531
CAND-00893,2024-05-25,2024-08-23,0,519355
CAND-00894,2024-02-16,2024-03-17,0,968294
CAND-00894,2024-02-16,2024-04-16,30,941220
CAND-00894,2024-02-16,2024-05-16,60,910960
CAND-00894,2024-02-16,2024-06-15,90,878810
CAND-00895,2024-09-09,2024-10-09,0,465859
CAND-00895,2024-09-09,2024-11-08,30,452056
CAND-00895,2024-09-09,2024-12-08,0,402364
CAND-00895,2024-09-09,2025-01-07,0,352672
CAND-00896,2024-05-11,2024-06-10,0,481720
CAND-00896,2024-05-11,2024-07-10,0,438710
CAND-00896,2024-05-11,2024-08-09,0,410036
CAND-00896,2024-05-11,2024-09-08,30,393907
CAND-00896,2024-05-11,2024-10-08,0,363546
CAND-00896,2024-05-11,2024-11-07,30,353808
CAND-00897,2024-08-08,2024-09-07,0,646069
CAND-00897,2024-08-08,2024-10-07,0,594793
CAND-00897,2024-08-08,2024-11-06,0,546936
CAND-00898,2024-06-29,2024-07-29,0,234336
CAND-00898,2024-06-29,2024-08-28,0,219298
CAND-00898,2024-06-29,2024-09-27,0,202256
CAND-00898,2024-06-29,2024-10-27,0,187218
CAND-00898,2024-06-29,2024-11-26,0,161654
CAND-00898,2024-06-29,2024-12-26,0,147452
CAND-00899,2024-10-28,2024-11-27,0,338726
CAND-00899,2024-10-28,2024-12-27,0,314733
CAND-00899,2024-10-28,2025-01-26,0,292239
CAND-00899,2024-10-28,2025-02-25,0,271069
CAND-00900,2024-01-09,2024-02-08,0,701343
CAND-00900,2024-01-09,2024-03-09,0,660087
CAND-00900,2024-01-09,2024-04-08,30,636881
CAND-00900,2024-01-09,2024-05-08,60,619611
CAND-00901,2024-10-18,2024-11-17,0,248396
CAND-00901,2024-10-18,2024-12-17,0,222095
CAND-00901,2024-10-18,2025-01-16,0,203309
CAND-00902,2024-08-24,2024-09-23,0,818994
CAND-00902,2024-08-24,2024-10-23,30,803325
CAND-00902,2024-08-24,2024-11-22,0,715575
CAND-00903,2024-05-01,2024-05-31,0,386097
CAND-00903,2024-05-01,2024-06-30,0,354113
CAND-00903,2024-05-01,2024-07-30,0,312533
CAND-00903,2024-05-01,2024-08-29,0,274733
CAND-00904,2024-05-20,2024-06-19,0,252189
CAND-00904,2024-05-20,2024-07-19,0,232675
CAND-00904,2024-05-20,2024-08-18,0,209908
CAND-00904,2024-05-20,2024-09-17,0,192832
CAND-00904,2024-05-20,2024-10-17,0,170065
CAND-00904,2024-05-20,2024-11-16,0,151851
CAND-00905,2024-01-24,2024-02-23,30,1132421
CAND-00905,2024-01-24,2024-03-24,60,1100137
CAND-00905,2024-01-24,2024-04-23,90,1076419
CAND-00905,2024-01-24,2024-05-23,60,1056380
CAND-00905,2024-01-24,2024-06-22,90,1028708
CAND-00905,2024-01-24,2024-07-22,60,1009010
CAND-00906,2024-03-02,2024-04-01,0,259390
CAND-00906,2024-03-02,2024-05-01,30,254245
CAND-00906,2024-03-02,2024-05-31,60,246799
CAND-00906,2024-03-02,2024-06-30,90,238476
CAND-00906,2024-03-02,2024-07-30,105,233680
CAND-00907,2024-04-26,2024-05-26,0,543186
CAND-00907,2024-04-26,2024-06-25,0,494438
CAND-00907,2024-04-26,2024-07-25,0,449440
CAND-00907,2024-04-26,2024-08-24,0,415031
CAND-00907,2024-04-26,2024-09-23,0,366283
CAND-00907,2024-04-26,2024-10-23,0,329723
CAND-00908,2024-06-06,2024-07-06,0,614465
CAND-00908,2024-06-06,2024-08-05,0,558139
CAND-00908,2024-06-06,2024-09-04,0,501813
CAND-00908,2024-06-06,2024-10-04,0,440367
CAND-00908,2024-06-06,2024-11-03,0,372776
CAND-00909,2024-03-31,2024-04-30,0,433103
CAND-00909,2024-03-31,2024-05-30,0,397011
CAND-00909,2024-03-31,2024-06-29,0,370945
CAND-00909,2024-03-31,2024-07-29,0,328291
CAND-00910,2024-08-29,2024-09-28,0,665381
CAND-00910,2024-08-29,2024-10-28,0,613101
CAND-00910,2024-08-29,2024-11-27,30,598750
CAND-00910,2024-08-29,2024-12-27,0,555696
CAND-00910,2024-08-29,2025-01-26,0,499394
CAND-00911,2024-02-28,2024-03-29,0,1159055
CAND-00911,2024-02-28,2024-04-28,0,1071396
CAND-00911,2024-02-28,2024-05-28,0,999205
CAND-00911,2024-02-28,2024-06-27,0,876482
CAND-00911,2024-02-28,2024-07-27,0,799780
CAND-00912,2024-07-12,2024-08-11,0,425953
CAND-00912,2024-07-12,2024-09-10,0,392992
CAND-00912,2024-07-12,2024-10-10,0,364152
CAND-00912,2024-07-12,2024-11-09,0,325698
CAND-00913,2024-02-29,2024-03-30,0,560385
CAND-00913,2024-02-29,2024-04-29,0,509017
CAND-00913,2024-02-29,2024-05-29,30,495616
CAND-00913,2024-02-29,2024-06-28,0,451586
CAND-00913,2024-02-29,2024-07-28,0,404169
CAND-00913,2024-02-29,2024-08-27,0,360138
CAND-00914,2024-09-16,2024-10-16,0,1169515
CAND-00914,2024-09-16,2024-11-15,0,1072056
CAND-00914,2024-09-16,2024-12-15,0,956876
CAND-00915,2024-04-28,2024-05-28,0,425747
CAND-00915,2024-04-28,2024-06-27,0,399944
CAND-00915,2024-04-28,2024-07-27,0,353499
CAND-00915,2024-04-28,2024-08-26,0,314795
CAND-00915,2024-04-28,2024-09-25,0,268349
CAND-00916,2024-04-08,2024-05-08,0,527716
CAND-00916,2024-04-08,2024-06-07,0,469668
CAND-00916,2024-04-08,2024-07-07,0,421294
CAND-00916,2024-04-08,2024-08-06,30,405605
CAND-00917,2024-09-08,2024-10-08,0,1406999
CAND-00917,2024-09-08,2024-11-07,0,1300217
CAND-00917,2024-09-08,2024-12-07,0,1193436
CAND-00917,2024-09-08,2025-01-06,0,1078441
CAND-00918,2024-01-26,2024-02-25,0,134750
CAND-00918,2024-01-26,2024-03-26,0,124483
CAND-00918,2024-01-26,2024-04-25,0,114901
CAND-00918,2024-01-26,2024-05-25,0,102923
CAND-00918,2024-01-26,2024-06-24,0,88550
CAND-00919,2024-09-04,2024-10-04,0,672287
CAND-00919,2024-09-04,2024-11-03,0,607095
CAND-00919,2024-09-04,2024-12-03,0,562276
CAND-00919,2024-09-04,2025-01-02,0,511054
CAND-00920,2024-10-24,2024-11-23,0,302626
CAND-00920,2024-10-24,2024-12-23,0,275467
CAND-00920,2024-10-24,2025-01-22,0,255098
CAND-00920,2024-10-24,2025-02-21,0,230029
CAND-00920,2024-10-24,2025-03-23,0,210858
CAND-00921,2024-03-15,2024-04-14,0,602508
CAND-00921,2024-03-15,2024-05-14,0,563522
CAND-00921,2024-03-15,2024-06-13,0,524537
CAND-00922,2024-04-12,2024-05-12,0,772932
CAND-00922,2024-04-12,2024-06-11,0,695639
CAND-00922,2024-04-12,2024-07-11,0,630237
CAND-00923,2024-04-12,2024-05-12,0,699929
CAND-00923,2024-04-12,2024-06-11,0,654182
CAND-00923,2024-04-12,2024-07-11,0,602336
CAND-00923,2024-04-12,2024-08-10,0,537527
CAND-00923,2024-04-12,2024-09-09,0,466827
CAND-00924,2024-01-27,2024-02-26,0,292037
CAND-00924,2024-01-27,2024-03-27,0,263592
CAND-00924,2024-01-27,2024-04-26,0,245186
CAND-00924,2024-01-27,2024-05-26,0,227803
CAND-00924,2024-01-27,2024-06-25,0,203734
CAND-00925,2024-03-31,2024-04-30,30,1233460
CAND-00925,2024-03-31,2024-05-30,0,1149173
CAND-00925,2024-03-31,2024-06-29,30,1122273
CAND-00926,2024-04-19,2024-05-19,0,405746
CAND-00926,2024-04-19,2024-06-18,0,380700
CAND-00926,2024-04-19,2024-07-18,0,352523
CAND-00927,2024-03-02,2024-04-01,0,720738
CAND-00927,2024-03-02,2024-05-01,0,655217
CAND-00927,2024-03-02,2024-05-31,30,640921
CAND-00927,2024-03-02,2024-06-30,60,623828
CAND-00927,2024-03-02,2024-07-30,90,607099
CAND-00928,2024-08-09,2024-09-08,0,524252
CAND-00928,2024-08-09,2024-10-08,0,472927
CAND-00928,2024-08-09,2024-11-07,0,441561
CAND-00928,2024-08-09,2024-12-07,0,398132
CAND-00929,2024-09-17,2024-10-17,0,841845
CAND-00929,2024-09-17,2024-11-16,30,821579
CAND-00929,2024-09-17,2024-12-16,0,767932
CAND-00929,2024-09-17,2025-01-15,0,685023
CAND-00930,2024-02-28,2024-03-29,0,357529
CAND-00930,2024-02-28,2024-04-28,30,349336
CAND-00930,2024-02-28,2024-05-28,60,338411
CAND-00931,2024-07-02,2024-08-01,30,541924
CAND-00931,2024-07-02,2024-08-31,60,530539
CAND-00931,2024-07-02,2024-09-30,90,518670
CAND-00932,2024-03-12,2024-04-11,0,351885
CAND-00932,2024-03-12,2024-05-11,0,317435
CAND-00932,2024-03-12,2024-06-10,0,279539
CAND-00932,2024-03-12,2024-07-10,0,257248
CAND-00933,2024-07-27,2024-08-26,0,535051
CAND-00933,2024-07-27,2024-09-25,0,501157
CAND-00933,2024-07-27,2024-10-25,0,465144
CAND-00933,2024-07-27,2024-11-24,0,431249
CAND-00934,2024-05-14,2024-06-13,0,390699
CAND-00934,2024-05-14,2024-07-13,0,358141
CAND-00934,2024-05-14,2024-08-12,0,322869
CAND-00934,2024-05-14,2024-09-11,0,292636
CAND-00934,2024-05-14,2024-10-11,0,264419
CAND-00935,2024-09-16,2024-10-16,0,917720
CAND-00935,2024-09-16,2024-11-15,0,859880
CAND-00935,2024-09-16,2024-12-15,0,784244
CAND-00935,2024-09-16,2025-01-14,0,714010
CAND-00935,2024-09-16,2025-02-13,0,624622
CAND-00936,2024-06-16,2024-07-16,0,276546
CAND-00936,2024-06-16,2024-08-15,0,251406
CAND-00936,2024-06-16,2024-09-14,0,223980
CAND-00936,2024-06-16,2024-10-14,0,205124
CAND-00937,2024-09-25,2024-10-25,0,257676
CAND-00937,2024-09-25,2024-11-24,0,230068
CAND-00937,2024-09-25,2024-12-24,0,207061
CAND-00937,2024-09-25,2025-01-23,0,185824
CAND-00937,2024-09-25,2025-02-22,0,170486
CAND-00937,2024-09-25,2025-03-24,0,152081
CAND-00938,2024-02-13,2024-03-14,0,707907
CAND-00938,2024-02-13,2024-04-13,0,639262
CAND-00938,2024-02-13,2024-05-13,0,570616
CAND-00938,2024-02-13,2024-06-12,0,516680
CAND-00938,2024-02-13,2024-07-12,30,502951
CAND-00938,2024-02-13,2024-08-11,0,440026
CAND-00939,2024-05-08,2024-06-07,0,552988
CAND-00939,2024-05-08,2024-07-07,0,518426
CAND-00939,2024-05-08,2024-08-06,0,469464
CAND-00939,2024-05-08,2024-09-05,0,416050
CAND-00940,2024-02-29,2024-03-30,0,432067
CAND-00940,2024-02-29,2024-04-29,0,398119
CAND-00940,2024-02-29,2024-05-29,0,371715
CAND-00940,2024-02-29,2024-06-28,0,328508
CAND-00940,2024-02-29,2024-07-28,0,285302
CAND-00940,2024-02-29,2024-08-27,0,242095
CAND-00941,2024-01-08,2024-02-07,0,584003
CAND-00941,2024-01-08,2024-03-08,0,542779
CAND-00941,2024-01-08,2024-04-07,0,506405
CAND-00941,2024-01-08,2024-05-07,0,444570
CAND-00941,2024-01-08,2024-06-06,30,423958
CAND-00941,2024-01-08,2024-07-06,0,376392
CAND-00942,2024-02-02,2024-03-03,0,796224
CAND-00942,2024-02-02,2024-04-02,0,733663
CAND-00942,2024-02-02,2024-05-02,0,685005
CAND-00942,2024-02-02,2024-06-01,0,617632
CAND-00942,2024-02-02,2024-07-01,0,544645
CAND-00943,2024-06-29,2024-07-29,30,218222
CAND-00943,2024-06-29,2024-08-28,0,195739
CAND-00943,2024-06-29,2024-09-27,0,175299
CAND-00945,2024-10-14,2024-11-13,0,859082
CAND-00945,2024-10-14,2024-12-13,0,794109
CAND-00945,2024-10-14,2025-01-12,0,724139
CAND-00946,2024-09-25,2024-10-25,0,593605
CAND-00946,2024-09-25,2024-11-24,30,581281
CAND-00946,2024-09-25,2024-12-24,60,568957
CAND-00946,2024-09-25,2025-01-23,90,552841
CAND-00947,2024-02-21,2024-03-22,0,369988
CAND-00947,2024-02-21,2024-04-21,0,341528
CAND-00947,2024-02-21,2024-05-21,30,331566
CAND-00947,2024-02-21,2024-06-20,0,305003
CAND-00947,2024-02-21,2024-07-20,0,278440
CAND-00947,2024-02-21,2024-08-19,0,242217
CAND-00948,2024-03-03,2024-04-02,0,688823
CAND-00948,2024-03-03,2024-05-02,0,639622
CAND-00948,2024-03-03,2024-06-01,0,590420
CAND-00949,2024-07-18,2024-08-17,0,405914
CAND-00949,2024-07-18,2024-09-16,30,392246
CAND-00949,2024-07-18,2024-10-16,0,351245
CAND-00949,2024-07-18,2024-11-15,0,323057
CAND-00950,2024-08-03,2024-09-02,0,271654
CAND-00950,2024-08-03,2024-10-02,0,249016
CAND-00950,2024-08-03,2024-11-01,0,227995
CAND-00951,2024-02-22,2024-03-23,0,629684
CAND-00951,2024-02-22,2024-04-22,30,615449
CAND-00951,2024-02-22,2024-05-22,60,602330
CAND-00951,2024-02-22,2024-06-21,90,582653
CAND-00951,2024-02-22,2024-07-21,60,567785
CAND-00951,2024-02-22,2024-08-20,90,547511
CAND-00952,2024-10-04,2024-11-03,0,391805
CAND-00952,2024-10-04,2024-12-03,0,349826
CAND-00952,2024-10-04,2025-01-02,30,338165
CAND-00952,2024-10-04,2025-02-01,0,313471
CAND-00952,2024-10-04,2025-03-03,0,278489
CAND-00952,2024-10-04,2025-04-02,0,253795
CAND-00953,2024-09-13,2024-10-13,0,962359
CAND-00953,2024-09-13,2024-11-12,0,855430
CAND-00953,2024-09-13,2024-12-12,0,773177
CAND-00953,2024-09-13,2025-01-11,0,675969
CAND-00953,2024-09-13,2025-02-10,0,616565
CAND-00953,2024-09-13,2025-03-12,0,540187
CAND-00954,2024-02-26,2024-03-27,0,413028
CAND-00954,2024-02-26,2024-04-26,0,384346
CAND-00954,2024-02-26,2024-05-26,0,346102
CAND-00954,2024-02-26,2024-06-25,0,300210
CAND-00954,2024-02-26,2024-07-25,0,254318
CAND-00955,2024-01-30,2024-02-29,0,481212
CAND-00955,2024-01-30,2024-03-30,0,430083
CAND-00955,2024-01-30,2024-04-29,0,390754
CAND-00956,2024-02-27,2024-03-28,0,330191
CAND-00956,2024-02-27,2024-04-27,0,309149
CAND-00956,2024-02-27,2024-05-27,0,283599
CAND-00956,2024-02-27,2024-06-26,0,263726
CAND-00956,2024-02-27,2024-07-26,0,241370
CAND-00957,2024-07-02,2024-08-01,0,759744
CAND-00957,2024-07-02,2024-08-31,0,705929
CAND-00957,2024-07-02,2024-09-30,0,655477
CAND-00957,2024-07-02,2024-10-30,0,601662
CAND-00957,2024-07-02,2024-11-29,0,534393
CAND-00958,2024-09-01,2024-10-01,0,192540
CAND-00958,2024-09-01,2024-10-31,0,176858
CAND-00958,2024-09-01,2024-11-30,0,165532
CAND-00958,2024-09-01,2024-12-30,0,153540
CAND-00958,2024-09-01,2025-01-29,0,137858
CAND-00958,2024-09-01,2025-02-28,0,126532
CAND-00959,2024-06-03,2024-07-03,0,303179
CAND-00959,2024-06-03,2024-08-02,0,281704
CAND-00959,2024-06-03,2024-09-01,0,254860
CAND-00959,2024-06-03,2024-10-01,0,222647
CAND-00960,2024-08-16,2024-09-15,0,461440
CAND-00960,2024-08-16,2024-10-15,0,432600
CAND-00960,2024-08-16,2024-11-14,0,401958
CAND-00960,2024-08-16,2024-12-14,0,357387
CAND-00961,2024-09-08,2024-10-08,0,201238
CAND-00961,2024-09-08,2024-11-07,0,181868
CAND-00961,2024-09-08,2024-12-07,0,167663
CAND-00962,2024-06-12,2024-07-12,0,744255
CAND-00962,2024-06-12,2024-08-11,0,686261
CAND-00962,2024-06-12,2024-09-10,0,605070
CAND-00963,2024-07-23,2024-08-22,0,470556
CAND-00963,2024-07-23,2024-09-21,0,426986
CAND-00963,2024-07-23,2024-10-21,0,374702
CAND-00963,2024-07-23,2024-11-20,0,343947
CAND-00964,2024-08-16,2024-09-15,0,291539
CAND-00964,2024-08-16,2024-10-15,0,273543
CAND-00964,2024-08-16,2024-11-14,0,241149
CAND-00964,2024-08-16,2024-12-14,0,220904
CAND-00964,2024-08-16,2025-01-13,0,197766
CAND-00965,2024-05-20,2024-06-19,0,435338
CAND-00965,2024-05-20,2024-07-19,0,406429
CAND-00965,2024-05-20,2024-08-18,0,360174
CAND-00965,2024-05-20,2024-09-17,30,349896
CAND-00966,2024-09-24,2024-10-24,0,386201
CAND-00966,2024-09-24,2024-11-23,0,361969
CAND-00966,2024-09-24,2024-12-23,0,332544
CAND-00967,2024-09-16,2024-10-16,0,490613
CAND-00967,2024-09-16,2024-11-15,0,461260
CAND-00967,2024-09-16,2024-12-15,0,426036
CAND-00967,2024-09-16,2025-01-14,0,378004
CAND-00967,2024-09-16,2025-02-13,0,337362
CAND-00968,2024-07-28,2024-08-27,0,661086
CAND-00968,2024-07-28,2024-09-26,0,595979
CAND-00968,2024-07-28,2024-10-26,0,551218
CAND-00968,2024-07-28,2024-11-25,0,503473
CAND-00968,2024-07-28,2024-12-25,0,452317
CAND-00968,2024-07-28,2025-01-24,30,438274
CAND-00969,2024-03-20,2024-04-19,30,1329696
CAND-00969,2024-03-20,2024-05-19,0,1215893
CAND-00969,2024-03-20,2024-06-18,0,1124851
CAND-00969,2024-03-20,2024-07-18,0,1048983
CAND-00970,2024-06-03,2024-07-03,30,585312
CAND-00970,2024-06-03,2024-08-02,0,545143
CAND-00970,2024-06-03,2024-09-01,0,504975
CAND-00970,2024-06-03,2024-10-01,30,493607
CAND-00970,2024-06-03,2024-10-31,60,474170
CAND-00971,2024-08-29,2024-09-28,30,157707
CAND-00971,2024-08-29,2024-10-28,0,144236
CAND-00971,2024-08-29,2024-11-27,30,139618
CAND-00971,2024-08-29,2024-12-27,60,136509
CAND-00972,2024-04-23,2024-05-23,0,753921
CAND-00972,2024-04-23,2024-06-22,0,692515
CAND-00972,2024-04-23,2024-07-22,0,635496
CAND-00973,2024-10-26,2024-11-25,0,1924972
CAND-00973,2024-10-26,2024-12-25,0,1779386
CAND-00973,2024-10-26,2025-01-24,0,1622601
CAND-00973,2024-10-26,2025-02-23,0,1502707
CAND-00973,2024-10-26,2025-03-25,0,1382812
CAND-00973,2024-10-26,2025-04-24,0,1237226
CAND-00974,2024-05-03,2024-06-02,0,1841482
CAND-00974,2024-05-03,2024-07-02,0,1715926
CAND-00974,2024-05-03,2024-08-01,0,1572434
CAND-00974,2024-05-03,2024-08-31,0,1405027
CAND-00974,2024-05-03,2024-09-30,0,1204138
CAND-00975,2024-02-09,2024-03-10,0,743904
CAND-00975,2024-02-09,2024-04-09,0,665138
CAND-00975,2024-02-09,2024-05-09,0,621379
CAND-00976,2024-03-26,2024-04-25,0,623348
CAND-00976,2024-03-26,2024-05-25,0,583347
CAND-00976,2024-03-26,2024-06-24,0,534774
CAND-00976,2024-03-26,2024-07-24,0,478106
CAND-00976,2024-03-26,2024-08-23,0,438106
CAND-00977,2024-04-26,2024-05-26,0,715257
CAND-00977,2024-04-26,2024-06-25,0,667760
CAND-00977,2024-04-26,2024-07-25,30,651590
CAND-00978,2024-05-10,2024-06-09,0,978561
CAND-00978,2024-05-10,2024-07-09,0,869832
CAND-00978,2024-05-10,2024-08-08,0,761103
CAND-00978,2024-05-10,2024-09-07,30,727125
CAND-00978,2024-05-10,2024-10-07,0,663167
CAND-00979,2024-07-04,2024-08-03,0,221209
CAND-00979,2024-07-04,2024-09-02,0,204193
CAND-00979,2024-07-04,2024-10-02,0,189304
CAND-00979,2024-07-04,2024-11-01,0,175291
CAND-00980,2024-02-12,2024-03-13,0,1029715
CAND-00980,2024-02-12,2024-04-12,0,968108
CAND-00980,2024-02-12,2024-05-12,0,902877
CAND-00980,2024-02-12,2024-06-11,0,837647
CAND-00980,2024-02-12,2024-07-11,0,758438
CAND-00980,2024-02-12,2024-08-10,0,657626
CAND-00981,2024-08-06,2024-09-05,0,851118
CAND-00981,2024-08-06,2024-10-05,0,781283
CAND-00981,2024-08-06,2024-11-04,0,705628
CAND-00981,2024-08-06,2024-12-04,0,629973
CAND-00981,2024-08-06,2025-01-03,0,579536
CAND-00981,2024-08-06,2025-02-02,0,519012
CAND-00982,2024-10-09,2024-11-08,0,162098
CAND-00982,2024-10-09,2024-12-08,0,150571
CAND-00982,2024-10-09,2025-01-07,0,136163
CAND-00982,2024-10-09,2025-02-06,0,118872
CAND-00982,2024-10-09,2025-03-08,0,103154
CAND-00983,2024-07-02,2024-08-01,0,822845
CAND-00983,2024-07-02,2024-08-31,0,771215
CAND-00983,2024-07-02,2024-09-30,0,698073
CAND-00983,2024-07-02,2024-10-30,0,618282
CAND-00984,2024-02-20,2024-03-21,0,600204
CAND-00984,2024-02-20,2024-04-20,0,535897
CAND-00984,2024-02-20,2024-05-20,0,500170
CAND-00984,2024-02-20,2024-06-19,0,450703
CAND-00984,2024-02-20,2024-07-19,0,386395
CAND-00984,2024-02-20,2024-08-18,0,336928
CAND-00985,2024-10-04,2024-11-03,0,257275
CAND-00985,2024-10-04,2024-12-03,0,240124
CAND-00985,2024-10-04,2025-01-02,0,220522
CAND-00985,2024-10-04,2025-02-01,0,203370
CAND-00985,2024-10-04,2025-03-03,0,186218
CAND-00985,2024-10-04,2025-04-02,0,161270
CAND-00986,2024-08-26,2024-09-25,0,897213
CAND-00986,2024-08-26,2024-10-25,0,816215
CAND-00986,2024-08-26,2024-11-24,0,719017
CAND-00986,2024-08-26,2024-12-24,0,638018
CAND-00987,2024-08-19,2024-09-18,0,591085
CAND-00987,2024-08-19,2024-10-18,0,537350
CAND-00987,2024-08-19,2024-11-17,0,478730
CAND-00987,2024-08-19,2024-12-17,0,424995
CAND-00987,2024-08-19,2025-01-16,0,378936
CAND-00988,2024-03-26,2024-04-25,0,202502
CAND-00988,2024-03-26,2024-05-25,0,189674
CAND-00988,2024-03-26,2024-06-24,0,167866
CAND-00988,2024-03-26,2024-07-24,0,146058
CAND-00989,2024-08-25,2024-09-24,0,317137
CAND-00989,2024-08-25,2024-10-24,30,308527
CAND-00989,2024-08-25,2024-11-23,0,284542
CAND-00990,2024-08-01,2024-08-31,0,818789
CAND-00990,2024-08-01,2024-09-30,0,730612
CAND-00990,2024-08-01,2024-10-30,0,657131
CAND-00990,2024-08-01,2024-11-29,30,641661
CAND-00990,2024-08-01,2024-12-29,0,592674
CAND-00991,2024-05-11,2024-06-10,0,1028279
CAND-00991,2024-05-11,2024-07-10,0,927608
CAND-00991,2024-05-11,2024-08-09,0,848510
CAND-00991,2024-05-11,2024-09-08,0,756228
CAND-00991,2024-05-11,2024-10-08,0,645491
CAND-00991,2024-05-11,2024-11-07,0,571665
CAND-00992,2024-07-25,2024-08-24,0,492596
CAND-00992,2024-07-25,2024-09-23,0,450915
CAND-00992,2024-07-25,2024-10-23,0,396730
CAND-00992,2024-07-25,2024-11-22,0,342544
CAND-00993,2024-01-11,2024-02-10,30,688630
CAND-00993,2024-01-11,2024-03-11,0,644156
CAND-00993,2024-01-11,2024-04-10,30,628686
CAND-00994,2024-06-27,2024-07-27,0,541777
CAND-00994,2024-06-27,2024-08-26,30,531398
CAND-00994,2024-06-27,2024-09-25,60,520837
CAND-00994,2024-06-27,2024-10-25,90,509260
CAND-00994,2024-06-27,2024-11-24,119,491019
CAND-00994,2024-06-27,2024-12-24,119,477338
CAND-00995,2024-08-23,2024-09-22,0,773390
CAND-00995,2024-08-23,2024-10-22,0,709323
CAND-00995,2024-08-23,2024-11-21,0,657267
CAND-00996,2024-07-31,2024-08-30,0,377686
CAND-00996,2024-07-31,2024-09-29,0,337220
CAND-00996,2024-07-31,2024-10-29,0,303498
CAND-00996,2024-07-31,2024-11-28,0,272370
CAND-00996,2024-07-31,2024-12-28,0,238648
CAND-00997,2024-04-06,2024-05-06,30,1141271
CAND-00997,2024-04-06,2024-06-05,60,1113926
CAND-00997,2024-04-06,2024-07-05,90,1089429
CAND-00998,2024-02-16,2024-03-17,0,820732
CAND-00998,2024-02-16,2024-04-16,0,759937
CAND-00998,2024-02-16,2024-05-16,0,668744
CAND-00998,2024-02-16,2024-06-15,0,611749
CAND-00998,2024-02-16,2024-07-15,0,546612
CAND-00998,2024-02-16,2024-08-14,0,485817
CAND-00999,2024-01-25,2024-02-24,0,2146916
CAND-00999,2024-01-25,2024-03-25,0,1982611
CAND-00999,2024-01-25,2024-04-24,0,1854818
CAND-00999,2024-01-25,2024-05-24,0,1711052
CAND-00999,2024-01-25,2024-06-23,0,1481025
CAND-00999,2024-01-25,2024-07-23,30,1433103
CAND-01001,2024-03-24,2024-04-23,0,207700
CAND-01001,2024-03-24,2024-05-23,0,191381
CAND-01001,2024-03-24,2024-06-22,0,177101
CAND-01001,2024-03-24,2024-07-22,0,164409
CAND-01001,2024-03-24,2024-08-21,0,149177
CAND-01001,2024-03-24,2024-09-20,0,126330
CAND-01002,2024-03-20,2024-04-19,0,451602
CAND-01002,2024-03-20,2024-05-19,0,418986
CAND-01002,2024-03-20,2024-06-18,0,384041
CAND-01002,2024-03-20,2024-07-18,0,335117
CAND-01002,2024-03-20,2024-08-17,0,294347
CAND-01003,2024-09-24,2024-10-24,0,895636
CAND-01003,2024-09-24,2024-11-23,0,822148
CAND-01003,2024-09-24,2024-12-23,0,735298
CAND-01004,2024-05-25,2024-06-24,0,465723
CAND-01004,2024-05-25,2024-07-24,0,415568
CAND-01004,2024-05-25,2024-08-23,30,405119
CAND-01004,2024-05-25,2024-09-22,0,377256
CAND-01004,2024-05-25,2024-10-22,0,349392
CAND-01004,2024-05-25,2024-11-21,30,336853
CAND-01005,2024-07-12,2024-08-11,0,410158
CAND-01005,2024-07-12,2024-09-10,0,368728
CAND-01005,2024-07-12,2024-10-10,0,340245
CAND-01005,2024-07-12,2024-11-09,0,294672
CAND-01006,2024-07-21,2024-08-20,0,736225
CAND-01006,2024-07-21,2024-09-19,0,665358
CAND-01006,2024-07-21,2024-10-19,0,600397
CAND-01006,2024-07-21,2024-11-18,0,551676
CAND-01006,2024-07-21,2024-12-18,0,480810
CAND-01006,2024-07-21,2025-01-17,0,434955
CAND-01007,2024-07-16,2024-08-15,30,379402
CAND-01007,2024-07-16,2024-09-14,0,357954
CAND-01007,2024-07-16,2024-10-14,0,319348
CAND-01007,2024-07-16,2024-11-13,0,289652
CAND-01007,2024-07-16,2024-12-13,0,257480
CAND-01008,2024-01-28,2024-02-27,0,683893
CAND-01008,2024-01-28,2024-03-28,0,618064
CAND-01008,2024-01-28,2024-04-27,0,557720
CAND-01009,2024-03-02,2024-04-01,0,156987
CAND-01009,2024-03-02,2024-05-01,0,146726
CAND-01009,2024-03-02,2024-05-31,0,135825
CAND-01009,2024-03-02,2024-06-30,0,124196
CAND-01010,2024-10-14,2024-11-13,0,389115
CAND-01010,2024-10-14,2024-12-13,0,364145
CAND-01010,2024-10-14,2025-01-12,0,328771
CAND-01010,2024-10-14,2025-02-11,0,290181
CAND-01010,2024-10-14,2025-03-13,0,251591
CAND-01010,2024-10-14,2025-04-12,0,223292
CAND-01011,2024-06-12,2024-07-12,0,520661
CAND-01011,2024-06-12,2024-08-11,0,469025
CAND-01011,2024-06-12,2024-09-10,0,425334
CAND-01012,2024-03-02,2024-04-01,0,267614
CAND-01012,2024-03-02,2024-05-01,0,242835
CAND-01012,2024-03-02,2024-05-31,0,213100
CAND-01013,2024-03-10,2024-04-09,0,371740
CAND-01013,2024-03-10,2024-05-09,0,338826
CAND-01013,2024-03-10,2024-06-08,0,312494
CAND-01013,2024-03-10,2024-07-08,0,289260
CAND-01013,2024-03-10,2024-08-07,0,258878
CAND-01013,2024-03-10,2024-09-06,30,251282
CAND-01014,2024-06-30,2024-07-30,30,1210780
CAND-01014,2024-06-30,2024-08-29,60,1182946
CAND-01014,2024-06-30,2024-09-28,90,1160579
CAND-01014,2024-06-30,2024-10-28,100,1138605
CAND-01015,2024-09-25,2024-10-25,0,1645592
CAND-01015,2024-09-25,2024-11-24,0,1511097
CAND-01015,2024-09-25,2024-12-24,0,1336253
CAND-01015,2024-09-25,2025-01-23,0,1201757
CAND-01015,2024-09-25,2025-02-22,0,1042808
CAND-01016,2024-07-07,2024-08-06,0,1516560
CAND-01016,2024-07-07,2024-09-05,0,1427350
CAND-01016,2024-07-07,2024-10-05,0,1332893
CAND-01016,2024-07-07,2024-11-04,0,1238436
CAND-01017,2024-05-12,2024-06-11,0,435067
CAND-01017,2024-05-12,2024-07-11,30,426498
CAND-01017,2024-05-12,2024-08-10,60,414095
CAND-01017,2024-05-12,2024-09-09,90,403621
CAND-01017,2024-05-12,2024-10-09,101,394893
CAND-01017,2024-05-12,2024-11-08,101,385466
CAND-01018,2024-02-27,2024-03-28,30,1800125
CAND-01018,2024-02-27,2024-04-27,60,1765467
CAND-01018,2024-02-27,2024-05-27,90,1718368
CAND-01018,2024-02-27,2024-06-26,104,1674633
CAND-01018,2024-02-27,2024-07-26,104,1617231
CAND-01019,2024-05-23,2024-06-22,0,548747
CAND-01019,2024-05-23,2024-07-22,0,508838
CAND-01019,2024-05-23,2024-08-21,0,458952
CAND-01020,2024-07-26,2024-08-25,0,747092
CAND-01020,2024-07-26,2024-09-24,0,685519
CAND-01020,2024-07-26,2024-10-24,0,628343
CAND-01021,2024-08-23,2024-09-22,0,331676
CAND-01021,2024-08-23,2024-10-22,0,299514
CAND-01021,2024-08-23,2024-11-21,0,274243
CAND-01021,2024-08-23,2024-12-21,30,264416
CAND-01021,2024-08-23,2025-01-20,0,239145
CAND-01022,2024-05-15,2024-06-14,0,799076
CAND-01022,2024-05-15,2024-07-14,0,714468
CAND-01022,2024-05-15,2024-08-13,0,637552
CAND-01022,2024-05-15,2024-09-12,0,567045
CAND-01022,2024-05-15,2024-10-12,0,490129
CAND-01022,2024-05-15,2024-11-11,0,440359
CAND-01024,2024-09-17,2024-10-17,0,318063
CAND-01024,2024-09-17,2024-11-16,0,289791
CAND-01024,2024-09-17,2024-12-16,0,265557
CAND-01024,2024-09-17,2025-01-15,0,239460
CAND-01024,2024-09-17,2025-02-14,0,220612
CAND-01024,2024-09-17,2025-03-16,0,199407
CAND-01025,2024-10-17,2024-11-16,0,407741
CAND-01025,2024-10-17,2024-12-16,0,383470
CAND-01025,2024-10-17,2025-01-15,0,357772
CAND-01025,2024-10-17,2025-02-14,0,333502
CAND-01027,2024-04-22,2024-05-22,0,230111
CAND-01027,2024-04-22,2024-06-21,0,210640
CAND-01027,2024-04-22,2024-07-21,0,194820
CAND-01028,2024-02-23,2024-03-24,0,2021630
CAND-01028,2024-02-23,2024-04-23,0,1895278
CAND-01028,2024-02-23,2024-05-23,0,1768926
CAND-01028,2024-02-23,2024-06-22,30,1707555
CAND-01029,2024-09-20,2024-10-20,0,309434
CAND-01029,2024-09-20,2024-11-19,0,284144
CAND-01029,2024-09-20,2024-12-19,0,263596
CAND-01029,2024-09-20,2025-01-18,0,243047
CAND-01030,2024-10-10,2024-11-09,0,789257
CAND-01030,2024-10-10,2024-12-09,0,705069
CAND-01030,2024-10-10,2025-01-08,30,683483
CAND-01031,2024-07-11,2024-08-10,0,313803
CAND-01031,2024-07-11,2024-09-09,0,285785
CAND-01031,2024-07-11,2024-10-09,0,261770
CAND-01031,2024-07-11,2024-11-08,0,243091
CAND-01031,2024-07-11,2024-12-08,0,224412
CAND-01032,2024-08-25,2024-09-24,0,254543
CAND-01032,2024-08-25,2024-10-24,0,229474
CAND-01032,2024-08-25,2024-11-23,0,213254
CAND-01032,2024-08-25,2024-12-23,0,185678
CAND-01032,2024-08-25,2025-01-22,0,168443
CAND-01033,2024-08-16,2024-09-15,0,681512
CAND-01033,2024-08-16,2024-10-15,0,614791
CAND-01033,2024-08-16,2024-11-14,0,571618
CAND-01033,2024-08-16,2024-12-14,0,528445
CAND-01034,2024-03-16,2024-04-15,0,821214
CAND-01034,2024-03-16,2024-05-15,0,768882
CAND-01034,2024-03-16,2024-06-14,0,705336
CAND-01034,2024-03-16,2024-07-14,0,655911
CAND-01034,2024-03-16,2024-08-13,0,600308
CAND-01034,2024-03-16,2024-09-12,0,540998
CAND-01035,2024-06-20,2024-07-20,0,929399
CAND-01035,2024-06-20,2024-08-19,0,847108
CAND-01035,2024-06-20,2024-09-18,0,792248
CAND-01036,2024-08-11,2024-09-10,0,357629
CAND-01036,2024-08-11,2024-10-10,0,335355
CAND-01036,2024-08-11,2024-11-09,0,311688
CAND-01036,2024-08-11,2024-12-09,0,277264
CAND-01036,2024-08-11,2025-01-08,0,248136
CAND-01037,2024-07-03,2024-08-02,30,259331
CAND-01037,2024-07-03,2024-09-01,60,251721
CAND-01037,2024-07-03,2024-10-01,90,246789
CAND-01037,2024-07-03,2024-10-31,114,242275
CAND-01037,2024-07-03,2024-11-30,114,234441
CAND-01037,2024-07-03,2024-12-30,114,227243
CAND-01038,2024-06-01,2024-07-01,0,319740
CAND-01038,2024-06-01,2024-07-31,30,307898
CAND-01038,2024-06-01,2024-08-30,0,287000
CAND-01039,2024-03-26,2024-04-25,0,853385
CAND-01039,2024-03-26,2024-05-25,0,781772
CAND-01039,2024-03-26,2024-06-24,0,697139
CAND-01039,2024-03-26,2024-07-24,0,645418
CAND-01039,2024-03-26,2024-08-23,30,628492
CAND-01039,2024-03-26,2024-09-22,0,561994
CAND-01040,2024-10-02,2024-11-01,0,448272
CAND-01040,2024-10-02,2024-12-01,0,413584
CAND-01040,2024-10-02,2024-12-31,0,383233
CAND-01040,2024-10-02,2025-01-30,0,342764
CAND-01041,2024-05-22,2024-06-21,0,623732
CAND-01041,2024-05-22,2024-07-21,0,582150
CAND-01041,2024-05-22,2024-08-20,0,530972
CAND-01041,2024-05-22,2024-09-19,0,486617
CAND-01041,2024-05-22,2024-10-19,0,435439
CAND-01042,2024-04-08,2024-05-08,0,587348
CAND-01042,2024-04-08,2024-06-07,0,540733
CAND-01042,2024-04-08,2024-07-07,0,494118
CAND-01042,2024-04-08,2024-08-06,0,434790
CAND-01043,2024-06-30,2024-07-30,0,1393938
CAND-01043,2024-06-30,2024-08-29,30,1359864
CAND-01043,2024-06-30,2024-09-28,60,1332483
CAND-01043,2024-06-30,2024-10-28,90,1295085
CAND-01043,2024-06-30,2024-11-27,110,1264418
CAND-01043,2024-06-30,2024-12-27,90,1214956
CAND-01044,2024-09-29,2024-10-29,0,276629
CAND-01044,2024-09-29,2024-11-28,0,256870
CAND-01044,2024-09-29,2024-12-28,0,234071
CAND-01045,2024-03-04,2024-04-03,0,431123
CAND-01045,2024-03-04,2024-05-03,0,388367
CAND-01045,2024-03-04,2024-06-02,0,357013
CAND-01045,2024-03-04,2024-07-02,0,329347
CAND-01045,2024-03-04,2024-08-01,0,299952
CAND-01045,2024-03-04,2024-08-31,0,273824
CAND-01046,2024-06-23,2024-07-23,0,316204
CAND-01046,2024-06-23,2024-08-22,0,287658
CAND-01046,2024-06-23,2024-09-21,0,267507
CAND-01046,2024-06-23,2024-10-21,0,246098
CAND-01046,2024-06-23,2024-11-20,0,217551
CAND-01046,2024-06-23,2024-12-20,0,191201
CAND-01047,2024-08-30,2024-09-29,0,918716
CAND-01047,2024-08-30,2024-10-29,0,829629
CAND-01047,2024-08-30,2024-11-28,0,754247
CAND-01047,2024-08-30,2024-12-28,0,699804
CAND-01047,2024-08-30,2025-01-27,0,638557
CAND-01047,2024-08-30,2025-02-26,0,556893
CAND-01048,2024-05-17,2024-06-16,30,1035436
CAND-01048,2024-05-17,2024-07-16,0,976605
CAND-01048,2024-05-17,2024-08-15,0,870708
CAND-01048,2024-05-17,2024-09-14,0,811876
CAND-01048,2024-05-17,2024-10-14,0,745691
CAND-01048,2024-05-17,2024-11-13,0,664232
CAND-01049,2024-03-30,2024-04-29,0,948556
CAND-01049,2024-03-30,2024-05-29,0,869978
CAND-01049,2024-03-30,2024-06-28,0,813226
CAND-01049,2024-03-30,2024-07-28,30,791945
CAND-01049,2024-03-30,2024-08-27,0,731855
CAND-01049,2024-03-30,2024-09-26,0,671766
CAND-01050,2024-08-20,2024-09-19,0,326328
CAND-01050,2024-08-20,2024-10-19,0,306550
CAND-01050,2024-08-20,2024-11-18,0,285610
CAND-01050,2024-08-20,2024-12-18,30,275721
CAND-01051,2024-05-05,2024-06-04,0,120168
CAND-01051,2024-05-05,2024-07-04,0,112750
CAND-01051,2024-05-05,2024-08-03,0,102479
CAND-01052,2024-09-28,2024-10-28,0,282074
CAND-01052,2024-09-28,2024-11-27,0,264375
CAND-01052,2024-09-28,2024-12-27,0,241231
CAND-01052,2024-09-28,2025-01-26,0,221172
CAND-01053,2024-06-13,2024-07-13,0,427479
CAND-01053,2024-06-13,2024-08-12,30,417385
CAND-01053,2024-06-13,2024-09-11,60,404027
CAND-01053,2024-06-13,2024-10-11,90,394943
CAND-01053,2024-06-13,2024-11-10,118,379803
CAND-01053,2024-06-13,2024-12-10,118,368157
CAND-01054,2024-04-03,2024-05-03,0,369886
CAND-01054,2024-04-03,2024-06-02,30,363169
CAND-01054,2024-04-03,2024-07-02,0,323538
CAND-01054,2024-04-03,2024-08-01,30,310754
CAND-01054,2024-04-03,2024-08-31,60,303921
CAND-01055,2024-02-29,2024-03-30,0,327231
CAND-01055,2024-02-29,2024-04-29,0,292463
CAND-01055,2024-02-29,2024-05-29,0,273147
CAND-01055,2024-02-29,2024-06-28,0,238379
CAND-01055,2024-02-29,2024-07-28,0,216649
CAND-01055,2024-02-29,2024-08-27,0,187675
CAND-01056,2024-05-02,2024-06-01,0,845705
CAND-01056,2024-05-02,2024-07-01,30,820831
CAND-01056,2024-05-02,2024-07-31,0,756870
CAND-01056,2024-05-02,2024-08-30,0,667325
CAND-01056,2024-05-02,2024-09-29,0,592704
CAND-01056,2024-05-02,2024-10-29,0,528743
CAND-01057,2024-06-21,2024-07-21,0,1242228
CAND-01057,2024-06-21,2024-08-20,0,1147952
CAND-01057,2024-06-21,2024-09-19,0,1065460
CAND-01057,2024-06-21,2024-10-19,0,992134
CAND-01058,2024-04-13,2024-05-13,0,855912
CAND-01058,2024-04-13,2024-06-12,0,799970
CAND-01058,2024-04-13,2024-07-12,0,744028
CAND-01059,2024-08-22,2024-09-21,0,307885
CAND-01059,2024-08-22,2024-10-21,0,282049
CAND-01059,2024-08-22,2024-11-20,0,258058
CAND-01060,2024-01-22,2024-02-21,0,731840
CAND-01060,2024-01-22,2024-03-22,0,685203
CAND-01060,2024-01-22,2024-04-21,0,632348
CAND-01061,2024-02-12,2024-03-13,0,527053
CAND-01061,2024-02-12,2024-04-12,0,489214
CAND-01061,2024-02-12,2024-05-12,0,451374
CAND-01061,2024-02-12,2024-06-11,0,410831
CAND-01062,2024-07-20,2024-08-19,0,156709
CAND-01062,2024-07-20,2024-09-18,0,146302
CAND-01062,2024-07-20,2024-10-18,0,131166
CAND-01062,2024-07-20,2024-11-17,0,117290
CAND-01062,2024-07-20,2024-12-17,0,106190
CAND-01062,2024-07-20,2025-01-16,0,96396
CAND-01064,2024-02-09,2024-03-10,0,837563
CAND-01064,2024-02-09,2024-04-09,0,765977
CAND-01064,2024-02-09,2024-05-09,30,742711
CAND-01064,2024-02-09,2024-06-08,0,691010
CAND-01064,2024-02-09,2024-07-08,0,597947
CAND-01065,2024-08-07,2024-09-06,0,588753
CAND-01065,2024-08-07,2024-10-06,0,534784
CAND-01065,2024-08-07,2024-11-05,0,491609
CAND-01065,2024-08-07,2024-12-05,30,476189
CAND-01066,2024-09-24,2024-10-24,0,576824
CAND-01066,2024-09-24,2024-11-23,0,533048
CAND-01066,2024-09-24,2024-12-23,30,518455
CAND-01066,2024-09-24,2025-01-22,0,484407
CAND-01066,2024-09-24,2025-02-21,0,428691
CAND-01067,2024-03-23,2024-04-22,0,287734
CAND-01067,2024-03-23,2024-05-22,0,270749
CAND-01067,2024-03-23,2024-06-21,0,252766
CAND-01068,2024-02-27,2024-03-28,30,476670
CAND-01068,2024-02-27,2024-04-27,0,439063
CAND-01068,2024-02-27,2024-05-27,0,401456
CAND-01068,2024-02-27,2024-06-26,30,392878
CAND-01068,2024-02-27,2024-07-26,60,383825
CAND-01069,2024-06-05,2024-07-05,30,143383
CAND-01069,2024-06-05,2024-08-04,60,140393
CAND-01069,2024-06-05,2024-09-03,90,135954
CAND-01070,2024-05-27,2024-06-26,0,331628
CAND-01070,2024-05-27,2024-07-26,0,308045
CAND-01070,2024-05-27,2024-08-25,0,280835
CAND-01070,2024-05-27,2024-09-24,30,269780
CAND-01072,2024-01-31,2024-03-01,0,992211
CAND-01072,2024-01-31,2024-03-31,0,908255
CAND-01072,2024-01-31,2024-04-30,30,878756
CAND-01072,2024-01-31,2024-05-30,0,800797
CAND-01072,2024-01-31,2024-06-29,0,740162
CAND-01072,2024-01-31,2024-07-29,0,679527
CAND-01073,2024-06-01,2024-07-01,0,300451
CAND-01073,2024-06-01,2024-07-31,0,270406
CAND-01073,2024-06-01,2024-08-30,0,249750
CAND-01074,2024-10-02,2024-11-01,30,1559945
CAND-01074,2024-10-02,2024-12-01,60,1519920
CAND-01074,2024-10-02,2024-12-31,90,1489132
CAND-01074,2024-10-02,2025-01-30,97,1442043
CAND-01074,2024-10-02,2025-03-01,97,1410651
CAND-01074,2024-10-02,2025-03-31,97,1367381
CAND-01075,2024-04-23,2024-05-23,0,431130
CAND-01075,2024-04-23,2024-06-22,0,400335
CAND-01075,2024-04-23,2024-07-22,30,389593
CAND-01075,2024-04-23,2024-08-21,0,343400
CAND-01076,2024-04-29,2024-05-29,0,373180
CAND-01076,2024-04-29,2024-06-28,0,335862
CAND-01076,2024-04-29,2024-07-28,0,301654
CAND-01076,2024-04-29,2024-08-27,0,274287
CAND-01077,2024-03-31,2024-04-30,0,1338466
CAND-01077,2024-03-31,2024-05-30,0,1219491
CAND-01077,2024-03-31,2024-06-29,0,1135509
CAND-01077,2024-03-31,2024-07-29,0,1025686
CAND-01077,2024-03-31,2024-08-28,30,999247
CAND-01077,2024-03-31,2024-09-27,0,915265
CAND-01078,2024-07-21,2024-08-20,0,352628
CAND-01078,2024-07-21,2024-09-19,0,331732
CAND-01078,2024-07-21,2024-10-19,0,306656
CAND-01079,2024-05-08,2024-06-07,0,875892
CAND-01079,2024-05-08,2024-07-07,0,797688
CAND-01079,2024-05-08,2024-08-06,0,739034
CAND-01079,2024-05-08,2024-09-05,0,686898
CAND-01079,2024-05-08,2024-10-05,0,608693
CAND-01080,2024-08-22,2024-09-21,0,179015
CAND-01080,2024-08-22,2024-10-21,0,166584
CAND-01080,2024-08-22,2024-11-20,0,148501
CAND-01080,2024-08-22,2024-12-20,0,131926
CAND-01080,2024-08-22,2025-01-19,30,125510
CAND-01080,2024-08-22,2025-02-18,0,111302
CAND-01081,2024-10-11,2024-11-10,0,249201
CAND-01081,2024-10-11,2024-12-10,0,226547
CAND-01081,2024-10-11,2025-01-09,0,209556
CAND-01081,2024-10-11,2025-02-08,0,184841
CAND-01082,2024-06-26,2024-07-26,0,666183
CAND-01082,2024-06-26,2024-08-25,0,615200
CAND-01082,2024-06-26,2024-09-24,0,564217
CAND-01082,2024-06-26,2024-10-24,0,509311
CAND-01083,2024-10-13,2024-11-12,0,687498
CAND-01083,2024-10-13,2024-12-12,30,673176
CAND-01083,2024-10-13,2025-01-11,0,611110
CAND-01083,2024-10-13,2025-02-10,0,567299
CAND-01083,2024-10-13,2025-03-12,0,517646
CAND-01083,2024-10-13,2025-04-11,0,473835
CAND-01084,2024-05-10,2024-06-09,0,346171
CAND-01084,2024-05-10,2024-07-09,0,314701
CAND-01084,2024-05-10,2024-08-08,0,283231
CAND-01084,2024-05-10,2024-09-07,0,254181
CAND-01084,2024-05-10,2024-10-07,0,219850
CAND-01084,2024-05-10,2024-11-06,0,182086
CAND-01085,2024-05-21,2024-06-20,0,777267
CAND-01085,2024-05-21,2024-07-20,0,725218
CAND-01085,2024-05-21,2024-08-19,0,641939
CAND-01085,2024-05-21,2024-09-18,0,577879
CAND-01085,2024-05-21,2024-10-18,0,508480
CAND-01085,2024-05-21,2024-11-17,0,439081
CAND-01086,2024-02-22,2024-03-23,0,404384
CAND-01086,2024-02-22,2024-04-22,0,376302
CAND-01086,2024-02-22,2024-05-22,0,338859
CAND-01086,2024-02-22,2024-06-21,0,306765
CAND-01087,2024-03-05,2024-04-04,0,444000
CAND-01087,2024-03-05,2024-05-04,0,412550
CAND-01087,2024-03-05,2024-06-03,0,383066
CAND-01087,2024-03-05,2024-07-03,0,353581
CAND-01087,2024-03-05,2024-08-02,30,343326
CAND-01087,2024-03-05,2024-09-01,60,333891
CAND-01088,2024-06-09,2024-07-09,0,536654
CAND-01088,2024-06-09,2024-08-08,0,494488
CAND-01088,2024-06-09,2024-09-07,0,440823
CAND-01088,2024-06-09,2024-10-07,0,398657
CAND-01088,2024-06-09,2024-11-06,0,349464
CAND-01088,2024-06-09,2024-12-06,0,316668
CAND-01089,2024-02-17,2024-03-18,0,743214
CAND-01089,2024-02-17,2024-04-17,0,696924
CAND-01089,2024-02-17,2024-05-17,0,647741
CAND-01090,2024-05-26,2024-06-25,0,341395
CAND-01090,2024-05-26,2024-07-25,30,330360
CAND-01090,2024-05-26,2024-08-24,0,297255
CAND-01091,2024-02-01,2024-03-02,0,403446
CAND-01091,2024-02-01,2024-04-01,0,372411
CAND-01091,2024-02-01,2024-05-01,0,345256
CAND-01091,2024-02-01,2024-05-31,0,305758
CAND-01091,2024-02-01,2024-06-30,0,280201
CAND-01092,2024-06-08,2024-07-08,0,391275
CAND-01092,2024-06-08,2024-08-07,0,361330
CAND-01092,2024-06-08,2024-09-06,0,323219
CAND-01093,2024-05-25,2024-06-24,0,1175173
CAND-01093,2024-05-25,2024-07-24,0,1098364
CAND-01093,2024-05-25,2024-08-23,0,979660
CAND-01094,2024-02-20,2024-03-21,30,1274351
CAND-01094,2024-02-20,2024-04-20,60,1237114
CAND-01094,2024-02-20,2024-05-20,90,1202816
CAND-01095,2024-02-12,2024-03-13,0,474022
CAND-01095,2024-02-12,2024-04-12,0,437559
CAND-01095,2024-02-12,2024-05-12,0,409198
CAND-01095,2024-02-12,2024-06-11,0,369930
CAND-01095,2024-02-12,2024-07-11,0,318882
CAND-01095,2024-02-12,2024-08-10,0,276341
CAND-01096,2024-05-29,2024-06-28,0,489769
CAND-01096,2024-05-29,2024-07-28,0,460745
CAND-01096,2024-05-29,2024-08-27,0,408503
CAND-01096,2024-05-29,2024-09-26,0,379480
CAND-01097,2024-07-14,2024-08-13,0,829382
CAND-01097,2024-07-14,2024-09-12,0,769482
CAND-01097,2024-07-14,2024-10-12,0,716629
CAND-01097,2024-07-14,2024-11-11,0,666713
CAND-01097,2024-07-14,2024-12-11,0,576863
CAND-01098,2024-05-30,2024-06-29,30,821938
CAND-01098,2024-05-30,2024-07-29,60,799816
CAND-01098,2024-05-30,2024-08-28,90,781136
CAND-01098,2024-05-30,2024-09-27,96,758416
CAND-01099,2024-07-11,2024-08-10,0,417053
CAND-01099,2024-07-11,2024-09-09,0,384284
CAND-01099,2024-07-11,2024-10-09,0,351516
CAND-01100,2024-08-30,2024-09-29,0,546608
CAND-01100,2024-08-30,2024-10-29,0,507738
CAND-01100,2024-08-30,2024-11-28,0,466091
CAND-01101,2024-10-15,2024-11-14,0,615521
CAND-01101,2024-10-15,2024-12-14,0,572072
CAND-01101,2024-10-15,2025-01-13,0,506900
CAND-01102,2024-07-27,2024-08-26,30,1527463
CAND-01102,2024-07-27,2024-09-25,60,1475172
CAND-01102,2024-07-27,2024-10-25,90,1434947
CAND-01102,2024-07-27,2024-11-24,113,1393665
CAND-01102,2024-07-27,2024-12-24,113,1351266
CAND-01103,2024-09-16,2024-10-16,0,795995
CAND-01103,2024-09-16,2024-11-15,0,718463
CAND-01103,2024-09-16,2024-12-15,0,657545
CAND-01103,2024-09-16,2025-01-14,0,591941
CAND-01104,2024-09-04,2024-10-04,0,553441
CAND-01104,2024-09-04,2024-11-03,0,502709
CAND-01104,2024-09-04,2024-12-03,0,441830
CAND-01105,2024-03-13,2024-04-12,0,733812
CAND-01105,2024-03-13,2024-05-12,0,688968
CAND-01105,2024-03-13,2024-06-11,0,638518
CAND-01105,2024-03-13,2024-07-11,0,576426
CAND-01105,2024-03-13,2024-08-10,0,514335
CAND-01105,2024-03-13,2024-09-09,0,466853
CAND-01106,2024-04-19,2024-05-19,0,919690
CAND-01106,2024-04-19,2024-06-18,0,830857
CAND-01106,2024-04-19,2024-07-18,0,776569
CAND-01106,2024-04-19,2024-08-17,0,701402
CAND-01106,2024-04-19,2024-09-16,0,643922
CAND-01106,2024-04-19,2024-10-16,0,578777
CAND-01107,2024-07-14,2024-08-13,0,508583
CAND-01107,2024-07-14,2024-09-12,0,471852
CAND-01107,2024-07-14,2024-10-12,0,421764
CAND-01107,2024-07-14,2024-11-11,0,366668
CAND-01108,2024-07-06,2024-08-05,0,198076
CAND-01108,2024-07-06,2024-09-04,0,181316
CAND-01108,2024-07-06,2024-10-04,0,159528
CAND-01108,2024-07-06,2024-11-03,0,146711
CAND-01108,2024-07-06,2024-12-03,0,134606
CAND-01109,2024-05-02,2024-06-01,30,303082
CAND-01109,2024-05-02,2024-07-01,60,295898
CAND-01109,2024-05-02,2024-07-31,90,290662
CAND-01110,2024-08-10,2024-09-09,30,336271
CAND-01110,2024-08-10,2024-10-09,60,329614
CAND-01110,2024-08-10,2024-11-08,90,321372
CAND-01110,2024-08-10,2024-12-08,105,314449
CAND-01110,2024-08-10,2025-01-07,105,306006
CAND-01111,2024-03-23,2024-04-22,0,444965
CAND-01111,2024-03-23,2024-05-22,30,430190
CAND-01111,2024-03-23,2024-06-21,60,414431
CAND-01112,2024-09-03,2024-10-03,0,528408
CAND-01112,2024-09-03,2024-11-02,0,487519
CAND-01112,2024-09-03,2024-12-02,0,449356
CAND-01112,2024-09-03,2025-01-01,0,405322
CAND-01112,2024-09-03,2025-01-31,0,361288
CAND-01113,2024-09-09,2024-10-09,0,292749
CAND-01113,2024-09-09,2024-11-08,0,260813
CAND-01113,2024-09-09,2024-12-08,0,234200
CAND-01113,2024-09-09,2025-01-07,0,207586
CAND-01113,2024-09-09,2025-02-06,0,184774
CAND-01113,2024-09-09,2025-03-08,0,167032
CAND-01114,2024-03-16,2024-04-15,0,599604
CAND-01114,2024-03-16,2024-05-15,0,548868
CAND-01114,2024-03-16,2024-06-14,0,501756
CAND-01114,2024-03-16,2024-07-14,0,462958
CAND-01114,2024-03-16,2024-08-13,0,402998
CAND-01114,2024-03-16,2024-09-12,0,366356
CAND-01115,2024-02-08,2024-03-09,0,467818
CAND-01115,2024-02-08,2024-04-08,0,431061
CAND-01115,2024-02-08,2024-05-08,0,398899
CAND-01115,2024-02-08,2024-06-07,0,364592
CAND-01115,2024-02-08,2024-07-07,0,330285
CAND-01116,2024-09-15,2024-10-15,0,605370
CAND-01116,2024-09-15,2024-11-14,0,557805
CAND-01116,2024-09-15,2024-12-14,0,497268
CAND-01116,2024-09-15,2025-01-13,0,449703
CAND-01117,2024-08-09,2024-09-08,0,488284
CAND-01117,2024-08-09,2024-10-08,0,438963
CAND-01117,2024-08-09,2024-11-07,0,407049
CAND-01118,2024-09-08,2024-10-08,0,437355
CAND-01118,2024-09-08,2024-11-07,0,403884
CAND-01118,2024-09-08,2024-12-07,0,376320
CAND-01119,2024-01-30,2024-02-29,0,461038
CAND-01119,2024-01-30,2024-03-30,0,418350
CAND-01119,2024-01-30,2024-04-29,0,388217
CAND-01119,2024-01-30,2024-05-29,0,348812
CAND-01119,2024-01-30,2024-06-28,0,306123
CAND-01119,2024-01-30,2024-07-28,0,269532
CAND-01120,2024-09-13,2024-10-13,0,222115
CAND-01120,2024-09-13,2024-11-12,0,205961
CAND-01120,2024-09-13,2024-12-12,0,192499
CAND-01121,2024-07-01,2024-07-31,0,362990
CAND-01121,2024-07-01,2024-08-30,0,336371
CAND-01121,2024-07-01,2024-09-29,0,296442
CAND-01121,2024-07-01,2024-10-29,0,265727
CAND-01121,2024-07-01,2024-11-28,0,225798
CAND-01121,2024-07-01,2024-12-28,30,216925
CAND-01122,2024-10-03,2024-11-02,0,196290
CAND-01122,2024-10-03,2024-12-02,0,184703
CAND-01122,2024-10-03,2025-01-01,30,181168
CAND-01122,2024-10-03,2025-01-31,0,166271
CAND-01122,2024-10-03,2025-03-02,0,152368
CAND-01124,2024-06-12,2024-07-12,0,276766
CAND-01124,2024-06-12,2024-08-11,0,246322
CAND-01124,2024-06-12,2024-09-10,0,227294
CAND-01124,2024-06-12,2024-10-10,0,206998
CAND-01124,2024-06-12,2024-11-09,0,190085
CAND-01124,2024-06-12,2024-12-09,0,162408
CAND-01125,2024-06-20,2024-07-20,30,1325545
CAND-01125,2024-06-20,2024-08-19,0,1250514
CAND-01125,2024-06-20,2024-09-18,0,1166104
CAND-01125,2024-06-20,2024-10-18,0,1031049
CAND-01126,2024-07-25,2024-08-24,0,395219
CAND-01126,2024-07-25,2024-09-23,0,367321
CAND-01126,2024-07-25,2024-10-23,0,325474
CAND-01126,2024-07-25,2024-11-22,0,290602
CAND-01126,2024-07-25,2024-12-22,0,267354
CAND-01127,2024-09-03,2024-10-03,0,774108
CAND-01127,2024-09-03,2024-11-02,0,716767
CAND-01127,2024-09-03,2024-12-02,0,666171
CAND-01128,2024-07-02,2024-08-01,0,457376
CAND-01128,2024-07-02,2024-08-31,0,419487
CAND-01128,2024-07-02,2024-09-30,0,374709
CAND-01128,2024-07-02,2024-10-30,0,341872
CAND-01128,2024-07-02,2024-11-29,0,306689
CAND-01129,2024-09-18,2024-10-18,0,678995
CAND-01129,2024-09-18,2024-11-17,30,663906
CAND-01129,2024-09-18,2024-12-17,0,615622
CAND-01129,2024-09-18,2025-01-16,0,549780
CAND-01129,2024-09-18,2025-02-15,0,494068
CAND-01130,2024-10-12,2024-11-11,0,1077564
CAND-01130,2024-10-12,2024-12-11,0,973073
CAND-01130,2024-10-12,2025-01-10,0,905461
CAND-01131,2024-10-12,2024-11-11,0,152467
CAND-01131,2024-10-12,2024-12-11,0,138914
CAND-01131,2024-10-12,2025-01-10,0,127297
CAND-01132,2024-05-31,2024-06-30,0,442153
CAND-01132,2024-05-31,2024-07-30,0,412676
CAND-01132,2024-05-31,2024-08-29,30,403942
CAND-01132,2024-05-31,2024-09-28,60,390467
CAND-01132,2024-05-31,2024-10-28,90,382193
CAND-01133,2024-05-27,2024-06-26,0,740352
CAND-01133,2024-05-27,2024-07-26,30,725452
CAND-01133,2024-05-27,2024-08-25,0,681579
CAND-01133,2024-05-27,2024-09-24,0,625172
CAND-01133,2024-05-27,2024-10-24,0,581299
CAND-01133,2024-05-27,2024-11-23,0,515490
CAND-01134,2024-09-08,2024-10-08,0,726764
CAND-01134,2024-09-08,2024-11-07,0,667132
CAND-01134,2024-09-08,2024-12-07,0,624065
CAND-01134,2024-09-08,2025-01-06,0,572384
CAND-01134,2024-09-08,2025-02-05,0,512752
CAND-01136,2024-04-25,2024-05-25,0,772358
CAND-01136,2024-04-25,2024-06-24,0,708985
CAND-01136,2024-04-25,2024-07-24,0,650139
CAND-01137,2024-06-01,2024-07-01,0,1251093
CAND-01137,2024-06-01,2024-07-31,0,1117643
CAND-01137,2024-06-01,2024-08-30,0,1014989
CAND-01137,2024-06-01,2024-09-29,0,919668
CAND-01137,2024-06-01,2024-10-29,0,808460
CAND-01137,2024-06-01,2024-11-28,0,697251
CAND-01138,2024-02-27,2024-03-28,0,272486
CAND-01138,2024-02-27,2024-04-27,0,252302
CAND-01138,2024-02-27,2024-05-27,0,235482
CAND-01138,2024-02-27,2024-06-26,0,207958
CAND-01139,2024-02-14,2024-03-15,0,113455
CAND-01139,2024-02-14,2024-04-14,0,105892
CAND-01139,2024-02-14,2024-05-14,0,98328
CAND-01139,2024-02-14,2024-06-13,0,89019
CAND-01139,2024-02-14,2024-07-13,0,80375
CAND-01140,2024-05-19,2024-06-18,0,413764
CAND-01140,2024-05-19,2024-07-18,0,386991
CAND-01140,2024-05-19,2024-08-17,0,349062
CAND-01140,2024-05-19,2024-09-16,30,340634
CAND-01140,2024-05-19,2024-10-16,0,295120
CAND-01141,2024-04-05,2024-05-05,0,785094
CAND-01141,2024-04-05,2024-06-04,0,707774
CAND-01141,2024-04-05,2024-07-04,0,636897
CAND-01141,2024-04-05,2024-08-03,0,559577
CAND-01142,2024-08-13,2024-09-12,0,814820
CAND-01142,2024-08-13,2024-10-12,0,732514
CAND-01142,2024-08-13,2024-11-11,0,650210
CAND-01142,2024-08-13,2024-12-11,0,567904
CAND-01143,2024-08-23,2024-09-22,0,212282
CAND-01143,2024-08-23,2024-10-22,0,197808
CAND-01143,2024-08-23,2024-11-21,0,178510
CAND-01143,2024-08-23,2024-12-21,30,173363
CAND-01144,2024-08-29,2024-09-28,0,849974
CAND-01144,2024-08-29,2024-10-28,0,773695
CAND-01144,2024-08-29,2024-11-27,0,712671
CAND-01144,2024-08-29,2024-12-27,0,647288
CAND-01144,2024-08-29,2025-01-26,0,555752
CAND-01144,2024-08-29,2025-02-25,0,485340
CAND-01145,2024-10-16,2024-11-15,30,758696
CAND-01145,2024-10-16,2024-12-15,60,745119
CAND-01145,2024-10-16,2025-01-14,30,722359
CAND-01145,2024-10-16,2025-02-13,60,709016
CAND-01146,2024-04-14,2024-05-14,0,655857
CAND-01146,2024-04-14,2024-06-13,0,606255
CAND-01146,2024-04-14,2024-07-13,0,556652
CAND-01146,2024-04-14,2024-08-12,0,498782
CAND-01147,2024-09-08,2024-10-08,0,1139614
CAND-01147,2024-09-08,2024-11-07,0,1067790
CAND-01147,2024-09-08,2024-12-07,0,973865
CAND-01147,2024-09-08,2025-01-06,30,939948
CAND-01147,2024-09-08,2025-02-05,60,904036
CAND-01147,2024-09-08,2025-03-07,30,877492
CAND-01148,2024-09-25,2024-10-25,0,816412
CAND-01148,2024-09-25,2024-11-24,0,768388
CAND-01148,2024-09-25,2024-12-24,0,706642
CAND-01148,2024-09-25,2025-01-23,30,689692
CAND-01148,2024-09-25,2025-02-22,0,603249
CAND-01149,2024-04-08,2024-05-08,0,269681
CAND-01149,2024-04-08,2024-06-07,0,251530
CAND-01149,2024-04-08,2024-07-07,0,230785
CAND-01149,2024-04-08,2024-08-06,0,204383
CAND-01149,2024-04-08,2024-09-05,30,198456
CAND-01149,2024-04-08,2024-10-05,0,176115
CAND-01150,2024-08-14,2024-09-13,0,586737
CAND-01150,2024-08-14,2024-10-13,0,538949
CAND-01150,2024-08-14,2024-11-12,0,500120
CAND-01150,2024-08-14,2024-12-12,0,437995
CAND-01151,2024-09-23,2024-10-23,0,1784675
CAND-01151,2024-09-23,2024-11-22,0,1656545
CAND-01151,2024-09-23,2024-12-22,0,1508702
CAND-01151,2024-09-23,2025-01-21,30,1471741
CAND-01152,2024-05-17,2024-06-16,0,729723
CAND-01152,2024-05-17,2024-07-16,0,650669
CAND-01152,2024-05-17,2024-08-15,0,597967
CAND-01152,2024-05-17,2024-09-14,0,532090
CAND-01152,2024-05-17,2024-10-14,0,460223
CAND-01153,2024-04-17,2024-05-17,0,1534020
CAND-01153,2024-04-17,2024-06-16,0,1425737
CAND-01153,2024-04-17,2024-07-16,0,1330192
CAND-01154,2024-09-17,2024-10-17,0,1370945
CAND-01154,2024-09-17,2024-11-16,0,1285261
CAND-01154,2024-09-17,2024-12-16,0,1204337
CAND-01155,2024-09-10,2024-10-10,0,1546089
CAND-01155,2024-09-10,2024-11-09,0,1405536
CAND-01155,2024-09-10,2024-12-09,0,1306322
CAND-01155,2024-09-10,2025-01-08,0,1152990
CAND-01156,2024-07-17,2024-08-16,30,461124
CAND-01156,2024-07-17,2024-09-15,60,452182
CAND-01156,2024-07-17,2024-10-15,90,436894
CAND-01156,2024-07-17,2024-11-14,60,424422
CAND-01157,2024-04-21,2024-05-21,0,451217
CAND-01157,2024-04-21,2024-06-20,0,410482
CAND-01157,2024-04-21,2024-07-20,0,381728
CAND-01157,2024-04-21,2024-08-19,30,372327
CAND-01158,2024-08-31,2024-09-30,30,615933
CAND-01158,2024-08-31,2024-10-30,60,604818
CAND-01158,2024-08-31,2024-11-29,90,593300
CAND-01158,2024-08-31,2024-12-29,112,576177
CAND-01158,2024-08-31,2025-01-28,112,565063
CAND-01159,2024-04-10,2024-05-10,0,642903
CAND-01159,2024-04-10,2024-06-09,0,574831
CAND-01159,2024-04-10,2024-07-09,0,522468
CAND-01159,2024-04-10,2024-08-08,0,460584
CAND-01160,2024-05-07,2024-06-06,0,91667
CAND-01160,2024-05-07,2024-07-06,0,82576
CAND-01160,2024-05-07,2024-08-05,0,76326
CAND-01160,2024-05-07,2024-09-04,0,70443
CAND-01160,2024-05-07,2024-10-04,0,64888
CAND-01160,2024-05-07,2024-11-03,0,59005
CAND-01161,2024-05-14,2024-06-13,0,304936
CAND-01161,2024-05-14,2024-07-13,0,277937
CAND-01161,2024-05-14,2024-08-12,0,253014
CAND-01162,2024-06-25,2024-07-25,0,862101
CAND-01162,2024-06-25,2024-08-24,0,786033
CAND-01162,2024-06-25,2024-09-23,0,715817
CAND-01163,2024-09-19,2024-10-19,0,227905
CAND-01163,2024-09-19,2024-11-18,0,212823
CAND-01163,2024-09-19,2024-12-18,0,197741
CAND-01164,2024-09-13,2024-10-13,0,325328
CAND-01164,2024-09-13,2024-11-12,0,292467
CAND-01164,2024-09-13,2024-12-12,0,268369
CAND-01164,2024-09-13,2025-01-11,0,245776
CAND-01164,2024-09-13,2025-02-10,0,217970
CAND-01165,2024-06-27,2024-07-27,0,647386
CAND-01165,2024-06-27,2024-08-26,0,585070
CAND-01165,2024-06-27,2024-09-25,30,573452
CAND-01165,2024-06-27,2024-10-25,60,553867
CAND-01165,2024-06-27,2024-11-24,90,536291
CAND-01165,2024-06-27,2024-12-24,106,519971
CAND-01166,2024-03-24,2024-04-23,30,353436
CAND-01166,2024-03-24,2024-05-23,0,317111
CAND-01166,2024-03-24,2024-06-22,0,280786
CAND-01166,2024-03-24,2024-07-22,0,254839
CAND-01166,2024-03-24,2024-08-21,0,228892
CAND-01167,2024-04-13,2024-05-13,0,453976
CAND-01167,2024-04-13,2024-06-12,0,426815
CAND-01167,2024-04-13,2024-07-12,0,394222
CAND-01167,2024-04-13,2024-08-11,0,356614
CAND-01167,2024-04-13,2024-09-10,0,324021
CAND-01168,2024-04-29,2024-05-29,0,681360
CAND-01168,2024-04-29,2024-06-28,30,668211
CAND-01168,2024-04-29,2024-07-28,0,610557
CAND-01168,2024-04-29,2024-08-27,0,568919
CAND-01168,2024-04-29,2024-09-26,0,522075
CAND-01168,2024-04-29,2024-10-26,0,472109
CAND-01169,2024-09-23,2024-10-23,0,1619006
CAND-01169,2024-09-23,2024-11-22,0,1500279
CAND-01169,2024-09-23,2024-12-22,0,1363286
CAND-01169,2024-09-23,2025-01-21,0,1264347
CAND-01170,2024-07-28,2024-08-27,30,980082
CAND-01170,2024-07-28,2024-09-26,0,888110
CAND-01170,2024-07-28,2024-10-26,0,796137
CAND-01170,2024-07-28,2024-11-25,0,728691
CAND-01171,2024-05-31,2024-06-30,30,399709
CAND-01171,2024-05-31,2024-07-30,60,390469
CAND-01171,2024-05-31,2024-08-29,90,381629
CAND-01171,2024-05-31,2024-09-28,98,368923
CAND-01171,2024-05-31,2024-10-28,98,360272
CAND-01171,2024-05-31,2024-11-27,98,348313
CAND-01172,2024-05-28,2024-06-27,0,559696
CAND-01172,2024-05-28,2024-07-27,30,542952
CAND-01172,2024-05-28,2024-08-26,60,528601
CAND-01172,2024-05-28,2024-09-25,90,509765
CAND-01172,2024-05-28,2024-10-25,96,490929
CAND-01173,2024-05-22,2024-06-21,0,402376
CAND-01173,2024-05-22,2024-07-21,0,365119
CAND-01173,2024-05-22,2024-08-20,0,337177
CAND-01174,2024-08-14,2024-09-13,0,375343
CAND-01174,2024-08-14,2024-10-13,0,346299
CAND-01174,2024-08-14,2024-11-12,0,319191
CAND-01175,2024-01-31,2024-03-01,0,650738
CAND-01175,2024-01-31,2024-03-31,0,587636
CAND-01175,2024-01-31,2024-04-30,30,575871
CAND-01175,2024-01-31,2024-05-30,0,532488
CAND-01175,2024-01-31,2024-06-29,0,493926
CAND-01175,2024-01-31,2024-07-29,0,436083
CAND-01176,2024-06-28,2024-07-28,0,1079976
CAND-01176,2024-06-28,2024-08-27,0,987670
CAND-01176,2024-06-28,2024-09-26,30,963671
CAND-01176,2024-06-28,2024-10-26,0,883672
CAND-01177,2024-01-29,2024-02-28,0,485386
CAND-01177,2024-01-29,2024-03-29,0,444315
CAND-01177,2024-01-29,2024-04-28,0,390923
CAND-01178,2024-03-02,2024-04-01,0,587528
CAND-01178,2024-03-02,2024-05-01,0,552556
CAND-01178,2024-03-02,2024-05-31,0,510590
CAND-01179,2024-04-12,2024-05-12,0,1864227
CAND-01179,2024-04-12,2024-06-11,0,1719971
CAND-01179,2024-04-12,2024-07-11,0,1575715
CAND-01179,2024-04-12,2024-08-10,0,1373758
CAND-01179,2024-04-12,2024-09-09,0,1205459
CAND-01180,2024-02-28,2024-03-29,0,1359688
CAND-01180,2024-02-28,2024-04-28,0,1262069
CAND-01180,2024-02-28,2024-05-28,0,1149432
CAND-01180,2024-02-28,2024-06-27,0,1051814
CAND-01180,2024-02-28,2024-07-27,0,960296
CAND-01180,2024-02-28,2024-08-26,30,915924
CAND-01181,2024-02-16,2024-03-17,0,520430
CAND-01181,2024-02-16,2024-04-16,0,467861
CAND-01181,2024-02-16,2024-05-16,0,429311
CAND-01181,2024-02-16,2024-06-15,0,393170
CAND-01181,2024-02-16,2024-07-15,0,351866
CAND-01182,2024-09-01,2024-10-01,0,519756
CAND-01182,2024-09-01,2024-10-31,0,484318
CAND-01182,2024-09-01,2024-11-30,0,452818
CAND-01182,2024-09-01,2024-12-30,0,409202
CAND-01183,2024-04-23,2024-05-23,0,1176988
CAND-01183,2024-04-23,2024-06-22,0,1079486
CAND-01183,2024-04-23,2024-07-22,0,1009068
CAND-01183,2024-04-23,2024-08-21,30,980901
CAND-01184,2024-05-07,2024-06-06,0,629913
CAND-01184,2024-05-07,2024-07-06,30,615292
CAND-01184,2024-05-07,2024-08-05,60,593818
CAND-01185,2024-02-27,2024-03-28,0,447608
CAND-01185,2024-02-27,2024-04-27,30,437617
CAND-01185,2024-02-27,2024-05-27,60,428736
CAND-01186,2024-03-01,2024-03-31,0,434831
CAND-01186,2024-03-01,2024-04-30,0,401944
CAND-01186,2024-03-01,2024-05-30,0,355903
CAND-01187,2024-05-15,2024-06-14,30,639459
CAND-01187,2024-05-15,2024-07-14,60,619126
CAND-01187,2024-05-15,2024-08-13,30,598792
CAND-01187,2024-05-15,2024-09-12,60,587764
CAND-01188,2024-04-09,2024-05-09,0,518547
CAND-01188,2024-04-09,2024-06-08,0,478141
CAND-01188,2024-04-09,2024-07-08,0,426715
CAND-01188,2024-04-09,2024-08-07,30,414417
CAND-01189,2024-10-13,2024-11-12,0,490893
CAND-01189,2024-10-13,2024-12-12,0,446576
CAND-01189,2024-10-13,2025-01-11,0,411123
CAND-01189,2024-10-13,2025-02-10,0,357943
CAND-01189,2024-10-13,2025-03-12,0,317035
CAND-01190,2024-09-18,2024-10-18,0,209465
CAND-01190,2024-09-18,2024-11-17,30,202744
CAND-01190,2024-09-18,2024-12-17,60,196568
CAND-01190,2024-09-18,2025-01-16,90,191905
CAND-01190,2024-09-18,2025-02-15,114,185729
CAND-01191,2024-07-04,2024-08-03,0,290319
CAND-01191,2024-07-04,2024-09-02,0,269826
CAND-01191,2024-07-04,2024-10-02,0,247869
CAND-01191,2024-07-04,2024-11-01,0,222253
CAND-01191,2024-07-04,2024-12-01,30,213945
CAND-01191,2024-07-04,2024-12-31,0,193452
CAND-01192,2024-09-04,2024-10-04,0,376100
CAND-01192,2024-09-04,2024-11-03,0,344539
CAND-01192,2024-09-04,2024-12-03,0,315233
CAND-01192,2024-09-04,2025-01-02,0,292439
CAND-01192,2024-09-04,2025-02-01,0,269645
CAND-01192,2024-09-04,2025-03-03,0,238084
CAND-01193,2024-02-04,2024-03-05,0,843363
CAND-01193,2024-02-04,2024-04-04,0,786260
CAND-01193,2024-02-04,2024-05-04,0,725351
CAND-01193,2024-02-04,2024-06-03,0,664441
CAND-01194,2024-09-29,2024-10-29,30,1486025
CAND-01194,2024-09-29,2024-11-28,0,1396669
CAND-01194,2024-09-29,2024-12-28,30,1370923
CAND-01195,2024-06-12,2024-07-12,0,341904
CAND-01195,2024-06-12,2024-08-11,0,317211
CAND-01195,2024-06-12,2024-09-10,0,283539
CAND-01196,2024-08-30,2024-09-29,0,472604
CAND-01196,2024-08-30,2024-10-29,0,444328
CAND-01196,2024-08-30,2024-11-28,0,410398
CAND-01196,2024-08-30,2024-12-28,0,374044
CAND-01197,2024-06-25,2024-07-25,0,796699
CAND-01197,2024-06-25,2024-08-24,0,726158
CAND-01197,2024-06-25,2024-09-23,0,679131
CAND-01197,2024-06-25,2024-10-23,0,594482
CAND-01197,2024-06-25,2024-11-22,0,534018
CAND-01198,2024-04-16,2024-05-16,0,771832
CAND-01198,2024-04-16,2024-06-15,0,688217
CAND-01198,2024-04-16,2024-07-15,0,632473
CAND-01199,2024-07-14,2024-08-13,30,96970
CAND-01199,2024-07-14,2024-09-12,0,90720
CAND-01199,2024-07-14,2024-10-12,0,80720
CAND-01199,2024-07-14,2024-11-11,0,74053
CAND-01199,2024-07-14,2024-12-11,0,66910
CAND-01200,2024-05-05,2024-06-04,30,226342
CAND-01200,2024-05-05,2024-07-04,60,221669
CAND-01200,2024-05-05,2024-08-03,30,217497
CAND-01201,2024-01-17,2024-02-16,0,744652
CAND-01201,2024-01-17,2024-03-17,0,686627
CAND-01201,2024-01-17,2024-04-16,0,635856
CAND-01201,2024-01-17,2024-05-16,0,585084
CAND-01202,2024-06-15,2024-07-15,0,215980
CAND-01202,2024-06-15,2024-08-14,0,194709
CAND-01202,2024-06-15,2024-09-13,0,175211
CAND-01202,2024-06-15,2024-10-13,0,160587
CAND-01202,2024-06-15,2024-11-12,0,141089
CAND-01203,2024-01-08,2024-02-07,0,969321
CAND-01203,2024-01-08,2024-03-08,0,864932
CAND-01203,2024-01-08,2024-04-07,0,770034
CAND-01204,2024-01-28,2024-02-27,0,1205627
CAND-01204,2024-01-28,2024-03-28,0,1125843
CAND-01204,2024-01-28,2024-04-27,0,1050752
CAND-01204,2024-01-28,2024-05-27,0,970968
CAND-01204,2024-01-28,2024-06-26,0,885865
CAND-01204,2024-01-28,2024-07-26,0,800761
CAND-01205,2024-07-02,2024-08-01,0,604233
CAND-01205,2024-07-02,2024-08-31,0,539494
CAND-01205,2024-07-02,2024-09-30,0,499032
CAND-01206,2024-04-14,2024-05-14,0,333083
CAND-01206,2024-04-14,2024-06-13,0,305860
CAND-01206,2024-04-14,2024-07-13,0,280581
CAND-01206,2024-04-14,2024-08-12,0,260920
CAND-01206,2024-04-14,2024-09-11,30,252877
CAND-01206,2024-04-14,2024-10-11,0,230758
CAND-01207,2024-02-06,2024-03-07,0,368463
CAND-01207,2024-02-06,2024-04-06,0,332996
CAND-01207,2024-02-06,2024-05-06,0,306987
CAND-01207,2024-02-06,2024-06-05,0,279120
CAND-01207,2024-02-06,2024-07-05,0,253111
CAND-01207,2024-02-06,2024-08-04,0,228727
CAND-01208,2024-04-25,2024-05-25,0,875583
CAND-01208,2024-04-25,2024-06-24,0,813563
CAND-01208,2024-04-25,2024-07-24,0,758839
CAND-01208,2024-04-25,2024-08-23,0,696818
CAND-01208,2024-04-25,2024-09-22,0,642094
CAND-01208,2024-04-25,2024-10-22,0,575644
CAND-01209,2024-03-23,2024-04-22,0,450544
CAND-01209,2024-03-23,2024-05-22,0,401735
CAND-01209,2024-03-23,2024-06-21,0,361061
CAND-01210,2024-04-25,2024-05-25,0,208153
CAND-01210,2024-04-25,2024-06-24,0,195304
CAND-01210,2024-04-25,2024-07-24,0,176031
CAND-01210,2024-04-25,2024-08-23,30,169022
CAND-01211,2024-02-05,2024-03-06,0,752430
CAND-01211,2024-02-05,2024-04-05,0,698685
CAND-01211,2024-02-05,2024-05-05,0,641101
CAND-01211,2024-02-05,2024-06-04,0,593679
CAND-01211,2024-02-05,2024-07-04,0,520390
CAND-01212,2024-05-22,2024-06-21,0,341958
CAND-01212,2024-05-22,2024-07-21,0,319608
CAND-01212,2024-05-22,2024-08-20,0,290380
CAND-01213,2024-08-15,2024-09-14,0,1700655
CAND-01213,2024-08-15,2024-10-14,0,1586772
CAND-01213,2024-08-15,2024-11-13,0,1434927
CAND-01214,2024-07-01,2024-07-31,0,348608
CAND-01214,2024-07-01,2024-08-30,0,325368
CAND-01214,2024-07-01,2024-09-29,0,294380
CAND-01214,2024-07-01,2024-10-29,0,267820
CAND-01214,2024-07-01,2024-11-28,0,241259
CAND-01215,2024-01-27,2024-02-26,0,384411
CAND-01215,2024-01-27,2024-03-27,0,350089
CAND-01215,2024-01-27,2024-04-26,0,324347
CAND-01216,2024-07-05,2024-08-04,0,452743
CAND-01216,2024-07-05,2024-09-03,0,407468
CAND-01216,2024-07-05,2024-10-03,0,378173
CAND-01217,2024-07-26,2024-08-25,0,410208
CAND-01217,2024-07-26,2024-09-24,0,366032
CAND-01217,2024-07-26,2024-10-24,0,336581
CAND-01217,2024-07-26,2024-11-23,0,310595
CAND-01217,2024-07-26,2024-12-23,0,281144
CAND-01218,2024-03-25,2024-04-24,30,808707
CAND-01218,2024-03-25,2024-05-24,60,792354
CAND-01218,2024-03-25,2024-06-23,90,771505
CAND-01218,2024-03-25,2024-07-23,116,746233
CAND-01219,2024-07-26,2024-08-25,0,763789
CAND-01219,2024-07-26,2024-09-24,0,704273
CAND-01219,2024-07-26,2024-10-24,0,644757
CAND-01219,2024-07-26,2024-11-23,0,595743
CAND-01220,2024-03-26,2024-04-25,0,622995
CAND-01220,2024-03-26,2024-05-25,0,586221
CAND-01220,2024-03-26,2024-06-24,0,535303
CAND-01220,2024-03-26,2024-07-24,0,475127
CAND-01220,2024-03-26,2024-08-23,0,424209
CAND-01221,2024-01-14,2024-02-13,0,797271
CAND-01221,2024-01-14,2024-03-14,0,724188
CAND-01221,2024-01-14,2024-04-13,0,636488
CAND-01221,2024-01-14,2024-05-13,0,584900
CAND-01221,2024-01-14,2024-06-12,0,533312
CAND-01222,2024-04-05,2024-05-05,0,894542
CAND-01222,2024-04-05,2024-06-04,0,832421
CAND-01222,2024-04-05,2024-07-04,0,755965
CAND-01222,2024-04-05,2024-08-03,0,656571
CAND-01222,2024-04-05,2024-09-02,0,601353
CAND-01222,2024-04-05,2024-10-02,0,539232
CAND-01223,2024-09-28,2024-10-28,0,799953
CAND-01223,2024-09-28,2024-11-27,0,744956
CAND-01223,2024-09-28,2024-12-27,0,664961
CAND-01223,2024-09-28,2025-01-26,0,602107
CAND-01223,2024-09-28,2025-02-25,0,539254
CAND-01223,2024-09-28,2025-03-27,0,487492
CAND-01224,2024-06-29,2024-07-29,0,400500
CAND-01224,2024-06-29,2024-08-28,0,367638
CAND-01224,2024-06-29,2024-09-27,0,343905
CAND-01224,2024-06-29,2024-10-27,0,313391
CAND-01225,2024-08-29,2024-09-28,0,503732
CAND-01225,2024-08-29,2024-10-28,0,470281
CAND-01225,2024-08-29,2024-11-27,0,421625
CAND-01226,2024-09-18,2024-10-18,0,173866
CAND-01226,2024-09-18,2024-11-17,0,155393
CAND-01226,2024-09-18,2024-12-17,0,139999
CAND-01226,2024-09-18,2025-01-16,0,123205
CAND-01226,2024-09-18,2025-02-15,0,108994
CAND-01226,2024-09-18,2025-03-17,0,98732
CAND-01227,2024-10-09,2024-11-08,0,535428
CAND-01227,2024-10-09,2024-12-08,0,492934
CAND-01227,2024-10-09,2025-01-07,0,457938
CAND-01227,2024-10-09,2025-02-06,0,424887
CAND-01227,2024-10-09,2025-03-08,0,391836
CAND-01228,2024-07-20,2024-08-19,0,741067
CAND-01228,2024-07-20,2024-09-18,30,722397
CAND-01228,2024-07-20,2024-10-18,0,649413
CAND-01228,2024-07-20,2024-11-17,30,625085
CAND-01228,2024-07-20,2024-12-17,0,544803
CAND-01229,2024-07-29,2024-08-28,0,560013
CAND-01229,2024-07-29,2024-09-27,0,522512
CAND-01229,2024-07-29,2024-10-27,0,462511
CAND-01230,2024-09-22,2024-10-22,0,579172
CAND-01230,2024-09-22,2024-11-21,0,515990
CAND-01230,2024-09-22,2024-12-21,0,458551
CAND-01230,2024-09-22,2025-01-20,0,419062
CAND-01231,2024-06-25,2024-07-25,0,840533
CAND-01231,2024-06-25,2024-08-24,0,755631
CAND-01231,2024-06-25,2024-09-23,0,703746
CAND-01231,2024-06-25,2024-10-23,0,610354
CAND-01232,2024-04-11,2024-05-11,0,1013434
CAND-01232,2024-04-11,2024-06-10,30,988098
CAND-01232,2024-04-11,2024-07-10,0,908471
CAND-01232,2024-04-11,2024-08-09,0,842896
CAND-01232,2024-04-11,2024-09-08,0,763269
CAND-01232,2024-04-11,2024-10-08,30,731418
CAND-01233,2024-01-13,2024-02-12,0,1202512
CAND-01233,2024-01-13,2024-03-13,0,1068899
CAND-01233,2024-01-13,2024-04-12,30,1044606
CAND-01233,2024-01-13,2024-05-12,0,949169
CAND-01233,2024-01-13,2024-06-11,30,924875
CAND-01233,2024-01-13,2024-07-11,60,896447
CAND-01234,2024-04-15,2024-05-15,0,487369
CAND-01234,2024-04-15,2024-06-14,0,452557
CAND-01234,2024-04-15,2024-07-14,0,419921
CAND-01234,2024-04-15,2024-08-13,0,387284
CAND-01234,2024-04-15,2024-09-12,0,347116
CAND-01235,2024-03-26,2024-04-25,0,781715
CAND-01235,2024-03-26,2024-05-25,0,733027
CAND-01235,2024-03-26,2024-06-24,0,681296
CAND-01236,2024-03-12,2024-04-11,0,449558
CAND-01236,2024-03-12,2024-05-11,0,405965
CAND-01236,2024-03-12,2024-06-10,0,366004
CAND-01237,2024-02-23,2024-03-24,0,599672
CAND-01237,2024-02-23,2024-04-23,0,548930
CAND-01237,2024-02-23,2024-05-23,0,504954
CAND-01237,2024-02-23,2024-06-22,0,454213
CAND-01238,2024-07-21,2024-08-20,0,724350
CAND-01238,2024-07-21,2024-09-19,0,672035
CAND-01238,2024-07-21,2024-10-19,0,593564
CAND-01239,2024-09-26,2024-10-26,30,490144
CAND-01239,2024-09-26,2024-11-25,60,474563
CAND-01239,2024-09-26,2024-12-25,90,461088
CAND-01239,2024-09-26,2025-01-24,98,449492
CAND-01239,2024-09-26,2025-02-23,98,432873
CAND-01240,2024-08-29,2024-09-28,0,435649
CAND-01240,2024-08-29,2024-10-28,0,388454
CAND-01240,2024-08-29,2024-11-27,0,349124
CAND-01240,2024-08-29,2024-12-27,0,301929
CAND-01240,2024-08-29,2025-01-26,0,274167
CAND-01240,2024-08-29,2025-02-25,0,231262
CAND-01241,2024-07-05,2024-08-04,0,631668
CAND-01241,2024-07-05,2024-09-03,30,611928
CAND-01241,2024-07-05,2024-10-03,0,544813
CAND-01241,2024-07-05,2024-11-02,0,496874
CAND-01241,2024-07-05,2024-12-02,0,448935
CAND-01242,2024-09-06,2024-10-06,0,522246
CAND-01242,2024-09-06,2024-11-05,0,479710
CAND-01242,2024-09-06,2024-12-05,0,448989
CAND-01242,2024-09-06,2025-01-04,0,402909
CAND-01242,2024-09-06,2025-02-03,0,356828
CAND-01243,2024-06-06,2024-07-06,0,260492
CAND-01243,2024-06-06,2024-08-05,0,239818
CAND-01243,2024-06-06,2024-09-04,0,222792
CAND-01244,2024-03-10,2024-04-09,0,545783
CAND-01244,2024-03-10,2024-05-09,0,511208
CAND-01244,2024-03-10,2024-06-08,0,476634
CAND-01245,2024-06-10,2024-07-10,0,492965
CAND-01245,2024-06-10,2024-08-09,0,455552
CAND-01245,2024-06-10,2024-09-08,0,420634
CAND-01245,2024-06-10,2024-10-08,0,389824
CAND-01245,2024-06-10,2024-11-07,0,354905
CAND-01245,2024-06-10,2024-12-07,0,325807
CAND-01246,2024-07-10,2024-08-09,0,444738
CAND-01246,2024-07-10,2024-09-08,0,416565
CAND-01246,2024-07-10,2024-10-08,0,386631
CAND-01247,2024-08-17,2024-09-16,0,355795
CAND-01247,2024-08-17,2024-10-16,0,317479
CAND-01247,2024-08-17,2024-11-15,0,288005
CAND-01247,2024-08-17,2024-12-15,0,266718
CAND-01247,2024-08-17,2025-01-14,30,258565
CAND-01247,2024-08-17,2025-02-13,0,226635
CAND-01248,2024-02-26,2024-03-27,0,234126
CAND-01248,2024-02-26,2024-04-26,0,217477
CAND-01248,2024-02-26,2024-05-26,0,199639
CAND-01248,2024-02-26,2024-06-25,30,194644
CAND-01248,2024-02-26,2024-07-25,0,180770
CAND-01249,2024-04-17,2024-05-17,0,393982
CAND-01249,2024-04-17,2024-06-16,0,369358
CAND-01249,2024-04-17,2024-07-16,0,343195
CAND-01249,2024-04-17,2024-08-15,30,334474
CAND-01250,2024-06-21,2024-07-21,0,410511
CAND-01250,2024-06-21,2024-08-20,0,365355
CAND-01250,2024-06-21,2024-09-19,0,338792
CAND-01251,2024-10-08,2024-11-07,0,1158488
CAND-01251,2024-10-08,2024-12-07,30,1137626
CAND-01251,2024-10-08,2025-01-06,0,1035051
CAND-01251,2024-10-08,2025-02-05,0,911962
CAND-01251,2024-10-08,2025-03-07,0,800063
CAND-01252,2024-02-27,2024-03-28,0,619239
CAND-01252,2024-02-27,2024-04-27,0,570986
CAND-01252,2024-02-27,2024-05-27,30,554510
CAND-01252,2024-02-27,2024-06-26,0,493098
CAND-01252,2024-02-27,2024-07-26,0,441134
CAND-01252,2024-02-27,2024-08-25,0,396098
CAND-01253,2024-02-15,2024-03-16,0,308060
CAND-01253,2024-02-15,2024-04-15,0,287431
CAND-01253,2024-02-15,2024-05-15,0,268015
CAND-01253,2024-02-15,2024-06-14,0,235009
CAND-01253,2024-02-15,2024-07-14,0,215593
CAND-01254,2024-07-19,2024-08-18,0,1203736
CAND-01254,2024-07-19,2024-09-17,0,1130783
CAND-01254,2024-07-19,2024-10-17,0,1011404
CAND-01254,2024-07-19,2024-11-16,0,892025
CAND-01254,2024-07-19,2024-12-16,0,791012
CAND-01254,2024-07-19,2025-01-15,0,671633
CAND-01255,2024-04-02,2024-05-02,0,1073046
CAND-01255,2024-04-02,2024-06-01,0,990504
CAND-01255,2024-04-02,2024-07-01,30,969493
CAND-01255,2024-04-02,2024-07-31,0,897269
CAND-01256,2024-04-05,2024-05-05,0,272584
CAND-01256,2024-04-05,2024-06-04,0,243378
CAND-01256,2024-04-05,2024-07-04,0,222517
CAND-01256,2024-04-05,2024-08-03,0,205338
CAND-01256,2024-04-05,2024-09-02,0,181000
CAND-01257,2024-01-21,2024-02-20,0,425155
CAND-01257,2024-01-21,2024-03-21,0,398675
CAND-01257,2024-01-21,2024-04-20,0,357751
CAND-01257,2024-01-21,2024-05-20,30,349712
CAND-01257,2024-01-21,2024-06-19,60,336472
CAND-01257,2024-01-21,2024-07-19,90,323232
CAND-01258,2024-04-19,2024-05-19,30,1034888
CAND-01258,2024-04-19,2024-06-18,60,1014501
CAND-01258,2024-04-19,2024-07-18,90,989847
CAND-01258,2024-04-19,2024-08-17,90,970572
CAND-01258,2024-04-19,2024-09-16,90,945330
CAND-01258,2024-04-19,2024-10-16,90,926055
CAND-01259,2024-05-06,2024-06-05,0,343060
CAND-01259,2024-05-06,2024-07-05,0,320190
CAND-01259,2024-05-06,2024-08-04,0,292041
CAND-01259,2024-05-06,2024-09-03,30,285137
CAND-01260,2024-05-14,2024-06-13,0,613571
CAND-01260,2024-05-14,2024-07-13,0,558179
CAND-01260,2024-05-14,2024-08-12,0,502787
CAND-01260,2024-05-14,2024-09-11,0,455309
CAND-01260,2024-05-14,2024-10-11,0,404178
CAND-01260,2024-05-14,2024-11-10,0,362634
CAND-01261,2024-10-25,2024-11-24,0,1438950
CAND-01261,2024-10-25,2024-12-24,0,1343725
CAND-01261,2024-10-25,2025-01-23,30,1317902
CAND-01261,2024-10-25,2025-02-22,0,1179393
CAND-01261,2024-10-25,2025-03-24,0,1089770
CAND-01261,2024-10-25,2025-04-23,0,994545
CAND-01262,2024-02-12,2024-03-13,30,1244576
CAND-01262,2024-02-12,2024-04-12,60,1221635
CAND-01262,2024-02-12,2024-05-12,90,1187826
CAND-01262,2024-02-12,2024-06-11,90,1164035
CAND-01262,2024-02-12,2024-07-11,90,1134158
CAND-01263,2024-09-11,2024-10-11,0,130434
CAND-01263,2024-09-11,2024-11-10,0,122583
CAND-01263,2024-09-11,2024-12-10,0,111714
CAND-01263,2024-09-11,2025-01-09,0,103864
CAND-01264,2024-05-25,2024-06-24,0,1054073
CAND-01264,2024-05-25,2024-07-24,0,982703
CAND-01264,2024-05-25,2024-08-23,0,887544
CAND-01264,2024-05-25,2024-09-22,0,820372
CAND-01264,2024-05-25,2024-10-22,0,738807
CAND-01265,2024-08-10,2024-09-09,0,313390
CAND-01265,2024-08-10,2024-10-09,0,283224
CAND-01265,2024-08-10,2024-11-08,0,255572
CAND-01265,2024-08-10,2024-12-08,30,248359
CAND-01265,2024-08-10,2025-01-07,60,242098
CAND-01266,2024-08-23,2024-09-22,0,771743
CAND-01266,2024-08-23,2024-10-22,0,722219
CAND-01266,2024-08-23,2024-11-21,0,666092
CAND-01266,2024-08-23,2024-12-21,0,619320
CAND-01267,2024-07-17,2024-08-16,30,299446
CAND-01267,2024-07-17,2024-09-15,0,273937
CAND-01267,2024-07-17,2024-10-15,30,268162
CAND-01268,2024-05-26,2024-06-25,0,934973
CAND-01268,2024-05-26,2024-07-25,0,870044
CAND-01268,2024-05-26,2024-08-24,30,838564
CAND-01268,2024-05-26,2024-09-23,60,816460
CAND-01268,2024-05-26,2024-10-23,90,795259
CAND-01269,2024-03-11,2024-04-10,0,653563
CAND-01269,2024-03-11,2024-05-10,30,638709
CAND-01269,2024-03-11,2024-06-09,60,622129
CAND-01269,2024-03-11,2024-07-09,90,609165
CAND-01269,2024-03-11,2024-08-08,60,597081
CAND-01270,2024-06-12,2024-07-12,0,305700
CAND-01270,2024-06-12,2024-08-11,0,272778
CAND-01270,2024-06-12,2024-09-10,0,254488
CAND-01270,2024-06-12,2024-10-10,0,229164
CAND-01270,2024-06-12,2024-11-09,0,203840
CAND-01271,2024-07-05,2024-08-04,0,542790
CAND-01271,2024-07-05,2024-09-03,0,500495
CAND-01271,2024-07-05,2024-10-03,0,441282
CAND-01273,2024-08-08,2024-09-07,0,1158553
CAND-01273,2024-08-08,2024-10-07,0,1086394
CAND-01273,2024-08-08,2024-11-06,0,992032
CAND-01273,2024-08-08,2024-12-06,0,897670
CAND-01274,2024-05-11,2024-06-10,0,529006
CAND-01274,2024-05-11,2024-07-10,0,480914
CAND-01274,2024-05-11,2024-08-09,0,442441
CAND-01274,2024-05-11,2024-09-08,0,403968
CAND-01275,2024-08-23,2024-09-22,30,194629
CAND-01275,2024-08-23,2024-10-22,60,190956
CAND-01275,2024-08-23,2024-11-21,90,186988
CAND-01276,2024-10-27,2024-11-26,0,596804
CAND-01276,2024-10-27,2024-12-26,0,557798
CAND-01276,2024-10-27,2025-01-25,0,506789
CAND-01276,2024-10-27,2025-02-24,0,440477
CAND-01276,2024-10-27,2025-03-26,0,389468
CAND-01277,2024-03-03,2024-04-02,0,449058
CAND-01277,2024-03-03,2024-05-02,0,416818
CAND-01277,2024-03-03,2024-06-01,30,402594
CAND-01277,2024-03-03,2024-07-01,60,389868
CAND-01277,2024-03-03,2024-07-31,90,376435
CAND-01278,2024-09-07,2024-10-07,0,800222
CAND-01278,2024-09-07,2024-11-06,0,714865
CAND-01278,2024-09-07,2024-12-06,0,657960
CAND-01278,2024-09-07,2025-01-05,0,586829
CAND-01279,2024-05-01,2024-05-31,0,350093
CAND-01279,2024-05-01,2024-06-30,0,316277
CAND-01279,2024-05-01,2024-07-30,0,293029
CAND-01279,2024-05-01,2024-08-29,0,262031
CAND-01279,2024-05-01,2024-09-28,0,231033
CAND-01280,2024-08-26,2024-09-25,0,1402864
CAND-01280,2024-08-26,2024-10-25,0,1307878
CAND-01280,2024-08-26,2024-11-24,0,1169717
CAND-01280,2024-08-26,2024-12-24,0,1061162
CAND-01281,2024-08-31,2024-09-30,0,2501988
CAND-01281,2024-08-31,2024-10-30,0,2292031
CAND-01281,2024-08-31,2024-11-29,0,2064578
CAND-01281,2024-08-31,2024-12-29,0,1816447
CAND-01281,2024-08-31,2025-01-28,0,1655891
CAND-01281,2024-08-31,2025-02-27,0,1504256
CAND-01282,2024-09-20,2024-10-20,0,391268
CAND-01282,2024-09-20,2024-11-19,0,362575
CAND-01282,2024-09-20,2024-12-19,0,338664
CAND-01283,2024-04-16,2024-05-16,0,204855
CAND-01283,2024-04-16,2024-06-15,0,191198
CAND-01283,2024-04-16,2024-07-15,30,187225
CAND-01283,2024-04-16,2024-08-14,60,181622
CAND-01283,2024-04-16,2024-09-13,30,176973
CAND-01283,2024-04-16,2024-10-13,60,171643
CAND-01284,2024-06-17,2024-07-17,0,221219
CAND-01284,2024-06-17,2024-08-16,0,204202
CAND-01284,2024-06-17,2024-09-15,0,189313
CAND-01284,2024-06-17,2024-10-15,0,172296
CAND-01284,2024-06-17,2024-11-14,0,158282
CAND-01285,2024-04-30,2024-05-30,0,838105
CAND-01285,2024-04-30,2024-06-29,0,776644
CAND-01285,2024-04-30,2024-07-29,0,705728
CAND-01285,2024-04-30,2024-08-28,0,654510
CAND-01285,2024-04-30,2024-09-27,0,588659
CAND-01285,2024-04-30,2024-10-27,0,534429
CAND-01286,2024-06-15,2024-07-15,0,650885
CAND-01286,2024-06-15,2024-08-14,0,599744
CAND-01286,2024-06-15,2024-09-13,0,548603
CAND-01286,2024-06-15,2024-10-13,0,506487
CAND-01286,2024-06-15,2024-11-12,0,455346
CAND-01287,2024-02-25,2024-03-26,0,2057550
CAND-01287,2024-02-25,2024-04-25,0,1928449
CAND-01287,2024-02-25,2024-05-25,0,1771683
CAND-01287,2024-02-25,2024-06-24,0,1572163
CAND-01287,2024-02-25,2024-07-24,0,1415397
CAND-01288,2024-06-02,2024-07-02,0,344683
CAND-01288,2024-06-02,2024-08-01,0,313087
CAND-01288,2024-06-02,2024-08-31,30,305795
CAND-01288,2024-06-02,2024-09-30,0,278713
CAND-01288,2024-06-02,2024-10-30,0,251631
CAND-01289,2024-02-18,2024-03-19,30,1939036
CAND-01289,2024-02-18,2024-04-18,0,1786835
CAND-01289,2024-02-18,2024-05-18,30,1726877
CAND-01289,2024-02-18,2024-06-17,60,1686498
CAND-01289,2024-02-18,2024-07-17,90,1638239
CAND-01290,2024-06-06,2024-07-06,0,289369
CAND-01290,2024-06-06,2024-08-05,0,270456
CAND-01290,2024-06-06,2024-09-04,0,238304
CAND-01290,2024-06-06,2024-10-04,0,211510
CAND-01291,2024-08-21,2024-09-20,30,519538
CAND-01291,2024-08-21,2024-10-20,60,510139
CAND-01291,2024-08-21,2024-11-19,30,496401
CAND-01291,2024-08-21,2024-12-19,60,482663
CAND-01292,2024-06-22,2024-07-22,0,363613
CAND-01292,2024-06-22,2024-08-21,0,337352
CAND-01292,2024-06-22,2024-09-20,30,326986
CAND-01292,2024-06-22,2024-10-20,60,314676
CAND-01292,2024-06-22,2024-11-19,90,306469
CAND-01292,2024-06-22,2024-12-19,108,298746
CAND-01293,2024-08-05,2024-09-04,0,1000456
CAND-01293,2024-08-05,2024-10-04,0,901237
CAND-01293,2024-08-05,2024-11-03,0,817282
CAND-01293,2024-08-05,2024-12-03,30,790663
CAND-01294,2024-05-16,2024-06-15,0,362002
CAND-01294,2024-05-16,2024-07-15,0,334421
CAND-01294,2024-05-16,2024-08-14,0,304719
CAND-01294,2024-05-16,2024-09-13,0,272541
CAND-01295,2024-04-11,2024-05-11,0,368519
CAND-01295,2024-04-11,2024-06-10,0,346340
CAND-01295,2024-04-11,2024-07-10,0,317823
CAND-01296,2024-07-07,2024-08-06,0,491404
CAND-01296,2024-07-07,2024-09-05,0,447528
CAND-01296,2024-07-07,2024-10-05,0,403653
CAND-01296,2024-07-07,2024-11-04,0,351003
CAND-01296,2024-07-07,2024-12-04,0,303139
CAND-01297,2024-10-01,2024-10-31,0,280373
CAND-01297,2024-10-01,2024-11-30,30,271986
CAND-01297,2024-10-01,2024-12-30,0,250418
CAND-01297,2024-10-01,2025-01-29,0,220224
CAND-01298,2024-06-27,2024-07-27,0,535627
CAND-01298,2024-06-27,2024-08-26,0,497368
CAND-01298,2024-06-27,2024-09-25,0,456376
CAND-01298,2024-06-27,2024-10-25,0,408552
CAND-01299,2024-05-22,2024-06-21,0,547616
CAND-01299,2024-05-22,2024-07-21,0,507789
CAND-01299,2024-05-22,2024-08-20,0,461835
CAND-01299,2024-05-22,2024-09-19,0,402095
CAND-01299,2024-05-22,2024-10-19,0,359424
CAND-01299,2024-05-22,2024-11-18,0,305115
CAND-01300,2024-07-23,2024-08-22,0,369570
CAND-01300,2024-07-23,2024-09-21,0,341142
CAND-01300,2024-07-23,2024-10-21,0,317730
CAND-01300,2024-07-23,2024-11-20,0,295619
CAND-01301,2024-08-06,2024-09-05,0,442673
CAND-01301,2024-08-06,2024-10-05,0,406189
CAND-01301,2024-08-06,2024-11-04,0,372311
CAND-01301,2024-08-06,2024-12-04,0,342668
CAND-01302,2024-08-16,2024-09-15,0,500327
CAND-01302,2024-08-16,2024-10-15,0,469165
CAND-01302,2024-08-16,2024-11-14,0,431325
CAND-01303,2024-02-05,2024-03-06,0,975770
CAND-01303,2024-02-05,2024-04-05,0,901094
CAND-01303,2024-02-05,2024-05-05,0,843012
CAND-01303,2024-02-05,2024-06-04,0,762592
CAND-01304,2024-01-26,2024-02-25,0,1199475
CAND-01304,2024-01-26,2024-03-26,0,1090432
CAND-01304,2024-01-26,2024-04-25,0,989776
CAND-01304,2024-01-26,2024-05-25,0,917081
CAND-01305,2024-08-25,2024-09-24,0,547397
CAND-01305,2024-08-25,2024-10-24,0,514646
CAND-01305,2024-08-25,2024-11-23,0,469300
CAND-01305,2024-08-25,2024-12-23,0,434623
CAND-01306,2024-06-17,2024-07-17,0,315739
CAND-01306,2024-06-17,2024-08-16,0,294596
CAND-01306,2024-06-17,2024-09-15,0,272043
CAND-01306,2024-06-17,2024-10-15,0,243852
CAND-01306,2024-06-17,2024-11-14,0,222709
CAND-01307,2024-05-01,2024-05-31,0,1567670
CAND-01307,2024-05-01,2024-06-30,0,1436117
CAND-01307,2024-05-01,2024-07-30,0,1304564
CAND-01308,2024-10-01,2024-10-31,0,484639
CAND-01308,2024-10-01,2024-11-30,0,435686
CAND-01308,2024-10-01,2024-12-30,0,404010
CAND-01309,2024-02-15,2024-03-16,0,207362
CAND-01309,2024-02-15,2024-04-15,30,202509
CAND-01309,2024-02-15,2024-05-15,0,189091
CAND-01309,2024-02-15,2024-06-14,0,171545
CAND-01309,2024-02-15,2024-07-14,0,158128
CAND-01310,2024-09-21,2024-10-21,0,284965
CAND-01310,2024-09-21,2024-11-20,0,268203
CAND-01310,2024-09-21,2024-12-20,0,240773
CAND-01310,2024-09-21,2025-01-19,0,223024
CAND-01311,2024-08-11,2024-09-10,0,185171
CAND-01311,2024-08-11,2024-10-10,30,181298
CAND-01311,2024-08-11,2024-11-09,60,177641
CAND-01311,2024-08-11,2024-12-09,90,173047
CAND-01311,2024-08-11,2025-01-08,97,168845
CAND-01311,2024-08-11,2025-02-07,97,164551
CAND-01312,2024-01-30,2024-02-29,0,902686
CAND-01312,2024-01-30,2024-03-30,0,846965
CAND-01312,2024-01-30,2024-04-29,0,769812
CAND-01312,2024-01-30,2024-05-29,0,702947
CAND-01313,2024-02-20,2024-03-21,0,382061
CAND-01313,2024-02-20,2024-04-20,0,352952
CAND-01313,2024-02-20,2024-05-20,0,328979
CAND-01313,2024-02-20,2024-06-19,0,291931
CAND-01313,2024-02-20,2024-07-19,0,257970
CAND-01314,2024-10-02,2024-11-01,0,883451
CAND-01314,2024-10-02,2024-12-01,0,824785
CAND-01314,2024-10-02,2024-12-31,0,746562
CAND-01315,2024-09-17,2024-10-17,0,542841
CAND-01315,2024-09-17,2024-11-16,0,485364
CAND-01315,2024-09-17,2024-12-16,0,451554
CAND-01315,2024-09-17,2025-01-15,0,399302
CAND-01315,2024-09-17,2025-02-14,0,363378
CAND-01315,2024-09-17,2025-03-16,0,329568
CAND-01316,2024-08-18,2024-09-17,0,352822
CAND-01316,2024-08-18,2024-10-17,0,324821
CAND-01316,2024-08-18,2024-11-16,0,300319
CAND-01316,2024-08-18,2024-12-16,0,275818
CAND-01316,2024-08-18,2025-01-15,0,247816
CAND-01316,2024-08-18,2025-02-14,0,219814
CAND-01317,2024-05-19,2024-06-18,0,451444
CAND-01317,2024-05-19,2024-07-18,0,414675
CAND-01317,2024-05-19,2024-08-17,0,366875
CAND-01317,2024-05-19,2024-09-16,0,338758
CAND-01317,2024-05-19,2024-10-16,0,301988
CAND-01317,2024-05-19,2024-11-15,0,273871
CAND-01318,2024-02-08,2024-03-09,0,276345
CAND-01318,2024-02-08,2024-04-08,0,259287
CAND-01318,2024-02-08,2024-05-08,0,240096
CAND-01318,2024-02-08,2024-06-07,0,209391
CAND-01318,2024-02-08,2024-07-07,0,187459
CAND-01319,2024-09-29,2024-10-29,0,428427
CAND-01319,2024-09-29,2024-11-28,0,381690
CAND-01319,2024-09-29,2024-12-28,0,354197
CAND-01319,2024-09-29,2025-01-27,0,328232
CAND-01319,2024-09-29,2025-02-26,0,294848
CAND-01319,2024-09-29,2025-03-28,0,263689
CAND-01320,2024-10-15,2024-11-14,0,1141637
CAND-01320,2024-10-15,2024-12-14,0,1037852
CAND-01320,2024-10-15,2025-01-13,0,964592
CAND-01320,2024-10-15,2025-02-12,0,875633
CAND-01321,2024-05-27,2024-06-26,0,362122
CAND-01321,2024-05-27,2024-07-26,30,350946
CAND-01321,2024-05-27,2024-08-25,0,317416
CAND-01322,2024-04-13,2024-05-13,0,512950
CAND-01322,2024-04-13,2024-06-12,0,467532
CAND-01322,2024-04-13,2024-07-12,0,422115
CAND-01322,2024-04-13,2024-08-11,0,376697
CAND-01322,2024-04-13,2024-09-10,0,322196
CAND-01324,2024-08-05,2024-09-04,0,1073437
CAND-01324,2024-08-05,2024-10-04,30,1037796
CAND-01324,2024-08-05,2024-11-03,60,1004251
CAND-01324,2024-08-05,2024-12-03,90,982731
CAND-01325,2024-06-15,2024-07-15,30,906542
CAND-01325,2024-06-15,2024-08-14,0,814178
CAND-01325,2024-06-15,2024-09-13,0,730210
CAND-01325,2024-06-15,2024-10-13,30,712447
CAND-01325,2024-06-15,2024-11-12,0,641398
CAND-01326,2024-09-26,2024-10-26,0,421795
CAND-01326,2024-09-26,2024-11-25,0,383450
CAND-01326,2024-09-26,2024-12-25,0,352774
CAND-01326,2024-09-26,2025-01-24,0,319907
CAND-01326,2024-09-26,2025-02-23,0,287040
CAND-01327,2024-05-21,2024-06-20,0,625775
CAND-01327,2024-05-21,2024-07-20,0,588113
CAND-01327,2024-05-21,2024-08-19,0,520320
CAND-01327,2024-05-21,2024-09-18,0,458691
CAND-01328,2024-06-23,2024-07-23,0,417011
CAND-01328,2024-06-23,2024-08-22,0,392481
CAND-01328,2024-06-23,2024-09-21,0,364885
CAND-01329,2024-09-11,2024-10-11,0,494692
CAND-01329,2024-09-11,2024-11-10,0,440726
CAND-01329,2024-09-11,2024-12-10,0,406997
CAND-01329,2024-09-11,2025-01-09,0,375252
CAND-01330,2024-02-25,2024-03-26,0,526116
CAND-01330,2024-02-25,2024-04-25,0,493348
CAND-01330,2024-02-25,2024-05-25,0,450496
CAND-01330,2024-02-25,2024-06-24,0,415680
CAND-01330,2024-02-25,2024-07-24,0,384732
CAND-01330,2024-02-25,2024-08-23,0,341881
CAND-01331,2024-05-29,2024-06-28,0,662187
CAND-01331,2024-05-29,2024-07-28,0,598226
CAND-01331,2024-05-29,2024-08-27,0,559139
CAND-01331,2024-05-29,2024-09-26,0,515165
CAND-01332,2024-05-31,2024-06-30,0,564323
CAND-01332,2024-05-31,2024-07-30,0,520913
CAND-01332,2024-05-31,2024-08-29,0,474165
CAND-01332,2024-05-31,2024-09-28,0,427416
CAND-01332,2024-05-31,2024-10-28,0,372168
CAND-01332,2024-05-31,2024-11-27,0,336419
CAND-01333,2024-05-01,2024-05-31,0,1408370
CAND-01333,2024-05-01,2024-06-30,0,1322303
CAND-01333,2024-05-01,2024-07-30,0,1211645
CAND-01334,2024-03-30,2024-04-29,0,429534
CAND-01334,2024-03-30,2024-05-29,0,404180
CAND-01334,2024-03-30,2024-06-28,0,371581
CAND-01334,2024-03-30,2024-07-28,0,333549
CAND-01335,2024-09-03,2024-10-03,0,1020716
CAND-01335,2024-09-03,2024-11-02,0,937292
CAND-01335,2024-09-03,2024-12-02,0,877042
CAND-01335,2024-09-03,2025-01-01,0,778450
CAND-01335,2024-09-03,2025-01-31,0,706149
CAND-01336,2024-06-15,2024-07-15,0,310010
CAND-01336,2024-06-15,2024-08-14,0,284176
CAND-01336,2024-06-15,2024-09-13,0,253644
CAND-01336,2024-06-15,2024-10-13,0,220060
CAND-01336,2024-06-15,2024-11-12,0,186476
CAND-01336,2024-06-15,2024-12-12,0,167818
CAND-01337,2024-07-11,2024-08-10,0,1285385
CAND-01337,2024-07-11,2024-09-09,0,1184390
CAND-01337,2024-07-11,2024-10-09,30,1138780
CAND-01337,2024-07-11,2024-11-08,0,1060228
CAND-01338,29-09-2024,2024-10-29,30,262461
CAND-01338,29-09-2024,2024-11-28,60,256369
CAND-01338,29-09-2024,2024-12-28,90,248485
CAND-01339,2024-05-18,2024-06-17,0,420061
CAND-01339,2024-05-18,2024-07-17,0,389723
CAND-01339,2024-05-18,2024-08-16,30,379830
CAND-01339,2024-05-18,2024-09-15,0,347326
CAND-01340,2024-05-09,2024-06-08,0,507966
CAND-01340,2024-05-09,2024-07-08,0,462612
CAND-01340,2024-05-09,2024-08-07,0,430597
CAND-01340,2024-05-09,2024-09-06,0,398582
CAND-01341,2024-07-03,2024-08-02,0,995971
CAND-01341,2024-07-03,2024-09-01,30,975300
CAND-01341,2024-07-03,2024-10-01,0,897045
CAND-01342,2024-08-31,2024-09-30,0,648006
CAND-01342,2024-08-31,2024-10-30,0,609755
CAND-01342,2024-08-31,2024-11-29,0,571505
CAND-01343,2024-06-01,2024-07-01,0,275824
CAND-01343,2024-06-01,2024-07-31,0,248470
CAND-01343,2024-06-01,2024-08-30,0,225324
CAND-01343,2024-06-01,2024-09-29,0,208607
CAND-01344,2024-03-01,2024-03-31,30,423737
CAND-01344,2024-03-01,2024-04-30,60,415114
CAND-01344,2024-03-01,2024-05-30,90,406131
CAND-01345,2024-07-27,2024-08-26,0,229197
CAND-01345,2024-07-27,2024-09-25,0,214752
CAND-01345,2024-07-27,2024-10-25,0,195862
CAND-01345,2024-07-27,2024-11-24,0,175398
CAND-01346,2024-02-24,2024-03-25,30,1405633
CAND-01346,2024-02-24,2024-04-24,60,1370570
CAND-01346,2024-02-24,2024-05-24,90,1342924
CAND-01346,2024-02-24,2024-06-23,60,1307861
CAND-01346,2024-02-24,2024-07-23,90,1275915
CAND-01346,2024-02-24,2024-08-22,105,1245328
CAND-01347,2024-03-12,2024-04-11,0,251910
CAND-01347,2024-03-12,2024-05-11,0,234854
CAND-01347,2024-03-12,2024-06-10,0,216660
CAND-01347,2024-03-12,2024-07-10,0,201499
CAND-01348,2024-03-01,2024-03-31,0,331563
CAND-01348,2024-03-01,2024-04-30,0,298072
CAND-01348,2024-03-01,2024-05-30,0,277605
CAND-01349,2024-03-18,2024-04-17,0,263003
CAND-01349,2024-03-18,2024-05-17,0,235156
CAND-01349,2024-03-18,2024-06-16,0,209840
CAND-01349,2024-03-18,2024-07-16,0,186634
CAND-01350,2024-03-19,2024-04-18,0,580079
CAND-01350,2024-03-19,2024-05-18,0,545550
CAND-01350,2024-03-19,2024-06-17,0,489049
CAND-01350,2024-03-19,2024-07-17,0,441240
CAND-01350,2024-03-19,2024-08-16,0,389448
CAND-01351,2024-01-31,2024-03-01,0,810569
CAND-01351,2024-01-31,2024-03-31,0,756743
CAND-01351,2024-01-31,2024-04-30,0,690494
CAND-01351,2024-01-31,2024-05-30,0,624246
CAND-01352,2024-04-24,2024-05-24,0,173610
CAND-01352,2024-04-24,2024-06-23,0,162121
CAND-01352,2024-04-24,2024-07-23,0,151908
CAND-01352,2024-04-24,2024-08-22,0,139654
CAND-01352,2024-04-24,2024-09-21,0,128165
CAND-01353,2024-03-27,2024-04-26,0,1829391
CAND-01353,2024-03-27,2024-05-26,0,1721780
CAND-01353,2024-03-27,2024-06-25,0,1545688
CAND-01354,2024-06-29,2024-07-29,0,1325967
CAND-01354,2024-06-29,2024-08-28,0,1247391
CAND-01354,2024-06-29,2024-09-27,30,1204532
CAND-01354,2024-06-29,2024-10-27,0,1075953
CAND-01354,2024-06-29,2024-11-26,0,997377
CAND-01354,2024-06-29,2024-12-26,0,855941
CAND-01355,2024-07-31,2024-08-30,0,505570
CAND-01355,2024-07-31,2024-09-29,0,469619
CAND-01355,2024-07-31,2024-10-29,0,431099
CAND-01355,2024-07-31,2024-11-28,0,392579
CAND-01356,2024-03-01,2024-03-31,0,290625
CAND-01356,2024-03-01,2024-04-30,0,264982
CAND-01356,2024-03-01,2024-05-30,30,258948
CAND-01356,2024-03-01,2024-06-29,0,238433
CAND-01356,2024-03-01,2024-07-29,0,220332
CAND-01356,2024-03-01,2024-08-28,0,189560
CAND-01357,2024-08-17,2024-09-16,0,772504
CAND-01357,2024-08-17,2024-10-16,0,697260
CAND-01357,2024-08-17,2024-11-15,0,642081
CAND-01357,2024-08-17,2024-12-15,0,573108
CAND-01357,2024-08-17,2025-01-14,0,509440
CAND-01358,2024-05-29,2024-06-28,0,1001590
CAND-01358,2024-05-29,2024-07-28,0,895539
CAND-01358,2024-05-29,2024-08-27,0,807164
CAND-01358,2024-05-29,2024-09-26,0,725586
CAND-01359,2024-04-08,2024-05-08,0,287989
CAND-01359,2024-04-08,2024-06-07,0,256572
CAND-01359,2024-04-08,2024-07-07,0,234131
CAND-01359,2024-04-08,2024-08-06,0,214496
CAND-01360,2024-05-11,2024-06-10,0,237574
CAND-01360,2024-05-11,2024-07-10,0,212419
CAND-01360,2024-05-11,2024-08-09,0,194451
CAND-01360,2024-05-11,2024-09-08,0,177681
CAND-01360,2024-05-11,2024-10-08,0,154813
CAND-01361,2024-04-25,2024-05-25,0,1057039
CAND-01361,2024-04-25,2024-06-24,0,968953
CAND-01361,2024-04-25,2024-07-24,0,905335
CAND-01361,2024-04-25,2024-08-23,0,801232
CAND-01361,2024-04-25,2024-09-22,0,724891
CAND-01361,2024-04-25,2024-10-22,0,629463
CAND-01362,2024-05-30,2024-06-29,30,307435
CAND-01362,2024-05-30,2024-07-29,0,284965
CAND-01362,2024-05-30,2024-08-28,0,260766
CAND-01363,2024-06-27,2024-07-27,0,270584
CAND-01363,2024-06-27,2024-08-26,0,244346
CAND-01363,2024-06-27,2024-09-25,0,228311
CAND-01364,2024-02-18,2024-03-19,0,903582
CAND-01364,2024-02-18,2024-04-18,0,838323
CAND-01364,2024-02-18,2024-05-18,0,783941
CAND-01365,2024-09-21,2024-10-21,0,1050163
CAND-01365,2024-09-21,2024-11-20,0,937646
CAND-01365,2024-09-21,2024-12-20,0,835357
CAND-01366,2024-09-09,2024-10-09,0,152746
CAND-01366,2024-09-09,2024-11-08,0,136297
CAND-01366,2024-09-09,2024-12-08,0,126016
CAND-01367,2024-08-01,2024-08-31,0,300330
CAND-01367,2024-08-01,2024-09-30,30,292394
CAND-01367,2024-08-01,2024-10-30,0,273255
CAND-01367,2024-08-01,2024-11-29,0,243677
CAND-01367,2024-08-01,2024-12-29,0,220438
CAND-01368,2024-09-09,2024-10-09,0,590324
CAND-01368,2024-09-09,2024-11-08,0,532186
CAND-01368,2024-09-09,2024-12-08,0,482993
CAND-01369,2024-04-11,2024-05-11,30,356891
CAND-01369,2024-04-11,2024-06-10,0,335431
CAND-01369,2024-04-11,2024-07-10,0,312630
CAND-01370,2024-09-09,2024-10-09,0,418976
CAND-01370,2024-09-09,2024-11-08,0,394245
CAND-01370,2024-09-09,2024-12-08,0,362447
CAND-01370,2024-09-09,2025-01-07,0,337716
CAND-01372,2024-07-10,2024-08-09,0,708379
CAND-01372,2024-07-10,2024-09-08,0,648439
CAND-01372,2024-07-10,2024-10-08,0,596492
CAND-01372,2024-07-10,2024-11-07,0,547790
CAND-01372,2024-07-10,2024-12-07,0,476953
CAND-01373,2024-08-06,2024-09-05,0,535954
CAND-01373,2024-08-06,2024-10-05,0,498735
CAND-01373,2024-08-06,2024-11-04,0,444599
CAND-01374,2024-07-01,2024-07-31,0,660087
CAND-01374,2024-07-01,2024-08-30,0,618831
CAND-01374,2024-07-01,2024-09-29,0,574997
CAND-01374,2024-07-01,2024-10-29,0,528241
CAND-01375,2024-05-21,2024-06-20,0,1648836
CAND-01375,2024-05-21,2024-07-20,0,1542147
CAND-01375,2024-05-21,2024-08-19,0,1421232
CAND-01375,2024-05-21,2024-09-18,0,1256349
CAND-01375,2024-05-21,2024-10-18,0,1142991
CAND-01376,2024-07-15,2024-08-14,0,534742
CAND-01376,2024-07-15,2024-09-13,0,490865
CAND-01376,2024-07-15,2024-10-13,0,439012
CAND-01376,2024-07-15,2024-11-12,0,405459
CAND-01377,2024-02-13,2024-03-14,0,530747
CAND-01377,2024-02-13,2024-04-13,0,491826
CAND-01377,2024-02-13,2024-05-13,0,455337
CAND-01377,2024-02-13,2024-06-12,0,420994
CAND-01377,2024-02-13,2024-07-12,0,372343
CAND-01378,2024-06-30,2024-07-30,0,546570
CAND-01378,2024-06-30,2024-08-29,0,487359
CAND-01378,2024-06-30,2024-09-28,0,428147
CAND-01379,2024-07-20,2024-08-19,0,468051
CAND-01379,2024-07-20,2024-09-18,0,438401
CAND-01379,2024-07-20,2024-10-18,0,392578
CAND-01379,2024-07-20,2024-11-17,0,362927
CAND-01380,2024-06-16,2024-07-16,0,896058
CAND-01380,2024-06-16,2024-08-15,0,828054
CAND-01380,2024-06-16,2024-09-14,0,754818
CAND-01380,2024-06-16,2024-10-14,0,695315
CAND-01380,2024-06-16,2024-11-13,0,642422
CAND-01380,2024-06-16,2024-12-13,0,586419
CAND-01381,2024-06-25,2024-07-25,0,583311
CAND-01381,2024-06-25,2024-08-24,0,544050
CAND-01381,2024-06-25,2024-09-23,0,502171
CAND-01381,2024-06-25,2024-10-23,0,465219
CAND-01381,2024-06-25,2024-11-22,0,430320
CAND-01381,2024-06-25,2024-12-22,0,373213
CAND-01382,2024-06-23,2024-07-23,0,354382
CAND-01382,2024-06-23,2024-08-22,30,347381
CAND-01382,2024-06-23,2024-09-21,0,313017
CAND-01382,2024-06-23,2024-10-21,30,300417
CAND-01383,2024-08-31,2024-09-30,0,425603
CAND-01383,2024-08-31,2024-10-30,30,414794
CAND-01383,2024-08-31,2024-11-29,60,407100
CAND-01383,2024-08-31,2024-12-29,90,398993
CAND-01384,2024-02-16,2024-03-17,0,223382
CAND-01384,2024-02-16,2024-04-16,0,205053
CAND-01384,2024-02-16,2024-05-16,0,183392
CAND-01384,2024-02-16,2024-06-15,0,167507
CAND-01385,2024-05-01,2024-05-31,0,753430
CAND-01385,2024-05-01,2024-06-30,0,689034
CAND-01385,2024-05-01,2024-07-30,30,672619
CAND-01386,2024-08-23,2024-09-22,0,515168
CAND-01386,2024-08-23,2024-10-22,0,460621
CAND-01386,2024-08-23,2024-11-21,0,430317
CAND-01387,2024-03-23,2024-04-22,0,477544
CAND-01387,2024-03-23,2024-05-22,0,425448
CAND-01387,2024-03-23,2024-06-21,0,392888
CAND-01387,2024-03-23,2024-07-21,0,358158
CAND-01388,2024-02-25,2024-03-26,0,627030
CAND-01388,2024-02-25,2024-04-25,0,564327
CAND-01388,2024-02-25,2024-05-25,0,515060
CAND-01388,2024-02-25,2024-06-24,30,496909
CAND-01389,2024-08-14,2024-09-13,0,310606
CAND-01389,2024-08-14,2024-10-13,0,291193
CAND-01389,2024-08-14,2024-11-12,0,265807
CAND-01390,2024-05-03,2024-06-02,30,284919
CAND-01390,2024-05-03,2024-07-02,0,262526
CAND-01390,2024-05-03,2024-08-01,0,245402
CAND-01390,2024-05-03,2024-08-31,0,218937
CAND-01391,2024-04-30,2024-05-30,0,359630
CAND-01391,2024-04-30,2024-06-29,30,348297
CAND-01391,2024-04-30,2024-07-29,60,335453
CAND-01391,2024-04-30,2024-08-28,90,323024
CAND-01391,2024-04-30,2024-09-27,96,314461
CAND-01392,2024-06-28,2024-07-28,0,503303
CAND-01392,2024-06-28,2024-08-27,0,466953
CAND-01392,2024-06-28,2024-09-26,30,448779
CAND-01392,2024-06-28,2024-10-26,0,394254
CAND-01392,2024-06-28,2024-11-25,0,362181
CAND-01393,2024-06-11,2024-07-11,0,498118
CAND-01393,2024-06-11,2024-08-10,0,447803
CAND-01393,2024-06-11,2024-09-09,0,392456
CAND-01393,2024-06-11,2024-10-09,0,337110
CAND-01393,2024-06-11,2024-11-08,0,302518
CAND-01393,2024-06-11,2024-12-08,30,284070
CAND-01394,2024-04-14,2024-05-14,0,609519
CAND-01394,2024-04-14,2024-06-13,0,570907
CAND-01394,2024-04-14,2024-07-13,0,516206
CAND-01395,2024-03-17,2024-04-16,0,415989
CAND-01395,2024-03-17,2024-05-16,0,381705
CAND-01395,2024-03-17,2024-06-15,0,337134
CAND-01395,2024-03-17,2024-07-15,0,292564
CAND-01396,2024-10-04,2024-11-03,0,751454
CAND-01396,2024-10-04,2024-12-03,0,694621
CAND-01396,2024-10-04,2025-01-02,0,628316
CAND-01396,2024-10-04,2025-02-01,0,584113
CAND-01397,2024-04-19,2024-05-19,0,719653
CAND-01397,2024-04-19,2024-06-18,30,703248
CAND-01397,2024-04-19,2024-07-18,0,633152
CAND-01398,2024-05-14,2024-06-13,0,399785
CAND-01398,2024-05-14,2024-07-13,0,375353
CAND-01398,2024-05-14,2024-08-12,0,331377
CAND-01399,2024-01-30,2024-02-29,0,417600
CAND-01399,2024-01-30,2024-03-30,0,391822
CAND-01399,2024-01-30,2024-04-29,0,366044
CAND-01400,2024-06-11,2024-07-11,0,736232
CAND-01400,2024-06-11,2024-08-10,0,663217
CAND-01400,2024-06-11,2024-09-09,0,609673
CAND-01401,2024-05-27,2024-06-26,0,1372287
CAND-01401,2024-05-27,2024-07-26,0,1273177
CAND-01401,2024-05-27,2024-08-25,0,1158820
CAND-01402,2024-06-22,2024-07-22,0,159332
CAND-01402,2024-06-22,2024-08-21,30,154504
CAND-01402,2024-06-22,2024-09-20,60,150462
CAND-01402,2024-06-22,2024-10-20,30,146005
CAND-01402,2024-06-22,2024-11-19,60,142597
CAND-01403,2024-05-11,2024-06-10,0,1303324
CAND-01403,2024-05-11,2024-07-10,0,1207747
CAND-01403,2024-05-11,2024-08-09,0,1118143
CAND-01403,2024-05-11,2024-09-08,0,1015739
CAND-01403,2024-05-11,2024-10-08,0,920162
CAND-01404,2024-09-07,2024-10-07,0,1111210
CAND-01404,2024-09-07,2024-11-06,30,1090127
CAND-01404,2024-09-07,2024-12-06,0,1011416
CAND-01404,2024-09-07,2025-01-05,0,932706
CAND-01404,2024-09-07,2025-02-04,0,814640
CAND-01404,2024-09-07,2025-03-06,0,745189
CAND-01405,2024-05-05,2024-06-04,0,307924
CAND-01405,2024-05-05,2024-07-04,0,289596
CAND-01405,2024-05-05,2024-08-03,0,267601
CAND-01406,2024-09-12,2024-10-12,0,494122
CAND-01406,2024-09-12,2024-11-11,0,463620
CAND-01406,2024-09-12,2024-12-11,0,417868
CAND-01407,2024-08-25,2024-09-24,0,1045210
CAND-01407,2024-08-25,2024-10-24,0,952303
CAND-01407,2024-08-25,2024-11-23,0,877977
CAND-01407,2024-08-25,2024-12-23,0,776623
CAND-01407,2024-08-25,2025-01-22,0,683715
CAND-01407,2024-08-25,2025-02-21,0,572226
CAND-01408,2024-03-25,2024-04-24,0,542641
CAND-01408,2024-03-25,2024-05-24,0,500005
CAND-01408,2024-03-25,2024-06-23,0,462698
CAND-01408,2024-03-25,2024-07-23,30,446990
CAND-01408,2024-03-25,2024-08-22,0,404354
CAND-01409,2024-08-26,2024-09-25,0,697070
CAND-01409,2024-08-26,2024-10-25,0,622716
CAND-01409,2024-08-26,2024-11-24,0,555121
CAND-01409,2024-08-26,2024-12-24,0,511383
CAND-01409,2024-08-26,2025-01-23,0,454188
CAND-01410,2024-07-16,2024-08-15,0,853248
CAND-01410,2024-07-16,2024-09-14,0,760166
CAND-01410,2024-07-16,2024-10-14,30,739011
CAND-01410,2024-07-16,2024-11-13,0,654392
CAND-01410,2024-07-16,2024-12-13,0,599638
CAND-01411,2024-04-18,2024-05-18,0,271168
CAND-01411,2024-04-18,2024-06-17,0,241038
CAND-01411,2024-04-18,2024-07-17,0,224300
CAND-01412,2024-06-30,2024-07-30,0,450917
CAND-01412,2024-06-30,2024-08-29,30,442494
CAND-01412,2024-06-30,2024-09-28,0,409928
CAND-01412,2024-06-30,2024-10-28,0,377362
CAND-01412,2024-06-30,2024-11-27,0,336654
CAND-01413,2024-03-03,2024-04-02,0,764975
CAND-01413,2024-03-03,2024-05-02,0,713486
CAND-01413,2024-03-03,2024-06-01,0,654642
CAND-01413,2024-03-03,2024-07-01,0,579749
CAND-01414,2024-09-29,2024-10-29,0,1036640
CAND-01414,2024-09-29,2024-11-28,0,961772
CAND-01414,2024-09-29,2024-12-28,0,849469
CAND-01414,2024-09-29,2025-01-27,30,828280
CAND-01414,2024-09-29,2025-02-26,0,765890
CAND-01414,2024-09-29,2025-03-28,0,685673
CAND-01415,2024-01-30,2024-02-29,0,427080
CAND-01415,2024-01-30,2024-03-30,0,388254
CAND-01415,2024-01-30,2024-04-29,30,379464
CAND-01415,2024-01-30,2024-05-29,0,332873
CAND-01415,2024-01-30,2024-06-28,0,303754
CAND-01415,2024-01-30,2024-07-28,0,267915
CAND-01416,2024-07-18,2024-08-17,0,451543
CAND-01416,2024-07-18,2024-09-16,0,424665
CAND-01416,2024-07-18,2024-10-16,0,384349
CAND-01417,2024-08-22,2024-09-21,0,1249706
CAND-01417,2024-08-22,2024-10-21,0,1115809
CAND-01417,2024-08-22,2024-11-20,0,1012811
CAND-01417,2024-08-22,2024-12-20,0,934048
CAND-01418,2024-09-13,2024-10-13,0,803489
CAND-01418,2024-09-13,2024-11-12,0,750974
CAND-01418,2024-09-13,2024-12-12,0,676577
CAND-01418,2024-09-13,2025-01-11,0,602179
CAND-01418,2024-09-13,2025-02-10,0,538410
CAND-01418,2024-09-13,2025-03-12,0,449134
CAND-01419,2024-02-16,2024-03-17,0,128716
CAND-01419,2024-02-16,2024-04-16,0,120671
CAND-01419,2024-02-16,2024-05-16,0,111554
CAND-01420,2024-01-27,2024-02-26,30,674052
CAND-01420,2024-01-27,2024-03-27,0,621292
CAND-01420,2024-01-27,2024-04-26,30,608102
CAND-01421,2024-02-19,2024-03-20,0,538310
CAND-01421,2024-02-19,2024-04-19,0,484479
CAND-01421,2024-02-19,2024-05-19,30,473713
CAND-01422,2024-06-08,2024-07-08,0,1586510
CAND-01422,2024-06-08,2024-08-07,0,1486520
CAND-01422,2024-06-08,2024-09-06,0,1331990
CAND-01422,2024-06-08,2024-10-06,0,1162006
CAND-01422,2024-06-08,2024-11-05,0,1055767
CAND-01423,2024-05-10,2024-06-09,0,178159
CAND-01423,2024-05-10,2024-07-09,0,160613
CAND-01423,2024-05-10,2024-08-08,0,143067
CAND-01423,2024-05-10,2024-09-07,0,130200
CAND-01423,2024-05-10,2024-10-07,0,110900
CAND-01424,2024-08-25,2024-09-24,0,417540
CAND-01424,2024-08-25,2024-10-24,0,379582
CAND-01424,2024-08-25,2024-11-23,0,351113
CAND-01424,2024-08-25,2024-12-23,0,325808
CAND-01424,2024-08-25,2025-01-22,0,300502
CAND-01424,2024-08-25,2025-02-21,0,275197
CAND-01425,2024-09-24,2024-10-24,0,343121
CAND-01425,2024-09-24,2024-11-23,0,310094
CAND-01425,2024-09-24,2024-12-23,0,288723
CAND-01425,2024-09-24,2025-01-22,30,279862
CAND-01425,2024-09-24,2025-02-21,0,249586
CAND-01425,2024-09-24,2025-03-23,0,228215
CAND-01426,2024-03-04,2024-04-03,0,408849
CAND-01426,2024-03-04,2024-05-03,0,381167
CAND-01426,2024-03-04,2024-06-02,0,353484
CAND-01426,2024-03-04,2024-07-02,0,313219
CAND-01426,2024-03-04,2024-08-01,0,283691
CAND-01426,2024-03-04,2024-08-31,0,249620
CAND-01427,2024-06-20,2024-07-20,0,742727
CAND-01427,2024-06-20,2024-08-19,0,688261
CAND-01427,2024-06-20,2024-09-18,0,606561
CAND-01427,2024-06-20,2024-10-18,0,561172
CAND-01427,2024-06-20,2024-11-17,0,479472
CAND-01428,2024-05-19,2024-06-18,0,706491
CAND-01428,2024-05-19,2024-07-18,0,647617
CAND-01428,2024-05-19,2024-08-17,0,592948
CAND-01428,2024-05-19,2024-09-16,0,538279
CAND-01428,2024-05-19,2024-10-16,0,461742
CAND-01429,2024-08-29,2024-09-28,0,864600
CAND-01429,2024-08-29,2024-10-28,0,805159
CAND-01429,2024-08-29,2024-11-27,0,732000
CAND-01429,2024-08-29,2024-12-27,0,664067
CAND-01430,2024-09-11,2024-10-11,0,435719
CAND-01430,2024-09-11,2024-11-10,0,405461
CAND-01430,2024-09-11,2024-12-10,0,357047
CAND-01430,2024-09-11,2025-01-09,0,326789
CAND-01430,2024-09-11,2025-02-08,0,296531
CAND-01431,2024-08-13,2024-09-12,30,661454
CAND-01431,2024-08-13,2024-10-12,0,609631
CAND-01431,2024-08-13,2024-11-11,0,561509
CAND-01431,2024-08-13,2024-12-11,0,494139
CAND-01431,2024-08-13,2025-01-10,30,482108
CAND-01432,2024-05-13,2024-06-12,0,814791
CAND-01432,2024-05-13,2024-07-12,0,746417
CAND-01432,2024-05-13,2024-08-11,0,687159
CAND-01432,2024-05-13,2024-09-10,0,618785
CAND-01432,2024-05-13,2024-10-10,0,566499
CAND-01432,2024-05-13,2024-11-09,0,507242
CAND-01433,2024-01-21,2024-02-20,0,528397
CAND-01433,2024-01-21,2024-03-21,0,492620
CAND-01433,2024-01-21,2024-04-20,0,451732
CAND-01433,2024-01-21,2024-05-20,0,394489
CAND-01433,2024-01-21,2024-06-19,0,346787
CAND-01435,2024-04-10,2024-05-10,0,603662
CAND-01435,2024-04-10,2024-06-09,30,592644
CAND-01435,2024-04-10,2024-07-09,0,538469
CAND-01436,2024-09-30,2024-10-30,0,260218
CAND-01436,2024-09-30,2024-11-29,0,242599
CAND-01436,2024-09-30,2024-12-29,0,224980
CAND-01437,2024-04-16,2024-05-16,0,537561
CAND-01437,2024-04-16,2024-06-15,0,505208
CAND-01437,2024-04-16,2024-07-15,0,463611
CAND-01438,2024-06-02,2024-07-02,0,576943
CAND-01438,2024-06-02,2024-08-01,0,531154
CAND-01438,2024-06-02,2024-08-31,0,472877
CAND-01438,2024-06-02,2024-09-30,0,430140
CAND-01438,2024-06-02,2024-10-30,0,387404
CAND-01438,2024-06-02,2024-11-29,30,369597
CAND-01439,2024-06-18,2024-07-18,0,616867
CAND-01439,2024-06-18,2024-08-17,0,578446
CAND-01439,2024-06-18,2024-09-16,0,528203
CAND-01440,2024-08-21,2024-09-20,0,892590
CAND-01440,2024-08-21,2024-10-20,0,802430
CAND-01440,2024-08-21,2024-11-19,0,703253
CAND-01440,2024-08-21,2024-12-19,0,626963
CAND-01440,2024-08-21,2025-01-18,0,544316
CAND-01440,2024-08-21,2025-02-17,0,454155
CAND-01441,2024-03-12,2024-04-11,0,871545
CAND-01441,2024-03-12,2024-05-11,30,855580
CAND-01441,2024-03-12,2024-06-10,60,834044
CAND-01441,2024-03-12,2024-07-10,90,814752
CAND-01441,2024-03-12,2024-08-09,105,788295
CAND-01442,2024-06-20,2024-07-20,0,475788
CAND-01442,2024-06-20,2024-08-19,0,442087
CAND-01442,2024-06-20,2024-09-18,0,399959
CAND-01442,2024-06-20,2024-10-18,0,354003
CAND-01443,2024-08-14,2024-09-13,0,346225
CAND-01443,2024-08-14,2024-10-13,0,321494
CAND-01443,2024-08-14,2024-11-12,0,292959
CAND-01443,2024-08-14,2024-12-12,0,259236
CAND-01444,2024-08-25,2024-09-24,0,249254
CAND-01444,2024-08-25,2024-10-24,0,233615
CAND-01444,2024-08-25,2024-11-23,0,218844
CAND-01446,2024-03-31,2024-04-30,0,361402
CAND-01446,2024-03-31,2024-05-30,0,338815
CAND-01446,2024-03-31,2024-06-29,0,313215
CAND-01446,2024-03-31,2024-07-29,0,287616
CAND-01447,2024-03-09,2024-04-08,0,298506
CAND-01447,2024-03-09,2024-05-08,0,266168
CAND-01447,2024-03-09,2024-06-07,0,233830
CAND-01447,2024-03-09,2024-07-07,0,215864
CAND-01448,2024-06-11,2024-07-11,0,598255
CAND-01448,2024-06-11,2024-08-10,0,555522
CAND-01448,2024-06-11,2024-09-09,0,502106
CAND-01448,2024-06-11,2024-10-09,30,483793
CAND-01448,2024-06-11,2024-11-08,0,434486
CAND-01449,2024-04-29,2024-05-29,30,1032753
CAND-01449,2024-04-29,2024-06-28,0,973640
CAND-01449,2024-04-29,2024-07-28,0,884969
CAND-01449,2024-04-29,2024-08-27,0,808965
CAND-01449,2024-04-29,2024-09-26,0,732962
CAND-01449,2024-04-29,2024-10-26,0,673848
CAND-01450,2024-08-28,2024-09-27,0,774321
CAND-01450,2024-08-28,2024-10-27,0,715062
CAND-01450,2024-08-28,2024-11-26,30,698131
CAND-01450,2024-08-28,2024-12-26,60,682477
CAND-01450,2024-08-28,2025-01-25,90,667393
CAND-01450,2024-08-28,2025-02-24,104,651126
CAND-01451,2024-06-11,2024-07-11,0,1476842
CAND-01451,2024-06-11,2024-08-10,0,1389668
CAND-01451,2024-06-11,2024-09-09,0,1268964
CAND-01451,2024-06-11,2024-10-09,0,1164355
CAND-01452,2024-08-09,2024-09-08,0,324776
CAND-01452,2024-08-09,2024-10-08,0,290388
CAND-01452,2024-08-09,2024-11-07,0,259126
CAND-01452,2024-08-09,2024-12-07,0,234564
CAND-01452,2024-08-09,2025-01-06,0,200175
CAND-01453,2024-02-12,2024-03-13,0,812588
CAND-01453,2024-02-12,2024-04-12,0,748097
CAND-01453,2024-02-12,2024-05-12,0,666018
CAND-01453,2024-02-12,2024-06-11,0,590778
CAND-01453,2024-02-12,2024-07-11,0,500490
CAND-01453,2024-02-12,2024-08-10,0,418411
CAND-01454,2024-06-06,2024-07-06,0,824116
CAND-01454,2024-06-06,2024-08-05,0,753679
CAND-01454,2024-06-06,2024-09-04,0,702808
CAND-01454,2024-06-06,2024-10-04,0,645577
CAND-01454,2024-06-06,2024-11-03,0,588347
CAND-01454,2024-06-06,2024-12-03,0,496779
CAND-01455,2024-08-19,2024-09-18,0,1105188
CAND-01455,2024-08-19,2024-10-18,0,995583
CAND-01455,2024-08-19,2024-11-17,0,920229
CAND-01455,2024-08-19,2024-12-17,0,844875
CAND-01455,2024-08-19,2025-01-16,0,752132
CAND-01455,2024-08-19,2025-02-15,0,685151
CAND-01456,2024-03-13,2024-04-12,0,783243
CAND-01456,2024-03-13,2024-05-12,0,723801
CAND-01456,2024-03-13,2024-06-11,0,668321
CAND-01456,2024-03-13,2024-07-11,0,612841
CAND-01456,2024-03-13,2024-08-10,0,557362
CAND-01457,2024-08-03,2024-09-02,0,318925
CAND-01457,2024-08-03,2024-10-02,0,288226
CAND-01457,2024-08-03,2024-11-01,0,260086
CAND-01457,2024-08-03,2024-12-01,0,238980
CAND-01457,2024-08-03,2024-12-31,0,219117
CAND-01457,2024-08-03,2025-01-30,0,194996
CAND-01458,2024-03-01,2024-03-31,30,487965
CAND-01458,2024-03-01,2024-04-30,0,449678
CAND-01458,2024-03-01,2024-05-30,0,411392
CAND-01458,2024-03-01,2024-06-29,0,366144
CAND-01458,2024-03-01,2024-07-29,0,336866
CAND-01459,2024-08-26,2024-09-25,0,316915
CAND-01459,2024-08-26,2024-10-25,0,285704
CAND-01459,2024-08-26,2024-11-24,0,262816
CAND-01460,2024-09-16,2024-10-16,0,1693963
CAND-01460,2024-09-16,2024-11-15,0,1530908
CAND-01460,2024-09-16,2024-12-15,0,1381441
CAND-01460,2024-09-16,2025-01-14,0,1231973
CAND-01461,2024-07-28,2024-08-27,0,338439
CAND-01461,2024-07-28,2024-09-26,0,317757
CAND-01461,2024-07-28,2024-10-26,0,297074
CAND-01461,2024-07-28,2024-11-25,0,266051
CAND-01461,2024-07-28,2024-12-25,0,235027
CAND-01461,2024-07-28,2025-01-24,0,206390
CAND-01462,2024-05-28,2024-06-27,0,883720
CAND-01462,2024-05-28,2024-07-27,0,820597
CAND-01462,2024-05-28,2024-08-26,0,764901
CAND-01462,2024-05-28,2024-09-25,30,743860
CAND-01462,2024-05-28,2024-10-25,60,723276
CAND-01463,2024-05-26,2024-06-25,0,766673
CAND-01463,2024-05-26,2024-07-25,0,684108
CAND-01463,2024-05-26,2024-08-24,0,632505
CAND-01463,2024-05-26,2024-09-23,0,580902
CAND-01464,2024-05-11,2024-06-10,0,207784
CAND-01464,2024-05-11,2024-07-10,0,187441
CAND-01464,2024-05-11,2024-08-09,0,165064
CAND-01464,2024-05-11,2024-09-08,0,152633
CAND-01464,2024-05-11,2024-10-08,0,137715
CAND-01465,2024-04-27,2024-05-27,0,456175
CAND-01465,2024-04-27,2024-06-26,0,421555
CAND-01465,2024-04-27,2024-07-26,0,384271
CAND-01465,2024-04-27,2024-08-25,0,349651
CAND-01465,2024-04-27,2024-09-24,0,312367
CAND-01465,2024-04-27,2024-10-24,0,263899
CAND-01466,2024-05-23,2024-06-22,0,156159
CAND-01466,2024-05-23,2024-07-22,0,145423
CAND-01466,2024-05-23,2024-08-21,0,132210
CAND-01466,2024-05-23,2024-09-20,0,118996
CAND-01466,2024-05-23,2024-10-20,0,108260
CAND-01466,2024-05-23,2024-11-19,0,92644
CAND-01467,2024-08-11,2024-09-10,0,450742
CAND-01467,2024-08-11,2024-10-10,0,401570
CAND-01467,2024-08-11,2024-11-09,0,363745
CAND-01467,2024-08-11,2024-12-09,0,330964
CAND-01468,2024-10-15,2024-11-14,0,1247786
CAND-01468,2024-10-15,2024-12-14,0,1113409
CAND-01468,2024-10-15,2025-01-13,0,1034363
CAND-01469,2024-04-14,2024-05-14,0,573539
CAND-01469,2024-04-14,2024-06-13,0,537693
CAND-01469,2024-04-14,2024-07-13,0,501846
CAND-01469,2024-04-14,2024-08-12,0,467992
CAND-01469,2024-04-14,2024-09-11,0,434137
CAND-01470,2024-01-23,2024-02-22,0,484729
CAND-01470,2024-01-23,2024-03-23,30,469284
CAND-01470,2024-01-23,2024-04-22,60,457072
CAND-01471,2024-06-25,2024-07-25,0,484734
CAND-01471,2024-06-25,2024-08-24,0,441454
CAND-01471,2024-06-25,2024-09-23,0,410904
CAND-01471,2024-06-25,2024-10-23,0,382051
CAND-01471,2024-06-25,2024-11-22,0,342100
CAND-01471,2024-06-25,2024-12-22,0,313247
CAND-01472,2024-03-16,2024-04-15,0,1248318
CAND-01472,2024-03-16,2024-05-15,30,1210490
CAND-01472,2024-03-16,2024-06-14,0,1097006
CAND-01473,2024-08-27,2024-09-26,0,1038733
CAND-01473,2024-08-27,2024-10-26,0,927935
CAND-01473,2024-08-27,2024-11-25,0,817137
CAND-01474,2024-04-24,2024-05-24,0,389258
CAND-01474,2024-04-24,2024-06-23,0,351511
CAND-01474,2024-04-24,2024-07-23,0,325561
CAND-01474,2024-04-24,2024-08-22,0,297880
CAND-01475,2024-04-21,2024-05-21,0,338841
CAND-01475,2024-04-21,2024-06-20,0,313024
CAND-01475,2024-04-21,2024-07-20,0,287208
CAND-01475,2024-04-21,2024-08-19,0,259405
CAND-01476,2024-01-28,2024-02-27,0,718101
CAND-01476,2024-01-28,2024-03-28,0,646291
CAND-01476,2024-01-28,2024-04-27,0,585528
CAND-01476,2024-01-28,2024-05-27,0,519703
CAND-01476,2024-01-28,2024-06-26,0,467042
CAND-01476,2024-01-28,2024-07-26,30,446788
CAND-01477,2024-05-26,2024-06-25,0,371205
CAND-01477,2024-05-26,2024-07-25,0,331764
CAND-01477,2024-05-26,2024-08-24,0,301425
CAND-01477,2024-05-26,2024-09-23,30,288279
CAND-01478,2024-07-30,2024-08-29,0,441628
CAND-01478,2024-07-30,2024-09-28,0,415650
CAND-01478,2024-07-30,2024-10-28,30,406990
CAND-01478,2024-07-30,2024-11-27,60,394685
CAND-01478,2024-07-30,2024-12-27,90,384736
CAND-01478,2024-07-30,2025-01-26,120,373046
CAND-01479,2024-01-22,2024-02-21,0,350514
CAND-01479,2024-01-22,2024-03-22,30,341683
CAND-01479,2024-01-22,2024-04-21,60,329816
CAND-01480,2024-06-27,2024-07-27,0,349725
CAND-01480,2024-06-27,2024-08-26,0,322663
CAND-01480,2024-06-27,2024-09-25,0,301615
CAND-01480,2024-06-27,2024-10-25,0,272471
CAND-01481,2024-04-13,2024-05-13,0,410136
CAND-01481,2024-04-13,2024-06-12,0,382793
CAND-01481,2024-04-13,2024-07-12,0,349141
CAND-01481,2024-04-13,2024-08-11,0,305393
CAND-01481,2024-04-13,2024-09-10,0,281089
CAND-01481,2024-04-13,2024-10-10,0,253747
CAND-01482,2024-07-07,2024-08-06,0,758242
CAND-01482,2024-07-07,2024-09-05,0,695749
CAND-01482,2024-07-07,2024-10-05,0,628049
CAND-01482,2024-07-07,2024-11-04,0,573889
CAND-01483,2024-08-24,2024-09-23,0,256406
CAND-01483,2024-08-24,2024-10-23,0,241324
CAND-01483,2024-08-24,2024-11-22,0,214175
CAND-01483,2024-08-24,2024-12-22,0,194783
CAND-01484,2024-05-05,2024-06-04,0,593043
CAND-01484,2024-05-05,2024-07-04,0,557562
CAND-01484,2024-05-05,2024-08-03,0,511943
CAND-01484,2024-05-05,2024-09-02,0,472027
CAND-01484,2024-05-05,2024-10-02,0,429450
CAND-01484,2024-05-05,2024-11-01,0,380322
CAND-01485,2024-04-23,2024-05-23,0,1603192
CAND-01485,2024-04-23,2024-06-22,0,1461243
CAND-01485,2024-04-23,2024-07-22,0,1306389
CAND-01485,2024-04-23,2024-08-21,0,1211756
CAND-01485,2024-04-23,2024-09-20,0,1098197
CAND-01486,2024-07-14,2024-08-13,0,281153
CAND-01486,2024-07-14,2024-09-12,0,253037
CAND-01486,2024-07-14,2024-10-12,0,229248
CAND-01486,2024-07-14,2024-11-11,0,211055
CAND-01487,2024-05-16,2024-06-15,30,1429903
CAND-01487,2024-05-16,2024-07-15,0,1343740
CAND-01487,2024-05-16,2024-08-14,0,1231065
CAND-01487,2024-05-16,2024-09-13,0,1084587
CAND-01488,2024-09-16,2024-10-16,0,484864
CAND-01488,2024-09-16,2024-11-15,0,448193
CAND-01488,2024-09-16,2024-12-15,0,401522
CAND-01489,2024-05-20,2024-06-19,0,869437
CAND-01489,2024-05-20,2024-07-19,0,809059
CAND-01489,2024-05-20,2024-08-18,0,752233
CAND-01489,2024-05-20,2024-09-17,0,691856
CAND-01490,2024-07-23,2024-08-22,0,701566
CAND-01490,2024-07-23,2024-09-21,0,643102
CAND-01490,2024-07-23,2024-10-21,0,584638
CAND-01490,2024-07-23,2024-11-20,0,539931
CAND-01491,2024-08-25,2024-09-24,0,319598
CAND-01491,2024-08-25,2024-10-24,30,313186
CAND-01491,2024-08-25,2024-11-23,60,304075
CAND-01492,2024-05-01,2024-05-31,0,1681022
CAND-01492,2024-05-01,2024-06-30,0,1499989
CAND-01492,2024-05-01,2024-07-30,0,1370679
CAND-01493,2024-02-25,2024-03-26,0,838265
CAND-01493,2024-02-25,2024-04-25,0,784846
CAND-01493,2024-02-25,2024-05-25,0,731427
CAND-01493,2024-02-25,2024-06-24,0,648871
CAND-01494,2024-07-04,2024-08-03,0,791443
CAND-01494,2024-07-04,2024-09-02,0,735382
CAND-01494,2024-07-04,2024-10-02,0,675317
CAND-01494,2024-07-04,2024-11-01,30,648191
CAND-01495,2024-01-24,2024-02-23,0,655946
CAND-01495,2024-01-24,2024-03-24,0,604408
CAND-01495,2024-01-24,2024-04-23,0,538813
CAND-01495,2024-01-24,2024-05-23,0,493717
CAND-01495,2024-01-24,2024-06-22,0,433588
CAND-01495,2024-01-24,2024-07-22,0,373460
CAND-01496,2024-08-29,2024-09-28,0,844828
CAND-01496,2024-08-29,2024-10-28,0,770026
CAND-01496,2024-08-29,2024-11-27,0,680263
CAND-01496,2024-08-29,2024-12-27,0,624161
CAND-01496,2024-08-29,2025-01-26,0,568059
CAND-01496,2024-08-29,2025-02-25,0,503943
CAND-01497,2024-09-09,2024-10-09,0,313872
CAND-01497,2024-09-09,2024-11-08,0,294178
CAND-01497,2024-09-09,2024-12-08,0,263742
CAND-01497,2024-09-09,2025-01-07,0,241422
CAND-01497,2024-09-09,2025-02-06,0,207943
CAND-01497,2024-09-09,2025-03-08,0,189343
CAND-01498,2024-08-26,2024-09-25,0,1090601
CAND-01498,2024-08-26,2024-10-25,0,1025684
CAND-01498,2024-08-26,2024-11-24,0,942220
CAND-01498,2024-08-26,2024-12-24,0,835992
CAND-01498,2024-08-26,2025-01-23,0,758092
CAND-01499,2024-08-07,2024-09-06,30,179140
CAND-01499,2024-08-07,2024-10-06,60,174737
CAND-01499,2024-08-07,2024-11-05,90,170717
CAND-01499,2024-08-07,2024-12-05,101,164752
CAND-01499,2024-08-07,2025-01-04,101,161263
CAND-01499,2024-08-07,2025-02-03,101,156860
CAND-01500,2024-07-30,2024-08-29,0,326394
CAND-01500,2024-07-30,2024-09-28,0,302960
CAND-01500,2024-07-30,2024-10-28,0,283433
CAND-01501,2024-05-15,2024-06-14,0,1100844
CAND-01501,2024-05-15,2024-07-14,0,1025787
CAND-01501,2024-05-15,2024-08-13,0,916612
CAND-01502,2024-05-18,2024-06-17,30,719874
CAND-01502,2024-05-18,2024-07-17,60,701964
CAND-01502,2024-05-18,2024-08-16,90,689305
CAND-01503,2024-05-17,2024-06-16,0,431722
CAND-01503,2024-05-17,2024-07-16,0,405558
CAND-01503,2024-05-17,2024-08-15,0,379392
CAND-01504,2024-07-09,2024-08-08,0,240769
CAND-01504,2024-07-09,2024-09-07,0,215276
CAND-01504,2024-07-09,2024-10-07,0,192100
CAND-01504,2024-07-09,2024-11-06,0,173891
CAND-01504,2024-07-09,2024-12-06,0,159728
CAND-01504,2024-07-09,2025-01-05,30,153191
CAND-01505,2024-02-01,2024-03-02,0,604818
CAND-01505,2024-02-01,2024-04-01,0,568162
CAND-01505,2024-02-01,2024-05-01,0,513179
CAND-01505,2024-02-01,2024-05-31,0,447198
CAND-01506,2024-08-29,2024-09-28,0,429261
CAND-01506,2024-08-29,2024-10-28,0,401715
CAND-01506,2024-08-29,2024-11-27,0,372447
CAND-01506,2024-08-29,2024-12-27,0,333424
CAND-01507,2024-07-05,2024-08-04,0,997355
CAND-01507,2024-07-05,2024-09-03,0,918200
CAND-01507,2024-07-05,2024-10-03,0,832956
CAND-01508,2024-04-17,2024-05-17,0,358767
CAND-01508,2024-04-17,2024-06-16,0,334619
CAND-01508,2024-04-17,2024-07-16,0,311892
CAND-01508,2024-04-17,2024-08-15,0,287744
CAND-01509,2024-05-25,2024-06-24,0,215585
CAND-01509,2024-05-25,2024-07-24,0,202753
CAND-01509,2024-05-25,2024-08-23,0,187354
CAND-01509,2024-05-25,2024-09-22,0,166355
CAND-01510,2024-08-21,2024-09-20,0,736653
CAND-01510,2024-08-21,2024-10-20,30,718623
CAND-01510,2024-08-21,2024-11-19,60,695290
CAND-01510,2024-08-21,2024-12-19,90,680599
CAND-01511,2024-06-14,2024-07-14,0,458565
CAND-01511,2024-06-14,2024-08-13,30,448756
CAND-01511,2024-06-14,2024-09-12,60,440131
CAND-01511,2024-06-14,2024-10-12,90,427625
CAND-01511,2024-06-14,2024-11-11,111,411488
CAND-01511,2024-06-14,2024-12-11,111,401868
CAND-01512,2024-03-01,2024-03-31,0,374556
CAND-01512,2024-03-01,2024-04-30,0,341392
CAND-01512,2024-03-01,2024-05-30,0,312966
CAND-01512,2024-03-01,2024-06-29,0,276788
CAND-01512,2024-03-01,2024-07-29,0,243624
CAND-01513,2024-07-14,2024-08-13,0,461482
CAND-01513,2024-07-14,2024-09-12,0,412450
CAND-01513,2024-07-14,2024-10-12,30,398441
CAND-01513,2024-07-14,2024-11-11,60,386182
CAND-01514,2024-02-22,2024-03-23,0,1347778
CAND-01514,2024-02-22,2024-04-22,0,1268222
CAND-01514,2024-02-22,2024-05-22,0,1125020
CAND-01514,2024-02-22,2024-06-21,30,1099897
CAND-01515,2024-08-25,2024-09-24,0,1626618
CAND-01515,2024-08-25,2024-10-24,0,1524100
CAND-01515,2024-08-25,2024-11-23,30,1489244
CAND-01516,2024-04-27,2024-05-27,0,756071
CAND-01516,2024-04-27,2024-06-26,0,707149
CAND-01516,2024-04-27,2024-07-26,0,631542
CAND-01517,2024-02-17,2024-03-18,0,650068
CAND-01517,2024-02-17,2024-04-17,0,609280
CAND-01517,2024-02-17,2024-05-17,0,568491
CAND-01518,2024-05-30,2024-06-29,0,409790
CAND-01518,2024-05-30,2024-07-29,30,400526
CAND-01518,2024-05-30,2024-08-28,60,387332
CAND-01518,2024-05-30,2024-09-27,90,378959
CAND-01518,2024-05-30,2024-10-27,113,370251
CAND-01518,2024-05-30,2024-11-26,113,356206
CAND-01519,2024-01-20,2024-02-19,0,1153979
CAND-01519,2024-01-20,2024-03-20,0,1072522
CAND-01519,2024-01-20,2024-04-19,0,985246
CAND-01519,2024-01-20,2024-05-19,0,883424
CAND-01519,2024-01-20,2024-06-18,0,815543
CAND-01520,2024-09-17,2024-10-17,0,175784
CAND-01520,2024-09-17,2024-11-16,0,156741
CAND-01520,2024-09-17,2024-12-16,0,144045
CAND-01520,2024-09-17,2025-01-15,0,126733
CAND-01521,2024-05-16,2024-06-15,30,1089140
CAND-01521,2024-05-16,2024-07-15,60,1062314
CAND-01521,2024-05-16,2024-08-14,90,1040647
CAND-01522,2024-02-20,2024-03-21,0,286937
CAND-01522,2024-02-20,2024-04-20,0,256556
CAND-01522,2024-02-20,2024-05-20,0,233185
CAND-01523,2024-07-12,2024-08-11,30,1537775
CAND-01523,2024-07-12,2024-09-10,0,1395003
CAND-01523,2024-07-12,2024-10-10,0,1282825
CAND-01523,2024-07-12,2024-11-09,0,1195575
CAND-01523,2024-07-12,2024-12-09,0,1097420
CAND-01523,2024-07-12,2025-01-08,0,966545
CAND-01524,2024-03-25,2024-04-24,30,956246
CAND-01524,2024-03-25,2024-05-24,60,936332
CAND-01524,2024-03-25,2024-06-23,90,911938
CAND-01524,2024-03-25,2024-07-23,60,895400
CAND-01524,2024-03-25,2024-08-22,90,871601
CAND-01525,2024-07-12,2024-08-11,0,496316
CAND-01525,2024-07-12,2024-09-10,0,457320
CAND-01525,2024-07-12,2024-10-10,0,415324
CAND-01526,2024-07-23,2024-08-22,0,354712
CAND-01526,2024-07-23,2024-09-21,0,330838
CAND-01526,2024-07-23,2024-10-21,0,299004
CAND-01526,2024-07-23,2024-11-20,0,271719
CAND-01526,2024-07-23,2024-12-20,0,250497
CAND-01527,2024-08-08,2024-09-07,0,335969
CAND-01527,2024-08-08,2024-10-07,0,303630
CAND-01527,2024-08-08,2024-11-06,0,271291
CAND-01527,2024-08-08,2024-12-06,0,250365
CAND-01527,2024-08-08,2025-01-05,0,229440
CAND-01527,2024-08-08,2025-02-04,0,208514
CAND-01528,2024-09-27,2024-10-27,0,94444
CAND-01528,2024-09-27,2024-11-26,0,85354
CAND-01528,2024-09-27,2024-12-26,0,76263
CAND-01528,2024-09-27,2025-01-25,0,66263
CAND-01529,2024-05-01,2024-05-31,30,694149
CAND-01529,2024-05-01,2024-06-30,0,639663
CAND-01529,2024-05-01,2024-07-30,0,568831
CAND-01529,2024-05-01,2024-08-29,0,527166
CAND-01529,2024-05-01,2024-09-28,30,506333
CAND-01530,2024-02-28,2024-03-29,0,1303562
CAND-01530,2024-02-28,2024-04-28,0,1213037
CAND-01530,2024-02-28,2024-05-28,0,1122512
CAND-01530,2024-02-28,2024-06-27,0,990839
CAND-01530,2024-02-28,2024-07-27,0,887381
CAND-01531,2024-02-08,2024-03-09,0,444326
CAND-01531,2024-02-08,2024-04-08,0,416652
CAND-01531,2024-02-08,2024-05-08,0,380462
CAND-01531,2024-02-08,2024-06-07,0,352788
CAND-01531,2024-02-08,2024-07-07,0,310019
CAND-01531,2024-02-08,2024-08-06,0,262972
CAND-01532,2024-10-17,2024-11-16,0,1262952
CAND-01532,2024-10-17,2024-12-16,0,1135381
CAND-01532,2024-10-17,2025-01-15,0,1052835
CAND-01532,2024-10-17,2025-02-14,0,925264
CAND-01533,2024-08-27,2024-09-26,0,303610
CAND-01533,2024-08-27,2024-10-26,0,285056
CAND-01533,2024-08-27,2024-11-25,0,251659
CAND-01533,2024-08-27,2024-12-25,0,223828
CAND-01533,2024-08-27,2025-01-24,0,193467
CAND-01534,2024-02-25,2024-03-26,0,885853
CAND-01534,2024-02-25,2024-04-25,0,822254
CAND-01534,2024-02-25,2024-05-25,0,742754
CAND-01534,2024-02-25,2024-06-24,0,683129
CAND-01534,2024-02-25,2024-07-24,0,587730
CAND-01534,2024-02-25,2024-08-23,0,492330
CAND-01535,2024-05-11,2024-06-10,0,934235
CAND-01535,2024-05-11,2024-07-10,0,870007
CAND-01535,2024-05-11,2024-08-09,0,767241
CAND-01535,2024-05-11,2024-09-08,0,664475
CAND-01535,2024-05-11,2024-10-08,0,600246
CAND-01535,2024-05-11,2024-11-07,0,526842
CAND-01536,2024-06-26,2024-07-26,0,1801229
CAND-01536,2024-06-26,2024-08-25,0,1695275
CAND-01536,2024-06-26,2024-09-24,0,1576076
CAND-01536,2024-06-26,2024-10-24,0,1429369
CAND-01536,2024-06-26,2024-11-23,0,1270437
CAND-01536,2024-06-26,2024-12-23,0,1151238
CAND-01537,2024-09-01,2024-10-01,30,428587
CAND-01537,2024-09-01,2024-10-31,60,421149
CAND-01537,2024-09-01,2024-11-30,90,412546
CAND-01537,2024-09-01,2024-12-30,112,401843
CAND-01537,2024-09-01,2025-01-29,112,393068
CAND-01538,2024-02-05,2024-03-06,0,1833648
CAND-01538,2024-02-05,2024-04-05,0,1638823
CAND-01538,2024-02-05,2024-05-05,0,1530587
CAND-01538,2024-02-05,2024-06-04,0,1353473
CAND-01539,2024-04-18,2024-05-18,0,931655
CAND-01539,2024-04-18,2024-06-17,0,859989
CAND-01539,2024-04-18,2024-07-17,0,768778
CAND-01539,2024-04-18,2024-08-16,0,697113
CAND-01539,2024-04-18,2024-09-15,0,596781
CAND-01539,2024-04-18,2024-10-15,0,534073
CAND-01540,2024-03-12,2024-04-11,0,1075210
CAND-01540,2024-03-12,2024-05-11,0,967689
CAND-01540,2024-03-12,2024-06-10,0,876710
CAND-01541,2024-02-24,2024-03-25,0,438380
CAND-01541,2024-02-24,2024-04-24,0,409024
CAND-01541,2024-02-24,2024-05-24,0,381395
CAND-01542,2024-02-07,2024-03-08,0,624925
CAND-01542,2024-02-07,2024-04-07,0,579098
CAND-01542,2024-02-07,2024-05-07,0,533270
CAND-01542,2024-02-07,2024-06-06,0,464528
CAND-01542,2024-02-07,2024-07-06,0,421564
CAND-01543,2024-09-14,2024-10-14,0,425502
CAND-01543,2024-09-14,2024-11-13,0,399894
CAND-01543,2024-09-14,2024-12-13,0,369163
CAND-01543,2024-09-14,2025-01-12,0,336237
CAND-01543,2024-09-14,2025-02-11,0,309122
CAND-01543,2024-09-14,2025-03-13,0,276196
CAND-01544,2024-02-16,2024-03-17,0,250338
CAND-01544,2024-02-16,2024-04-16,0,229476
CAND-01544,2024-02-16,2024-05-16,0,210105
CAND-01544,2024-02-16,2024-06-15,0,182985
CAND-01544,2024-02-16,2024-07-15,0,164905
CAND-01544,2024-02-16,2024-08-14,30,158598
CAND-01545,2024-10-21,2024-11-20,0,491650
CAND-01545,2024-10-21,2024-12-20,0,447753
CAND-01545,2024-10-21,2025-01-19,0,418488
CAND-01545,2024-10-21,2025-02-18,0,380862
CAND-01545,2024-10-21,2025-03-20,0,328185
CAND-01546,2024-05-13,2024-06-12,0,677405
CAND-01546,2024-05-13,2024-07-12,0,604019
CAND-01546,2024-05-13,2024-08-11,0,537305
CAND-01546,2024-05-13,2024-09-10,0,494137
CAND-01547,2024-02-22,2024-03-23,0,692919
CAND-01547,2024-02-22,2024-04-22,0,646518
CAND-01547,2024-02-22,2024-05-22,0,593488
CAND-01548,2024-08-18,2024-09-17,0,1668982
CAND-01548,2024-08-18,2024-10-17,0,1490958
CAND-01548,2024-08-18,2024-11-16,0,1392055
CAND-01548,2024-08-18,2024-12-16,0,1280790
CAND-01548,2024-08-18,2025-01-15,0,1162106
CAND-01549,2024-04-12,2024-05-12,0,617879
CAND-01549,2024-04-12,2024-06-11,0,567554
CAND-01549,2024-04-12,2024-07-11,30,552685
CAND-01549,2024-04-12,2024-08-10,60,539857
CAND-01550,2024-04-13,2024-05-13,0,512619
CAND-01550,2024-04-13,2024-06-12,0,467388
CAND-01550,2024-04-13,2024-07-12,0,425636
CAND-01551,2024-10-01,2024-10-31,30,517663
CAND-01551,2024-10-01,2024-11-30,60,508713
CAND-01551,2024-10-01,2024-12-30,90,496713
CAND-01551,2024-10-01,2025-01-29,109,481627
CAND-01551,2024-10-01,2025-02-28,109,468088
CAND-01552,2024-03-07,2024-04-06,0,529430
CAND-01552,2024-03-07,2024-05-06,0,478469
CAND-01552,2024-03-07,2024-06-05,0,438428
CAND-01552,2024-03-07,2024-07-05,0,387467
CAND-01552,2024-03-07,2024-08-04,0,340752
CAND-01553,2024-01-18,2024-02-17,0,569421
CAND-01553,2024-01-18,2024-03-18,0,531459
CAND-01553,2024-01-18,2024-04-17,0,497716
CAND-01553,2024-01-18,2024-05-17,0,454331
CAND-01553,2024-01-18,2024-06-16,0,418603
CAND-01553,2024-01-18,2024-07-16,0,367988
CAND-01554,2024-08-29,2024-09-28,0,1318600
CAND-01554,2024-08-29,2024-10-28,0,1201849
CAND-01554,2024-08-29,2024-11-27,0,1094078
CAND-01554,2024-08-29,2024-12-27,0,1000678
CAND-01554,2024-08-29,2025-01-26,30,966507
CAND-01555,2024-03-08,2024-04-07,0,356146
CAND-01555,2024-03-08,2024-05-07,0,335196
CAND-01555,2024-03-08,2024-06-06,0,314247
CAND-01556,2024-09-18,2024-10-18,0,134747
CAND-01556,2024-09-18,2024-11-17,0,125235
CAND-01556,2024-09-18,2024-12-17,0,116318
CAND-01556,2024-09-18,2025-01-16,0,108392
CAND-01557,2024-04-27,2024-05-27,0,903928
CAND-01557,2024-04-27,2024-06-26,0,843666
CAND-01557,2024-04-27,2024-07-26,0,747247
CAND-01557,2024-04-27,2024-08-25,0,678377
CAND-01557,2024-04-27,2024-09-24,0,614097
CAND-01557,2024-04-27,2024-10-24,0,549818
CAND-01558,2024-06-07,2024-07-07,0,356315
CAND-01558,2024-06-07,2024-08-06,0,332560
CAND-01558,2024-06-07,2024-09-05,0,298009
CAND-01558,2024-06-07,2024-10-05,30,285340
CAND-01559,2024-05-02,2024-06-01,0,417334
CAND-01559,2024-05-02,2024-07-01,0,392493
CAND-01559,2024-05-02,2024-07-31,0,366190
CAND-01559,2024-05-02,2024-08-30,0,341349
CAND-01560,2024-01-18,2024-02-17,0,685276
CAND-01560,2024-01-18,2024-03-18,30,664777
CAND-01560,2024-01-18,2024-04-17,0,597687
CAND-01560,2024-01-18,2024-05-17,0,536188
CAND-01560,2024-01-18,2024-06-16,0,462389
CAND-01561,2024-07-07,2024-08-06,0,1048613
CAND-01561,2024-07-07,2024-09-05,0,955403
CAND-01561,2024-07-07,2024-10-05,0,853720
CAND-01561,2024-07-07,2024-11-04,0,752036
CAND-01561,2024-07-07,2024-12-04,0,640184
CAND-01561,2024-07-07,2025-01-03,0,570276
CAND-01562,2024-06-22,2024-07-22,0,1900353
CAND-01562,2024-06-22,2024-08-21,0,1764614
CAND-01562,2024-06-22,2024-09-20,0,1594940
CAND-01562,2024-06-22,2024-10-20,30,1554218
CAND-01562,2024-06-22,2024-11-19,60,1508971
CAND-01562,2024-06-22,2024-12-19,90,1459310
CAND-01563,2024-10-04,2024-11-03,0,1308707
CAND-01563,2024-10-04,2024-12-03,0,1190560
CAND-01563,2024-10-04,2025-01-02,0,1089291
CAND-01563,2024-10-04,2025-02-01,0,1010526
CAND-01563,2024-10-04,2025-03-03,0,916008
CAND-01563,2024-10-04,2025-04-02,0,827398
CAND-01564,2024-05-20,2024-06-19,30,441227
CAND-01564,2024-05-20,2024-07-19,60,432188
CAND-01564,2024-05-20,2024-08-18,90,424527
CAND-01564,2024-05-20,2024-09-17,96,415664
CAND-01565,2024-10-03,2024-11-02,0,292381
CAND-01565,2024-10-03,2024-12-02,30,286628
CAND-01565,2024-10-03,2025-01-01,0,269370
CAND-01565,2024-10-03,2025-01-31,0,238304
CAND-01565,2024-10-03,2025-03-02,0,220030
CAND-01566,2024-01-25,2024-02-24,0,701147
CAND-01566,2024-01-25,2024-03-25,0,643360
CAND-01566,2024-01-25,2024-04-24,0,599170
CAND-01567,2024-07-08,2024-08-07,0,718205
CAND-01567,2024-07-08,2024-09-06,0,671264
CAND-01567,2024-07-08,2024-10-06,0,591463
CAND-01568,2024-07-26,2024-08-25,0,592534
CAND-01568,2024-07-26,2024-09-24,0,551386
CAND-01568,2024-07-26,2024-10-24,0,514810
CAND-01568,2024-07-26,2024-11-23,0,459945
CAND-01569,2024-03-31,2024-04-30,0,740918
CAND-01569,2024-03-31,2024-05-30,0,667438
CAND-01569,2024-03-31,2024-06-29,0,622534
CAND-01569,2024-03-31,2024-07-29,30,597276
CAND-01569,2024-03-31,2024-08-28,60,581427
CAND-01570,2024-10-11,2024-11-10,0,485802
CAND-01570,2024-10-11,2024-12-10,0,434186
CAND-01570,2024-10-11,2025-01-09,0,387262
CAND-01571,2024-08-23,2024-09-22,0,685568
CAND-01571,2024-08-23,2024-10-22,0,622724
CAND-01571,2024-08-23,2024-11-21,30,609722
CAND-01571,2024-08-23,2024-12-21,60,587542
CAND-01571,2024-08-23,2025-01-20,90,568206
CAND-01571,2024-08-23,2025-02-19,90,550668
CAND-01572,2024-02-29,2024-03-30,0,637677
CAND-01572,2024-02-29,2024-04-29,0,595165
CAND-01572,2024-02-29,2024-05-29,0,546580
CAND-01572,2024-02-29,2024-06-28,0,506569
CAND-01573,2024-09-09,2024-10-09,0,361246
CAND-01573,2024-09-09,2024-11-08,30,353218
CAND-01573,2024-09-09,2024-12-08,0,329607
CAND-01573,2024-09-09,2025-01-07,0,298731
CAND-01573,2024-09-09,2025-02-06,0,276432
CAND-01573,2024-09-09,2025-03-08,30,268713
CAND-01574,2024-02-26,2024-03-27,0,487778
CAND-01574,2024-02-26,2024-04-26,0,456476
CAND-01574,2024-02-26,2024-05-26,0,415544
CAND-01574,2024-02-26,2024-06-25,0,374612
CAND-01575,2024-04-07,2024-05-07,0,717797
CAND-01575,2024-04-07,2024-06-06,0,672055
CAND-01575,2024-04-07,2024-07-06,0,616511
CAND-01575,2024-04-07,2024-08-05,0,573310
CAND-01576,2024-08-01,2024-08-31,0,918856
CAND-01576,2024-08-01,2024-09-30,30,889374
CAND-01576,2024-08-01,2024-10-30,60,864314
CAND-01576,2024-08-01,2024-11-29,90,843857
CAND-01577,2024-02-13,2024-03-14,0,308212
CAND-01577,2024-02-13,2024-04-13,0,281869
CAND-01577,2024-02-13,2024-05-13,0,259039
CAND-01578,2024-06-03,2024-07-03,0,480920
CAND-01578,2024-06-03,2024-08-02,0,433837
CAND-01578,2024-06-03,2024-09-01,0,386754
CAND-01578,2024-06-03,2024-10-01,0,354384
CAND-01578,2024-06-03,2024-10-31,0,322015
CAND-01578,2024-06-03,2024-11-30,0,278855
CAND-01579,2024-06-06,2024-07-06,30,256608
CAND-01579,2024-06-06,2024-08-05,0,230505
CAND-01579,2024-06-06,2024-09-04,0,210425
CAND-01580,2024-09-13,2024-10-13,0,1839318
CAND-01580,2024-09-13,2024-11-12,0,1655386
CAND-01580,2024-09-13,2024-12-12,0,1510869
CAND-01581,2024-06-11,2024-07-11,0,1167991
CAND-01581,2024-06-11,2024-08-10,0,1043892
CAND-01581,2024-06-11,2024-09-09,0,970892
CAND-01582,2024-04-30,2024-05-30,0,1117301
CAND-01582,2024-04-30,2024-06-29,0,996976
CAND-01582,2024-04-30,2024-07-29,0,926197
CAND-01582,2024-04-30,2024-08-28,0,816811
CAND-01583,2024-03-05,2024-04-04,0,501766
CAND-01583,2024-03-05,2024-05-04,0,467270
CAND-01583,2024-03-05,2024-06-03,0,417093
CAND-01583,2024-03-05,2024-07-03,0,377669
CAND-01584,2024-04-30,2024-05-30,0,281192
CAND-01584,2024-04-30,2024-06-29,0,252788
CAND-01584,2024-04-30,2024-07-29,30,245168
CAND-01584,2024-04-30,2024-08-28,0,221134
CAND-01585,2024-08-29,2024-09-28,0,796766
CAND-01585,2024-08-29,2024-10-28,0,741435
CAND-01585,2024-08-29,2024-11-27,30,719302
CAND-01585,2024-08-29,2024-12-27,0,667226
CAND-01586,2024-06-18,2024-07-18,0,668819
CAND-01586,2024-06-18,2024-08-17,0,626854
CAND-01586,2024-06-18,2024-09-16,0,555513
CAND-01587,2024-02-22,2024-03-23,0,616731
CAND-01587,2024-02-22,2024-04-22,0,579833
CAND-01587,2024-02-22,2024-05-22,0,538322
CAND-01588,2024-09-26,2024-10-26,0,777972
CAND-01588,2024-09-26,2024-11-25,0,712688
CAND-01588,2024-09-26,2024-12-25,0,635534
CAND-01588,2024-09-26,2025-01-24,0,574912
CAND-01589,2024-09-23,2024-10-23,0,485883
CAND-01589,2024-09-23,2024-11-22,0,453729
CAND-01589,2024-09-23,2024-12-22,0,423466
CAND-01590,2024-03-24,2024-04-23,0,1855738
CAND-01590,2024-03-24,2024-05-23,0,1697128
CAND-01590,2024-03-24,2024-06-22,0,1525300
CAND-01591,2024-07-28,2024-08-27,0,1557275
CAND-01591,2024-07-28,2024-09-26,0,1446535
CAND-01591,2024-07-28,2024-10-26,0,1318759
CAND-01591,2024-07-28,2024-11-25,30,1263389
CAND-01591,2024-07-28,2024-12-25,0,1152649
CAND-01592,2024-07-30,2024-08-29,0,402095
CAND-01592,2024-07-30,2024-09-28,0,372608
CAND-01592,2024-07-30,2024-10-28,0,338585
CAND-01592,2024-07-30,2024-11-27,0,309098
CAND-01592,2024-07-30,2024-12-27,0,279611
CAND-01593,2024-03-21,2024-04-20,0,607461
CAND-01593,2024-03-21,2024-05-20,0,566574
CAND-01593,2024-03-21,2024-06-19,0,528093
CAND-01593,2024-03-21,2024-07-19,0,473577
CAND-01594,2024-08-11,2024-09-10,0,271239
CAND-01594,2024-08-11,2024-10-10,0,254345
CAND-01594,2024-08-11,2024-11-09,0,235199
CAND-01594,2024-08-11,2024-12-09,0,211266
CAND-01594,2024-08-11,2025-01-08,30,205023
CAND-01594,2024-08-11,2025-02-07,0,182931
CAND-01595,2024-05-04,2024-06-03,0,499214
CAND-01595,2024-05-04,2024-07-03,0,458413
CAND-01595,2024-05-04,2024-08-02,0,414212
CAND-01595,2024-05-04,2024-09-01,0,381061
CAND-01595,2024-05-04,2024-10-01,0,345700
CAND-01595,2024-05-04,2024-10-31,0,304899
CAND-01596,2024-08-21,2024-09-20,0,233546
CAND-01596,2024-08-21,2024-10-20,0,208635
CAND-01596,2024-08-21,2024-11-19,0,192027
CAND-01597,2024-08-27,2024-09-26,0,522946
CAND-01597,2024-08-27,2024-10-26,30,508699
CAND-01597,2024-08-27,2024-11-25,60,492357
CAND-01598,2024-10-01,2024-10-31,0,673984
CAND-01598,2024-10-01,2024-11-30,0,616954
CAND-01598,2024-10-01,2024-12-30,0,549556
CAND-01598,2024-10-01,2025-01-29,0,508368
CAND-01598,2024-10-01,2025-02-28,0,434230
CAND-01598,2024-10-01,2025-03-30,0,387893
CAND-01599,2024-05-19,2024-06-18,0,930597
CAND-01599,2024-05-19,2024-07-18,0,871645
CAND-01599,2024-05-19,2024-08-17,0,809009
CAND-01599,2024-05-19,2024-09-16,0,717901
CAND-01600,2024-08-15,2024-09-14,0,293231
CAND-01600,2024-08-15,2024-10-14,0,272868
CAND-01600,2024-08-15,2024-11-13,0,240286
CAND-01600,2024-08-15,2024-12-13,0,213135
CAND-01601,2024-06-10,2024-07-10,0,445389
CAND-01601,2024-06-10,2024-08-09,0,397424
CAND-01601,2024-06-10,2024-09-08,30,381436
CAND-01601,2024-06-10,2024-10-08,60,365963
CAND-01602,2024-06-21,2024-07-21,0,653627
CAND-01602,2024-06-21,2024-08-20,0,583907
CAND-01602,2024-06-21,2024-09-19,0,534107
CAND-01603,2024-08-27,2024-09-26,0,1344031
CAND-01603,2024-08-27,2024-10-26,0,1213119
CAND-01603,2024-08-27,2024-11-25,30,1178832
CAND-01603,2024-08-27,2024-12-25,0,1098830
CAND-01604,2024-02-20,2024-03-21,0,709423
CAND-01604,2024-02-20,2024-04-20,30,696251
CAND-01604,2024-02-20,2024-05-20,0,641680
CAND-01604,2024-02-20,2024-06-19,30,622580
CAND-01605,2024-09-28,2024-10-28,0,577003
CAND-01605,2024-09-28,2024-11-27,0,524913
CAND-01605,2024-09-28,2024-12-27,0,490186
CAND-01605,2024-09-28,2025-01-26,30,476295
CAND-01605,2024-09-28,2025-02-25,60,458435
CAND-01606,2024-02-25,2024-03-26,30,546093
CAND-01606,2024-02-25,2024-04-25,0,513386
CAND-01606,2024-02-25,2024-05-25,0,482496
CAND-01606,2024-02-25,2024-06-24,0,451606
CAND-01606,2024-02-25,2024-07-24,0,416854
CAND-01606,2024-02-25,2024-08-23,0,379786
CAND-01607,2024-06-12,2024-07-12,0,1366063
CAND-01607,2024-06-12,2024-08-11,0,1217038
CAND-01607,2024-06-12,2024-09-10,0,1123898
CAND-01607,2024-06-12,2024-10-10,0,1017451
CAND-01607,2024-06-12,2024-11-09,0,881974
CAND-01608,2024-03-04,2024-04-03,0,238730
CAND-01608,2024-03-04,2024-05-03,0,217306
CAND-01608,2024-03-04,2024-06-02,0,201237
CAND-01608,2024-03-04,2024-07-02,0,184098
CAND-01608,2024-03-04,2024-08-01,0,162673
CAND-01608,2024-03-04,2024-08-31,0,142897
CAND-01609,2024-07-25,2024-08-24,0,462075
CAND-01609,2024-07-25,2024-09-23,0,426869
CAND-01609,2024-07-25,2024-10-23,0,388955
CAND-01609,2024-07-25,2024-11-22,0,351042
CAND-01609,2024-07-25,2024-12-22,0,313128
CAND-01610,2024-09-21,2024-10-21,30,327239
CAND-01610,2024-09-21,2024-11-20,0,303294
CAND-01610,2024-09-21,2024-12-20,0,280946
CAND-01610,2024-09-21,2025-01-19,0,259995
CAND-01610,2024-09-21,2025-02-18,0,239044
CAND-01611,2024-05-02,2024-06-01,0,452691
CAND-01611,2024-05-02,2024-07-01,0,415547
CAND-01611,2024-05-02,2024-07-31,0,378403
CAND-01612,2024-09-02,2024-10-02,0,440292
CAND-01612,2024-09-02,2024-11-01,0,396626
CAND-01612,2024-09-02,2024-12-01,0,364605
CAND-01612,2024-09-02,2024-12-31,0,320940
CAND-01613,2024-09-28,2024-10-28,0,1585759
CAND-01613,2024-09-28,2024-11-27,0,1479570
CAND-01613,2024-09-28,2024-12-27,30,1443421
CAND-01613,2024-09-28,2025-01-26,0,1273518
CAND-01613,2024-09-28,2025-02-25,0,1173575
CAND-01613,2024-09-28,2025-03-27,0,1019118
CAND-01614,2024-03-22,2024-04-21,0,378128
CAND-01614,2024-03-22,2024-05-21,0,352346
CAND-01614,2024-03-22,2024-06-20,0,311096
CAND-01614,2024-03-22,2024-07-20,0,286831
CAND-01614,2024-03-22,2024-08-19,0,259331
CAND-01614,2024-03-22,2024-09-18,0,229866
CAND-01615,2024-07-25,2024-08-24,0,717908
CAND-01615,2024-07-25,2024-09-23,0,668054
CAND-01615,2024-07-25,2024-10-23,0,601581
CAND-01615,2024-07-25,2024-11-22,30,584240
CAND-01616,2024-10-04,2024-11-03,0,249422
CAND-01616,2024-10-04,2024-12-03,0,234026
CAND-01616,2024-10-04,2025-01-02,0,218630
CAND-01616,2024-10-04,2025-02-01,0,200154
CAND-01616,2024-10-04,2025-03-03,0,177059
CAND-01616,2024-10-04,2025-04-02,30,167821
CAND-01617,2024-09-14,2024-10-14,0,609645
CAND-01617,2024-09-14,2024-11-13,30,590887
CAND-01617,2024-09-14,2024-12-13,0,549853
CAND-01617,2024-09-14,2025-01-12,0,508819
CAND-01618,2024-04-22,2024-05-22,0,1572360
CAND-01618,2024-04-22,2024-06-21,0,1468307
CAND-01618,2024-04-22,2024-07-21,0,1301822
CAND-01618,2024-04-22,2024-08-20,0,1197769
CAND-01618,2024-04-22,2024-09-19,0,1086778
CAND-01618,2024-04-22,2024-10-19,0,958713
CAND-01619,2024-06-27,2024-07-27,0,819303
CAND-01619,2024-06-27,2024-08-26,0,743442
CAND-01619,2024-06-27,2024-09-25,0,678418
CAND-01619,2024-06-27,2024-10-25,0,602556
CAND-01619,2024-06-27,2024-11-24,0,526695
CAND-01620,2024-06-08,2024-07-08,0,2055564
CAND-01620,2024-06-08,2024-08-07,0,1857703
CAND-01620,2024-06-08,2024-09-06,0,1640055
CAND-01620,2024-06-08,2024-10-06,0,1512026
CAND-01620,2024-06-08,2024-11-05,30,1448012
CAND-01621,2024-09-25,2024-10-25,0,364936
CAND-01621,2024-09-25,2024-11-24,0,342635
CAND-01621,2024-09-25,2024-12-24,0,313961
CAND-01621,2024-09-25,2025-01-23,0,287199
CAND-01621,2024-09-25,2025-02-22,0,250705
CAND-01621,2024-09-25,2025-03-24,0,210562
CAND-01622,2024-02-20,2024-03-21,0,1387346
CAND-01622,2024-02-20,2024-04-20,0,1288250
CAND-01622,2024-02-20,2024-05-20,0,1173908
CAND-01622,2024-02-20,2024-06-19,0,1074812
CAND-01622,2024-02-20,2024-07-19,30,1045083
CAND-01623,2024-04-10,2024-05-10,0,1174719
CAND-01623,2024-04-10,2024-06-09,0,1084356
CAND-01623,2024-04-10,2024-07-09,30,1042187
CAND-01623,2024-04-10,2024-08-08,60,1012066
CAND-01623,2024-04-10,2024-09-07,90,978774
CAND-01624,2024-08-02,2024-09-01,0,417186
CAND-01624,2024-08-02,2024-10-01,0,392226
CAND-01624,2024-08-02,2024-10-31,0,367266
CAND-01624,2024-08-02,2024-11-30,0,322338
CAND-01624,2024-08-02,2024-12-30,0,292387
CAND-01624,2024-08-02,2025-01-29,0,260295
CAND-01625,2024-03-25,2024-04-24,0,724063
CAND-01625,2024-03-25,2024-05-24,0,668366
CAND-01625,2024-03-25,2024-06-23,0,590390
CAND-01626,2024-04-22,2024-05-22,0,612074
CAND-01626,2024-04-22,2024-06-21,0,568719
CAND-01626,2024-04-22,2024-07-21,0,528074
CAND-01626,2024-04-22,2024-08-20,0,487428
CAND-01626,2024-04-22,2024-09-19,0,433234
CAND-01627,2024-07-29,2024-08-28,0,457624
CAND-01627,2024-07-29,2024-09-27,0,423726
CAND-01627,2024-07-29,2024-10-27,0,384613
CAND-01627,2024-07-29,2024-11-26,0,333766
CAND-01628,2024-05-13,2024-06-12,30,399517
CAND-01628,2024-05-13,2024-07-12,0,368170
CAND-01628,2024-05-13,2024-08-11,0,342701
CAND-01629,2024-07-22,2024-08-21,0,1279858
CAND-01629,2024-07-22,2024-09-20,0,1194534
CAND-01629,2024-07-22,2024-10-20,30,1160405
CAND-01629,2024-07-22,2024-11-19,0,1055391
CAND-01630,2024-07-14,2024-08-13,0,593016
CAND-01630,2024-07-14,2024-09-12,0,534204
CAND-01630,2024-07-14,2024-10-12,0,498264
CAND-01630,2024-07-14,2024-11-11,30,484786
CAND-01631,2024-04-10,2024-05-10,0,614110
CAND-01631,2024-04-10,2024-06-09,30,592319
CAND-01631,2024-04-10,2024-07-09,60,573555
CAND-01631,2024-04-10,2024-08-08,90,553084
CAND-01631,2024-04-10,2024-09-07,106,538399
CAND-01632,2024-02-11,2024-03-12,0,422411
CAND-01632,2024-02-11,2024-04-11,0,383690
CAND-01632,2024-02-11,2024-05-11,0,354649
CAND-01632,2024-02-11,2024-06-10,0,308184
CAND-01632,2024-02-11,2024-07-10,0,277207
CAND-01632,2024-02-11,2024-08-09,0,248166
CAND-01634,2024-01-11,2024-02-10,0,578118
CAND-01634,2024-01-11,2024-03-11,0,526236
CAND-01634,2024-01-11,2024-04-10,0,481765
CAND-01634,2024-01-11,2024-05-10,0,440259
CAND-01634,2024-01-11,2024-06-09,0,392368
CAND-01634,2024-01-11,2024-07-09,30,378533
CAND-01635,2024-04-23,2024-05-23,0,333823
CAND-01635,2024-04-23,2024-06-22,0,311568
CAND-01635,2024-04-23,2024-07-22,0,279198
CAND-01635,2024-04-23,2024-08-21,0,258252
CAND-01635,2024-04-23,2024-09-20,0,235997
CAND-01635,2024-04-23,2024-10-20,0,206324
CAND-01636,2024-01-12,2024-02-11,0,620115
CAND-01636,2024-01-12,2024-03-12,30,604792
CAND-01636,2024-01-12,2024-04-11,0,566035
CAND-01636,2024-01-12,2024-05-11,0,529431
CAND-01637,2024-06-09,2024-07-09,0,813389
CAND-01637,2024-06-09,2024-08-08,0,727265
CAND-01637,2024-06-09,2024-09-07,0,679419
CAND-01637,2024-06-09,2024-10-07,0,628758
CAND-01637,2024-06-09,2024-11-06,0,556988
CAND-01637,2024-06-09,2024-12-06,0,470865
CAND-01639,2024-03-17,2024-04-16,0,497948
CAND-01639,2024-03-17,2024-05-16,0,459417
CAND-01639,2024-03-17,2024-06-15,30,445221
CAND-01639,2024-03-17,2024-07-15,60,428874
CAND-01639,2024-03-17,2024-08-14,90,413889
CAND-01639,2024-03-17,2024-09-13,108,400057
CAND-01640,2024-06-03,2024-07-03,0,367034
CAND-01640,2024-06-03,2024-08-02,0,328171
CAND-01640,2024-06-03,2024-09-01,0,302263
CAND-01641,2024-04-18,2024-05-18,0,899947
CAND-01641,2024-04-18,2024-06-17,0,837451
CAND-01641,2024-04-18,2024-07-17,0,778631
CAND-01641,2024-04-18,2024-08-16,0,711968
CAND-01642,2024-05-04,2024-06-03,0,609280
CAND-01642,2024-05-04,2024-07-03,0,559065
CAND-01642,2024-05-04,2024-08-02,0,515545
CAND-01643,2024-02-22,2024-03-23,30,1348241
CAND-01643,2024-02-22,2024-04-22,60,1324291
CAND-01643,2024-02-22,2024-05-22,90,1277988
CAND-01643,2024-02-22,2024-06-21,94,1249639
CAND-01643,2024-02-22,2024-07-21,94,1225269
CAND-01644,2024-05-17,2024-06-16,30,179593
CAND-01644,2024-05-17,2024-07-16,60,173629
CAND-01644,2024-05-17,2024-08-15,90,168633
CAND-01645,2024-06-20,2024-07-20,0,744507
CAND-01645,2024-06-20,2024-08-19,0,694652
CAND-01645,2024-06-20,2024-09-18,0,614883
CAND-01646,2024-07-07,2024-08-06,0,608136
CAND-01646,2024-07-07,2024-09-05,0,543268
CAND-01646,2024-07-07,2024-10-05,0,507230
CAND-01646,2024-07-07,2024-11-04,30,491409
CAND-01647,2024-05-28,2024-06-27,0,1237446
CAND-01647,2024-05-28,2024-07-27,0,1118334
CAND-01647,2024-05-28,2024-08-26,0,999221
CAND-01647,2024-05-28,2024-09-25,0,911872
CAND-01647,2024-05-28,2024-10-25,0,780848
CAND-01647,2024-05-28,2024-11-24,0,698959
CAND-01648,2024-07-31,2024-08-30,0,223936
CAND-01648,2024-07-31,2024-09-29,0,204796
CAND-01648,2024-07-31,2024-10-29,0,190973
CAND-01648,2024-07-31,2024-11-28,0,176337
CAND-01648,2024-07-31,2024-12-28,0,155602
CAND-01649,2024-01-23,2024-02-22,0,226270
CAND-01649,2024-01-23,2024-03-23,0,205529
CAND-01649,2024-01-23,2024-04-22,0,180639
CAND-01650,2024-09-15,2024-10-15,0,1811502
CAND-01650,2024-09-15,2024-11-14,0,1686961
CAND-01650,2024-09-15,2024-12-14,0,1533680
CAND-01650,2024-09-15,2025-01-13,0,1380399
CAND-01650,2024-09-15,2025-02-12,0,1181134
CAND-01650,2024-09-15,2025-03-14,0,1063919
CAND-01651,2024-05-07,2024-06-06,0,434044
CAND-01651,2024-05-07,2024-07-06,30,424574
CAND-01651,2024-05-07,2024-08-05,60,412737
CAND-01652,2024-05-06,2024-06-05,30,765500
CAND-01652,2024-05-06,2024-07-05,0,709550
CAND-01652,2024-05-06,2024-08-04,0,657329
CAND-01652,2024-05-06,2024-09-03,0,578999
CAND-01652,2024-05-06,2024-10-03,0,523049
CAND-01652,2024-05-06,2024-11-02,0,479532
CAND-01653,2024-05-18,2024-06-17,0,1288419
CAND-01653,2024-05-18,2024-07-17,0,1147864
CAND-01653,2024-05-18,2024-08-16,0,1060017
CAND-01653,2024-05-18,2024-09-15,0,972171
CAND-01653,2024-05-18,2024-10-15,0,855042
CAND-01654,2024-06-09,2024-07-09,0,349662
CAND-01654,2024-06-09,2024-08-08,0,322188
CAND-01654,2024-06-09,2024-09-07,0,294715
CAND-01654,2024-06-09,2024-10-07,30,283402
CAND-01655,2024-03-11,2024-04-10,0,836671
CAND-01655,2024-03-11,2024-05-10,0,781111
CAND-01655,2024-03-11,2024-06-09,0,728819
CAND-01655,2024-03-11,2024-07-09,0,665322
CAND-01656,2024-06-28,2024-07-28,30,361502
CAND-01656,2024-06-28,2024-08-27,60,354816
CAND-01656,2024-06-28,2024-09-26,90,344000
CAND-01656,2024-06-28,2024-10-26,111,336496
CAND-01657,2024-07-16,2024-08-15,0,202997
CAND-01657,2024-07-16,2024-09-14,0,189563
CAND-01657,2024-07-16,2024-10-14,30,185858
CAND-01657,2024-07-16,2024-11-13,0,167946
CAND-01657,2024-07-16,2024-12-13,0,153617
CAND-01658,2024-03-12,2024-04-11,0,565062
CAND-01658,2024-03-12,2024-05-11,0,517249
CAND-01658,2024-03-12,2024-06-10,0,460743
CAND-01658,2024-03-12,2024-07-10,0,398586
CAND-01659,2024-06-23,2024-07-23,0,1144855
CAND-01659,2024-06-23,2024-08-22,0,1017649
CAND-01659,2024-06-23,2024-09-21,0,942822
CAND-01659,2024-06-23,2024-10-21,0,867995
CAND-01659,2024-06-23,2024-11-20,0,788491
CAND-01660,2024-09-06,2024-10-06,0,214402
CAND-01660,2024-09-06,2024-11-05,0,201640
CAND-01660,2024-09-06,2024-12-05,0,178668
CAND-01660,2024-09-06,2025-01-04,0,155696
CAND-01660,2024-09-06,2025-02-03,0,140382
CAND-01660,2024-09-06,2025-03-05,0,121239
CAND-01661,2024-03-12,2024-04-11,0,309816
CAND-01661,2024-03-12,2024-05-11,30,303066
CAND-01661,2024-03-12,2024-06-10,60,295243
CAND-01661,2024-03-12,2024-07-10,90,284138
CAND-01662,2024-01-28,2024-02-27,0,640585
CAND-01662,2024-01-28,2024-03-28,0,583644
CAND-01662,2024-01-28,2024-04-27,0,534838
CAND-01662,2024-01-28,2024-05-27,0,477897
CAND-01662,2024-01-28,2024-06-26,0,432344
CAND-01662,2024-01-28,2024-07-26,0,383538
CAND-01663,2024-04-14,2024-05-14,0,447043
CAND-01663,2024-04-14,2024-06-13,0,420297
CAND-01663,2024-04-14,2024-07-13,0,380178
CAND-01664,2024-02-11,2024-03-12,0,1329685
CAND-01664,2024-02-11,2024-04-11,0,1209644
CAND-01664,2024-02-11,2024-05-11,0,1106752
CAND-01664,2024-02-11,2024-06-10,0,975798
CAND-01664,2024-02-11,2024-07-10,0,844844
CAND-01665,2024-03-31,2024-04-30,0,1354269
CAND-01665,2024-03-31,2024-05-30,0,1234360
CAND-01665,2024-03-31,2024-06-29,0,1114451
CAND-01665,2024-03-31,2024-07-29,0,1024519
CAND-01665,2024-03-31,2024-08-28,0,921739
CAND-01666,2024-04-20,2024-05-20,0,2277883
CAND-01666,2024-04-20,2024-06-19,0,2089183
CAND-01666,2024-04-20,2024-07-19,0,1900482
CAND-01666,2024-04-20,2024-08-18,0,1747163
CAND-01667,2024-09-19,2024-10-19,0,851155
CAND-01667,2024-09-19,2024-11-18,0,780645
CAND-01667,2024-09-19,2024-12-18,0,726725
CAND-01668,2024-09-03,2024-10-03,0,334416
CAND-01668,2024-09-03,2024-11-02,0,311615
CAND-01668,2024-09-03,2024-12-02,0,275134
CAND-01668,2024-09-03,2025-01-01,0,250812
CAND-01668,2024-09-03,2025-01-31,0,222749
CAND-01668,2024-09-03,2025-03-02,0,189584
CAND-01669,2024-04-23,2024-05-23,0,687748
CAND-01669,2024-04-23,2024-06-22,0,640856
CAND-01669,2024-04-23,2024-07-22,0,587266
CAND-01669,2024-04-23,2024-08-21,0,524743
CAND-01670,2024-08-27,2024-09-26,0,301119
CAND-01670,2024-08-27,2024-10-26,0,274234
CAND-01670,2024-08-27,2024-11-25,0,256310
CAND-01671,2024-07-11,2024-08-10,0,651465
CAND-01671,2024-07-11,2024-09-09,0,599761
CAND-01671,2024-07-11,2024-10-09,0,559548
CAND-01672,2024-04-12,2024-05-12,0,467146
CAND-01672,2024-04-12,2024-06-11,0,436232
CAND-01672,2024-04-12,2024-07-11,30,427239
CAND-01672,2024-04-12,2024-08-10,60,418855
CAND-01674,2024-05-11,2024-06-10,0,382440
CAND-01674,2024-05-11,2024-07-10,0,351291
CAND-01674,2024-05-11,2024-08-09,0,314478
CAND-01675,2024-02-16,2024-03-17,0,727101
CAND-01675,2024-02-16,2024-04-16,0,661001
CAND-01675,2024-02-16,2024-05-16,0,616934
CAND-01675,2024-02-16,2024-06-15,0,560277
CAND-01675,2024-02-16,2024-07-15,0,510702
CAND-01675,2024-02-16,2024-08-14,0,466635
CAND-01676,2024-09-15,2024-10-15,0,361874
CAND-01676,2024-09-15,2024-11-14,0,331897
CAND-01676,2024-09-15,2024-12-14,0,307540
CAND-01676,2024-09-15,2025-01-13,0,277562
CAND-01676,2024-09-15,2025-02-12,0,238591
CAND-01677,2024-04-18,2024-05-18,0,221286
CAND-01677,2024-04-18,2024-06-17,0,199732
CAND-01677,2024-04-18,2024-07-17,0,181494
CAND-01678,2024-07-31,2024-08-30,0,447979
CAND-01678,2024-07-31,2024-09-29,0,417435
CAND-01678,2024-07-31,2024-10-29,0,379842
CAND-01678,2024-07-31,2024-11-28,0,349298
CAND-01678,2024-07-31,2024-12-28,0,320551
CAND-01678,2024-07-31,2025-01-27,0,282958
CAND-01679,2024-05-23,2024-06-22,0,834845
CAND-01679,2024-05-23,2024-07-22,0,758317
CAND-01679,2024-05-23,2024-08-21,0,707299
CAND-01679,2024-05-23,2024-09-20,0,646077
CAND-01679,2024-05-23,2024-10-20,0,569550
CAND-01679,2024-05-23,2024-11-19,0,486065
CAND-01680,2024-01-25,2024-02-24,30,271464
CAND-01680,2024-01-25,2024-03-25,60,263766
CAND-01680,2024-01-25,2024-04-24,90,258817
CAND-01680,2024-01-25,2024-05-24,95,250420
CAND-01682,2024-05-30,2024-06-29,0,265053
CAND-01682,2024-05-30,2024-07-29,0,239104
CAND-01682,2024-05-30,2024-08-28,0,215317
CAND-01682,2024-05-30,2024-09-27,0,193360
CAND-01683,2024-04-04,2024-05-04,0,498828
CAND-01683,2024-04-04,2024-06-03,30,485318
CAND-01683,2024-04-04,2024-07-03,0,436191
CAND-01683,2024-04-04,2024-08-02,0,382151
CAND-01683,2024-04-04,2024-09-01,30,372326
CAND-01683,2024-04-04,2024-10-01,0,338551
CAND-01684,2024-06-24,2024-07-24,0,719930
CAND-01684,2024-06-24,2024-08-23,0,639938
CAND-01684,2024-06-24,2024-09-22,0,573277
CAND-01685,2024-09-09,2024-10-09,0,531592
CAND-01685,2024-09-09,2024-11-08,0,500091
CAND-01685,2024-09-09,2024-12-08,0,443388
CAND-01685,2024-09-09,2025-01-07,0,396135
CAND-01686,2024-05-21,2024-06-20,0,963934
CAND-01686,2024-05-21,2024-07-20,0,895081
CAND-01686,2024-05-21,2024-08-19,0,834329
CAND-01686,2024-05-21,2024-09-18,0,769780
CAND-01687,2024-03-26,2024-04-25,0,834880
CAND-01687,2024-03-26,2024-05-25,30,818315
CAND-01687,2024-03-26,2024-06-24,0,741011
CAND-01687,2024-03-26,2024-07-24,0,669654
CAND-01687,2024-03-26,2024-08-23,0,585322
CAND-01688,2024-07-30,2024-08-29,30,261934
CAND-01688,2024-07-30,2024-09-28,0,246880
CAND-01688,2024-07-30,2024-10-28,0,228816
CAND-01688,2024-07-30,2024-11-27,0,206235
CAND-01689,2024-03-04,2024-04-03,30,1027274
CAND-01689,2024-03-04,2024-05-03,0,940083
CAND-01689,2024-03-04,2024-06-02,0,852891
CAND-01689,2024-03-04,2024-07-02,0,791344
CAND-01689,2024-03-04,2024-08-01,0,733217
CAND-01689,2024-03-04,2024-08-31,0,652732
CAND-01690,2024-06-09,2024-07-09,0,210358
CAND-01690,2024-06-09,2024-08-08,0,194776
CAND-01690,2024-06-09,2024-09-07,0,176797
CAND-01690,2024-06-09,2024-10-07,0,162188
CAND-01690,2024-06-09,2024-11-06,0,142711
CAND-01690,2024-06-09,2024-12-06,0,127129
CAND-01691,2024-05-24,2024-06-23,0,191169
CAND-01691,2024-05-24,2024-07-23,0,176376
CAND-01691,2024-05-24,2024-08-22,0,161584
CAND-01691,2024-05-24,2024-09-21,0,140874
CAND-01692,2024-06-28,2024-07-28,0,459141
CAND-01692,2024-06-28,2024-08-27,0,410357
CAND-01692,2024-06-28,2024-09-26,0,369704
CAND-01692,2024-06-28,2024-10-26,0,329051
CAND-01692,2024-06-28,2024-11-25,0,298561
CAND-01693,2024-04-11,2024-05-11,0,389541
CAND-01693,2024-04-11,2024-06-10,0,365933
CAND-01693,2024-04-11,2024-07-10,0,340935
CAND-01693,2024-04-11,2024-08-09,0,315938
CAND-01693,2024-04-11,2024-09-08,0,290941
CAND-01694,2024-06-23,2024-07-23,0,746601
CAND-01694,2024-06-23,2024-08-22,0,692999
CAND-01694,2024-06-23,2024-09-21,0,639397
CAND-01694,2024-06-23,2024-10-21,0,592101
CAND-01695,2024-08-23,2024-09-22,0,1625326
CAND-01695,2024-08-23,2024-10-22,0,1467719
CAND-01695,2024-08-23,2024-11-21,0,1352140
CAND-01695,2024-08-23,2024-12-21,0,1255824
CAND-01696,2024-07-04,2024-08-03,30,776916
CAND-01696,2024-07-04,2024-09-02,60,763103
CAND-01696,2024-07-04,2024-10-02,90,740847
CAND-01696,2024-07-04,2024-11-01,99,722638
CAND-01696,2024-07-04,2024-12-01,99,697601
CAND-01696,2024-07-04,2024-12-31,99,683787
CAND-01697,2024-04-18,2024-05-18,0,1621215
CAND-01697,2024-04-18,2024-06-17,0,1505414
CAND-01697,2024-04-18,2024-07-17,0,1408913
CAND-01697,2024-04-18,2024-08-16,0,1284840
CAND-01697,2024-04-18,2024-09-15,0,1151224
CAND-01697,2024-04-18,2024-10-15,0,977522
CAND-01698,2024-01-08,2024-02-07,0,222748
CAND-01698,2024-01-08,2024-03-08,0,208638
CAND-01698,2024-01-08,2024-04-07,0,191503
CAND-01699,2024-05-23,2024-06-22,0,497416
CAND-01699,2024-05-23,2024-07-22,0,457939
CAND-01699,2024-05-23,2024-08-21,0,421093
CAND-01699,2024-05-23,2024-09-20,0,378579
CAND-01700,2024-04-07,2024-05-07,0,122783
CAND-01700,2024-04-07,2024-06-06,0,115437
CAND-01700,2024-04-07,2024-07-06,0,108091
CAND-01700,2024-04-07,2024-08-05,0,100745
CAND-01700,2024-04-07,2024-09-04,0,91300
CAND-01700,2024-04-07,2024-10-04,0,81129
CAND-01701,2024-05-07,2024-06-06,0,1192924
CAND-01701,2024-05-07,2024-07-06,0,1094606
CAND-01701,2024-05-07,2024-08-05,0,1014723
CAND-01701,2024-05-07,2024-09-04,0,916405
CAND-01702,2024-02-27,2024-03-28,0,665134
CAND-01702,2024-02-27,2024-04-27,30,643050
CAND-01702,2024-02-27,2024-05-27,0,603788
CAND-01703,2024-02-11,2024-03-12,0,203435
CAND-01703,2024-02-11,2024-04-11,0,181735
CAND-01703,2024-02-11,2024-05-11,0,163652
CAND-01704,2024-06-27,2024-07-27,0,388435
CAND-01704,2024-06-27,2024-08-26,0,365196
CAND-01704,2024-06-27,2024-09-25,0,323364
CAND-01705,2024-10-14,2024-11-13,0,584482
CAND-01705,2024-10-14,2024-12-13,0,543893
CAND-01705,2024-10-14,2025-01-12,0,507813
CAND-01705,2024-10-14,2025-02-11,0,453695
CAND-01705,2024-10-14,2025-03-13,0,399576
CAND-01706,2024-06-05,2024-07-05,0,437652
CAND-01706,2024-06-05,2024-08-04,0,411468
CAND-01706,2024-06-05,2024-09-03,0,383744
CAND-01706,2024-06-05,2024-10-03,0,354286
CAND-01706,2024-06-05,2024-11-02,0,326562
CAND-01706,2024-06-05,2024-12-02,0,290306
CAND-01707,2024-09-30,2024-10-30,0,420100
CAND-01707,2024-09-30,2024-11-29,0,373422
CAND-01707,2024-09-30,2024-12-29,0,340081
CAND-01708,2024-05-07,2024-06-06,30,631308
CAND-01708,2024-05-07,2024-07-06,60,612924
CAND-01708,2024-05-07,2024-08-05,90,593999
CAND-01708,2024-05-07,2024-09-04,60,576609
CAND-01709,2024-03-20,2024-04-19,0,547194
CAND-01709,2024-03-20,2024-05-19,0,487002
CAND-01709,2024-03-20,2024-06-18,30,472322
CAND-01709,2024-03-20,2024-07-18,60,459236
CAND-01710,2024-01-25,2024-02-24,30,711814
CAND-01710,2024-01-25,2024-03-25,0,639362
CAND-01710,2024-01-25,2024-04-24,0,596742
CAND-01710,2024-01-25,2024-05-24,0,530877
CAND-01711,2024-02-13,2024-03-14,0,580440
CAND-01711,2024-02-13,2024-04-13,0,535791
CAND-01711,2024-02-13,2024-05-13,0,494118
CAND-01711,2024-02-13,2024-06-12,0,442027
CAND-01711,2024-02-13,2024-07-12,0,379518
CAND-01711,2024-02-13,2024-08-11,0,340450
CAND-01713,2024-09-21,2024-10-21,0,1729518
CAND-01713,2024-09-21,2024-11-20,0,1545036
CAND-01713,2024-09-21,2024-12-20,0,1377325
CAND-01714,2024-05-07,2024-06-06,0,341183
CAND-01714,2024-05-07,2024-07-06,0,304628
CAND-01714,2024-05-07,2024-08-05,0,271395
CAND-01715,2024-05-11,2024-06-10,0,388797
CAND-01715,2024-05-11,2024-07-10,0,364167
CAND-01715,2024-05-11,2024-08-09,0,322297
CAND-01715,2024-05-11,2024-09-08,0,284233
CAND-01716,2024-04-13,2024-05-13,30,394361
CAND-01716,2024-04-13,2024-06-12,60,387314
CAND-01716,2024-04-13,2024-07-12,90,376157
CAND-01716,2024-04-13,2024-08-11,119,368433
CAND-01717,2024-06-19,2024-07-19,0,280165
CAND-01717,2024-06-19,2024-08-18,0,259412
CAND-01717,2024-06-19,2024-09-17,0,241100
CAND-01717,2024-06-19,2024-10-17,30,233318
CAND-01717,2024-06-19,2024-11-16,0,212565
CAND-01717,2024-06-19,2024-12-16,0,181436
CAND-01718,2024-01-30,2024-02-29,0,200710
CAND-01718,2024-01-30,2024-03-30,0,185349
CAND-01718,2024-01-30,2024-04-29,30,181576
CAND-01718,2024-01-30,2024-05-29,60,175252
CAND-01719,2024-07-05,2024-08-04,0,923294
CAND-01719,2024-07-05,2024-09-03,0,864805
CAND-01719,2024-07-05,2024-10-03,0,802660
CAND-01719,2024-07-05,2024-11-02,0,712268
CAND-01720,2024-03-17,2024-04-16,0,316890
CAND-01720,2024-03-17,2024-05-16,0,296178
CAND-01720,2024-03-17,2024-06-15,0,276617
CAND-01721,2024-04-17,2024-05-17,0,326963
CAND-01721,2024-04-17,2024-06-16,0,294266
CAND-01721,2024-04-17,2024-07-16,0,261570
CAND-01721,2024-04-17,2024-08-15,0,237593
CAND-01721,2024-04-17,2024-09-14,0,211903
CAND-01722,2024-02-04,2024-03-05,0,487262
CAND-01722,2024-02-04,2024-04-04,0,452612
CAND-01722,2024-02-04,2024-05-04,0,422039
CAND-01722,2024-02-04,2024-06-03,0,370064
CAND-01723,2024-09-18,2024-10-18,0,670615
CAND-01723,2024-09-18,2024-11-17,0,619029
CAND-01723,2024-09-18,2024-12-17,0,558846
CAND-01723,2024-09-18,2025-01-16,0,516364
CAND-01724,2024-03-29,2024-04-28,0,560800
CAND-01724,2024-03-29,2024-05-28,0,523246
CAND-01724,2024-03-29,2024-06-27,0,489865
CAND-01724,2024-03-29,2024-07-27,0,449808
CAND-01725,2024-03-31,2024-04-30,0,403847
CAND-01725,2024-03-31,2024-05-30,0,374853
CAND-01725,2024-03-31,2024-06-29,0,341398
CAND-01725,2024-03-31,2024-07-29,0,297907
CAND-01725,2024-03-31,2024-08-28,30,283877
CAND-01726,2024-03-18,2024-04-17,0,762260
CAND-01726,2024-03-18,2024-05-17,0,713345
CAND-01726,2024-03-18,2024-06-16,0,667147
CAND-01726,2024-03-18,2024-07-16,0,615175
CAND-01726,2024-03-18,2024-08-15,0,559738
CAND-01726,2024-03-18,2024-09-14,0,513540
CAND-01727,2024-08-25,2024-09-24,0,288384
CAND-01727,2024-08-25,2024-10-24,0,262168
CAND-01727,2024-08-25,2024-11-23,0,230707
CAND-01728,2024-07-04,2024-08-03,0,324346
CAND-01728,2024-07-04,2024-09-02,0,297837
CAND-01728,2024-07-04,2024-10-02,30,291571
CAND-01728,2024-07-04,2024-11-01,0,262853
CAND-01728,2024-07-04,2024-12-01,0,236344
CAND-01728,2024-07-04,2024-12-31,0,217199
CAND-01729,2024-05-11,2024-06-10,0,866276
CAND-01729,2024-05-11,2024-07-10,0,807622
CAND-01729,2024-05-11,2024-08-09,0,735432
CAND-01729,2024-05-11,2024-09-08,30,719526
CAND-01729,2024-05-11,2024-10-08,0,641321
CAND-01730,2024-03-10,2024-04-09,0,508548
CAND-01730,2024-03-10,2024-05-09,0,476764
CAND-01730,2024-03-10,2024-06-08,0,431736
CAND-01730,2024-03-10,2024-07-08,0,401717
CAND-01731,2024-05-13,2024-06-12,0,360475
CAND-01731,2024-05-13,2024-07-12,0,331013
CAND-01731,2024-05-13,2024-08-11,0,292713
CAND-01732,2024-05-04,2024-06-03,0,476711
CAND-01732,2024-05-04,2024-07-03,0,423743
CAND-01732,2024-05-04,2024-08-02,0,375591
CAND-01732,2024-05-04,2024-09-01,0,342486
CAND-01732,2024-05-04,2024-10-01,0,301741
CAND-01733,2024-09-25,2024-10-25,0,982830
CAND-01733,2024-09-25,2024-11-24,0,907948
CAND-01733,2024-09-25,2024-12-24,0,842426
CAND-01733,2024-09-25,2025-01-23,0,761783
CAND-01734,2024-09-12,2024-10-12,0,843066
CAND-01734,2024-09-12,2024-11-11,0,793302
CAND-01734,2024-09-12,2024-12-11,0,737317
CAND-01734,2024-09-12,2025-01-10,0,684625
CAND-01735,2024-04-19,2024-05-19,0,310594
CAND-01735,2024-04-19,2024-06-18,0,277707
CAND-01735,2024-04-19,2024-07-18,0,252410
CAND-01735,2024-04-19,2024-08-17,0,234140
CAND-01735,2024-04-19,2024-09-16,0,214795
CAND-01735,2024-04-19,2024-10-16,0,192871
CAND-01736,2024-07-27,2024-08-26,0,396724
CAND-01736,2024-07-27,2024-09-25,0,358254
CAND-01736,2024-07-27,2024-10-25,0,334744
CAND-01737,2024-02-20,2024-03-21,0,2042712
CAND-01737,2024-02-20,2024-04-20,0,1846088
CAND-01737,2024-02-20,2024-05-20,0,1649463
CAND-01737,2024-02-20,2024-06-19,30,1599164
CAND-01737,2024-02-20,2024-07-19,0,1471936
CAND-01737,2024-02-20,2024-08-18,0,1255649
CAND-01738,2024-05-14,2024-06-13,30,728770
CAND-01738,2024-05-14,2024-07-13,60,714865
CAND-01738,2024-05-14,2024-08-12,90,698180
CAND-01738,2024-05-14,2024-09-11,60,683740
CAND-01738,2024-05-14,2024-10-11,90,667055
CAND-01739,2024-04-24,2024-05-24,0,310030
CAND-01739,2024-04-24,2024-06-23,0,280187
CAND-01739,2024-04-24,2024-07-23,0,254936
CAND-01739,2024-04-24,2024-08-22,0,229685
CAND-01739,2024-04-24,2024-09-21,0,207800
CAND-01739,2024-04-24,2024-10-21,0,187284
CAND-01740,2024-02-22,2024-03-23,0,568969
CAND-01740,2024-02-22,2024-04-22,0,514012
CAND-01740,2024-02-22,2024-05-22,0,467510
CAND-01741,2024-06-16,2024-07-16,0,1148313
CAND-01741,2024-06-16,2024-08-15,30,1113758
CAND-01741,2024-06-16,2024-09-14,60,1092673
CAND-01741,2024-06-16,2024-10-14,90,1060775
CAND-01741,2024-06-16,2024-11-13,60,1034858
CAND-01741,2024-06-16,2024-12-13,90,1010935
CAND-01742,2024-02-14,2024-03-15,0,162299
CAND-01742,2024-02-14,2024-04-14,0,152018
CAND-01742,2024-02-14,2024-05-14,0,141737
CAND-01742,2024-02-14,2024-06-13,0,131455
CAND-01742,2024-02-14,2024-07-13,0,118010
CAND-01743,2024-07-13,2024-08-12,0,255717
CAND-01743,2024-07-13,2024-09-11,0,239734
CAND-01743,2024-07-13,2024-10-11,0,224640
CAND-01744,2024-01-24,2024-02-23,0,1176293
CAND-01744,2024-01-24,2024-03-24,0,1099411
CAND-01744,2024-01-24,2024-04-23,0,1022529
CAND-01744,2024-01-24,2024-05-23,0,921991
CAND-01745,2024-09-30,2024-10-30,0,397133
CAND-01745,2024-09-30,2024-11-29,0,358774
CAND-01745,2024-09-30,2024-12-29,0,332402
CAND-01745,2024-09-30,2025-01-28,0,304271
CAND-01745,2024-09-30,2025-02-27,0,269108
CAND-01746,2024-05-09,2024-06-08,30,1256538
CAND-01746,2024-05-09,2024-07-08,60,1224484
CAND-01746,2024-05-09,2024-08-07,90,1190742
CAND-01746,2024-05-09,2024-09-06,105,1157866
CAND-01746,2024-05-09,2024-10-06,105,1126593
CAND-01746,2024-05-09,2024-11-05,105,1104861
CAND-01747,2024-10-23,2024-11-22,0,302973
CAND-01747,2024-10-23,2024-12-22,0,275922
CAND-01747,2024-10-23,2025-01-21,0,243460
CAND-01747,2024-10-23,2025-02-20,0,220274
CAND-01748,2024-05-09,2024-06-08,0,462094
CAND-01748,2024-05-09,2024-07-08,0,433570
CAND-01748,2024-05-09,2024-08-07,0,396896
CAND-01748,2024-05-09,2024-09-06,0,366693
CAND-01748,2024-05-09,2024-10-06,0,320017
CAND-01749,2024-02-26,2024-03-27,0,423776
CAND-01749,2024-02-26,2024-04-26,30,413503
CAND-01749,2024-02-26,2024-05-26,60,402227
CAND-01749,2024-02-26,2024-06-25,90,390951
CAND-01749,2024-02-26,2024-07-25,110,375541
CAND-01750,2024-03-03,2024-04-02,30,271716
CAND-01750,2024-03-03,2024-05-02,60,266652
CAND-01750,2024-03-03,2024-06-01,90,259323
CAND-01750,2024-03-03,2024-07-01,100,251796
CAND-01750,2024-03-03,2024-07-31,100,242512
CAND-01751,2024-03-20,2024-04-19,0,1142170
CAND-01751,2024-03-20,2024-05-19,0,1069815
CAND-01751,2024-03-20,2024-06-18,0,981956
CAND-01751,2024-03-20,2024-07-18,0,870135
CAND-01751,2024-03-20,2024-08-17,0,788133
CAND-01752,2024-07-04,2024-08-03,0,381381
CAND-01752,2024-07-04,2024-09-02,0,355378
CAND-01752,2024-07-04,2024-10-02,0,325660
CAND-01752,2024-07-04,2024-11-01,0,287837
CAND-01752,2024-07-04,2024-12-01,30,280538
CAND-01752,2024-07-04,2024-12-31,0,252801
CAND-01753,2024-10-11,2024-11-10,0,995543
CAND-01753,2024-10-11,2024-12-10,0,936284
CAND-01753,2024-10-11,2025-01-09,0,865174
CAND-01753,2024-10-11,2025-02-08,0,788985
CAND-01753,2024-10-11,2025-03-10,0,692016
CAND-01754,2024-04-23,2024-05-23,0,212613
CAND-01754,2024-04-23,2024-06-22,0,194895
CAND-01754,2024-04-23,2024-07-22,0,179540
CAND-01755,2024-04-27,2024-05-27,0,554429
CAND-01755,2024-04-27,2024-06-26,0,519641
CAND-01755,2024-04-27,2024-07-26,0,477399
CAND-01755,2024-04-27,2024-08-25,0,440437
CAND-01755,2024-04-27,2024-09-24,0,403475
CAND-01755,2024-04-27,2024-10-24,0,368688
CAND-01756,2024-08-02,2024-09-01,0,582129
CAND-01756,2024-08-02,2024-10-01,0,547633
CAND-01756,2024-08-02,2024-10-31,0,485539
CAND-01756,2024-08-02,2024-11-30,0,444143
CAND-01756,2024-08-02,2024-12-30,0,387694
CAND-01756,2024-08-02,2025-01-29,0,343342
CAND-01757,2024-08-02,2024-09-01,0,327499
CAND-01757,2024-08-02,2024-10-01,0,298388
CAND-01757,2024-08-02,2024-10-31,0,269277
CAND-01758,2024-06-30,2024-07-30,0,362524
CAND-01758,2024-06-30,2024-08-29,30,351041
CAND-01758,2024-06-30,2024-09-28,0,318507
CAND-01758,2024-06-30,2024-10-28,0,292479
CAND-01758,2024-06-30,2024-11-27,0,264593
CAND-01760,2024-04-08,2024-05-08,30,491327
CAND-01760,2024-04-08,2024-06-07,60,480408
CAND-01760,2024-04-08,2024-07-07,90,467191
CAND-01760,2024-04-08,2024-08-06,92,456505
CAND-01761,2024-06-21,2024-07-21,0,811525
CAND-01761,2024-06-21,2024-08-20,0,759810
CAND-01761,2024-06-21,2024-09-19,0,701200
CAND-01761,2024-06-21,2024-10-19,0,633573
CAND-01762,2024-01-17,2024-02-16,0,737694
CAND-01762,2024-01-17,2024-03-17,0,657218
CAND-01762,2024-01-17,2024-04-16,0,612509
CAND-01762,2024-01-17,2024-05-16,0,558859
CAND-01762,2024-01-17,2024-06-15,0,505209
CAND-01762,2024-01-17,2024-07-15,0,451558
CAND-01763,2024-03-02,2024-04-01,0,687722
CAND-01763,2024-03-02,2024-05-01,0,614365
CAND-01763,2024-03-02,2024-05-31,0,541008
CAND-01763,2024-03-02,2024-06-30,0,484579
CAND-01763,2024-03-02,2024-07-30,0,417891
CAND-01764,2024-08-29,2024-09-28,0,822901
CAND-01764,2024-08-29,2024-10-28,0,764612
CAND-01764,2024-08-29,2024-11-27,0,709966
CAND-01764,2024-08-29,2024-12-27,30,695147
CAND-01764,2024-08-29,2025-01-26,0,632695
CAND-01764,2024-08-29,2025-02-25,0,584121
CAND-01765,2024-01-24,2024-02-23,0,494213
CAND-01765,2024-01-24,2024-03-24,0,461394
CAND-01765,2024-01-24,2024-04-23,0,432222
CAND-01765,2024-01-24,2024-05-23,0,394714
CAND-01765,2024-01-24,2024-06-22,0,365542
CAND-01765,2024-01-24,2024-07-22,0,334654
CAND-01766,2024-04-17,2024-05-17,0,1016149
CAND-01766,2024-04-17,2024-06-16,0,942247
CAND-01766,2024-04-17,2024-07-16,0,877040
CAND-01766,2024-04-17,2024-08-15,0,807757
CAND-01766,2024-04-17,2024-09-14,0,722486
CAND-01766,2024-04-17,2024-10-14,0,637214
CAND-01767,2024-01-28,2024-02-27,0,333337
CAND-01767,2024-01-28,2024-03-28,0,311946
CAND-01767,2024-01-28,2024-04-27,0,289219
CAND-01767,2024-01-28,2024-05-27,0,252855
CAND-01767,2024-01-28,2024-06-26,0,232652
CAND-01767,2024-01-28,2024-07-26,0,208410
CAND-01768,2024-06-22,2024-07-22,0,4145132
CAND-01768,2024-06-22,2024-08-21,0,3684562
CAND-01768,2024-06-22,2024-09-20,0,3377515
CAND-01769,2024-09-12,2024-10-12,0,579124
CAND-01769,2024-09-12,2024-11-11,0,536655
CAND-01769,2024-09-12,2024-12-11,0,496840
CAND-01770,2024-05-08,2024-06-07,0,1416825
CAND-01770,2024-05-08,2024-07-07,30,1373453
CAND-01770,2024-05-08,2024-08-06,60,1339719
CAND-01771,2024-03-05,2024-04-04,0,565998
CAND-01771,2024-03-05,2024-05-04,30,553649
CAND-01771,2024-03-05,2024-06-03,60,541775
CAND-01771,2024-03-05,2024-07-03,90,521857
CAND-01771,2024-03-05,2024-08-02,119,504215
CAND-01771,2024-03-05,2024-09-01,119,488779
CAND-01772,2024-06-10,2024-07-10,0,2029173
CAND-01772,2024-06-10,2024-08-09,0,1810646
CAND-01772,2024-06-10,2024-09-08,0,1689243
CAND-01772,2024-06-10,2024-10-08,0,1567839
CAND-01772,2024-06-10,2024-11-07,0,1446436
CAND-01773,2024-05-16,2024-06-15,0,246693
CAND-01773,2024-05-16,2024-07-15,0,231328
CAND-01773,2024-05-16,2024-08-14,0,215002
CAND-01774,2024-04-17,2024-05-17,0,416366
CAND-01774,2024-04-17,2024-06-16,0,390343
CAND-01774,2024-04-17,2024-07-16,0,346104
CAND-01775,2024-03-20,2024-04-19,30,929251
CAND-01775,2024-03-20,2024-05-19,60,907057
CAND-01775,2024-03-20,2024-06-18,30,890014
CAND-01775,2024-03-20,2024-07-18,60,871661
CAND-01776,2024-08-11,2024-09-10,0,946656
CAND-01776,2024-08-11,2024-10-10,0,880916
CAND-01776,2024-08-11,2024-11-09,0,822480
CAND-01777,2024-03-12,2024-04-11,0,381684
CAND-01777,2024-03-12,2024-05-11,0,358552
CAND-01777,2024-03-12,2024-06-10,0,332528
CAND-01777,2024-03-12,2024-07-10,0,306504
CAND-01777,2024-03-12,2024-08-09,0,271806
CAND-01778,2024-02-14,2024-03-15,0,2040680
CAND-01778,2024-02-14,2024-04-14,0,1895565
CAND-01778,2024-02-14,2024-05-14,0,1774636
CAND-01778,2024-02-14,2024-06-13,0,1576751
CAND-01778,2024-02-14,2024-07-13,0,1378867
CAND-01779,2024-08-27,2024-09-26,0,284416
CAND-01779,2024-08-27,2024-10-26,0,260549
CAND-01779,2024-08-27,2024-11-25,30,252163
CAND-01779,2024-08-27,2024-12-25,0,230001
CAND-01779,2024-08-27,2025-01-24,0,204145
CAND-01779,2024-08-27,2025-02-23,0,183460
CAND-01780,2024-04-05,2024-05-05,30,882351
CAND-01780,2024-04-05,2024-06-04,0,828718
CAND-01780,2024-04-05,2024-07-04,0,745831
CAND-01780,2024-04-05,2024-08-03,0,675695
CAND-01780,2024-04-05,2024-09-02,0,584519
CAND-01780,2024-04-05,2024-10-02,0,519393
CAND-01781,2024-09-26,2024-10-26,30,776708
CAND-01781,2024-09-26,2024-11-25,0,723600
CAND-01781,2024-09-26,2024-12-25,0,651180
CAND-01781,2024-09-26,2025-01-24,0,578759
CAND-01781,2024-09-26,2025-02-23,0,531899
CAND-01782,2024-09-04,2024-10-04,0,420881
CAND-01782,2024-09-04,2024-11-03,0,390016
CAND-01782,2024-09-04,2024-12-03,30,382169
CAND-01782,2024-09-04,2025-01-02,60,369657
CAND-01783,2024-02-27,2024-03-28,0,1299590
CAND-01783,2024-02-27,2024-04-27,0,1217263
CAND-01783,2024-02-27,2024-05-27,0,1139509
CAND-01783,2024-02-27,2024-06-26,0,1039541
CAND-01783,2024-02-27,2024-07-26,0,931883
CAND-01784,2024-04-23,2024-05-23,0,1006198
CAND-01784,2024-04-23,2024-06-22,0,921058
CAND-01784,2024-04-23,2024-07-22,0,835918
CAND-01784,2024-04-23,2024-08-21,0,750779
CAND-01785,2024-04-01,2024-05-01,0,715783
CAND-01785,2024-04-01,2024-05-31,0,657484
CAND-01785,2024-04-01,2024-06-30,0,603349
CAND-01785,2024-04-01,2024-07-30,0,545050
CAND-01785,2024-04-01,2024-08-29,0,486751
CAND-01786,2024-09-24,2024-10-24,30,470949
CAND-01786,2024-09-24,2024-11-23,60,462387
CAND-01786,2024-09-24,2024-12-23,90,451489
CAND-01786,2024-09-24,2025-01-22,117,439793
CAND-01786,2024-09-24,2025-02-21,117,426093
CAND-01786,2024-09-24,2025-03-23,117,415669
CAND-01787,2024-08-29,2024-09-28,0,310073
CAND-01787,2024-08-29,2024-10-28,0,290933
CAND-01787,2024-08-29,2024-11-27,0,266324
CAND-01787,2024-08-29,2024-12-27,0,239822
CAND-01787,2024-08-29,2025-01-26,0,216854
CAND-01788,2024-05-18,2024-06-17,30,608314
CAND-01788,2024-05-18,2024-07-17,60,597542
CAND-01788,2024-05-18,2024-08-16,30,578610
CAND-01789,2024-01-14,2024-02-13,0,463520
CAND-01789,2024-01-14,2024-03-14,30,449474
CAND-01789,2024-01-14,2024-04-13,0,419729
CAND-01790,2024-01-26,2024-02-25,0,724815
CAND-01790,2024-01-26,2024-03-26,30,711351
CAND-01790,2024-01-26,2024-04-25,0,641583
CAND-01791,2024-08-12,2024-09-11,0,130037
CAND-01791,2024-08-12,2024-10-11,0,117141
CAND-01791,2024-08-12,2024-11-10,0,104245
CAND-01791,2024-08-12,2024-12-10,30,101712
CAND-01791,2024-08-12,2025-01-09,0,87526
CAND-01791,2024-08-12,2025-02-08,0,76614
CAND-01792,2024-07-16,2024-08-15,0,456999
CAND-01792,2024-07-16,2024-09-14,0,412258
CAND-01792,2024-07-16,2024-10-14,30,402214
CAND-01792,2024-07-16,2024-11-13,0,364356
CAND-01792,2024-07-16,2024-12-13,0,333597
CAND-01792,2024-07-16,2025-01-12,0,304646
CAND-01793,2024-07-29,2024-08-28,0,1611664
CAND-01793,2024-07-29,2024-09-27,0,1510089
CAND-01793,2024-07-29,2024-10-27,0,1377259
CAND-01793,2024-07-29,2024-11-26,0,1204581
CAND-01794,2024-03-13,2024-04-12,0,466949
CAND-01794,2024-03-13,2024-05-12,0,425442
CAND-01794,2024-03-13,2024-06-11,0,397771
CAND-01794,2024-03-13,2024-07-11,0,356265
CAND-01794,2024-03-13,2024-08-10,0,310985
CAND-01794,2024-03-13,2024-09-09,0,261177
CAND-01795,2024-10-12,2024-11-11,30,375230
CAND-01795,2024-10-12,2024-12-11,0,352591
CAND-01795,2024-10-12,2025-01-10,0,320521
CAND-01795,2024-10-12,2025-02-09,0,285534
CAND-01795,2024-10-12,2025-03-11,0,253463
CAND-01795,2024-10-12,2025-04-10,0,227806
CAND-01796,2024-06-21,2024-07-21,0,377961
CAND-01796,2024-06-21,2024-08-20,0,335966
CAND-01796,2024-06-21,2024-09-19,0,305969
CAND-01796,2024-06-21,2024-10-19,0,273664
CAND-01796,2024-06-21,2024-11-18,0,235486
CAND-01796,2024-06-21,2024-12-18,30,224718
CAND-01797,2024-06-26,2024-07-26,0,697947
CAND-01797,2024-06-26,2024-08-25,0,653733
CAND-01797,2024-06-26,2024-09-24,0,606756
CAND-01797,2024-06-26,2024-10-24,0,544120
CAND-01798,2024-07-02,2024-08-01,0,248572
CAND-01798,2024-07-02,2024-08-31,30,241619
CAND-01798,2024-07-02,2024-09-30,0,216968
CAND-01798,2024-07-02,2024-10-30,0,197598
CAND-01799,2024-09-17,2024-10-17,0,1485977
CAND-01799,2024-09-17,2024-11-16,0,1373592
CAND-01799,2024-09-17,2024-12-16,0,1261207
CAND-01799,2024-09-17,2025-01-15,0,1156315
CAND-01799,2024-09-17,2025-02-14,0,1051422
CAND-01799,2024-09-17,2025-03-16,0,920307
CAND-01800,2024-05-10,2024-06-09,0,580695
CAND-01800,2024-05-10,2024-07-09,0,539401
CAND-01800,2024-05-10,2024-08-08,30,522660
CAND-01800,2024-05-10,2024-09-07,0,460720
CAND-01800,2024-05-10,2024-10-07,0,424284
CAND-01801,2024-07-23,2024-08-22,0,1216029
CAND-01801,2024-07-23,2024-09-21,0,1098572
CAND-01801,2024-07-23,2024-10-21,0,1012436
CAND-01801,2024-07-23,2024-11-20,0,920148
CAND-01801,2024-07-23,2024-12-20,0,848369
CAND-01802,2024-08-28,2024-09-27,30,191541
CAND-01802,2024-08-28,2024-10-27,0,175148
CAND-01802,2024-08-28,2024-11-26,0,155476
CAND-01802,2024-08-28,2024-12-26,0,144547
CAND-01802,2024-08-28,2025-01-25,0,132253
CAND-01802,2024-08-28,2025-02-24,0,114369
CAND-01803,2024-04-23,2024-05-23,0,364992
CAND-01803,2024-04-23,2024-06-22,30,358009
CAND-01803,2024-04-23,2024-07-22,0,325420
CAND-01803,2024-04-23,2024-08-21,0,299349
CAND-01803,2024-04-23,2024-09-20,0,277624
CAND-01804,2024-08-12,2024-09-11,0,603093
CAND-01804,2024-08-12,2024-10-11,0,561973
CAND-01804,2024-08-12,2024-11-10,0,511364
CAND-01804,2024-08-12,2024-12-10,0,470244
CAND-01805,2024-04-27,2024-05-27,0,281140
CAND-01805,2024-04-27,2024-06-26,0,250470
CAND-01805,2024-04-27,2024-07-26,0,224912
CAND-01805,2024-04-27,2024-08-25,0,203005
CAND-01806,2024-07-09,2024-08-08,0,447429
CAND-01806,2024-07-09,2024-09-07,0,402686
CAND-01806,2024-07-09,2024-10-07,0,361672
CAND-01806,2024-07-09,2024-11-06,0,312455
CAND-01807,2024-03-09,2024-04-08,0,1065475
CAND-01807,2024-03-09,2024-05-08,0,994966
CAND-01807,2024-03-09,2024-06-07,0,892407
CAND-01808,2024-02-15,2024-03-16,0,313906
CAND-01808,2024-02-15,2024-04-15,0,294723
CAND-01808,2024-02-15,2024-05-15,0,268162
CAND-01809,2024-02-10,2024-03-11,0,695597
CAND-01809,2024-02-10,2024-04-10,0,619714
CAND-01809,2024-02-10,2024-05-10,0,569125
CAND-01809,2024-02-10,2024-06-09,0,493241
CAND-01809,2024-02-10,2024-07-09,0,442653
CAND-01810,2024-09-05,2024-10-05,0,516258
CAND-01810,2024-09-05,2024-11-04,0,470706
CAND-01810,2024-09-05,2024-12-04,0,440338
CAND-01810,2024-09-05,2025-01-03,0,390644
CAND-01811,2024-03-02,2024-04-01,0,406543
CAND-01811,2024-03-02,2024-05-01,0,381222
CAND-01811,2024-03-02,2024-05-31,0,354318
CAND-01811,2024-03-02,2024-06-30,0,315186
CAND-01811,2024-03-02,2024-07-30,0,276053
CAND-01811,2024-03-02,2024-08-29,0,245306
CAND-01812,2024-05-12,2024-06-11,0,378325
CAND-01812,2024-05-12,2024-07-11,0,344827
CAND-01812,2024-05-12,2024-08-10,0,318029
CAND-01812,2024-05-12,2024-09-09,0,289317
CAND-01812,2024-05-12,2024-10-09,0,266985
CAND-01812,2024-05-12,2024-11-08,0,230443
CAND-01813,2024-09-02,2024-10-02,0,341262
CAND-01813,2024-09-02,2024-11-01,0,310792
CAND-01813,2024-09-02,2024-12-01,0,277552
CAND-01813,2024-09-02,2024-12-31,0,257239
CAND-01813,2024-09-02,2025-01-30,0,234387
CAND-01813,2024-09-02,2025-03-01,0,206261
CAND-01815,2024-04-12,2024-05-12,0,757184
CAND-01815,2024-04-12,2024-06-11,0,698593
CAND-01815,2024-04-12,2024-07-11,0,640001
CAND-01815,2024-04-12,2024-08-10,0,594430
CAND-01816,2024-03-30,2024-04-29,0,537470
CAND-01816,2024-03-30,2024-05-29,0,487704
CAND-01816,2024-03-30,2024-06-28,0,454527
CAND-01816,2024-03-30,2024-07-28,0,400237
CAND-01816,2024-03-30,2024-08-27,0,354300
CAND-01816,2024-03-30,2024-09-26,0,308362
CAND-01817,2024-09-16,2024-10-16,0,515704
CAND-01817,2024-09-16,2024-11-15,0,470043
CAND-01817,2024-09-16,2024-12-15,0,435797
CAND-01817,2024-09-16,2025-01-14,30,417533
CAND-01817,2024-09-16,2025-02-13,60,404168
CAND-01818,2024-08-29,2024-09-28,0,1209167
CAND-01818,2024-08-29,2024-10-28,0,1101685
CAND-01818,2024-08-29,2024-11-27,0,1025816
CAND-01819,2024-09-04,2024-10-04,0,452812
CAND-01819,2024-09-04,2024-11-03,0,414814
CAND-01819,2024-09-04,2024-12-03,0,369907
CAND-01820,2024-07-23,2024-08-22,0,778170
CAND-01820,2024-07-23,2024-09-21,0,725113
CAND-01820,2024-07-23,2024-10-21,0,672056
CAND-01820,2024-07-23,2024-11-20,0,587165
CAND-01821,2024-05-21,2024-06-20,0,520188
CAND-01821,2024-05-21,2024-07-20,30,501828
CAND-01821,2024-05-21,2024-08-19,60,491993
CAND-01821,2024-05-21,2024-09-18,90,481978
CAND-01821,2024-05-21,2024-10-18,120,472315
CAND-01822,2024-04-15,2024-05-15,30,1694001
CAND-01822,2024-04-15,2024-06-14,60,1652323
CAND-01822,2024-04-15,2024-07-14,90,1619907
CAND-01822,2024-04-15,2024-08-13,97,1589197
CAND-01822,2024-04-15,2024-09-12,97,1554875
CAND-01822,2024-04-15,2024-10-12,97,1504861
CAND-01823,2024-04-15,2024-05-15,0,1263291
CAND-01823,2024-04-15,2024-06-14,0,1182787
CAND-01823,2024-04-15,2024-07-14,0,1077513
CAND-01823,2024-04-15,2024-08-13,0,953098
CAND-01823,2024-04-15,2024-09-12,30,923979
CAND-01824,2024-10-01,2024-10-31,0,236112
CAND-01824,2024-10-01,2024-11-30,0,211112
CAND-01824,2024-10-01,2024-12-30,0,193255
CAND-01824,2024-10-01,2025-01-29,0,172421
CAND-01824,2024-10-01,2025-02-28,0,147421
CAND-01824,2024-10-01,2025-03-30,0,126588
CAND-01825,2024-01-28,2024-02-27,0,213459
CAND-01825,2024-01-28,2024-03-28,0,193892
CAND-01825,2024-01-28,2024-04-27,0,177120
CAND-01826,2024-10-01,2024-10-31,0,309915
CAND-01826,2024-10-01,2024-11-30,0,286395
CAND-01826,2024-10-01,2024-12-30,0,268101
CAND-01826,2024-10-01,2025-01-29,0,235173
CAND-01826,2024-10-01,2025-02-28,0,205238
CAND-01827,2024-02-24,2024-03-25,30,617712
CAND-01827,2024-02-24,2024-04-24,60,604025
CAND-01827,2024-02-24,2024-05-24,90,592578
CAND-01828,2024-03-20,2024-04-19,30,588145
CAND-01828,2024-03-20,2024-05-19,60,576240
CAND-01828,2024-03-20,2024-06-18,90,564785
CAND-01829,2024-06-26,2024-07-26,0,1283743
CAND-01829,2024-06-26,2024-08-25,0,1176016
CAND-01829,2024-06-26,2024-09-24,0,1068290
CAND-01829,2024-06-26,2024-10-24,0,951586
CAND-01830,2024-06-10,2024-07-10,30,313549
CAND-01830,2024-06-10,2024-08-09,60,304873
CAND-01830,2024-06-10,2024-09-08,90,299338
CAND-01830,2024-06-10,2024-10-08,116,292359
CAND-01830,2024-06-10,2024-11-07,116,284128
CAND-01831,2024-04-11,2024-05-11,0,376992
CAND-01831,2024-04-11,2024-06-10,0,335866
CAND-01831,2024-04-11,2024-07-10,0,311674
CAND-01831,2024-04-11,2024-08-09,0,277402
CAND-01831,2024-04-11,2024-09-08,0,251698
CAND-01832,2024-06-29,2024-07-29,0,210305
CAND-01832,2024-06-29,2024-08-28,0,197560
CAND-01832,2024-06-29,2024-09-27,0,179912
CAND-01833,2024-10-02,2024-11-01,0,297897
CAND-01833,2024-10-02,2024-12-01,0,266246
CAND-01833,2024-10-02,2024-12-31,0,245145
CAND-01833,2024-10-02,2025-01-30,0,220797
CAND-01833,2024-10-02,2025-03-01,0,196450
CAND-01833,2024-10-02,2025-03-31,0,172103
CAND-01834,2024-06-03,2024-07-03,0,710526
CAND-01834,2024-06-03,2024-08-02,0,663343
CAND-01834,2024-06-03,2024-09-01,0,616159
CAND-01835,2024-08-15,2024-09-14,0,1464148
CAND-01835,2024-08-15,2024-10-14,30,1434774
CAND-01835,2024-08-15,2024-11-13,0,1302594
CAND-01835,2024-08-15,2024-12-13,0,1209291
CAND-01836,2024-02-08,2024-03-09,0,559590
CAND-01836,2024-02-08,2024-04-08,0,519797
CAND-01836,2024-02-08,2024-05-08,0,477162
CAND-01836,2024-02-08,2024-06-07,0,434526
CAND-01836,2024-02-08,2024-07-07,0,388611
CAND-01836,2024-02-08,2024-08-06,0,348818
CAND-01837,2024-03-29,2024-04-28,0,492473
CAND-01837,2024-03-29,2024-05-28,0,451433
CAND-01837,2024-03-29,2024-06-27,0,418089
CAND-01837,2024-03-29,2024-07-27,0,382521
CAND-01838,2024-09-15,2024-10-15,0,507022
CAND-01838,2024-09-15,2024-11-14,0,461249
CAND-01838,2024-09-15,2024-12-14,0,426920
CAND-01838,2024-09-15,2025-01-13,0,381147
CAND-01838,2024-09-15,2025-02-12,0,341913
CAND-01839,2024-04-24,2024-05-24,0,252572
CAND-01839,2024-04-24,2024-06-23,0,235858
CAND-01839,2024-04-24,2024-07-23,30,231247
CAND-01839,2024-04-24,2024-08-22,0,216390
CAND-01840,2024-08-01,2024-08-31,0,428291
CAND-01840,2024-08-01,2024-09-30,0,394300
CAND-01840,2024-08-01,2024-10-30,0,362574
CAND-01841,2024-02-03,2024-03-04,0,379032
CAND-01841,2024-02-03,2024-04-03,0,356658
CAND-01841,2024-02-03,2024-05-03,0,331488
CAND-01841,2024-02-03,2024-06-02,0,291216
CAND-01841,2024-02-03,2024-07-02,30,283758
CAND-01842,2024-03-05,2024-04-04,0,683852
CAND-01842,2024-03-05,2024-05-04,0,607869
CAND-01842,2024-03-05,2024-06-03,0,549420
CAND-01842,2024-03-05,2024-07-03,0,490971
CAND-01842,2024-03-05,2024-08-02,0,440315
CAND-01843,2024-03-10,2024-04-09,0,502746
CAND-01843,2024-03-10,2024-05-09,0,452887
CAND-01843,2024-03-10,2024-06-08,0,403028
CAND-01843,2024-03-10,2024-07-08,0,372558
CAND-01844,2024-03-20,2024-04-19,0,369273
CAND-01844,2024-03-20,2024-05-19,30,356510
CAND-01844,2024-03-20,2024-06-18,0,326076
CAND-01844,2024-03-20,2024-07-18,0,304095
CAND-01844,2024-03-20,2024-08-17,0,282115
CAND-01844,2024-03-20,2024-09-16,0,253854
CAND-01845,2024-03-05,2024-04-04,0,658663
CAND-01845,2024-03-05,2024-05-04,0,617150
CAND-01845,2024-03-05,2024-06-03,0,552995
CAND-01845,2024-03-05,2024-07-03,0,505948
CAND-01846,2024-05-10,2024-06-09,30,320653
CAND-01846,2024-05-10,2024-07-09,0,295513
CAND-01846,2024-05-10,2024-08-08,0,265802
CAND-01846,2024-05-10,2024-09-07,0,245376
CAND-01846,2024-05-10,2024-10-07,0,215665
CAND-01846,2024-05-10,2024-11-06,0,188430
CAND-01847,2024-05-06,2024-06-05,0,516141
CAND-01847,2024-05-06,2024-07-05,30,498936
CAND-01847,2024-05-06,2024-08-04,60,486856
CAND-01847,2024-05-06,2024-09-03,30,471915
CAND-01847,2024-05-06,2024-10-03,60,462127
CAND-01848,2024-03-20,2024-04-19,0,247349
CAND-01848,2024-03-20,2024-05-19,0,224862
CAND-01848,2024-03-20,2024-06-18,0,204106
CAND-01848,2024-03-20,2024-07-18,0,183349
CAND-01849,2024-09-26,2024-10-26,30,541244
CAND-01849,2024-09-26,2024-11-25,0,495181
CAND-01849,2024-09-26,2024-12-25,0,449118
CAND-01850,2024-03-27,2024-04-26,0,273612
CAND-01850,2024-03-27,2024-05-26,0,256722
CAND-01850,2024-03-27,2024-06-25,0,239832
CAND-01850,2024-03-27,2024-07-25,0,216447
CAND-01850,2024-03-27,2024-08-24,0,186046
CAND-01851,2024-05-19,2024-06-18,0,1218840
CAND-01851,2024-05-19,2024-07-18,0,1125976
CAND-01851,2024-05-19,2024-08-17,0,1017635
CAND-01851,2024-05-19,2024-09-16,30,985132
CAND-01852,2024-09-14,2024-10-14,0,857033
CAND-01852,2024-09-14,2024-11-13,0,798599
CAND-01852,2024-09-14,2024-12-13,0,746657
CAND-01852,2024-09-14,2025-01-12,0,691661
CAND-01853,2024-02-26,2024-03-27,0,376550
CAND-01853,2024-02-26,2024-04-26,0,336680
CAND-01853,2024-02-26,2024-05-26,0,300435
CAND-01854,2024-04-08,2024-05-08,0,713701
CAND-01854,2024-04-08,2024-06-07,0,642921
CAND-01854,2024-04-08,2024-07-07,0,599666
CAND-01854,2024-04-08,2024-08-06,0,551005
CAND-01854,2024-04-08,2024-09-05,0,486123
CAND-01855,2024-08-11,2024-09-10,0,221566
CAND-01855,2024-08-11,2024-10-10,0,201256
CAND-01855,2024-08-11,2024-11-09,0,187716
CAND-01855,2024-08-11,2024-12-09,0,168968
CAND-01855,2024-08-11,2025-01-08,30,163782
CAND-01855,2024-08-11,2025-02-07,60,159095
CAND-01856,2024-02-06,2024-03-07,0,504401
CAND-01856,2024-02-06,2024-04-06,0,450358
CAND-01856,2024-02-06,2024-05-06,0,420334
CAND-01856,2024-02-06,2024-06-05,0,366291
CAND-01856,2024-02-06,2024-07-05,0,336268
CAND-01856,2024-02-06,2024-08-04,0,306244
CAND-01857,2024-02-11,2024-03-12,0,781147
CAND-01857,2024-02-11,2024-04-11,0,711402
CAND-01857,2024-02-11,2024-05-11,0,655605
CAND-01857,2024-02-11,2024-06-10,0,579520
CAND-01858,2024-03-17,2024-04-16,0,596880
CAND-01858,2024-03-17,2024-05-16,0,542618
CAND-01858,2024-03-17,2024-06-15,0,501922
CAND-01858,2024-03-17,2024-07-15,0,463619
CAND-01858,2024-03-17,2024-08-14,0,427445
CAND-01859,2024-06-16,2024-07-16,0,539696
CAND-01859,2024-06-16,2024-08-15,0,505833
CAND-01859,2024-06-16,2024-09-14,0,461550
CAND-01860,2024-02-17,2024-03-18,0,347657
CAND-01860,2024-02-17,2024-04-17,0,320341
CAND-01860,2024-02-17,2024-05-17,0,296440
CAND-01860,2024-02-17,2024-06-16,0,270945
CAND-01861,2024-08-16,2024-09-15,0,116394
CAND-01861,2024-08-16,2024-10-15,0,109020
CAND-01861,2024-08-16,2024-11-14,0,101647
CAND-01862,2024-05-25,2024-06-24,0,420052
CAND-01862,2024-05-25,2024-07-24,30,411816
CAND-01862,2024-05-25,2024-08-23,60,402147
CAND-01862,2024-05-25,2024-09-22,90,387800
CAND-01863,2024-01-10,2024-02-09,0,447631
CAND-01863,2024-01-10,2024-03-10,0,419751
CAND-01863,2024-01-10,2024-04-09,0,390128
CAND-01863,2024-01-10,2024-05-09,0,347041
CAND-01864,2024-02-16,2024-03-17,0,407197
CAND-01864,2024-02-16,2024-04-16,0,373027
CAND-01864,2024-02-16,2024-05-16,0,338856
CAND-01865,2024-08-27,2024-09-26,0,652080
CAND-01865,2024-08-27,2024-10-26,0,591702
CAND-01865,2024-08-27,2024-11-25,0,519249
CAND-01865,2024-08-27,2024-12-25,0,478997
CAND-01865,2024-08-27,2025-01-24,0,433714
CAND-01865,2024-08-27,2025-02-23,0,377980
CAND-01866,2024-06-12,2024-07-12,0,636736
CAND-01866,2024-06-12,2024-08-11,0,573589
CAND-01866,2024-06-12,2024-09-10,0,523973
CAND-01866,2024-06-12,2024-10-10,0,477665
CAND-01867,2024-06-26,2024-07-26,30,1197671
CAND-01867,2024-06-26,2024-08-25,60,1161231
CAND-01867,2024-06-26,2024-09-24,90,1122513
CAND-01867,2024-06-26,2024-10-24,105,1099569
CAND-01868,2024-06-23,2024-07-23,30,1522701
CAND-01868,2024-06-23,2024-08-22,0,1392284
CAND-01868,2024-06-23,2024-09-21,30,1363303
CAND-01868,2024-06-23,2024-10-21,60,1332003
CAND-01868,2024-06-23,2024-11-20,90,1295608
CAND-01869,2024-02-02,2024-03-03,0,813346
CAND-01869,2024-02-02,2024-04-02,0,760186
CAND-01869,2024-02-02,2024-05-02,0,678030
CAND-01869,2024-02-02,2024-06-01,0,617782
CAND-01869,2024-02-02,2024-07-01,0,548265
CAND-01869,2024-02-02,2024-07-31,0,488018
CAND-01870,2024-06-11,2024-07-11,0,1604309
CAND-01870,2024-06-11,2024-08-10,30,1568658
CAND-01870,2024-06-11,2024-09-09,0,1431538
CAND-01871,2024-02-25,2024-03-26,0,674678
CAND-01871,2024-02-25,2024-04-25,0,609736
CAND-01871,2024-02-25,2024-05-25,30,592727
CAND-01871,2024-02-25,2024-06-24,0,541701
CAND-01871,2024-02-25,2024-07-24,0,499680
CAND-01871,2024-02-25,2024-08-23,0,444728
CAND-01872,2024-02-12,2024-03-13,0,185654
CAND-01872,2024-02-12,2024-04-12,0,171067
CAND-01872,2024-02-12,2024-05-12,0,159054
CAND-01872,2024-02-12,2024-06-11,0,146290
CAND-01872,2024-02-12,2024-07-11,0,127725
CAND-01872,2024-02-12,2024-08-10,0,110706
CAND-01873,2024-05-30,2024-06-29,0,1115815
CAND-01873,2024-05-30,2024-07-29,0,1034665
CAND-01873,2024-05-30,2024-08-28,0,947718
CAND-01873,2024-05-30,2024-09-27,0,854084
CAND-01873,2024-05-30,2024-10-27,0,767137
CAND-01873,2024-05-30,2024-11-26,0,673502
CAND-01874,2024-02-29,2024-03-30,0,487468
CAND-01874,2024-02-29,2024-04-29,0,443944
CAND-01874,2024-02-29,2024-05-29,0,411301
CAND-01875,2024-02-14,2024-03-15,0,504158
CAND-01875,2024-02-14,2024-04-14,0,457477
CAND-01875,2024-02-14,2024-05-14,0,410796
CAND-01875,2024-02-14,2024-06-13,0,379675
CAND-01875,2024-02-14,2024-07-13,0,346723
CAND-01876,2024-06-27,2024-07-27,0,803427
CAND-01876,2024-06-27,2024-08-26,0,752791
CAND-01876,2024-06-27,2024-09-25,0,695403
CAND-01876,2024-06-27,2024-10-25,0,617148
CAND-01877,2024-09-09,2024-10-09,0,574863
CAND-01877,2024-09-09,2024-11-08,0,529695
CAND-01877,2024-09-09,2024-12-08,0,490173
CAND-01877,2024-09-09,2025-01-07,0,448017
CAND-01877,2024-09-09,2025-02-06,0,402849
CAND-01878,2024-09-06,2024-10-06,0,3038750
CAND-01878,2024-09-06,2024-11-05,0,2853049
CAND-01878,2024-09-06,2024-12-05,0,2595924
CAND-01878,2024-09-06,2025-01-04,0,2373082
CAND-01878,2024-09-06,2025-02-03,0,2164168
CAND-01878,2024-09-06,2025-03-05,30,2056341
CAND-01879,2024-04-14,2024-05-14,0,702334
CAND-01879,2024-04-14,2024-06-13,30,681013
CAND-01879,2024-04-14,2024-07-13,60,661376
CAND-01879,2024-04-14,2024-08-12,90,644416
CAND-01879,2024-04-14,2024-09-11,120,624247
CAND-01879,2024-04-14,2024-10-11,120,608701
CAND-01880,2024-07-02,2024-08-01,0,262270
CAND-01880,2024-07-02,2024-08-31,0,244618
CAND-01880,2024-07-02,2024-09-30,0,225788
CAND-01881,2024-01-19,2024-02-18,0,862701
CAND-01881,2024-01-19,2024-03-19,0,810416
CAND-01881,2024-01-19,2024-04-18,0,751595
CAND-01881,2024-01-19,2024-05-18,0,657482
CAND-01881,2024-01-19,2024-06-17,0,585088
CAND-01882,2024-07-24,2024-08-23,0,548303
CAND-01882,2024-07-24,2024-09-22,0,509138
CAND-01882,2024-07-24,2024-10-22,0,476501
CAND-01882,2024-07-24,2024-11-21,0,439784
CAND-01882,2024-07-24,2024-12-21,0,397822
CAND-01883,2024-01-30,2024-02-29,0,477115
CAND-01883,2024-01-30,2024-03-30,0,442416
CAND-01883,2024-01-30,2024-04-29,0,413500
CAND-01883,2024-01-30,2024-05-29,0,384584
CAND-01883,2024-01-30,2024-06-28,0,352053
CAND-01884,2024-02-19,2024-03-20,0,413056
CAND-01884,2024-02-19,2024-04-19,0,372823
CAND-01884,2024-02-19,2024-05-19,0,348237
CAND-01884,2024-02-19,2024-06-18,0,314194
CAND-01884,2024-02-19,2024-07-18,0,288161
CAND-01884,2024-02-19,2024-08-17,0,251281
CAND-01885,2024-05-05,2024-06-04,0,414551
CAND-01885,2024-05-05,2024-07-04,0,376166
CAND-01885,2024-05-05,2024-08-03,0,349072
CAND-01885,2024-05-05,2024-09-02,0,313640
CAND-01885,2024-05-05,2024-10-02,0,286545
CAND-01885,2024-05-05,2024-11-01,0,248161
CAND-01886,2024-03-31,2024-04-30,0,633096
CAND-01886,2024-03-31,2024-05-30,30,613715
CAND-01886,2024-03-31,2024-06-29,60,598642
CAND-01886,2024-03-31,2024-07-29,90,585597
CAND-01886,2024-03-31,2024-08-28,94,573036
CAND-01887,2024-06-01,2024-07-01,30,1086934
CAND-01887,2024-06-01,2024-07-31,60,1066742
CAND-01887,2024-06-01,2024-08-30,30,1036727
CAND-01888,2024-04-08,2024-05-08,0,771930
CAND-01888,2024-04-08,2024-06-07,0,707602
CAND-01888,2024-04-08,2024-07-07,0,631579
CAND-01888,2024-04-08,2024-08-06,0,555555
CAND-01888,2024-04-08,2024-09-05,30,539158
CAND-01888,2024-04-08,2024-10-05,0,483408
CAND-01889,2024-05-06,2024-06-05,0,425812
CAND-01889,2024-05-06,2024-07-05,0,378499
CAND-01889,2024-05-06,2024-08-04,0,350668
CAND-01890,2024-04-28,2024-05-28,0,1770088
CAND-01890,2024-04-28,2024-06-27,0,1582016
CAND-01890,2024-04-28,2024-07-27,0,1477531
CAND-01890,2024-04-28,2024-08-26,0,1373047
CAND-01891,2024-03-14,2024-04-13,0,1193135
CAND-01891,2024-03-14,2024-05-13,0,1074808
CAND-01891,2024-03-14,2024-06-12,0,956480
CAND-01891,2024-03-14,2024-07-12,0,826320
CAND-01891,2024-03-14,2024-08-11,0,696160
CAND-01891,2024-03-14,2024-09-10,0,566000
CAND-01892,2024-08-28,2024-09-27,30,526827
CAND-01892,2024-08-28,2024-10-27,60,514848
CAND-01892,2024-08-28,2024-11-26,90,498992
CAND-01893,2024-02-25,2024-03-26,0,559338
CAND-01893,2024-02-25,2024-04-25,0,519855
CAND-01893,2024-02-25,2024-05-25,0,482840
CAND-01894,2024-03-06,2024-04-05,0,696204
CAND-01894,2024-03-06,2024-05-05,0,636699
CAND-01894,2024-03-06,2024-06-04,0,585129
CAND-01894,2024-03-06,2024-07-04,0,542153
CAND-01894,2024-03-06,2024-08-03,0,490582
CAND-01894,2024-03-06,2024-09-02,0,445079
CAND-01895,2024-05-07,2024-06-06,0,320358
CAND-01895,2024-05-07,2024-07-06,0,285410
CAND-01895,2024-05-07,2024-08-05,0,258527
CAND-01895,2024-05-07,2024-09-04,0,226756
CAND-01896,2024-08-08,2024-09-07,0,498944
CAND-01896,2024-08-08,2024-10-07,0,459345
CAND-01896,2024-08-08,2024-11-06,0,408947
CAND-01896,2024-08-08,2024-12-06,0,362748
CAND-01896,2024-08-08,2025-01-05,0,330138
CAND-01896,2024-08-08,2025-02-04,0,279739
CAND-01897,2024-02-18,2024-03-19,0,761027
CAND-01897,2024-02-18,2024-04-18,0,686901
CAND-01897,2024-02-18,2024-05-18,0,638937
CAND-01897,2024-02-18,2024-06-17,0,593638
CAND-01898,2024-05-16,2024-06-15,0,1274382
CAND-01898,2024-05-16,2024-07-15,0,1187492
CAND-01898,2024-05-16,2024-08-14,0,1100603
CAND-01899,2024-05-15,2024-06-14,0,751152
CAND-01899,2024-05-15,2024-07-14,0,706211
CAND-01899,2024-05-15,2024-08-13,0,648430
CAND-01899,2024-05-15,2024-09-12,0,574891
CAND-01900,2024-06-21,2024-07-21,0,109719
CAND-01900,2024-06-21,2024-08-20,0,98636
CAND-01900,2024-06-21,2024-09-19,0,86445
CAND-01900,2024-06-21,2024-10-19,0,76286
CAND-01900,2024-06-21,2024-11-18,0,68159
CAND-01900,2024-06-21,2024-12-18,0,58781
CAND-01901,2024-08-01,2024-08-31,0,232965
CAND-01901,2024-08-01,2024-09-30,0,216140
CAND-01901,2024-08-01,2024-10-30,0,196726
CAND-01902,2024-08-15,2024-09-14,0,1618724
CAND-01902,2024-08-15,2024-10-14,0,1458190
CAND-01902,2024-08-15,2024-11-13,0,1297655
CAND-01902,2024-08-15,2024-12-13,0,1137120
CAND-01902,2024-08-15,2025-01-12,0,1010986
CAND-01903,2024-03-11,2024-04-10,30,1289031
CAND-01903,2024-03-11,2024-05-10,60,1257029
CAND-01903,2024-03-11,2024-06-09,90,1232274
CAND-01903,2024-03-11,2024-07-09,120,1199473
CAND-01904,2024-06-25,2024-07-25,0,469164
CAND-01904,2024-06-25,2024-08-24,0,439943
CAND-01904,2024-06-25,2024-09-23,0,394783
CAND-01904,2024-06-25,2024-10-23,0,359300
CAND-01904,2024-06-25,2024-11-22,30,349364
CAND-01904,2024-06-25,2024-12-22,0,313881
CAND-01905,2024-08-30,2024-09-29,0,493977
CAND-01905,2024-08-30,2024-10-29,0,462498
CAND-01905,2024-08-30,2024-11-28,0,417903
CAND-01905,2024-08-30,2024-12-28,0,376738
CAND-01906,2024-01-22,2024-02-21,0,1011372
CAND-01906,2024-01-22,2024-03-22,0,937818
CAND-01906,2024-01-22,2024-04-21,0,864263
CAND-01906,2024-01-22,2024-05-21,0,779393
CAND-01907,2024-06-05,2024-07-05,0,687699
CAND-01907,2024-06-05,2024-08-04,0,625982
CAND-01907,2024-06-05,2024-09-03,0,584838
CAND-01908,2024-02-05,2024-03-06,0,718676
CAND-01908,2024-02-05,2024-04-05,30,701686
CAND-01908,2024-02-05,2024-05-05,0,648451
CAND-01908,2024-02-05,2024-06-04,0,581907
CAND-01908,2024-02-05,2024-07-04,0,502054
CAND-01908,2024-02-05,2024-08-03,0,455082
CAND-01909,2024-04-30,2024-05-30,30,743754
CAND-01909,2024-04-30,2024-06-29,0,680143
CAND-01909,2024-04-30,2024-07-29,0,610750
CAND-01909,2024-04-30,2024-08-28,0,552032
CAND-01910,2024-03-12,2024-04-11,0,468211
CAND-01910,2024-03-12,2024-05-11,0,432538
CAND-01910,2024-03-12,2024-06-10,0,394120
CAND-01910,2024-03-12,2024-07-10,0,362906
CAND-01910,2024-03-12,2024-08-09,0,321288
CAND-01910,2024-03-12,2024-09-08,0,291910
CAND-01911,2024-06-16,2024-07-16,0,496242
CAND-01911,2024-06-16,2024-08-15,0,442800
CAND-01911,2024-06-16,2024-09-14,0,394217
CAND-01911,2024-06-16,2024-10-14,30,383311
CAND-01911,2024-06-16,2024-11-13,0,345138
CAND-01912,2024-06-05,2024-07-05,0,1578404
CAND-01912,2024-06-05,2024-08-04,0,1485556
CAND-01912,2024-06-05,2024-09-03,30,1441576
CAND-01913,2024-02-09,2024-03-10,0,624456
CAND-01913,2024-02-09,2024-04-09,0,587724
CAND-01913,2024-02-09,2024-05-09,0,521605
CAND-01913,2024-02-09,2024-06-08,0,474377
CAND-01914,2024-09-14,2024-10-14,30,494866
CAND-01914,2024-09-14,2024-11-13,60,478596
CAND-01914,2024-09-14,2024-12-13,90,468088
CAND-01915,2024-04-25,2024-05-25,0,411093
CAND-01915,2024-04-25,2024-06-24,0,386732
CAND-01915,2024-04-25,2024-07-24,0,357498
CAND-01915,2024-04-25,2024-08-23,0,320957
CAND-01916,2024-04-30,2024-05-30,0,890734
CAND-01916,2024-04-30,2024-06-29,0,831087
CAND-01916,2024-04-30,2024-07-29,0,774948
CAND-01916,2024-04-30,2024-08-28,0,706780
CAND-01917,2024-02-06,2024-03-07,0,519096
CAND-01917,2024-02-06,2024-04-06,0,483408
CAND-01917,2024-02-06,2024-05-06,0,431499
CAND-01917,2024-02-06,2024-06-05,0,395811
CAND-01917,2024-02-06,2024-07-05,0,357744
CAND-01917,2024-02-06,2024-08-04,0,310160
CAND-01919,2024-02-24,2024-03-25,0,959073
CAND-01919,2024-02-24,2024-04-24,0,894520
CAND-01919,2024-02-24,2024-05-24,0,825664
CAND-01920,2024-03-12,2024-04-11,0,246912
CAND-01920,2024-03-12,2024-05-11,0,222221
CAND-01920,2024-03-12,2024-06-10,0,204114
CAND-01920,2024-03-12,2024-07-10,0,181480
CAND-01920,2024-03-12,2024-08-09,30,173250
CAND-01920,2024-03-12,2024-09-08,60,165909
CAND-01921,2024-06-11,2024-07-11,0,109299
CAND-01921,2024-06-11,2024-08-10,30,106567
CAND-01921,2024-06-11,2024-09-09,0,99052
CAND-01921,2024-06-11,2024-10-09,0,89033
CAND-01922,2024-07-15,2024-08-14,0,239608
CAND-01922,2024-07-15,2024-09-13,0,218393
CAND-01922,2024-07-15,2024-10-13,0,201421
CAND-01922,2024-07-15,2024-11-12,0,187277
CAND-01922,2024-07-15,2024-12-12,0,170305
CAND-01922,2024-07-15,2025-01-11,0,156161
CAND-01923,2024-02-18,2024-03-19,0,355468
CAND-01923,2024-02-18,2024-04-18,0,317382
CAND-01923,2024-02-18,2024-05-18,30,307089
CAND-01923,2024-02-18,2024-06-17,0,279885
CAND-01923,2024-02-18,2024-07-17,0,245261
CAND-01924,2024-08-15,2024-09-14,30,708256
CAND-01924,2024-08-15,2024-10-14,0,641975
CAND-01924,2024-08-15,2024-11-13,0,593370
CAND-01924,2024-08-15,2024-12-13,0,552865
CAND-01925,2024-03-24,2024-04-23,0,723386
CAND-01925,2024-03-24,2024-05-23,0,679544
CAND-01925,2024-03-24,2024-06-22,0,623176
CAND-01925,2024-03-24,2024-07-22,0,570567
CAND-01925,2024-03-24,2024-08-21,0,491652
CAND-01925,2024-03-24,2024-09-20,0,447810
CAND-01926,2024-02-08,2024-03-09,0,1187474
CAND-01926,2024-02-08,2024-04-08,30,1152290
CAND-01926,2024-02-08,2024-05-08,0,1046736
CAND-01926,2024-02-08,2024-06-07,30,1019787
CAND-01926,2024-02-08,2024-07-07,60,986454
CAND-01926,2024-02-08,2024-08-06,90,962998
CAND-01927,2024-06-07,2024-07-07,0,962220
CAND-01927,2024-06-07,2024-08-06,0,877024
CAND-01927,2024-06-07,2024-09-05,0,813126
CAND-01927,2024-06-07,2024-10-05,0,749229
CAND-01928,2024-09-02,2024-10-02,0,932347
CAND-01928,2024-09-02,2024-11-01,0,873585
CAND-01928,2024-09-02,2024-12-01,0,790340
CAND-01928,2024-09-02,2024-12-31,30,761799
CAND-01929,2024-03-23,2024-04-22,0,156788
CAND-01929,2024-03-23,2024-05-22,0,147207
CAND-01929,2024-03-23,2024-06-21,0,137062
CAND-01929,2024-03-23,2024-07-21,0,126916
CAND-01929,2024-03-23,2024-08-20,0,117335
CAND-01930,2024-03-19,2024-04-18,0,509594
CAND-01930,2024-03-19,2024-05-18,0,473195
CAND-01930,2024-03-19,2024-06-17,0,439070
CAND-01930,2024-03-19,2024-07-17,0,404946
CAND-01931,2024-06-07,2024-07-07,0,568688
CAND-01931,2024-06-07,2024-08-06,0,534664
CAND-01931,2024-06-07,2024-09-05,0,483628
CAND-01931,2024-06-07,2024-10-05,0,439882
CAND-01931,2024-06-07,2024-11-04,0,405858
CAND-01931,2024-06-07,2024-12-04,0,354822
CAND-01932,2024-01-27,2024-02-26,0,615378
CAND-01932,2024-01-27,2024-03-27,0,548712
CAND-01932,2024-01-27,2024-04-26,0,511675
CAND-01932,2024-01-27,2024-05-26,0,445009
CAND-01933,2024-09-30,2024-10-30,0,308974
CAND-01933,2024-09-30,2024-11-29,0,288376
CAND-01933,2024-09-30,2024-12-29,0,267777
CAND-01933,2024-09-30,2025-01-28,0,242426
CAND-01933,2024-09-30,2025-02-27,0,223039
CAND-01934,2024-08-21,2024-09-20,0,578618
CAND-01934,2024-08-21,2024-10-20,0,527563
CAND-01934,2024-08-21,2024-11-19,0,476509
CAND-01934,2024-08-21,2024-12-19,30,464256
CAND-01935,2024-04-21,2024-05-21,0,633267
CAND-01935,2024-04-21,2024-06-20,0,593533
CAND-01935,2024-04-21,2024-07-20,0,537242
CAND-01935,2024-04-21,2024-08-19,0,475835
CAND-01935,2024-04-21,2024-09-18,0,438308
CAND-01936,2024-04-08,2024-05-08,30,493651
CAND-01936,2024-04-08,2024-06-07,0,447226
CAND-01936,2024-04-08,2024-07-07,0,417186
CAND-01937,2024-07-07,2024-08-06,0,784462
CAND-01937,2024-07-07,2024-09-05,0,728896
CAND-01937,2024-07-07,2024-10-05,0,664781
CAND-01938,2024-08-03,2024-09-02,0,315403
CAND-01938,2024-08-03,2024-10-02,0,292040
CAND-01938,2024-08-03,2024-11-01,0,262836
CAND-01938,2024-08-03,2024-12-01,0,239473
CAND-01938,2024-08-03,2024-12-31,0,210269
CAND-01938,2024-08-03,2025-01-30,30,204329
CAND-01941,2024-02-09,2024-03-10,0,499035
CAND-01941,2024-02-09,2024-04-09,0,448627
CAND-01941,2024-02-09,2024-05-09,0,393179
CAND-01941,2024-02-09,2024-06-08,0,360562
CAND-01941,2024-02-09,2024-07-08,0,310155
CAND-01941,2024-02-09,2024-08-07,30,299282
CAND-01942,2024-04-19,2024-05-19,0,2917313
CAND-01942,2024-04-19,2024-06-18,0,2739033
CAND-01942,2024-04-19,2024-07-18,30,2676110
CAND-01943,2024-05-18,2024-06-17,0,440109
CAND-01943,2024-05-18,2024-07-17,0,397599
CAND-01943,2024-05-18,2024-08-16,0,368373
CAND-01943,2024-05-18,2024-09-15,0,332402
CAND-01943,2024-05-18,2024-10-15,0,293434
CAND-01944,2024-07-03,2024-08-02,0,1598608
CAND-01944,2024-07-03,2024-09-01,30,1552702
CAND-01944,2024-07-03,2024-10-01,60,1517316
CAND-01944,2024-07-03,2024-10-31,90,1475889
CAND-01945,2024-04-15,2024-05-15,0,610908
CAND-01945,2024-04-15,2024-06-14,0,574706
CAND-01945,2024-04-15,2024-07-14,0,531264
CAND-01945,2024-04-15,2024-08-13,30,513163
CAND-01945,2024-04-15,2024-09-12,0,469720
CAND-01946,2024-05-10,2024-06-09,0,259062
CAND-01946,2024-05-10,2024-07-09,0,239469
CAND-01946,2024-05-10,2024-08-08,30,234389
CAND-01946,2024-05-10,2024-09-07,0,206959
CAND-01946,2024-05-10,2024-10-07,0,187366
CAND-01947,2024-10-09,2024-11-08,30,942730
CAND-01947,2024-10-09,2024-12-08,0,873572
CAND-01947,2024-10-09,2025-01-07,0,776751
CAND-01948,2024-05-15,2024-06-14,0,549888
CAND-01948,2024-05-15,2024-07-14,0,491462
CAND-01948,2024-05-15,2024-08-13,0,446520
CAND-01948,2024-05-15,2024-09-12,0,393405
CAND-01949,2024-02-19,2024-03-20,0,278684
CAND-01949,2024-02-19,2024-04-19,0,261120
CAND-01949,2024-02-19,2024-05-19,0,233975
CAND-01949,2024-02-19,2024-06-18,0,217387
CAND-01949,2024-02-19,2024-07-18,0,187528
CAND-01950,2024-05-27,2024-06-26,30,577397
CAND-01950,2024-05-27,2024-07-26,60,567366
CAND-01950,2024-05-27,2024-08-25,30,555761
CAND-01950,2024-05-27,2024-09-24,60,544380
CAND-01952,2024-09-25,2024-10-25,0,760017
CAND-01952,2024-09-25,2024-11-24,0,712680
CAND-01952,2024-09-25,2024-12-24,0,659032
CAND-01953,2024-03-23,2024-04-22,30,599400
CAND-01953,2024-03-23,2024-05-22,0,558229
CAND-01953,2024-03-23,2024-06-21,0,496473
CAND-01953,2024-03-23,2024-07-21,0,462164
CAND-01954,2024-07-10,2024-08-09,30,753590
CAND-01954,2024-07-10,2024-09-08,60,738512
CAND-01954,2024-07-10,2024-10-08,90,722151
CAND-01955,2024-02-27,2024-03-28,0,1129014
CAND-01955,2024-02-27,2024-04-27,0,1043330
CAND-01955,2024-02-27,2024-05-27,30,1021115
CAND-01955,2024-02-27,2024-06-26,0,935431
CAND-01955,2024-02-27,2024-07-26,0,864868
CAND-01956,2024-08-15,2024-09-14,0,859699
CAND-01956,2024-08-15,2024-10-14,0,797610
CAND-01956,2024-08-15,2024-11-13,0,742825
CAND-01956,2024-08-15,2024-12-13,0,680736
CAND-01956,2024-08-15,2025-01-12,0,596068
CAND-01956,2024-08-15,2025-02-11,0,544327
CAND-01957,2024-08-05,2024-09-04,0,1054309
CAND-01957,2024-08-05,2024-10-04,0,965098
CAND-01957,2024-08-05,2024-11-03,0,859667
CAND-01957,2024-08-05,2024-12-03,0,763022
CAND-01957,2024-08-05,2025-01-02,0,666377
CAND-01958,2024-05-07,2024-06-06,0,335033
CAND-01958,2024-05-07,2024-07-06,30,323025
CAND-01958,2024-05-07,2024-08-05,60,315269
CAND-01958,2024-05-07,2024-09-04,90,307349
CAND-01958,2024-05-07,2024-10-04,93,298486
CAND-01959,2024-05-09,2024-06-08,0,590665
CAND-01959,2024-05-09,2024-07-08,0,545662
CAND-01959,2024-05-09,2024-08-07,0,503659
CAND-01959,2024-05-09,2024-09-06,0,446383
CAND-01959,2024-05-09,2024-10-06,0,397918
CAND-01960,2024-02-25,2024-03-26,0,476574
CAND-01960,2024-02-25,2024-04-25,0,436248
CAND-01960,2024-02-25,2024-05-25,0,395923
CAND-01961,2024-07-11,2024-08-10,30,298270
CAND-01961,2024-07-11,2024-09-09,0,276458
CAND-01961,2024-07-11,2024-10-09,30,267204
CAND-01961,2024-07-11,2024-11-08,60,262029
CAND-01961,2024-07-11,2024-12-08,90,254927
CAND-01961,2024-07-11,2025-01-07,118,245384
CAND-01962,2024-05-29,2024-06-28,0,980948
CAND-01962,2024-05-29,2024-07-28,30,963344
CAND-01962,2024-05-29,2024-08-27,0,905641
CAND-01962,2024-05-29,2024-09-26,0,801776
CAND-01962,2024-05-29,2024-10-26,0,697911
CAND-01962,2024-05-29,2024-11-25,0,632995
CAND-01963,2024-05-16,2024-06-15,0,1343470
CAND-01963,2024-05-16,2024-07-15,0,1241510
CAND-01963,2024-05-16,2024-08-14,0,1152296
CAND-01963,2024-05-16,2024-09-13,0,1033342
CAND-01964,2024-07-10,2024-08-09,0,831048
CAND-01964,2024-07-10,2024-09-08,0,763361
CAND-01964,2024-07-10,2024-10-08,0,704698
CAND-01964,2024-07-10,2024-11-07,0,624705
CAND-01964,2024-07-10,2024-12-07,0,575819
CAND-01966,2024-01-04,2024-02-03,0,1009620
CAND-01966,2024-01-04,2024-03-04,0,949791
CAND-01966,2024-01-04,2024-04-03,0,889961
CAND-01966,2024-01-04,2024-05-03,0,792059
CAND-01967,2024-07-25,2024-08-24,0,500069
CAND-01967,2024-07-25,2024-09-23,0,470150
CAND-01967,2024-07-25,2024-10-23,0,416297
CAND-01967,2024-07-25,2024-11-22,0,374871
CAND-01967,2024-07-25,2024-12-22,0,338969
CAND-01968,2024-10-01,2024-10-31,0,489527
CAND-01968,2024-10-01,2024-11-30,0,437695
CAND-01968,2024-10-01,2024-12-30,0,408899
CAND-01968,2024-10-01,2025-01-29,30,398321
CAND-01968,2024-10-01,2025-02-28,0,369526
CAND-01969,2024-07-26,2024-08-25,0,1067299
CAND-01969,2024-07-26,2024-09-24,0,971516
CAND-01969,2024-07-26,2024-10-24,0,875733
CAND-01970,2024-02-03,2024-03-04,0,674066
CAND-01970,2024-02-03,2024-04-03,30,657215
CAND-01970,2024-02-03,2024-05-03,60,638203
CAND-01970,2024-02-03,2024-06-02,90,625635
CAND-01970,2024-02-03,2024-07-02,107,609859
CAND-01970,2024-02-03,2024-08-01,107,588674
CAND-01971,2024-05-25,2024-06-24,0,969930
CAND-01971,2024-05-25,2024-07-24,0,912678
CAND-01971,2024-05-25,2024-08-23,0,809622
CAND-01972,2024-02-16,2024-03-17,0,404027
CAND-01972,2024-02-16,2024-04-16,0,364237
CAND-01972,2024-02-16,2024-05-16,0,332973
CAND-01972,2024-02-16,2024-06-15,0,289203
CAND-01973,2024-02-15,2024-03-16,0,1782936
CAND-01973,2024-02-15,2024-04-15,0,1593499
CAND-01973,2024-02-15,2024-05-15,0,1475101
CAND-01973,2024-02-15,2024-06-14,0,1317237
CAND-01974,2024-01-14,2024-02-13,0,530779
CAND-01974,2024-01-14,2024-03-14,0,483388
CAND-01974,2024-01-14,2024-04-13,0,445475
CAND-01974,2024-01-14,2024-05-13,0,407563
CAND-01975,2024-09-12,2024-10-12,0,462122
CAND-01975,2024-09-12,2024-11-11,0,416292
CAND-01975,2024-09-12,2024-12-11,0,384783
CAND-01975,2024-09-12,2025-01-10,0,356776
CAND-01975,2024-09-12,2025-02-09,0,314765
CAND-01976,2024-02-02,2024-03-03,0,530982
CAND-01976,2024-02-02,2024-04-02,0,490684
CAND-01976,2024-02-02,2024-05-02,0,453073
CAND-01976,2024-02-02,2024-06-01,30,442625
CAND-01977,2024-09-12,2024-10-12,0,653296
CAND-01977,2024-09-12,2024-11-11,0,606393
CAND-01977,2024-09-12,2024-12-11,0,547764
CAND-01977,2024-09-12,2025-01-10,30,531013
CAND-01979,2024-08-10,2024-09-09,0,820298
CAND-01979,2024-08-10,2024-10-09,0,752991
CAND-01979,2024-08-10,2024-11-08,0,690492
CAND-01980,2024-03-23,2024-04-22,0,1005311
CAND-01980,2024-03-23,2024-05-22,0,936767
CAND-01980,2024-03-23,2024-06-21,0,852405
CAND-01981,2024-06-11,2024-07-11,0,588252
CAND-01981,2024-06-11,2024-08-10,0,528832
CAND-01981,2024-06-11,2024-09-09,0,485258
CAND-01982,2024-01-20,2024-02-19,0,1218806
CAND-01982,2024-01-20,2024-03-20,0,1111265
CAND-01982,2024-01-20,2024-04-19,0,1039570
CAND-01982,2024-01-20,2024-05-19,0,940301
CAND-01982,2024-01-20,2024-06-18,0,841032
CAND-01982,2024-01-20,2024-07-18,0,741762
CAND-01984,2024-04-19,2024-05-19,0,463183
CAND-01984,2024-04-19,2024-06-18,0,431018
CAND-01984,2024-04-19,2024-07-18,0,402426
CAND-01984,2024-04-19,2024-08-17,30,392896
CAND-01984,2024-04-19,2024-09-16,0,364304
CAND-01984,2024-04-19,2024-10-16,0,312839
CAND-01985,2024-04-09,2024-05-09,0,813108
CAND-01985,2024-04-09,2024-06-08,0,758380
CAND-01985,2024-04-09,2024-07-08,0,685409
CAND-01985,2024-04-09,2024-08-07,0,612437
CAND-01985,2024-04-09,2024-09-06,0,557709
CAND-01986,2024-04-04,2024-05-04,0,1077423
CAND-01986,2024-04-04,2024-06-03,0,961393
CAND-01986,2024-04-04,2024-07-03,0,896932
CAND-01986,2024-04-04,2024-08-02,0,824413
CAND-01986,2024-04-04,2024-09-01,0,756160
CAND-01987,2024-07-16,2024-08-15,30,1284766
CAND-01987,2024-07-16,2024-09-14,60,1242103
CAND-01987,2024-07-16,2024-10-14,90,1218056
CAND-01987,2024-07-16,2024-11-13,92,1173971
CAND-01987,2024-07-16,2024-12-13,92,1150354
CAND-01988,2024-03-01,2024-03-31,0,430899
CAND-01988,2024-03-01,2024-04-30,0,384218
CAND-01988,2024-03-01,2024-05-30,0,345317
CAND-01989,2024-10-02,2024-11-01,0,633997
CAND-01989,2024-10-02,2024-12-01,0,566069
CAND-01989,2024-10-02,2024-12-31,0,517549
CAND-01989,2024-10-02,2025-01-30,0,477591
CAND-01989,2024-10-02,2025-03-01,0,415838
CAND-01990,2024-05-11,2024-06-10,0,183622
CAND-01990,2024-05-11,2024-07-10,0,165075
CAND-01990,2024-05-11,2024-08-09,0,144672
CAND-01990,2024-05-11,2024-09-08,0,124270
CAND-01990,2024-05-11,2024-10-08,0,110668
CAND-01990,2024-05-11,2024-11-07,0,94974
CAND-01991,2024-02-20,2024-03-21,0,668815
CAND-01991,2024-02-20,2024-04-20,0,608013
CAND-01991,2024-02-20,2024-05-20,0,555898
CAND-01991,2024-02-20,2024-06-19,0,507257
CAND-01991,2024-02-20,2024-07-19,0,446456
CAND-01992,2024-05-27,2024-06-26,0,1673008
CAND-01992,2024-05-27,2024-07-26,0,1553508
CAND-01992,2024-05-27,2024-08-25,0,1415622
CAND-01992,2024-05-27,2024-09-24,0,1310181
CAND-01992,2024-05-27,2024-10-24,0,1182144
CAND-01992,2024-05-27,2024-11-23,0,1002894
CAND-01993,2024-06-14,2024-07-14,0,91667
CAND-01993,2024-06-14,2024-08-13,0,81667
CAND-01993,2024-06-14,2024-09-12,0,74524
CAND-01993,2024-06-14,2024-10-12,0,67381
CAND-01994,2024-07-11,2024-08-10,0,1053147
CAND-01994,2024-07-11,2024-09-09,0,959900
CAND-01994,2024-07-11,2024-10-09,0,848003
CAND-01994,2024-07-11,2024-11-08,0,761928
CAND-01994,2024-07-11,2024-12-08,0,650032
CAND-01995,2024-09-04,2024-10-04,0,186299
CAND-01995,2024-09-04,2024-11-03,0,170376
CAND-01995,2024-09-04,2024-12-03,0,153126
CAND-01995,2024-09-04,2025-01-02,30,146449
CAND-01996,2024-07-18,2024-08-17,30,669867
CAND-01996,2024-07-18,2024-09-16,60,647132
CAND-01996,2024-07-18,2024-10-16,90,632620
CAND-01996,2024-07-18,2024-11-15,103,617464
CAND-01996,2024-07-18,2024-12-15,103,600412
CAND-01997,2024-04-13,2024-05-13,30,1041233
CAND-01997,2024-04-13,2024-06-12,60,1019088
CAND-01997,2024-04-13,2024-07-12,90,988719
CAND-01997,2024-04-13,2024-08-11,112,970071
CAND-01997,2024-04-13,2024-09-10,112,945914
CAND-01997,2024-04-13,2024-10-10,112,927898
CAND-01998,2024-02-24,2024-03-25,0,439895
CAND-01998,2024-02-24,2024-04-24,0,391506
CAND-01998,2024-02-24,2024-05-24,0,364624
CAND-01998,2024-02-24,2024-06-23,0,330061
CAND-01998,2024-02-24,2024-07-23,0,297802
CAND-01998,2024-02-24,2024-08-22,0,260580
CAND-01999,2024-03-24,2024-04-23,0,1354967
CAND-01999,2024-03-24,2024-05-23,0,1269570
CAND-01999,2024-03-24,2024-06-22,0,1148590
CAND-01999,2024-03-24,2024-07-22,0,1067938
CAND-01999,2024-03-24,2024-08-21,0,977203
CAND-02000,2024-02-11,2024-03-12,30,785949
CAND-02000,2024-02-11,2024-04-11,0,731862
CAND-02000,2024-02-11,2024-05-11,0,677775
CAND-02000,2024-02-11,2024-06-10,0,630052
CAND-02000,2024-02-11,2024-07-10,0,579345
CAND-02001,2024-01-15,2024-02-14,0,619841
CAND-02001,2024-01-15,2024-03-15,0,563883
CAND-02001,2024-01-15,2024-04-14,0,515919
CAND-02002,2024-03-09,2024-04-08,0,563857
CAND-02002,2024-03-09,2024-05-08,0,509582
CAND-02002,2024-03-09,2024-06-07,0,449879
CAND-02002,2024-03-09,2024-07-07,0,410078
CAND-02002,2024-03-09,2024-08-06,0,376910
CAND-02003,2024-07-17,2024-08-16,0,855694
CAND-02003,2024-07-17,2024-09-15,0,804986
CAND-02003,2024-07-17,2024-10-15,0,751295
CAND-02003,2024-07-17,2024-11-14,0,660021
CAND-02003,2024-07-17,2024-12-14,0,606331
CAND-02003,2024-07-17,2025-01-13,0,555623
CAND-02004,2024-01-19,2024-02-18,0,491729
CAND-02004,2024-01-19,2024-03-19,0,443833
CAND-02004,2024-01-19,2024-04-18,0,412842
CAND-02004,2024-01-19,2024-05-18,0,372315
CAND-02004,2024-01-19,2024-06-17,0,319629
CAND-02004,2024-01-19,2024-07-17,0,279102
CAND-02005,2024-06-12,2024-07-12,0,372763
CAND-02005,2024-06-12,2024-08-11,0,349753
CAND-02005,2024-06-12,2024-09-10,0,325389
CAND-02005,2024-06-12,2024-10-10,0,293529
CAND-02005,2024-06-12,2024-11-09,0,255876
CAND-02005,2024-06-12,2024-12-09,0,224016
CAND-02006,2024-05-21,2024-06-20,0,496212
CAND-02006,2024-05-21,2024-07-20,0,462813
CAND-02006,2024-05-21,2024-08-19,0,431379
CAND-02006,2024-05-21,2024-09-18,0,399945
CAND-02006,2024-05-21,2024-10-18,0,364319
CAND-02007,2024-06-27,2024-07-27,0,448649
CAND-02007,2024-06-27,2024-08-26,30,438985
CAND-02007,2024-06-27,2024-09-25,60,429694
CAND-02007,2024-06-27,2024-10-25,90,417909
CAND-02007,2024-06-27,2024-11-24,106,404488
CAND-02008,2024-09-05,2024-10-05,0,1209272
CAND-02008,2024-09-05,2024-11-04,0,1120592
CAND-02008,2024-09-05,2024-12-04,0,1037454
CAND-02008,2024-09-05,2025-01-03,0,935131
CAND-02008,2024-09-05,2025-02-02,30,908527
CAND-02009,2024-02-06,2024-03-07,0,436396
CAND-02009,2024-02-06,2024-04-06,0,393117
CAND-02009,2024-02-06,2024-05-06,0,363363
CAND-02010,2024-03-21,2024-04-20,0,314056
CAND-02010,2024-03-21,2024-05-20,0,293201
CAND-02010,2024-03-21,2024-06-19,0,265394
CAND-02010,2024-03-21,2024-07-19,0,245766
CAND-02011,2024-05-04,2024-06-03,0,297651
CAND-02011,2024-05-04,2024-07-03,0,273228
CAND-02011,2024-05-04,2024-08-02,0,254552
CAND-02011,2024-05-04,2024-09-01,0,230129
CAND-02012,2024-01-30,2024-02-29,0,1094040
CAND-02012,2024-01-30,2024-03-30,0,995272
CAND-02012,2024-01-30,2024-04-29,0,887526
CAND-02013,2024-05-15,2024-06-14,0,119669
CAND-02013,2024-05-15,2024-07-14,0,108589
CAND-02013,2024-05-15,2024-08-13,0,101202
CAND-02013,2024-05-15,2024-09-12,0,90121
CAND-02013,2024-05-15,2024-10-12,0,81811
CAND-02014,2024-06-10,2024-07-10,0,272692
CAND-02014,2024-06-10,2024-08-09,0,252493
CAND-02014,2024-06-10,2024-09-08,0,232293
CAND-02014,2024-06-10,2024-10-08,0,208986
CAND-02014,2024-06-10,2024-11-07,30,201217
CAND-02015,02-07-2024,2024-08-01,30,345261
CAND-02015,02-07-2024,2024-08-31,0,320126
CAND-02015,02-07-2024,2024-09-30,30,310351
CAND-02015,02-07-2024,2024-10-30,60,302531
CAND-02016,2024-06-27,2024-07-27,0,419664
CAND-02016,2024-06-27,2024-08-26,0,389688
CAND-02016,2024-06-27,2024-09-25,0,359712
CAND-02017,2024-07-11,2024-08-10,0,272999
CAND-02017,2024-07-11,2024-09-09,0,243217
CAND-02017,2024-07-11,2024-10-09,0,224604
CAND-02017,2024-07-11,2024-11-08,0,207085
CAND-02018,2024-03-28,2024-04-27,0,1259156
CAND-02018,2024-03-28,2024-05-27,30,1227178
CAND-02018,2024-03-28,2024-06-26,0,1143234
CAND-02018,2024-03-28,2024-07-26,0,1068617
CAND-02019,2024-04-10,2024-05-10,0,819583
CAND-02019,2024-04-10,2024-06-09,0,766990
CAND-02019,2024-04-10,2024-07-09,0,717318
CAND-02019,2024-04-10,2024-08-08,0,642811
CAND-02019,2024-04-10,2024-09-07,0,593139
CAND-02019,2024-04-10,2024-10-07,0,543467
CAND-02020,2024-02-23,2024-03-24,0,361933
CAND-02020,2024-02-23,2024-04-23,0,334234
CAND-02020,2024-02-23,2024-05-23,0,304404
CAND-02020,2024-02-23,2024-06-22,0,269151
CAND-02021,2024-06-09,2024-07-09,0,921981
CAND-02021,2024-06-09,2024-08-08,30,903355
CAND-02021,2024-06-09,2024-09-07,60,872312
CAND-02022,2024-10-04,2024-11-03,0,390745
CAND-02022,2024-10-04,2024-12-03,0,352262
CAND-02022,2024-10-04,2025-01-02,0,316987
CAND-02022,2024-10-04,2025-02-01,0,288766
CAND-02022,2024-10-04,2025-03-03,0,253491
CAND-02022,2024-10-04,2025-04-02,0,215008
CAND-02023,2024-05-10,2024-06-09,0,605022
CAND-02023,2024-05-10,2024-07-09,0,537798
CAND-02023,2024-05-10,2024-08-08,0,489780
CAND-02023,2024-05-10,2024-09-07,0,452433
CAND-02023,2024-05-10,2024-10-07,0,400722
CAND-02024,2024-04-21,2024-05-21,0,639189
CAND-02024,2024-04-21,2024-06-20,30,620068
CAND-02024,2024-04-21,2024-07-20,60,606830
CAND-02024,2024-04-21,2024-08-19,90,591866
CAND-02025,2024-08-13,2024-09-12,0,379685
CAND-02025,2024-08-13,2024-10-12,0,346067
CAND-02025,2024-08-13,2024-11-11,0,323655
CAND-02025,2024-08-13,2024-12-11,0,301243
CAND-02026,2024-02-09,2024-03-10,0,968194
CAND-02026,2024-02-09,2024-04-09,0,894098
CAND-02026,2024-02-09,2024-05-09,0,790363
CAND-02027,2024-03-29,2024-04-28,0,1042247
CAND-02027,2024-03-29,2024-05-28,0,971678
CAND-02027,2024-03-29,2024-06-27,0,858768
CAND-02027,2024-03-29,2024-07-27,0,783495
CAND-02028,2024-01-24,2024-02-23,0,1275607
CAND-02028,2024-01-24,2024-03-24,0,1135290
CAND-02028,2024-01-24,2024-04-23,0,994974
CAND-02029,2024-05-31,2024-06-30,0,750747
CAND-02029,2024-05-31,2024-07-30,0,700697
CAND-02029,2024-05-31,2024-08-29,0,653592
CAND-02029,2024-05-31,2024-09-28,0,573512
CAND-02030,2024-10-03,2024-11-02,30,219893
CAND-02030,2024-10-03,2024-12-02,60,215601
CAND-02030,2024-10-03,2025-01-01,30,211466
CAND-02031,2024-01-29,2024-02-28,0,287426
CAND-02031,2024-01-29,2024-03-29,0,255490
CAND-02031,2024-01-29,2024-04-28,30,249787
CAND-02031,2024-01-29,2024-05-28,60,242360
CAND-02031,2024-01-29,2024-06-27,90,235263
CAND-02031,2024-01-29,2024-07-27,91,226858
CAND-02032,2024-06-20,2024-07-20,0,894121
CAND-02032,2024-06-20,2024-08-19,30,865091
CAND-02032,2024-06-20,2024-09-18,0,778002
CAND-02032,2024-06-20,2024-10-18,0,709574
CAND-02032,2024-06-20,2024-11-17,0,645708
CAND-02032,2024-06-20,2024-12-17,0,592487
CAND-02033,2024-04-21,2024-05-21,0,438582
CAND-02033,2024-04-21,2024-06-20,0,398711
CAND-02033,2024-04-21,2024-07-20,0,361907
CAND-02034,2024-04-16,2024-05-16,0,335524
CAND-02034,2024-04-16,2024-06-15,0,310671
CAND-02034,2024-04-16,2024-07-15,0,285817
CAND-02034,2024-04-16,2024-08-14,30,277533
CAND-02034,2024-04-16,2024-09-13,0,252679
CAND-02034,2024-04-16,2024-10-13,0,229379
CAND-02035,2024-08-21,2024-09-20,0,928200
CAND-02035,2024-08-21,2024-10-20,0,836147
CAND-02035,2024-08-21,2024-11-19,0,763820
CAND-02035,2024-08-21,2024-12-19,0,671767
CAND-02036,2024-03-22,2024-04-21,0,604025
CAND-02036,2024-03-22,2024-05-21,0,557561
CAND-02036,2024-03-22,2024-06-20,0,511098
CAND-02037,2024-04-11,2024-05-11,0,387761
CAND-02037,2024-04-11,2024-06-10,0,361323
CAND-02037,2024-04-11,2024-07-10,0,322867
CAND-02037,2024-04-11,2024-08-09,0,292652
CAND-02037,2024-04-11,2024-09-08,0,257401
CAND-02038,2024-08-08,2024-09-07,0,737893
CAND-02038,2024-08-08,2024-10-07,0,658428
CAND-02038,2024-08-08,2024-11-06,0,601667
CAND-02039,2024-06-11,2024-07-11,0,861713
CAND-02039,2024-06-11,2024-08-10,30,840338
CAND-02039,2024-06-11,2024-09-09,0,786269
CAND-02039,2024-06-11,2024-10-09,0,724992
CAND-02039,2024-06-11,2024-11-08,0,633076
CAND-02040,2024-08-08,2024-09-07,0,417588
CAND-02040,2024-08-08,2024-10-07,0,384446
CAND-02040,2024-08-08,2024-11-06,0,355447
CAND-02040,2024-08-08,2024-12-06,0,313267
CAND-02040,2024-08-08,2025-01-05,0,284267
CAND-02040,2024-08-08,2025-02-04,0,245602
CAND-02041,2024-03-21,2024-04-20,0,241560
CAND-02041,2024-03-21,2024-05-20,0,224382
CAND-02041,2024-03-21,2024-06-19,30,218900
CAND-02041,2024-03-21,2024-07-19,0,195476
CAND-02041,2024-03-21,2024-08-18,0,169710
CAND-02041,2024-03-21,2024-09-17,0,151305
CAND-02042,2024-06-02,2024-07-02,0,1030086
CAND-02042,2024-06-02,2024-08-01,0,960753
CAND-02042,2024-06-02,2024-08-31,30,932309
CAND-02042,2024-06-02,2024-09-30,60,911766
CAND-02042,2024-06-02,2024-10-30,90,884033
CAND-02043,2024-07-23,2024-08-22,0,292038
CAND-02043,2024-07-23,2024-09-21,0,273785
CAND-02043,2024-07-23,2024-10-21,30,267453
CAND-02043,2024-07-23,2024-11-20,60,257756
CAND-02043,2024-07-23,2024-12-20,90,248354
CAND-02043,2024-07-23,2025-01-19,98,240188
CAND-02044,2024-10-18,2024-11-17,0,1363045
CAND-02044,2024-10-18,2024-12-17,0,1254866
CAND-02044,2024-10-18,2025-01-16,0,1103417
CAND-02045,2024-03-02,2024-04-01,0,1054346
CAND-02045,2024-03-02,2024-05-01,30,1027569
CAND-02045,2024-03-02,2024-05-31,60,1006743
CAND-02046,2024-03-08,2024-04-07,0,334730
CAND-02046,2024-03-08,2024-05-07,0,298467
CAND-02046,2024-03-08,2024-06-06,0,268249
CAND-02047,2024-05-29,2024-06-28,0,673069
CAND-02047,2024-05-29,2024-07-28,30,655811
CAND-02047,2024-05-29,2024-08-27,60,641872
CAND-02047,2024-05-29,2024-09-26,30,621162
CAND-02048,2024-09-30,2024-10-30,0,719868
CAND-02048,2024-09-30,2024-11-29,0,661236
CAND-02048,2024-09-30,2024-12-29,0,618891
CAND-02049,2024-06-18,2024-07-18,0,434939
CAND-02049,2024-06-18,2024-08-17,0,400420
CAND-02049,2024-06-18,2024-09-16,30,388633
CAND-02049,2024-06-18,2024-10-16,0,351459
CAND-02050,2024-09-29,2024-10-29,0,607533
CAND-02050,2024-09-29,2024-11-28,0,540704
CAND-02050,2024-09-29,2024-12-28,30,524404
CAND-02050,2024-09-29,2025-01-27,60,510766
CAND-02050,2024-09-29,2025-02-26,90,496547
CAND-02050,2024-09-29,2025-03-28,110,479412
CAND-02051,2024-09-27,2024-10-27,0,827946
CAND-02051,2024-09-27,2024-11-26,0,777768
CAND-02051,2024-09-27,2024-12-26,0,695657
CAND-02051,2024-09-27,2025-01-25,0,631142
CAND-02052,2024-01-24,2024-02-23,0,1043573
CAND-02052,2024-01-24,2024-03-24,0,956000
CAND-02052,2024-01-24,2024-04-23,0,842156
CAND-02053,2024-01-28,2024-02-27,0,427912
CAND-02053,2024-01-28,2024-03-28,0,395310
CAND-02053,2024-01-28,2024-04-27,0,369952
CAND-02053,2024-01-28,2024-05-27,0,328457
CAND-02053,2024-01-28,2024-06-26,0,301608
CAND-02054,2024-10-26,2024-11-25,0,780983
CAND-02054,2024-10-26,2024-12-25,0,728918
CAND-02054,2024-10-26,2025-01-24,0,679915
CAND-02055,2024-03-01,2024-03-31,0,1073390
CAND-02055,2024-03-01,2024-04-30,0,996326
CAND-02055,2024-03-01,2024-05-30,0,907406
CAND-02055,2024-03-01,2024-06-29,30,879212
CAND-02055,2024-03-01,2024-07-29,60,845213
CAND-02056,2024-07-31,2024-08-30,0,686994
CAND-02056,2024-07-31,2024-09-29,0,625928
CAND-02056,2024-07-31,2024-10-29,0,580129
CAND-02056,2024-07-31,2024-11-28,0,506849
CAND-02056,2024-07-31,2024-12-28,0,466138
CAND-02057,2024-04-09,2024-05-09,0,1029794
CAND-02057,2024-04-09,2024-06-08,0,929490
CAND-02057,2024-04-09,2024-07-08,0,868192
CAND-02057,2024-04-09,2024-08-07,0,789382
CAND-02057,2024-04-09,2024-09-06,0,679046
CAND-02058,2024-07-05,2024-08-04,0,609665
CAND-02058,2024-07-05,2024-09-03,0,561763
CAND-02058,2024-07-05,2024-10-03,0,517054
CAND-02058,2024-07-05,2024-11-02,0,472346
CAND-02059,2024-02-17,2024-03-18,0,713871
CAND-02059,2024-02-17,2024-04-17,0,658958
CAND-02059,2024-02-17,2024-05-17,0,594892
CAND-02059,2024-02-17,2024-06-16,0,552182
CAND-02060,2024-05-14,2024-06-13,0,857074
CAND-02060,2024-05-14,2024-07-13,0,777716
CAND-02060,2024-05-14,2024-08-12,0,682485
CAND-02060,2024-05-14,2024-09-11,0,618998
CAND-02060,2024-05-14,2024-10-11,0,523768
CAND-02061,2024-08-23,2024-09-22,0,268536
CAND-02061,2024-08-23,2024-10-22,0,249887
CAND-02061,2024-08-23,2024-11-21,0,225023
CAND-02061,2024-08-23,2024-12-21,0,197898
CAND-02061,2024-08-23,2025-01-20,0,179250
CAND-02061,2024-08-23,2025-02-19,0,154385
CAND-02062,2024-02-06,2024-03-07,0,478640
CAND-02062,2024-02-06,2024-04-06,0,441822
CAND-02062,2024-02-06,2024-05-06,0,411501
CAND-02064,2024-02-23,2024-03-24,0,471226
CAND-02064,2024-02-23,2024-04-23,0,430950
CAND-02064,2024-02-23,2024-05-23,0,400151
CAND-02064,2024-02-23,2024-06-22,30,387381
CAND-02064,2024-02-23,2024-07-22,0,343749
CAND-02065,2024-04-18,2024-05-18,0,582386
CAND-02065,2024-04-18,2024-06-17,0,519668
CAND-02065,2024-04-18,2024-07-17,0,480469
CAND-02066,2024-04-12,2024-05-12,0,581458
CAND-02066,2024-04-12,2024-06-11,0,546218
CAND-02066,2024-04-12,2024-07-11,0,508905
CAND-02066,2024-04-12,2024-08-10,0,471593
CAND-02066,2024-04-12,2024-09-09,0,422799
CAND-02066,2024-04-12,2024-10-09,0,377491
CAND-02067,2024-09-04,2024-10-04,0,730580
CAND-02067,2024-09-04,2024-11-03,0,677816
CAND-02067,2024-09-04,2024-12-03,0,621283
CAND-02067,2024-09-04,2025-01-02,0,571817
CAND-02067,2024-09-04,2025-02-01,0,519053
CAND-02067,2024-09-04,2025-03-03,0,453097
CAND-02068,2024-04-29,2024-05-29,0,680565
CAND-02068,2024-04-29,2024-06-28,0,620306
CAND-02068,2024-04-29,2024-07-28,0,575113
CAND-02068,2024-04-29,2024-08-27,0,519490
CAND-02068,2024-04-29,2024-09-26,0,474296
CAND-02069,2024-08-18,2024-09-17,0,683151
CAND-02069,2024-08-18,2024-10-17,0,640981
CAND-02069,2024-08-18,2024-11-16,0,582592
CAND-02070,2024-06-28,2024-07-28,0,1331204
CAND-02070,2024-06-28,2024-08-27,0,1236910
CAND-02070,2024-06-28,2024-09-26,0,1119043
CAND-02070,2024-06-28,2024-10-26,0,990461
CAND-02070,2024-06-28,2024-11-25,0,896167
CAND-02071,2024-06-02,2024-07-02,0,528877
CAND-02071,2024-06-02,2024-08-01,0,490906
CAND-02071,2024-06-02,2024-08-31,0,443443
CAND-02072,2024-04-10,2024-05-10,0,446460
CAND-02072,2024-04-10,2024-06-09,0,418322
CAND-02072,2024-04-10,2024-07-09,0,386432
CAND-02073,2024-03-09,2024-04-08,0,274318
CAND-02073,2024-03-09,2024-05-08,0,251898
CAND-02073,2024-03-09,2024-06-07,30,245562
CAND-02073,2024-03-09,2024-07-07,60,239360
CAND-02073,2024-03-09,2024-08-06,90,232736
CAND-02074,2024-04-04,2024-05-04,0,283441
CAND-02074,2024-04-04,2024-06-03,0,256063
CAND-02074,2024-04-04,2024-07-03,30,248893
CAND-02074,2024-04-04,2024-08-02,0,227382
CAND-02075,2024-09-23,2024-10-23,0,180894
CAND-02075,2024-09-23,2024-11-22,30,176856
CAND-02075,2024-09-23,2024-12-22,0,157475
CAND-02075,2024-09-23,2025-01-21,0,144554
CAND-02075,2024-09-23,2025-02-20,0,133153
CAND-02076,2024-05-24,2024-06-23,0,106136
CAND-02076,2024-05-24,2024-07-23,0,94859
CAND-02076,2024-05-24,2024-08-22,0,88225
CAND-02076,2024-05-24,2024-09-21,0,76948
CAND-02076,2024-05-24,2024-10-21,0,65671
CAND-02076,2024-05-24,2024-11-20,0,57616
CAND-02077,2024-02-01,2024-03-02,0,333041
CAND-02077,2024-02-01,2024-04-01,0,312483
CAND-02077,2024-02-01,2024-05-01,0,284018
CAND-02077,2024-02-01,2024-05-31,0,263460
CAND-02078,2024-08-01,2024-08-31,30,941978
CAND-02078,2024-08-01,2024-09-30,0,853581
CAND-02078,2024-08-01,2024-10-30,0,799561
CAND-02078,2024-08-01,2024-11-29,0,711164
CAND-02078,2024-08-01,2024-12-29,0,613928
CAND-02078,2024-08-01,2025-01-28,0,553155
CAND-02079,2024-08-21,2024-09-20,0,490902
CAND-02079,2024-08-21,2024-10-20,0,438539
CAND-02079,2024-08-21,2024-11-19,0,405812
CAND-02079,2024-08-21,2024-12-19,0,370904
CAND-02079,2024-08-21,2025-01-18,0,338177
CAND-02080,2024-06-10,2024-07-10,30,812101
CAND-02080,2024-06-10,2024-08-09,60,792305
CAND-02080,2024-06-10,2024-09-08,90,775337
CAND-02080,2024-06-10,2024-10-08,99,759940
CAND-02081,2024-09-26,2024-10-26,0,958511
CAND-02081,2024-09-26,2024-11-25,0,889285
CAND-02081,2024-09-26,2024-12-25,0,815115
CAND-02081,2024-09-26,2025-01-24,0,750216
CAND-02082,2024-02-19,2024-03-20,0,300560
CAND-02082,2024-02-19,2024-04-19,0,278701
CAND-02082,2024-02-19,2024-05-19,0,245913
CAND-02082,2024-02-19,2024-06-18,0,218589
CAND-02083,2024-03-20,2024-04-19,0,1015631
CAND-02083,2024-03-20,2024-05-19,30,994472
CAND-02083,2024-03-20,2024-06-18,0,930995
CAND-02085,2024-09-26,2024-10-26,0,1038135
CAND-02085,2024-09-26,2024-11-25,0,966042
CAND-02085,2024-09-26,2024-12-25,0,893949
CAND-02085,2024-09-26,2025-01-24,0,821857
CAND-02085,2024-09-26,2025-02-23,0,725733
CAND-02085,2024-09-26,2025-03-25,0,629609
CAND-02086,2024-09-16,2024-10-16,0,368371
CAND-02086,2024-09-16,2024-11-15,0,339427
CAND-02086,2024-09-16,2024-12-15,0,308258
CAND-02086,2024-09-16,2025-01-14,0,274490
CAND-02086,2024-09-16,2025-02-13,30,264100
CAND-02087,2024-06-20,2024-07-20,0,546974
CAND-02087,2024-06-20,2024-08-19,30,526918
CAND-02087,2024-06-20,2024-09-18,0,476779
CAND-02087,2024-06-20,2024-10-18,0,422081
CAND-02087,2024-06-20,2024-11-17,0,361914
CAND-02087,2024-06-20,2024-12-17,0,307217
CAND-02088,2024-07-10,2024-08-09,30,562944
CAND-02088,2024-07-10,2024-09-08,60,547730
CAND-02088,2024-07-10,2024-10-08,90,537405
CAND-02088,2024-07-10,2024-11-07,94,519338
CAND-02088,2024-07-10,2024-12-07,94,504884
CAND-02088,2024-07-10,2025-01-06,94,493085
CAND-02089,2024-07-27,2024-08-26,30,1036293
CAND-02089,2024-07-27,2024-09-25,60,1003119
CAND-02089,2024-07-27,2024-10-25,90,978431
CAND-02090,2024-04-10,2024-05-10,0,682597
CAND-02090,2024-04-10,2024-06-09,30,669823
CAND-02090,2024-04-10,2024-07-09,60,652487
CAND-02090,2024-04-10,2024-08-08,90,637318
CAND-02090,2024-04-10,2024-09-07,95,623042
CAND-02090,2024-04-10,2024-10-07,95,599555
CAND-02091,2024-08-24,2024-09-23,0,748110
CAND-02091,2024-08-24,2024-10-23,0,696677
CAND-02091,2024-08-24,2024-11-22,0,641816
CAND-02091,2024-08-24,2024-12-22,0,583036
CAND-02091,2024-08-24,2025-01-21,0,519734
CAND-02092,2024-02-12,2024-03-13,0,845010
CAND-02092,2024-02-12,2024-04-12,0,755538
CAND-02092,2024-02-12,2024-05-12,0,699618
CAND-02092,2024-02-12,2024-06-11,0,625059
CAND-02092,2024-02-12,2024-07-11,0,561150
CAND-02092,2024-02-12,2024-08-10,0,492326
CAND-02093,2024-06-06,2024-07-06,0,316813
CAND-02093,2024-06-06,2024-08-05,0,294183
CAND-02093,2024-06-06,2024-09-04,0,265896
CAND-02093,2024-06-06,2024-10-04,0,239785
CAND-02093,2024-06-06,2024-11-03,30,233724
CAND-02094,2024-03-13,2024-04-12,0,319316
CAND-02094,2024-03-13,2024-05-12,0,295082
CAND-02094,2024-03-13,2024-06-11,0,272464
CAND-02094,2024-03-13,2024-07-11,30,263982
CAND-02094,2024-03-13,2024-08-10,0,230055
CAND-02094,2024-03-13,2024-09-09,0,210097
CAND-02095,2024-07-18,2024-08-17,0,719247
CAND-02095,2024-07-18,2024-09-16,0,654315
CAND-02095,2024-07-18,2024-10-16,0,611027
CAND-02095,2024-07-18,2024-11-15,0,565192
CAND-02095,2024-07-18,2024-12-15,0,487274
CAND-02096,2024-08-10,2024-09-09,0,466805
CAND-02096,2024-08-10,2024-10-09,0,438278
CAND-02096,2024-08-10,2024-11-08,0,391597
CAND-02096,2024-08-10,2024-12-08,0,363070
CAND-02096,2024-08-10,2025-01-07,0,320280
CAND-02098,2024-03-12,2024-04-11,0,188220
CAND-02098,2024-03-12,2024-05-11,0,171109
CAND-02098,2024-03-12,2024-06-10,0,153998
CAND-02098,2024-03-12,2024-07-10,0,142591
CAND-02099,2024-06-14,2024-07-14,0,1647152
CAND-02099,2024-06-14,2024-08-13,0,1467463
CAND-02099,2024-06-14,2024-09-12,0,1304109
CAND-02099,2024-06-14,2024-10-12,0,1140755
CAND-02100,2024-05-28,2024-06-27,0,495221
CAND-02100,2024-05-28,2024-07-27,30,483992
CAND-02100,2024-05-28,2024-08-26,60,472762
CAND-02100,2024-05-28,2024-09-25,90,458282
CAND-02100,2024-05-28,2024-10-25,117,441087
CAND-02100,2024-05-28,2024-11-24,117,429624
CAND-02101,2024-03-16,2024-04-15,0,887126
CAND-02101,2024-03-16,2024-05-15,0,827415
CAND-02101,2024-03-16,2024-06-14,0,740564
CAND-02101,2024-03-16,2024-07-14,0,687488
CAND-02101,2024-03-16,2024-08-13,0,607874
CAND-02102,2024-01-13,2024-02-12,0,477198
CAND-02102,2024-01-13,2024-03-13,0,444662
CAND-02102,2024-01-13,2024-04-12,0,412126
CAND-02103,2024-03-12,2024-04-11,0,675357
CAND-02103,2024-03-12,2024-05-11,0,630333
CAND-02103,2024-03-12,2024-06-10,0,585310
CAND-02103,2024-03-12,2024-07-10,0,545288
CAND-02104,2024-09-24,2024-10-24,0,1350705
CAND-02104,2024-09-24,2024-11-23,0,1219728
CAND-02104,2024-09-24,2024-12-23,30,1192544
CAND-02105,2024-04-05,2024-05-05,0,869344
CAND-02105,2024-04-05,2024-06-04,0,803108
CAND-02105,2024-04-05,2024-07-04,0,741288
CAND-02105,2024-04-05,2024-08-03,0,689771
CAND-02106,2024-05-24,2024-06-23,0,175218
CAND-02106,2024-05-24,2024-07-23,30,171887
CAND-02106,2024-05-24,2024-08-22,0,154631
CAND-02106,2024-05-24,2024-09-21,0,141073
CAND-02106,2024-05-24,2024-10-21,0,122091
CAND-02107,2024-06-23,2024-07-23,0,524418
CAND-02107,2024-06-23,2024-08-22,0,491197
CAND-02107,2024-06-23,2024-09-21,0,457976
CAND-02107,2024-06-23,2024-10-21,0,410913
CAND-02107,2024-06-23,2024-11-20,0,367470
CAND-02107,2024-06-23,2024-12-20,0,336094
CAND-02108,2024-08-18,2024-09-17,0,413735
CAND-02108,2024-08-18,2024-10-17,0,375427
CAND-02108,2024-08-18,2024-11-16,0,349887
CAND-02109,2024-03-06,2024-04-05,0,906803
CAND-02109,2024-03-06,2024-05-05,0,810078
CAND-02109,2024-03-06,2024-06-04,0,729473
CAND-02110,2024-08-01,2024-08-31,0,1156560
CAND-02110,2024-08-01,2024-09-30,0,1070889
CAND-02110,2024-08-01,2024-10-30,30,1048733
CAND-02110,2024-08-01,2024-11-29,60,1016606
CAND-02111,2024-06-29,2024-07-29,0,268339
CAND-02111,2024-06-29,2024-08-28,30,258581
CAND-02111,2024-06-29,2024-09-27,60,250449
CAND-02111,2024-06-29,2024-10-27,90,241301
CAND-02112,2024-06-04,2024-07-04,0,469121
CAND-02112,2024-06-04,2024-08-03,30,456415
CAND-02112,2024-06-04,2024-09-02,60,447653
CAND-02112,2024-06-04,2024-10-02,90,437489
CAND-02112,2024-06-04,2024-11-01,105,428077
CAND-02113,2024-05-20,2024-06-19,0,422610
CAND-02113,2024-05-20,2024-07-19,0,380349
CAND-02113,2024-05-20,2024-08-18,0,347144
CAND-02113,2024-05-20,2024-09-17,0,304883
CAND-02113,2024-05-20,2024-10-17,0,279057
CAND-02114,2024-02-03,2024-03-04,0,714829
CAND-02114,2024-02-03,2024-04-03,0,644846
CAND-02114,2024-02-03,2024-05-03,0,567864
CAND-02114,2024-02-03,2024-06-02,0,503713
CAND-02115,2024-02-28,2024-03-29,0,562314
CAND-02115,2024-02-28,2024-04-28,0,519786
CAND-02115,2024-02-28,2024-05-28,0,470170
CAND-02115,2024-02-28,2024-06-27,0,420554
CAND-02115,2024-02-28,2024-07-27,0,387477
CAND-02116,2024-04-30,2024-05-30,0,1169391
CAND-02116,2024-04-30,2024-06-29,30,1135678
CAND-02116,2024-04-30,2024-07-29,0,1057719
CAND-02116,2024-04-30,2024-08-28,30,1028020
CAND-02117,2024-03-16,2024-04-15,0,469408
CAND-02117,2024-03-16,2024-05-15,0,439823
CAND-02117,2024-03-16,2024-06-14,0,410239
CAND-02118,2024-04-21,2024-05-21,0,1700670
CAND-02118,2024-04-21,2024-06-20,0,1518455
CAND-02118,2024-04-21,2024-07-20,0,1396979
CAND-02119,2024-01-13,2024-02-12,0,382457
CAND-02119,2024-01-13,2024-03-13,0,353037
CAND-02119,2024-01-13,2024-04-12,0,321355
CAND-02119,2024-01-13,2024-05-12,0,298473
CAND-02120,2024-04-06,2024-05-06,0,599612
CAND-02120,2024-04-06,2024-06-05,0,556004
CAND-02120,2024-04-06,2024-07-05,0,512396
CAND-02121,2024-08-29,2024-09-28,0,990814
CAND-02121,2024-08-29,2024-10-28,30,957469
CAND-02121,2024-08-29,2024-11-27,60,936949
CAND-02122,2024-07-14,2024-08-13,0,288721
CAND-02122,2024-07-14,2024-09-12,0,268098
CAND-02122,2024-07-14,2024-10-12,0,244302
CAND-02122,2024-07-14,2024-11-11,0,222206
CAND-02122,2024-07-14,2024-12-11,30,214473
CAND-02123,2024-08-10,2024-09-09,0,705862
CAND-02123,2024-08-10,2024-10-09,0,652082
CAND-02123,2024-08-10,2024-11-08,0,583635
CAND-02124,2024-07-22,2024-08-21,0,943576
CAND-02124,2024-07-22,2024-09-20,30,925681
CAND-02124,2024-07-22,2024-10-20,60,905721
CAND-02124,2024-07-22,2024-11-19,90,881008
CAND-02124,2024-07-22,2024-12-19,116,861787
CAND-02124,2024-07-22,2025-01-18,116,840605
CAND-02125,2024-04-07,2024-05-07,0,364921
CAND-02125,2024-04-07,2024-06-06,0,329377
CAND-02125,2024-04-07,2024-07-06,30,320491
CAND-02125,2024-04-07,2024-08-05,0,281392
CAND-02126,2024-01-31,2024-03-01,0,1217080
CAND-02126,2024-01-31,2024-03-31,0,1139980
CAND-02126,2024-01-31,2024-04-30,0,1062880
CAND-02127,2024-09-26,2024-10-26,0,770025
CAND-02127,2024-09-26,2024-11-25,0,688210
CAND-02127,2024-09-26,2024-12-25,0,613833
CAND-02127,2024-09-26,2025-01-24,0,559289
CAND-02127,2024-09-26,2025-02-23,0,508155
CAND-02128,2024-10-30,2024-11-29,0,1066221
CAND-02128,2024-10-30,2024-12-29,0,981600
CAND-02128,2024-10-30,2025-01-28,0,907557
CAND-02128,2024-10-30,2025-02-27,0,808833
CAND-02128,2024-10-30,2025-03-29,0,701134
CAND-02129,2024-08-12,2024-09-11,30,1635074
CAND-02129,2024-08-12,2024-10-11,60,1601731
CAND-02129,2024-08-12,2024-11-10,90,1566260
CAND-02129,2024-08-12,2024-12-10,120,1512482
CAND-02129,2024-08-12,2025-01-09,120,1469735
CAND-02129,2024-08-12,2025-02-08,120,1424677
CAND-02130,2024-01-26,2024-02-25,0,1385135
CAND-02130,2024-01-26,2024-03-26,0,1297836
CAND-02130,2024-01-26,2024-04-25,30,1266260
CAND-02130,2024-01-26,2024-05-25,0,1173506
CAND-02131,2024-04-14,2024-05-14,30,161472
CAND-02131,2024-04-14,2024-06-13,0,148732
CAND-02131,2024-04-14,2024-07-13,0,135993
CAND-02132,2024-02-16,2024-03-17,30,960167
CAND-02132,2024-02-16,2024-04-16,0,878102
CAND-02132,2024-02-16,2024-05-16,0,802349
CAND-02132,2024-02-16,2024-06-15,30,777098
CAND-02132,2024-02-16,2024-07-15,60,746323
CAND-02133,2024-06-27,2024-07-27,0,929351
CAND-02133,2024-06-27,2024-08-26,0,846373
CAND-02133,2024-06-27,2024-09-25,0,791055
CAND-02133,2024-06-27,2024-10-25,0,714460
CAND-02133,2024-06-27,2024-11-24,0,631482
CAND-02133,2024-06-27,2024-12-24,0,548504
CAND-02134,2024-09-13,2024-10-13,0,387435
CAND-02134,2024-09-13,2024-11-12,0,361019
CAND-02134,2024-09-13,2024-12-12,0,336157
CAND-02135,2024-01-28,2024-02-27,0,607095
CAND-02135,2024-01-28,2024-03-28,0,568137
CAND-02135,2024-01-28,2024-04-27,30,556911
CAND-02135,2024-01-28,2024-05-27,0,517954
CAND-02135,2024-01-28,2024-06-26,0,457746
CAND-02135,2024-01-28,2024-07-26,0,413593
CAND-02136,2024-03-28,2024-04-27,0,283018
CAND-02136,2024-03-28,2024-05-27,0,265330
CAND-02136,2024-03-28,2024-06-26,0,248624
CAND-02136,2024-03-28,2024-07-26,0,223565
CAND-02137,2024-10-13,2024-11-12,0,228724
CAND-02137,2024-10-13,2024-12-12,0,211425
CAND-02137,2024-10-13,2025-01-11,0,196289
CAND-02137,2024-10-13,2025-02-10,0,177660
CAND-02138,2024-09-25,2024-10-25,0,559175
CAND-02138,2024-09-25,2024-11-24,0,504430
CAND-02138,2024-09-25,2024-12-24,0,461417
CAND-02139,2024-04-17,2024-05-17,0,679642
CAND-02139,2024-04-17,2024-06-16,30,664848
CAND-02139,2024-04-17,2024-07-16,0,616517
CAND-02139,2024-04-17,2024-08-15,0,550613
CAND-02139,2024-04-17,2024-09-14,0,478118
CAND-02139,2024-04-17,2024-10-14,0,426335
CAND-02140,2024-08-09,2024-09-08,0,200576
CAND-02140,2024-08-09,2024-10-08,0,186313
CAND-02140,2024-08-09,2024-11-07,0,174427
CAND-02141,2024-09-08,2024-10-08,0,486926
CAND-02141,2024-09-08,2024-11-07,0,457942
CAND-02141,2024-09-08,2024-12-07,30,445217
CAND-02141,2024-09-08,2025-01-06,60,436065
CAND-02142,2024-03-03,2024-04-02,0,1009670
CAND-02142,2024-03-03,2024-05-02,0,948903
CAND-02142,2024-03-03,2024-06-01,0,857752
CAND-02143,2024-06-21,2024-07-21,0,383902
CAND-02143,2024-06-21,2024-08-20,0,352100
CAND-02143,2024-06-21,2024-09-19,0,326260
CAND-02143,2024-06-21,2024-10-19,30,315924
CAND-02143,2024-06-21,2024-11-18,0,292956
CAND-02143,2024-06-21,2024-12-18,0,268636
CAND-02144,2024-07-02,2024-08-01,0,166517
CAND-02144,2024-07-02,2024-08-31,30,161479
CAND-02144,2024-07-02,2024-09-30,0,143848
CAND-02145,2024-02-18,2024-03-19,0,450030
CAND-02145,2024-02-18,2024-04-18,0,415742
CAND-02145,2024-02-18,2024-05-18,0,375739
CAND-02145,2024-02-18,2024-06-17,0,338814
CAND-02145,2024-02-18,2024-07-17,0,312145
CAND-02146,2024-02-24,2024-03-25,0,306176
CAND-02146,2024-02-24,2024-04-24,0,286165
CAND-02146,2024-02-24,2024-05-24,0,261865
CAND-02146,2024-02-24,2024-06-23,0,230938
CAND-02146,2024-02-24,2024-07-23,0,196919
CAND-02146,2024-02-24,2024-08-22,0,178019
CAND-02147,2024-08-18,2024-09-17,0,615359
CAND-02147,2024-08-18,2024-10-17,0,564642
CAND-02147,2024-08-18,2024-11-16,0,504705
CAND-02147,2024-08-18,2024-12-16,0,465922
CAND-02147,2024-08-18,2025-01-15,0,427139
CAND-02148,2024-04-18,2024-05-18,0,1217319
CAND-02148,2024-04-18,2024-06-17,0,1136481
CAND-02148,2024-04-18,2024-07-17,0,1028698
CAND-02148,2024-04-18,2024-08-16,0,911116
CAND-02149,2024-04-21,2024-05-21,0,422901
CAND-02149,2024-04-21,2024-06-20,0,388201
CAND-02149,2024-04-21,2024-07-20,0,363140
CAND-02149,2024-04-21,2024-08-19,0,334947
CAND-02149,2024-04-21,2024-09-18,0,304874
CAND-02149,2024-04-21,2024-10-18,0,259765
CAND-02150,2024-01-07,2024-02-06,0,897744
CAND-02150,2024-01-07,2024-03-07,0,816698
CAND-02150,2024-01-07,2024-04-06,0,755913
CAND-02150,2024-01-07,2024-05-06,0,698704
CAND-02150,2024-01-07,2024-06-05,0,601448
CAND-02150,2024-01-07,2024-07-05,0,540663
CAND-02151,2024-05-28,2024-06-27,0,635553
CAND-02151,2024-05-28,2024-07-27,0,573331
CAND-02151,2024-05-28,2024-08-26,0,524443
CAND-02151,2024-05-28,2024-09-25,0,467406
CAND-02151,2024-05-28,2024-10-25,0,424628
CAND-02152,2024-10-09,2024-11-08,0,476448
CAND-02152,2024-10-09,2024-12-08,0,433135
CAND-02152,2024-10-09,2025-01-07,0,404259
CAND-02152,2024-10-09,2025-02-06,30,391265
CAND-02152,2024-10-09,2025-03-08,0,344014
CAND-02153,2024-07-21,2024-08-20,0,464837
CAND-02153,2024-07-21,2024-09-19,0,431265
CAND-02153,2024-07-21,2024-10-19,0,399792
CAND-02153,2024-07-21,2024-11-18,0,361055
CAND-02153,2024-07-21,2024-12-18,0,329582
CAND-02154,2024-04-05,2024-05-05,0,626687
CAND-02154,2024-04-05,2024-06-04,0,586472
CAND-02154,2024-04-05,2024-07-04,0,543743
CAND-02155,2024-02-22,2024-03-23,0,2079344
CAND-02155,2024-02-22,2024-04-22,0,1928119
CAND-02155,2024-02-22,2024-05-22,0,1753628
CAND-02155,2024-02-22,2024-06-21,0,1611855
CAND-02155,2024-02-22,2024-07-21,0,1460630
CAND-02156,2024-05-05,2024-06-04,0,871779
CAND-02156,2024-05-05,2024-07-04,0,787573
CAND-02156,2024-05-05,2024-08-03,0,694946
CAND-02156,2024-05-05,2024-09-02,0,640460
CAND-02156,2024-05-05,2024-10-02,0,585974
CAND-02156,2024-05-05,2024-11-01,0,534515
CAND-02157,2024-05-10,2024-06-09,0,139053
CAND-02157,2024-05-10,2024-07-09,0,127168
CAND-02157,2024-05-10,2024-08-08,30,122184
CAND-02157,2024-05-10,2024-09-07,0,111884
CAND-02157,2024-05-10,2024-10-07,0,103300
CAND-02157,2024-05-10,2024-11-06,0,87850
CAND-02158,2024-07-25,2024-08-24,0,455418
CAND-02158,2024-07-25,2024-09-23,0,406081
CAND-02158,2024-07-25,2024-10-23,0,375246
CAND-02158,2024-07-25,2024-11-22,0,347836
CAND-02158,2024-07-25,2024-12-22,0,309885
CAND-02159,2024-08-14,2024-09-13,0,441254
CAND-02159,2024-08-14,2024-10-13,0,409386
CAND-02159,2024-08-14,2024-11-12,0,381266
CAND-02159,2024-08-14,2024-12-12,0,347122
CAND-02160,2024-03-07,2024-04-06,30,1444479
CAND-02160,2024-03-07,2024-05-06,0,1296672
CAND-02160,2024-03-07,2024-06-05,0,1214557
CAND-02160,2024-03-07,2024-07-05,0,1080187
CAND-02160,2024-03-07,2024-08-04,0,987807
CAND-02160,2024-03-07,2024-09-03,0,864635
CAND-02161,2024-06-06,2024-07-06,0,205332
CAND-02161,2024-06-06,2024-08-05,0,192888
CAND-02161,2024-06-06,2024-09-04,0,176888
CAND-02161,2024-06-06,2024-10-04,0,164444
CAND-02162,2024-01-17,2024-02-16,30,203692
CAND-02162,2024-01-17,2024-03-17,60,199770
CAND-02162,2024-01-17,2024-04-16,90,193997
CAND-02162,2024-01-17,2024-05-16,119,190148
CAND-02162,2024-01-17,2024-06-15,119,185629
CAND-02163,2024-06-28,2024-07-28,0,721630
CAND-02163,2024-06-28,2024-08-27,0,657199
CAND-02163,2024-06-28,2024-09-26,0,601972
CAND-02163,2024-06-28,2024-10-26,0,524654
CAND-02164,2024-10-09,2024-11-08,0,511592
CAND-02164,2024-10-09,2024-12-08,0,480984
CAND-02164,2024-10-09,2025-01-07,0,446550
CAND-02164,2024-10-09,2025-02-06,0,396464
CAND-02164,2024-10-09,2025-03-08,0,357111
CAND-02164,2024-10-09,2025-04-07,0,302016
CAND-02165,2024-01-21,2024-02-20,0,590788
CAND-02165,2024-01-21,2024-03-21,0,552561
CAND-02165,2024-01-21,2024-04-20,0,509236
CAND-02165,2024-01-21,2024-05-20,0,465912
CAND-02166,2024-02-25,2024-03-26,0,1134537
CAND-02166,2024-02-25,2024-04-25,0,1038538
CAND-02166,2024-02-25,2024-05-25,0,949396
CAND-02167,2024-04-01,2024-05-01,0,924169
CAND-02167,2024-04-01,2024-05-31,30,894414
CAND-02167,2024-04-01,2024-06-30,0,796221
CAND-02167,2024-04-01,2024-07-30,30,769682
CAND-02167,2024-04-01,2024-08-29,0,699544
CAND-02168,2024-05-15,2024-06-14,0,167118
CAND-02168,2024-05-15,2024-07-14,0,149212
CAND-02168,2024-05-15,2024-08-13,30,145957
CAND-02168,2024-05-15,2024-09-12,0,133167
CAND-02168,2024-05-15,2024-10-12,0,118246
CAND-02168,2024-05-15,2024-11-11,0,105456
CAND-02169,2024-06-25,2024-07-25,0,334593
CAND-02169,2024-06-25,2024-08-24,0,310428
CAND-02169,2024-06-25,2024-09-23,0,286263
CAND-02170,2024-07-05,2024-08-04,0,873167
CAND-02170,2024-07-05,2024-09-03,0,786572
CAND-02170,2024-07-05,2024-10-03,0,733653
CAND-02170,2024-07-05,2024-11-02,0,677621
CAND-02171,2024-03-26,2024-04-25,0,710035
CAND-02171,2024-03-26,2024-05-25,0,657966
CAND-02171,2024-03-26,2024-06-24,0,597886
CAND-02171,2024-03-26,2024-07-24,0,545817
CAND-02171,2024-03-26,2024-08-23,0,499874
CAND-02171,2024-03-26,2024-09-22,0,439794
CAND-02172,2024-07-02,2024-08-01,0,858194
CAND-02172,2024-07-02,2024-08-31,0,782471
CAND-02172,2024-07-02,2024-09-30,0,729019
CAND-02173,2024-03-20,2024-04-19,0,370592
CAND-02173,2024-03-20,2024-05-19,0,330164
CAND-02173,2024-03-20,2024-06-18,0,307704
CAND-02173,2024-03-20,2024-07-18,0,283922
CAND-02173,2024-03-20,2024-08-17,0,252824
CAND-02174,2024-10-08,2024-11-07,0,169783
CAND-02174,2024-10-08,2024-12-07,30,165067
CAND-02174,2024-10-08,2025-01-06,0,148346
CAND-02175,2024-06-09,2024-07-09,0,738167
CAND-02175,2024-06-09,2024-08-08,0,692602
CAND-02175,2024-06-09,2024-09-07,0,610583
CAND-02176,2024-02-11,2024-03-12,0,1032924
CAND-02176,2024-02-11,2024-04-11,0,947793
CAND-02176,2024-02-11,2024-05-11,0,862662
CAND-02176,2024-02-11,2024-06-10,0,762052
CAND-02176,2024-02-11,2024-07-10,0,700569
CAND-02177,2024-07-22,2024-08-21,30,776261
CAND-02177,2024-07-22,2024-09-20,0,709612
CAND-02177,2024-07-22,2024-10-20,0,665180
CAND-02177,2024-07-22,2024-11-19,0,598531
CAND-02177,2024-07-22,2024-12-19,0,545212
CAND-02177,2024-07-22,2025-01-18,0,498166
CAND-02178,2024-09-22,2024-10-22,0,729270
CAND-02178,2024-09-22,2024-11-21,0,650266
CAND-02178,2024-09-22,2024-12-21,30,626325
CAND-02178,2024-09-22,2025-01-20,0,554503
CAND-02178,2024-09-22,2025-02-19,0,488666
CAND-02179,2024-05-19,2024-06-18,30,710916
CAND-02179,2024-05-19,2024-07-18,0,659100
CAND-02179,2024-05-19,2024-08-17,0,593153
CAND-02179,2024-05-19,2024-09-16,0,532701
CAND-02180,2024-04-21,2024-05-21,0,310264
CAND-02180,2024-04-21,2024-06-20,0,275790
CAND-02180,2024-04-21,2024-07-20,30,269161
CAND-02181,2024-09-03,2024-10-03,30,751247
CAND-02181,2024-09-03,2024-11-02,60,727013
CAND-02181,2024-09-03,2024-12-02,90,708979
CAND-02181,2024-09-03,2025-01-01,97,694066
CAND-02181,2024-09-03,2025-01-31,97,673107
CAND-02182,2024-09-30,2024-10-30,0,627852
CAND-02182,2024-09-30,2024-11-29,0,589801
CAND-02182,2024-09-30,2024-12-29,0,551749
CAND-02183,2024-06-22,2024-07-22,0,644498
CAND-02183,2024-06-22,2024-08-21,30,630959
CAND-02183,2024-06-22,2024-09-20,0,577841
CAND-02183,2024-06-22,2024-10-20,0,537221
CAND-02183,2024-06-22,2024-11-19,0,498858
CAND-02183,2024-06-22,2024-12-19,30,480195
CAND-02184,2024-02-23,2024-03-24,0,518612
CAND-02184,2024-02-23,2024-04-23,0,482957
CAND-02184,2024-02-23,2024-05-23,0,442209
CAND-02184,2024-02-23,2024-06-22,0,404178
CAND-02184,2024-02-23,2024-07-22,0,352316
CAND-02184,2024-02-23,2024-08-21,0,320624
CAND-02185,2024-07-30,2024-08-29,0,587858
CAND-02185,2024-07-30,2024-09-28,0,550396
CAND-02185,2024-07-30,2024-10-28,0,486712
CAND-02185,2024-07-30,2024-11-27,0,449250
CAND-02186,2024-01-25,2024-02-24,0,279998
CAND-02186,2024-01-25,2024-03-25,0,261469
CAND-02186,2024-01-25,2024-04-24,0,231822
CAND-02186,2024-01-25,2024-05-24,0,214383
CAND-02186,2024-01-25,2024-06-23,0,194618
CAND-02187,2024-06-06,2024-07-06,0,209287
CAND-02187,2024-06-06,2024-08-05,0,195389
CAND-02187,2024-06-06,2024-09-04,0,173152
CAND-02187,2024-06-06,2024-10-04,0,160798
CAND-02187,2024-06-06,2024-11-03,30,156755
CAND-02187,2024-06-06,2024-12-03,0,136540
CAND-02188,2024-08-26,2024-09-25,0,216894
CAND-02188,2024-08-26,2024-10-25,0,202976
CAND-02188,2024-08-26,2024-11-24,0,184775
CAND-02188,2024-08-26,2024-12-24,30,177816
CAND-02188,2024-08-26,2025-01-23,60,172182
CAND-02189,2024-04-25,2024-05-25,0,905952
CAND-02189,2024-04-25,2024-06-24,0,823592
CAND-02189,2024-04-25,2024-07-24,0,765457
CAND-02189,2024-04-25,2024-08-23,0,707321
CAND-02189,2024-04-25,2024-09-22,0,608490
CAND-02191,2024-09-05,2024-10-05,0,660060
CAND-02191,2024-09-05,2024-11-04,0,616056
CAND-02191,2024-09-05,2024-12-04,0,572052
CAND-02191,2024-09-05,2025-01-03,0,501646
CAND-02192,2024-04-29,2024-05-29,0,901597
CAND-02192,2024-04-29,2024-06-28,0,838986
CAND-02192,2024-04-29,2024-07-28,30,812623
CAND-02193,2024-05-02,2024-06-01,0,1653024
CAND-02193,2024-05-02,2024-07-01,0,1516786
CAND-02193,2024-05-02,2024-07-31,0,1398713
CAND-02194,2024-03-26,2024-04-25,0,1000978
CAND-02194,2024-03-26,2024-05-25,0,912656
CAND-02194,2024-03-26,2024-06-24,0,850312
CAND-02195,2024-02-05,2024-03-06,0,1114896
CAND-02195,2024-02-05,2024-04-05,0,1026412
CAND-02195,2024-02-05,2024-05-05,0,913796
CAND-02196,2024-08-15,2024-09-14,0,645835
CAND-02196,2024-08-15,2024-10-14,0,599909
CAND-02196,2024-08-15,2024-11-13,0,542502
CAND-02197,2024-07-30,2024-08-29,0,361955
CAND-02197,2024-07-30,2024-09-28,0,331792
CAND-02197,2024-07-30,2024-10-28,0,308726
CAND-02198,2024-04-08,2024-05-08,30,511542
CAND-02198,2024-04-08,2024-06-07,0,471100
CAND-02198,2024-04-08,2024-07-07,0,433546
CAND-02198,2024-04-08,2024-08-06,0,400687
CAND-02198,2024-04-08,2024-09-05,0,367827
CAND-02199,2024-09-02,2024-10-02,0,451430
CAND-02199,2024-09-02,2024-11-01,0,415960
CAND-02199,2024-09-02,2024-12-01,30,405826
CAND-02199,2024-09-02,2024-12-31,0,376616
CAND-02199,2024-09-02,2025-01-30,0,347406
CAND-02199,2024-09-02,2025-03-01,0,318196
CAND-02200,2024-09-11,2024-10-11,0,409624
CAND-02200,2024-09-11,2024-11-10,0,379833
CAND-02200,2024-09-11,2024-12-10,30,372259
CAND-02200,2024-09-11,2025-01-09,0,344330
CAND-02200,2024-09-11,2025-02-08,0,303706
CAND-02201,2024-07-14,2024-08-13,0,507013
CAND-02201,2024-07-14,2024-09-12,0,473344
CAND-02201,2024-07-14,2024-10-12,0,434865
CAND-02201,2024-07-14,2024-11-11,0,396387
CAND-02201,2024-07-14,2024-12-11,0,354948
CAND-02202,2024-08-10,2024-09-09,0,569348
CAND-02202,2024-08-10,2024-10-09,0,513276
CAND-02202,2024-08-10,2024-11-08,0,476994
CAND-02202,2024-08-10,2024-12-08,0,415315
CAND-02202,2024-08-10,2025-01-07,0,359243
CAND-02202,2024-08-10,2025-02-06,0,320693
CAND-02203,2024-05-20,2024-06-19,0,333985
CAND-02203,2024-05-20,2024-07-19,0,312702
CAND-02203,2024-05-20,2024-08-18,0,290088
CAND-02203,2024-05-20,2024-09-17,0,257196
CAND-02204,2024-03-30,2024-04-29,0,1046490
CAND-02204,2024-03-30,2024-05-29,0,965511
CAND-02204,2024-03-30,2024-06-28,0,884533
CAND-02204,2024-03-30,2024-07-28,30,853041
CAND-02205,2024-07-28,2024-08-27,30,327379
CAND-02205,2024-07-28,2024-09-26,0,307751
CAND-02205,2024-07-28,2024-10-26,0,282084
CAND-02205,2024-07-28,2024-11-25,0,262456
CAND-02206,2024-07-30,2024-08-29,30,529958
CAND-02206,2024-07-30,2024-09-28,60,516601
CAND-02206,2024-07-30,2024-10-28,90,504432
CAND-02206,2024-07-30,2024-11-27,90,494653
CAND-02206,2024-07-30,2024-12-27,90,482748
CAND-02207,2024-06-22,2024-07-22,0,905605
CAND-02207,2024-06-22,2024-08-21,0,823278
CAND-02207,2024-06-22,2024-09-20,0,733465
CAND-02207,2024-06-22,2024-10-20,30,716432
CAND-02207,2024-06-22,2024-11-19,60,699100
CAND-02208,2024-07-29,2024-08-28,0,1512464
CAND-02208,2024-07-29,2024-09-27,0,1411183
CAND-02208,2024-07-29,2024-10-27,0,1321155
CAND-02208,2024-07-29,2024-11-26,0,1173837
CAND-02208,2024-07-29,2024-12-26,0,1058087
CAND-02209,2024-01-12,2024-02-11,0,592920
CAND-02209,2024-01-12,2024-03-12,0,546333
CAND-02209,2024-01-12,2024-04-11,30,534475
CAND-02209,2024-01-12,2024-05-11,0,490994
CAND-02209,2024-01-12,2024-06-10,0,450231
CAND-02210,2024-07-25,2024-08-24,0,584947
CAND-02210,2024-07-25,2024-09-23,0,547671
CAND-02210,2024-07-25,2024-10-23,0,490063
CAND-02211,2024-08-07,2024-09-06,0,642487
CAND-02211,2024-08-07,2024-10-06,30,628265
CAND-02211,2024-08-07,2024-11-05,0,585600
CAND-02212,2024-07-12,2024-08-11,0,547426
CAND-02212,2024-07-12,2024-09-10,0,514986
CAND-02212,2024-07-12,2024-10-10,0,470069
CAND-02213,2024-06-02,2024-07-02,0,570521
CAND-02213,2024-06-02,2024-08-01,30,551997
CAND-02213,2024-06-02,2024-08-31,60,541458
CAND-02214,2024-05-01,2024-05-31,0,707372
CAND-02214,2024-05-01,2024-06-30,0,665762
CAND-02214,2024-05-01,2024-07-30,0,597673
CAND-02214,2024-05-01,2024-08-29,0,529583
CAND-02215,2024-04-07,2024-05-07,0,540777
CAND-02215,2024-04-07,2024-06-06,0,499575
CAND-02215,2024-04-07,2024-07-06,0,455204
CAND-02215,2024-04-07,2024-08-05,0,419152
CAND-02216,2024-03-13,2024-04-12,0,255355
CAND-02216,2024-03-13,2024-05-12,0,239262
CAND-02216,2024-03-13,2024-06-11,0,222162
CAND-02216,2024-03-13,2024-07-11,0,206068
CAND-02216,2024-03-13,2024-08-10,0,185022
CAND-02217,2024-05-12,2024-06-11,0,210027
CAND-02217,2024-05-12,2024-07-11,0,191496
CAND-02217,2024-05-12,2024-08-10,0,179141
CAND-02217,2024-05-12,2024-09-09,0,165242
CAND-02218,2024-06-02,2024-07-02,0,812295
CAND-02218,2024-06-02,2024-08-01,0,740091
CAND-02218,2024-06-02,2024-08-31,0,685938
CAND-02218,2024-06-02,2024-09-30,30,658862
CAND-02219,2024-06-04,2024-07-04,0,223658
CAND-02219,2024-06-04,2024-08-03,0,204889
CAND-02219,2024-06-04,2024-09-02,0,189640
CAND-02220,2024-07-06,2024-08-05,0,792823
CAND-02220,2024-07-06,2024-09-04,0,721249
CAND-02220,2024-07-06,2024-10-04,0,670726
CAND-02220,2024-07-06,2024-11-03,0,592645
CAND-02220,2024-07-06,2024-12-03,0,521071
CAND-02220,2024-07-06,2025-01-02,0,449496
CAND-02221,2024-07-18,2024-08-17,30,1297942
CAND-02221,2024-07-18,2024-09-16,0,1187777
CAND-02221,2024-07-18,2024-10-16,0,1086087
CAND-02221,2024-07-18,2024-11-15,0,975922
CAND-02222,2024-09-03,2024-10-03,0,813536
CAND-02222,2024-09-03,2024-11-02,0,726372
CAND-02222,2024-09-03,2024-12-02,0,653735
CAND-02223,2024-10-08,2024-11-07,30,721497
CAND-02223,2024-10-08,2024-12-07,60,700367
CAND-02223,2024-10-08,2025-01-06,30,685866
CAND-02224,2024-06-29,2024-07-29,0,544049
CAND-02224,2024-06-29,2024-08-28,0,483599
CAND-02224,2024-06-29,2024-09-27,0,440421
CAND-02224,2024-06-29,2024-10-27,0,379971
CAND-02224,2024-06-29,2024-11-26,0,336792
CAND-02225,2024-09-20,2024-10-20,0,568737
CAND-02225,2024-09-20,2024-11-19,30,556842
CAND-02225,2024-09-20,2024-12-19,60,544203
CAND-02225,2024-09-20,2025-01-18,30,530722
CAND-02226,2024-01-14,2024-02-13,0,793541
CAND-02226,2024-01-14,2024-03-14,0,742972
CAND-02226,2024-01-14,2024-04-13,0,695212
CAND-02226,2024-01-14,2024-05-13,0,637901
CAND-02227,2024-02-28,2024-03-29,0,92942
CAND-02227,2024-02-28,2024-04-28,0,84998
CAND-02227,2024-02-28,2024-05-28,0,78924
CAND-02227,2024-02-28,2024-06-27,0,68597
CAND-02227,2024-02-28,2024-07-27,0,62522
CAND-02228,2024-04-01,2024-05-01,0,175446
CAND-02228,2024-04-01,2024-05-31,0,163637
CAND-02228,2024-04-01,2024-06-30,0,146461
CAND-02228,2024-04-01,2024-07-30,0,131927
CAND-02228,2024-04-01,2024-08-29,0,113033
CAND-02228,2024-04-01,2024-09-28,0,101224
CAND-02229,2024-04-03,2024-05-03,0,254981
CAND-02229,2024-04-03,2024-06-02,0,229225
CAND-02229,2024-04-03,2024-07-02,0,205616
CAND-02229,2024-04-03,2024-08-01,0,188950
CAND-02229,2024-04-03,2024-08-31,0,172285
CAND-02230,2024-10-20,2024-11-19,0,1148233
CAND-02230,2024-10-20,2024-12-19,0,1068494
CAND-02230,2024-10-20,2025-01-18,0,983440
CAND-02231,2024-07-31,2024-08-30,0,1349719
CAND-02231,2024-07-31,2024-09-29,0,1230626
CAND-02231,2024-07-31,2024-10-29,0,1128546
CAND-02231,2024-07-31,2024-11-28,0,1009454
CAND-02232,2024-04-23,2024-05-23,0,249603
CAND-02232,2024-04-23,2024-06-22,0,231923
CAND-02232,2024-04-23,2024-07-22,0,211522
CAND-02232,2024-04-23,2024-08-21,0,187413
CAND-02232,2024-04-23,2024-09-20,0,172680
CAND-02232,2024-04-23,2024-10-20,0,146159
CAND-02233,2024-03-03,2024-04-02,0,261245
CAND-02233,2024-03-03,2024-05-02,0,242667
CAND-02233,2024-03-03,2024-06-01,0,227186
CAND-02233,2024-03-03,2024-07-01,0,210794
CAND-02233,2024-03-03,2024-07-31,0,192217
CAND-02233,2024-03-03,2024-08-30,30,186644
CAND-02234,2024-03-16,2024-04-15,0,289437
CAND-02234,2024-03-16,2024-05-15,0,257599
CAND-02234,2024-03-16,2024-06-14,0,234858
CAND-02235,2024-04-26,2024-05-26,0,295656
CAND-02235,2024-04-26,2024-06-25,0,274154
CAND-02235,2024-04-26,2024-07-25,0,256235
CAND-02235,2024-04-26,2024-08-24,0,238317
CAND-02235,2024-04-26,2024-09-23,0,213506
CAND-02235,2024-04-26,2024-10-23,0,192004
CAND-02236,2024-02-20,2024-03-21,0,1216458
CAND-02236,2024-02-20,2024-04-20,0,1104950
CAND-02236,2024-02-20,2024-05-20,0,983304
CAND-02236,2024-02-20,2024-06-19,0,894097
CAND-02236,2024-02-20,2024-07-19,0,810465
CAND-02236,2024-02-20,2024-08-18,0,726834
CAND-02237,2024-10-10,2024-11-09,0,330621
CAND-02237,2024-10-10,2024-12-09,0,297559
CAND-02237,2024-10-10,2025-01-08,0,274829
CAND-02237,2024-10-10,2025-02-07,0,241767
CAND-02238,2024-09-08,2024-10-08,0,636646
CAND-02238,2024-09-08,2024-11-07,0,565908
CAND-02238,2024-09-08,2024-12-07,0,506959
CAND-02239,2024-05-08,2024-06-07,0,523080
CAND-02239,2024-05-08,2024-07-07,0,483226
CAND-02239,2024-05-08,2024-08-06,30,470546
CAND-02239,2024-05-08,2024-09-05,0,430692
CAND-02240,2024-03-12,2024-04-11,0,1211576
CAND-02240,2024-03-12,2024-05-11,0,1104301
CAND-02240,2024-03-12,2024-06-10,0,1005278
CAND-02240,2024-03-12,2024-07-10,0,906255
CAND-02241,2024-08-29,2024-09-28,0,379570
CAND-02241,2024-08-29,2024-10-28,0,350521
CAND-02241,2024-08-29,2024-11-27,0,327928
CAND-02241,2024-08-29,2024-12-27,0,287260
CAND-02242,2024-09-11,2024-10-11,0,238317
CAND-02242,2024-09-11,2024-11-10,0,216930
CAND-02242,2024-09-11,2024-12-10,0,201833
CAND-02243,2024-02-13,2024-03-14,0,496838
CAND-02243,2024-02-13,2024-04-13,0,465364
CAND-02243,2024-02-13,2024-05-13,0,431923
CAND-02243,2024-02-13,2024-06-12,0,378417
CAND-02243,2024-02-13,2024-07-12,0,337259
CAND-02244,2024-02-19,2024-03-20,0,415702
CAND-02244,2024-02-19,2024-04-19,0,385679
CAND-02244,2024-02-19,2024-05-19,0,357533
CAND-02244,2024-02-19,2024-06-18,0,331042
CAND-02244,2024-02-19,2024-07-18,0,306023
CAND-02244,2024-02-19,2024-08-17,0,276000
CAND-02245,2024-05-01,2024-05-31,0,1041463
CAND-02245,2024-05-01,2024-06-30,0,967404
CAND-02245,2024-05-01,2024-07-30,0,888054
CAND-02245,2024-05-01,2024-08-29,0,826338
CAND-02247,2024-01-24,2024-02-23,0,948775
CAND-02247,2024-01-24,2024-03-24,0,887384
CAND-02247,2024-01-24,2024-04-23,0,825993
CAND-02247,2024-01-24,2024-05-23,0,751446
CAND-02247,2024-01-24,2024-06-22,0,686218
CAND-02247,2024-01-24,2024-07-22,0,624826
CAND-02248,2024-04-13,2024-05-13,0,389913
CAND-02248,2024-04-13,2024-06-12,0,366282
CAND-02248,2024-04-13,2024-07-12,0,342651
CAND-02248,2024-04-13,2024-08-11,0,300115
CAND-02248,2024-04-13,2024-09-10,30,290448
CAND-02248,2024-04-13,2024-10-10,0,247912
CAND-02249,2024-05-30,2024-06-29,0,586495
CAND-02249,2024-05-30,2024-07-29,0,527846
CAND-02249,2024-05-30,2024-08-28,0,484836
CAND-02249,2024-05-30,2024-09-27,0,446887
CAND-02249,2024-05-30,2024-10-27,0,400805
CAND-02249,2024-05-30,2024-11-26,0,362855
CAND-02250,2024-05-01,2024-05-31,0,607387
CAND-02250,2024-05-01,2024-06-30,0,560665
CAND-02250,2024-05-01,2024-07-30,0,519783
CAND-02250,2024-05-01,2024-08-29,0,460319
CAND-02251,2024-05-17,2024-06-16,0,559621
CAND-02251,2024-05-17,2024-07-16,0,522587
CAND-02251,2024-05-17,2024-08-15,0,489668
CAND-02251,2024-05-17,2024-09-14,0,452635
CAND-02252,2024-05-22,2024-06-21,0,253056
CAND-02252,2024-05-22,2024-07-21,0,235482
CAND-02252,2024-05-22,2024-08-20,0,216738
CAND-02252,2024-05-22,2024-09-19,0,201117
CAND-02252,2024-05-22,2024-10-19,0,177686
CAND-02253,2024-07-13,2024-08-12,0,421875
CAND-02253,2024-07-13,2024-09-11,0,383789
CAND-02253,2024-07-13,2024-10-11,0,356905
CAND-02253,2024-07-13,2024-11-10,0,321748
CAND-02253,2024-07-13,2024-12-10,0,294864
CAND-02254,2024-03-19,2024-04-18,0,674986
CAND-02254,2024-03-19,2024-05-18,0,628581
CAND-02254,2024-03-19,2024-06-17,0,566707
CAND-02254,2024-03-19,2024-07-17,0,525458
CAND-02254,2024-03-19,2024-08-16,0,479053
CAND-02255,2024-07-07,2024-08-06,0,516951
CAND-02255,2024-07-07,2024-09-05,0,483163
CAND-02255,2024-07-07,2024-10-05,0,444871
CAND-02255,2024-07-07,2024-11-04,0,387432
CAND-02256,2024-03-10,2024-04-09,0,1111740
CAND-02256,2024-03-10,2024-05-09,0,991302
CAND-02256,2024-03-10,2024-06-08,0,898656
CAND-02256,2024-03-10,2024-07-08,0,812629
CAND-02256,2024-03-10,2024-08-07,0,692190
CAND-02256,2024-03-10,2024-09-06,0,611898
CAND-02257,2024-09-13,2024-10-13,0,849624
CAND-02257,2024-09-13,2024-11-12,0,792983
CAND-02257,2024-09-13,2024-12-12,0,702356
CAND-02257,2024-09-13,2025-01-11,0,611730
CAND-02257,2024-09-13,2025-02-10,0,521103
CAND-02257,2024-09-13,2025-03-12,0,438715
CAND-02258,2024-06-17,2024-07-17,0,587481
CAND-02258,2024-06-17,2024-08-16,0,541322
CAND-02258,2024-06-17,2024-09-15,30,527859
CAND-02258,2024-06-17,2024-10-15,0,463236
CAND-02258,2024-06-17,2024-11-14,0,425222
CAND-02258,2024-06-17,2024-12-14,0,371370
CAND-02259,2024-04-19,2024-05-19,0,223828
CAND-02259,2024-04-19,2024-06-18,30,218588
CAND-02259,2024-04-19,2024-07-18,0,194484
CAND-02259,2024-04-19,2024-08-17,0,177266
CAND-02259,2024-04-19,2024-09-16,0,153162
CAND-02259,2024-04-19,2024-10-16,0,131248
CAND-02260,2024-06-26,2024-07-26,0,619698
CAND-02260,2024-06-26,2024-08-25,0,568362
CAND-02260,2024-06-26,2024-09-24,0,523871
CAND-02261,2024-05-15,2024-06-14,0,840712
CAND-02261,2024-05-15,2024-07-14,0,771730
CAND-02261,2024-05-15,2024-08-13,30,755717
CAND-02261,2024-05-15,2024-09-12,60,738797
CAND-02262,2024-08-03,2024-09-02,0,1022104
CAND-02262,2024-08-03,2024-10-02,0,953659
CAND-02262,2024-08-03,2024-11-01,0,880652
CAND-02262,2024-08-03,2024-12-01,0,816233
CAND-02262,2024-08-03,2024-12-31,0,747789
CAND-02262,2024-08-03,2025-01-30,0,648233
CAND-02263,2024-07-03,2024-08-02,30,550371
CAND-02263,2024-07-03,2024-09-01,0,506976
CAND-02263,2024-07-03,2024-10-01,0,475636
CAND-02263,2024-07-03,2024-10-31,0,440377
CAND-02263,2024-07-03,2024-11-30,0,383964
CAND-02264,2024-09-10,2024-10-10,30,1166407
CAND-02264,2024-09-10,2024-11-09,60,1145419
CAND-02264,2024-09-10,2024-12-09,90,1116935
CAND-02264,2024-09-10,2025-01-08,117,1079551
CAND-02264,2024-09-10,2025-02-07,117,1052362
CAND-02264,2024-09-10,2025-03-09,117,1026908
CAND-02265,2024-04-20,2024-05-20,0,546649
CAND-02265,2024-04-20,2024-06-19,0,512349
CAND-02265,2024-04-20,2024-07-19,0,475906
CAND-02265,2024-04-20,2024-08-18,0,431053
CAND-02266,2024-10-20,2024-11-19,0,449960
CAND-02266,2024-10-20,2024-12-19,0,411886
CAND-02266,2024-10-20,2025-01-18,0,362391
CAND-02266,2024-10-20,2025-02-17,0,329394
CAND-02266,2024-10-20,2025-03-19,0,291320
CAND-02266,2024-10-20,2025-04-18,0,258323
CAND-02267,2024-07-01,2024-07-31,0,1248178
CAND-02267,2024-07-01,2024-08-30,0,1141497
CAND-02267,2024-07-01,2024-09-29,0,1034815
CAND-02267,2024-07-01,2024-10-29,0,953234
CAND-02267,2024-07-01,2024-11-28,0,854173
CAND-02268,2024-05-30,2024-06-29,0,817420
CAND-02268,2024-05-30,2024-07-29,0,768514
CAND-02268,2024-05-30,2024-08-28,0,719609
CAND-02268,2024-05-30,2024-09-27,0,646251
CAND-02268,2024-05-30,2024-10-27,0,587564
CAND-02268,2024-05-30,2024-11-26,0,507537
CAND-02269,2024-06-07,2024-07-07,0,221010
CAND-02269,2024-06-07,2024-08-06,0,200751
CAND-02269,2024-06-07,2024-09-05,0,180492
CAND-02270,2024-01-12,2024-02-11,0,309352
CAND-02270,2024-01-12,2024-03-12,0,287515
CAND-02270,2024-01-12,2024-04-11,0,262319
CAND-02270,2024-01-12,2024-05-11,0,238923
CAND-02270,2024-01-12,2024-06-10,0,218451
CAND-02270,2024-01-12,2024-07-10,0,193255
CAND-02271,2024-07-15,2024-08-14,30,1477560
CAND-02271,2024-07-15,2024-09-13,0,1351967
CAND-02271,2024-07-15,2024-10-13,0,1214957
CAND-02271,2024-07-15,2024-11-12,0,1120763
CAND-02271,2024-07-15,2024-12-12,0,1004831
CAND-02271,2024-07-15,2025-01-11,0,879238
CAND-02272,2024-07-06,2024-08-05,0,355176
CAND-02272,2024-07-06,2024-09-04,0,317290
CAND-02272,2024-07-06,2024-10-04,0,296243
CAND-02272,2024-07-06,2024-11-03,30,288007
CAND-02273,2024-07-16,2024-08-15,30,1171624
CAND-02273,2024-07-16,2024-09-14,60,1136324
CAND-02273,2024-07-16,2024-10-14,90,1111320
CAND-02273,2024-07-16,2024-11-13,102,1085783
CAND-02273,2024-07-16,2024-12-13,102,1047067
CAND-02273,2024-07-16,2025-01-12,102,1016293
CAND-02274,2024-03-27,2024-04-26,0,512055
CAND-02274,2024-03-27,2024-05-26,0,465504
CAND-02274,2024-03-27,2024-06-25,0,414722
CAND-02274,2024-03-27,2024-07-25,0,358861
CAND-02274,2024-03-27,2024-08-24,0,312311
CAND-02274,2024-03-27,2024-09-23,0,269341
CAND-02275,2024-08-14,2024-09-13,30,364972
CAND-02275,2024-08-14,2024-10-13,60,355892
CAND-02275,2024-08-14,2024-11-12,90,347619
CAND-02276,2024-05-08,2024-06-07,0,874072
CAND-02276,2024-05-08,2024-07-07,0,816229
CAND-02276,2024-05-08,2024-08-06,0,758386
CAND-02276,2024-05-08,2024-09-05,0,692280
CAND-02277,2024-02-18,2024-03-19,0,761023
CAND-02277,2024-02-18,2024-04-18,0,698302
CAND-02277,2024-02-18,2024-05-18,0,653003
CAND-02277,2024-02-18,2024-06-17,0,590281
CAND-02277,2024-02-18,2024-07-17,0,542317
CAND-02277,2024-02-18,2024-08-16,0,494354
CAND-02278,2024-01-23,2024-02-22,0,457492
CAND-02278,2024-01-23,2024-03-23,0,426039
CAND-02278,2024-01-23,2024-04-22,0,392490
CAND-02278,2024-01-23,2024-05-22,0,364532
CAND-02279,2024-06-05,2024-07-05,0,414879
CAND-02279,2024-06-05,2024-08-04,0,374019
CAND-02279,2024-06-05,2024-09-03,0,329074
CAND-02279,2024-06-05,2024-10-03,0,284129
CAND-02279,2024-06-05,2024-11-02,0,249556
CAND-02280,2024-04-11,2024-05-11,0,420632
CAND-02280,2024-04-11,2024-06-10,0,382074
CAND-02280,2024-04-11,2024-07-10,0,353155
CAND-02280,2024-04-11,2024-08-09,0,311092
CAND-02280,2024-04-11,2024-09-08,0,269029
CAND-02281,2024-05-22,2024-06-21,0,661980
CAND-02281,2024-05-22,2024-07-21,0,615090
CAND-02281,2024-05-22,2024-08-20,0,564850
CAND-02281,2024-05-22,2024-09-19,0,517960
CAND-02281,2024-05-22,2024-10-19,0,471070
CAND-02281,2024-05-22,2024-11-18,0,420830
CAND-02282,2024-04-27,2024-05-27,0,1205794
CAND-02282,2024-04-27,2024-06-26,0,1071817
CAND-02282,2024-04-27,2024-07-26,30,1045547
CAND-02282,2024-04-27,2024-08-25,0,942487
CAND-02283,2024-07-24,2024-08-23,0,531080
CAND-02283,2024-07-24,2024-09-22,0,492134
CAND-02283,2024-07-24,2024-10-22,0,450406
CAND-02284,2024-07-21,2024-08-20,0,746370
CAND-02284,2024-07-21,2024-09-19,0,699330
CAND-02284,2024-07-21,2024-10-19,0,637816
CAND-02285,2024-07-19,2024-08-18,30,422263
CAND-02285,2024-07-19,2024-09-17,0,395354
CAND-02285,2024-07-19,2024-10-17,30,384315
CAND-02285,2024-07-19,2024-11-16,0,345175
CAND-02285,2024-07-19,2024-12-16,0,316472
CAND-02286,2024-02-25,2024-03-26,0,690376
CAND-02286,2024-02-25,2024-04-25,0,621909
CAND-02286,2024-02-25,2024-05-25,0,571699
CAND-02287,2024-03-11,2024-04-10,0,733782
CAND-02287,2024-03-11,2024-05-10,30,710720
CAND-02287,2024-03-11,2024-06-09,0,630004
CAND-02287,2024-03-11,2024-07-09,0,567915
CAND-02287,2024-03-11,2024-08-08,0,505826
CAND-02287,2024-03-11,2024-09-07,0,425110
CAND-02288,2024-09-09,2024-10-09,0,339130
CAND-02288,2024-09-09,2024-11-08,30,330941
CAND-02288,2024-09-09,2024-12-08,60,319681
CAND-02288,2024-09-09,2025-01-07,90,308762
CAND-02288,2024-09-09,2025-02-06,94,298467
CAND-02288,2024-09-09,2025-03-08,94,291260
CAND-02289,2024-02-08,2024-03-09,0,749434
CAND-02289,2024-02-08,2024-04-08,0,676761
CAND-02289,2024-02-08,2024-05-08,0,619662
CAND-02289,2024-02-08,2024-06-07,0,546989
CAND-02290,2024-04-01,2024-05-01,0,2415957
CAND-02290,2024-04-01,2024-05-31,0,2241471
CAND-02290,2024-04-01,2024-06-30,0,2003536
CAND-02292,2024-07-21,2024-08-20,0,432798
CAND-02292,2024-07-21,2024-09-19,0,407151
CAND-02292,2024-07-21,2024-10-19,0,368680
CAND-02292,2024-07-21,2024-11-18,0,339826
CAND-02293,2024-07-05,2024-08-04,0,1425477
CAND-02293,2024-07-05,2024-09-03,0,1315825
CAND-02293,2024-07-05,2024-10-03,0,1176268
CAND-02293,2024-07-05,2024-11-02,0,1036710
CAND-02294,2024-03-05,2024-04-04,0,272042
CAND-02294,2024-03-05,2024-05-04,0,254808
CAND-02294,2024-03-05,2024-06-03,0,235277
CAND-02294,2024-03-05,2024-07-03,0,218044
CAND-02295,2024-10-10,2024-11-09,0,759073
CAND-02295,2024-10-10,2024-12-09,30,734633
CAND-02295,2024-10-10,2025-01-08,0,680865
CAND-02295,2024-10-10,2025-02-07,30,656426
CAND-02296,2024-06-12,2024-07-12,0,487962
CAND-02296,2024-06-12,2024-08-11,0,449235
CAND-02296,2024-06-12,2024-09-10,0,419114
CAND-02296,2024-06-12,2024-10-10,0,382968
CAND-02296,2024-06-12,2024-11-09,0,333679
CAND-02296,2024-06-12,2024-12-09,0,291973
CAND-02297,2024-05-20,2024-06-19,0,585666
CAND-02297,2024-05-20,2024-07-19,0,533374
CAND-02297,2024-05-20,2024-08-18,0,481083
CAND-02297,2024-05-20,2024-09-17,0,428791
CAND-02298,2024-05-06,2024-06-05,0,463531
CAND-02298,2024-05-06,2024-07-05,0,436062
CAND-02298,2024-05-06,2024-08-04,0,394860
CAND-02298,2024-05-06,2024-09-03,0,359543
CAND-02299,2024-06-12,2024-07-12,0,736499
CAND-02299,2024-06-12,2024-08-11,0,680797
CAND-02299,2024-06-12,2024-09-10,30,654803
CAND-02299,2024-06-12,2024-10-10,0,608931
CAND-02299,2024-06-12,2024-11-09,0,543946
CAND-02300,2024-02-18,2024-03-19,0,253341
CAND-02300,2024-02-18,2024-04-18,0,236575
CAND-02300,2024-02-18,2024-05-18,0,215941
CAND-02301,2024-05-03,2024-06-02,30,230966
CAND-02301,2024-05-03,2024-07-02,60,226611
CAND-02301,2024-05-03,2024-08-01,90,221711
CAND-02301,2024-05-03,2024-08-31,114,215682
CAND-02301,2024-05-03,2024-09-30,114,209149
CAND-02301,2024-05-03,2024-10-30,114,203805
CAND-02302,2024-02-19,2024-03-20,30,190263
CAND-02302,2024-02-19,2024-04-19,0,170642
CAND-02302,2024-02-19,2024-05-19,0,158379
CAND-02302,2024-02-19,2024-06-18,0,145299
CAND-02303,2024-02-12,2024-03-13,0,1219936
CAND-02303,2024-02-12,2024-04-12,0,1138244
CAND-02303,2024-02-12,2024-05-12,30,1107847
CAND-02303,2024-02-12,2024-06-11,60,1084082
CAND-02303,2024-02-12,2024-07-11,90,1046737
CAND-02303,2024-02-12,2024-08-10,96,1018927
CAND-02304,2024-02-29,2024-03-30,0,362648
CAND-02304,2024-02-29,2024-04-29,0,324250
CAND-02304,2024-02-29,2024-05-29,0,298651
CAND-02305,2024-02-23,2024-03-24,0,670051
CAND-02305,2024-02-23,2024-04-23,0,630636
CAND-02305,2024-02-23,2024-05-23,0,571514
CAND-02305,2024-02-23,2024-06-22,30,558376
CAND-02306,2024-04-03,2024-05-03,0,502567
CAND-02306,2024-04-03,2024-06-02,30,492485
CAND-02306,2024-04-03,2024-07-02,60,478874
CAND-02307,2024-08-30,2024-09-29,0,605347
CAND-02307,2024-08-30,2024-10-29,0,567364
CAND-02307,2024-08-30,2024-11-28,30,548915
CAND-02308,2024-02-20,2024-03-21,0,462330
CAND-02308,2024-02-20,2024-04-20,0,421395
CAND-02308,2024-02-20,2024-05-20,0,388646
CAND-02308,2024-02-20,2024-06-19,0,353559
CAND-02309,2024-10-04,2024-11-03,0,717938
CAND-02309,2024-10-04,2024-12-03,0,654121
CAND-02309,2024-10-04,2025-01-02,0,590304
CAND-02309,2024-10-04,2025-02-01,0,542442
CAND-02309,2024-10-04,2025-03-03,0,497395
CAND-02310,2024-05-06,2024-06-05,0,316746
CAND-02310,2024-05-06,2024-07-05,0,287418
CAND-02310,2024-05-06,2024-08-04,0,265421
CAND-02310,2024-05-06,2024-09-03,0,236093
CAND-02310,2024-05-06,2024-10-03,0,216541
CAND-02311,2024-10-18,2024-11-17,0,420247
CAND-02311,2024-10-18,2024-12-17,0,374990
CAND-02311,2024-10-18,2025-01-16,30,363676
CAND-02312,2024-07-25,2024-08-24,0,281041
CAND-02312,2024-07-25,2024-09-23,0,250929
CAND-02312,2024-07-25,2024-10-23,0,232109
CAND-02312,2024-07-25,2024-11-22,0,212035
CAND-02313,2024-06-05,2024-07-05,0,903841
CAND-02313,2024-06-05,2024-08-04,0,849443
CAND-02313,2024-06-05,2024-09-03,0,751527
CAND-02314,2024-05-10,2024-06-09,0,1031268
CAND-02314,2024-05-10,2024-07-09,0,937517
CAND-02314,2024-05-10,2024-08-08,0,871339
CAND-02314,2024-05-10,2024-09-07,0,790980
CAND-02314,2024-05-10,2024-10-07,0,720667
CAND-02315,2024-04-21,2024-05-21,0,666105
CAND-02315,2024-04-21,2024-06-20,0,624310
CAND-02315,2024-04-21,2024-07-20,0,565101
CAND-02315,2024-04-21,2024-08-19,30,551437
CAND-02315,2024-04-21,2024-09-18,0,509642
CAND-02316,2024-08-19,2024-09-18,0,268483
CAND-02316,2024-08-19,2024-10-18,0,246242
CAND-02316,2024-08-19,2024-11-17,0,225590
CAND-02316,2024-08-19,2024-12-17,0,196676
CAND-02316,2024-08-19,2025-01-16,0,176023
CAND-02316,2024-08-19,2025-02-15,0,153782
CAND-02317,2024-06-13,2024-07-13,0,1383653
CAND-02317,2024-06-13,2024-08-12,0,1248191
CAND-02317,2024-06-13,2024-09-11,0,1155060
CAND-02317,2024-06-13,2024-10-11,0,1040438
CAND-02317,2024-06-13,2024-11-10,0,904975
CAND-02317,2024-06-13,2024-12-10,0,811845
CAND-02318,2024-03-31,2024-04-30,0,655641
CAND-02318,2024-03-31,2024-05-30,0,608289
CAND-02318,2024-03-31,2024-06-29,0,543719
CAND-02318,2024-03-31,2024-07-29,0,504259
CAND-02318,2024-03-31,2024-08-28,0,456907
CAND-02318,2024-03-31,2024-09-27,0,415126
CAND-02319,2024-08-06,2024-09-05,0,602701
CAND-02319,2024-08-06,2024-10-05,30,581429
CAND-02319,2024-08-06,2024-11-04,60,569826
CAND-02319,2024-08-06,2024-12-04,90,554262
CAND-02320,2024-08-04,2024-09-03,0,186321
CAND-02320,2024-08-04,2024-10-03,0,169241
CAND-02320,2024-08-04,2024-11-02,0,154602
CAND-02320,2024-08-04,2024-12-02,0,140938
CAND-02320,2024-08-04,2025-01-01,0,128129
CAND-02320,2024-08-04,2025-01-31,0,116743
CAND-02321,2024-07-17,2024-08-16,0,200408
CAND-02321,2024-07-17,2024-09-15,0,187777
CAND-02321,2024-07-17,2024-10-15,0,171260
CAND-02321,2024-07-17,2024-11-14,0,159331
CAND-02322,2024-06-20,2024-07-20,0,495400
CAND-02322,2024-06-20,2024-08-19,0,460172
CAND-02322,2024-06-20,2024-09-18,0,407329
CAND-02322,2024-06-20,2024-10-18,0,372101
CAND-02322,2024-06-20,2024-11-17,0,319258
CAND-02323,2024-05-15,2024-06-14,0,449072
CAND-02323,2024-05-15,2024-07-14,0,404845
CAND-02323,2024-05-15,2024-08-13,0,360619
CAND-02323,2024-05-15,2024-09-12,0,320077
CAND-02323,2024-05-15,2024-10-12,0,275851
CAND-02323,2024-05-15,2024-11-11,0,247233
CAND-02324,2024-05-02,2024-06-01,30,773809
CAND-02324,2024-05-02,2024-07-01,0,729796
CAND-02324,2024-05-02,2024-07-31,30,713951
CAND-02324,2024-05-02,2024-08-30,0,634728
CAND-02325,2024-09-24,2024-10-24,0,216520
CAND-02325,2024-09-24,2024-11-23,0,203784
CAND-02325,2024-09-24,2024-12-23,0,184679
CAND-02325,2024-09-24,2025-01-22,0,167044
CAND-02326,2024-07-20,2024-08-19,0,965008
CAND-02326,2024-07-20,2024-09-18,30,942415
CAND-02326,2024-07-20,2024-10-18,0,838492
CAND-02326,2024-07-20,2024-11-17,0,780756
CAND-02326,2024-07-20,2024-12-17,0,719624
CAND-02326,2024-07-20,2025-01-16,0,661889
CAND-02327,2024-03-27,2024-04-26,0,1319534
CAND-02327,2024-03-27,2024-05-26,0,1207881
CAND-02327,2024-03-27,2024-06-25,0,1075927
CAND-02328,2024-05-26,2024-06-25,0,414400
CAND-02328,2024-05-26,2024-07-25,0,374512
CAND-02328,2024-05-26,2024-08-24,0,350135
CAND-02328,2024-05-26,2024-09-23,30,339931
CAND-02328,2024-05-26,2024-10-23,0,310679
CAND-02328,2024-05-26,2024-11-22,0,284869
CAND-02329,2024-10-23,2024-11-22,0,141847
CAND-02329,2024-10-23,2024-12-22,0,130794
CAND-02329,2024-10-23,2025-01-21,0,122197
CAND-02329,2024-10-23,2025-02-20,0,111881
CAND-02330,2024-02-20,2024-03-21,0,925513
CAND-02330,2024-02-20,2024-04-20,30,903077
CAND-02330,2024-02-20,2024-05-20,60,885669
CAND-02331,2024-07-17,2024-08-16,0,359216
CAND-02331,2024-07-17,2024-09-15,0,331584
CAND-02331,2024-07-17,2024-10-15,0,305794
CAND-02332,2024-06-10,2024-07-10,30,317875
CAND-02332,2024-06-10,2024-08-09,0,299763
CAND-02332,2024-06-10,2024-09-08,0,279386
CAND-02332,2024-06-10,2024-10-08,0,252217
CAND-02332,2024-06-10,2024-11-07,0,233039
CAND-02332,2024-06-10,2024-12-07,0,214927
CAND-02333,2024-06-16,2024-07-16,30,587135
CAND-02333,2024-06-16,2024-08-15,0,540413
CAND-02333,2024-06-16,2024-09-14,0,497029
CAND-02333,2024-06-16,2024-10-14,0,441813
CAND-02334,2024-06-03,2024-07-03,0,560391
CAND-02334,2024-06-03,2024-08-02,30,549403
CAND-02334,2024-06-03,2024-09-01,60,533366
CAND-02334,2024-06-03,2024-10-01,90,522578
CAND-02335,2024-08-27,2024-09-26,0,766614
CAND-02335,2024-08-27,2024-10-26,0,685443
CAND-02335,2024-08-27,2024-11-25,0,631329
CAND-02335,2024-08-27,2024-12-25,0,550158
CAND-02335,2024-08-27,2025-01-24,0,499427
CAND-02335,2024-08-27,2025-02-23,0,448695
CAND-02336,2024-05-20,2024-06-19,0,468716
CAND-02336,2024-05-20,2024-07-19,0,428654
CAND-02336,2024-05-20,2024-08-18,0,393935
CAND-02336,2024-05-20,2024-09-17,30,382854
CAND-02336,2024-05-20,2024-10-17,0,350304
CAND-02337,2024-09-15,2024-10-15,0,578557
CAND-02337,2024-09-15,2024-11-14,0,516569
CAND-02337,2024-09-15,2024-12-14,0,464912
CAND-02337,2024-09-15,2025-01-13,0,426170
CAND-02337,2024-09-15,2025-02-12,0,391732
CAND-02338,2024-08-29,2024-09-28,0,513423
CAND-02338,2024-08-29,2024-10-28,0,481445
CAND-02338,2024-08-29,2024-11-27,0,442614
CAND-02339,2024-04-21,2024-05-21,0,1575835
CAND-02339,2024-04-21,2024-06-20,30,1539513
CAND-02339,2024-04-21,2024-07-20,60,1489302
CAND-02340,2024-04-05,2024-05-05,0,575813
CAND-02340,2024-04-05,2024-06-04,0,520194
CAND-02340,2024-04-05,2024-07-04,30,508429
CAND-02340,2024-04-05,2024-08-03,0,474440
CAND-02341,2024-05-24,2024-06-23,0,605068
CAND-02341,2024-05-24,2024-07-23,0,562357
CAND-02341,2024-05-24,2024-08-22,0,508969
CAND-02341,2024-05-24,2024-09-21,0,459687
CAND-02341,2024-05-24,2024-10-21,0,395621
CAND-02341,2024-05-24,2024-11-20,0,349860
CAND-02342,2024-05-02,2024-06-01,30,1081512
CAND-02342,2024-05-02,2024-07-01,0,970786
CAND-02342,2024-05-02,2024-07-31,0,896968
CAND-02342,2024-05-02,2024-08-30,0,835453
CAND-02343,2024-08-16,2024-09-15,0,436837
CAND-02343,2024-08-16,2024-10-15,0,400994
CAND-02343,2024-08-16,2024-11-14,0,373584
CAND-02343,2024-08-16,2024-12-14,0,331224
CAND-02344,2024-05-23,2024-06-22,0,1006048
CAND-02344,2024-05-23,2024-07-22,0,939240
CAND-02344,2024-05-23,2024-08-21,0,842065
CAND-02344,2024-05-23,2024-09-20,0,735172
CAND-02344,2024-05-23,2024-10-20,0,668365
CAND-02344,2024-05-23,2024-11-19,0,586139
CAND-02345,2024-05-02,2024-06-01,0,2042146
CAND-02345,2024-05-02,2024-07-01,0,1885860
CAND-02345,2024-05-02,2024-07-31,0,1739992
CAND-02345,2024-05-02,2024-08-30,0,1541082
CAND-02346,2024-04-16,2024-05-16,30,1042429
CAND-02346,2024-04-16,2024-06-15,0,936389
CAND-02346,2024-04-16,2024-07-15,0,865695
CAND-02347,2024-03-29,2024-04-28,0,274275
CAND-02347,2024-03-29,2024-05-28,0,255908
CAND-02347,2024-03-29,2024-06-27,0,226522
CAND-02347,2024-03-29,2024-07-27,0,206931
CAND-02347,2024-03-29,2024-08-26,0,180216
CAND-02348,2024-09-09,2024-10-09,30,332717
CAND-02348,2024-09-09,2024-11-08,0,304198
CAND-02348,2024-09-09,2024-12-08,0,285186
CAND-02348,2024-09-09,2025-01-07,0,265055
CAND-02348,2024-09-09,2025-02-06,30,258944
CAND-02348,2024-09-09,2025-03-08,0,237555
CAND-02349,2024-06-26,2024-07-26,0,278883
CAND-02349,2024-06-26,2024-08-25,0,262198
CAND-02349,2024-06-26,2024-09-24,0,243427
CAND-02349,2024-06-26,2024-10-24,0,225760
CAND-02349,2024-06-26,2024-11-23,0,202658
CAND-02350,2024-04-19,2024-05-19,30,674267
CAND-02350,2024-04-19,2024-06-18,60,655209
CAND-02350,2024-04-19,2024-07-18,90,637616
CAND-02350,2024-04-19,2024-08-17,94,625580
CAND-02350,2024-04-19,2024-09-16,94,604139
CAND-02350,2024-04-19,2024-10-16,94,585081
CAND-02351,2024-05-15,2024-06-14,0,472029
CAND-02351,2024-05-15,2024-07-14,0,425216
CAND-02351,2024-05-15,2024-08-13,0,378404
CAND-02351,2024-05-15,2024-09-12,0,348113
CAND-02351,2024-05-15,2024-10-12,0,305201
CAND-02351,2024-05-15,2024-11-11,0,276593
CAND-02352,2024-08-21,2024-09-20,0,160660
CAND-02352,2024-08-21,2024-10-20,0,146055
CAND-02352,2024-08-21,2024-11-19,0,132573
CAND-02352,2024-08-21,2024-12-19,30,128298
CAND-02352,2024-08-21,2025-01-18,60,123143
CAND-02352,2024-08-21,2025-02-17,90,119492
CAND-02354,2024-09-13,2024-10-13,0,504582
CAND-02354,2024-09-13,2024-11-12,0,467206
CAND-02354,2024-09-13,2024-12-12,0,424079
CAND-02354,2024-09-13,2025-01-11,0,377359
CAND-02354,2024-09-13,2025-02-10,0,330638
CAND-02355,2024-06-01,2024-07-01,0,1131572
CAND-02355,2024-06-01,2024-07-31,0,1055408
CAND-02355,2024-06-01,2024-08-30,0,968364
CAND-02356,2024-01-13,2024-02-12,0,283332
CAND-02356,2024-01-13,2024-03-13,0,262726
CAND-02356,2024-01-13,2024-04-12,0,243408
CAND-02356,2024-01-13,2024-05-12,0,225226
CAND-02356,2024-01-13,2024-06-11,0,203148
CAND-02356,2024-01-13,2024-07-11,0,177391
CAND-02357,2024-02-02,2024-03-03,0,1705571
CAND-02357,2024-02-02,2024-04-02,0,1524981
CAND-02357,2024-02-02,2024-05-02,0,1395989
CAND-02357,2024-02-02,2024-06-01,0,1283120
CAND-02357,2024-02-02,2024-07-01,0,1102530
CAND-02358,2024-02-09,2024-03-10,0,446874
CAND-02358,2024-02-09,2024-04-09,0,406532
CAND-02358,2024-02-09,2024-05-09,30,396652
CAND-02358,2024-02-09,2024-06-08,0,368174
CAND-02358,2024-02-09,2024-07-08,0,330935
CAND-02358,2024-02-09,2024-08-07,0,290592
CAND-02359,2024-09-08,2024-10-08,0,794099
CAND-02359,2024-09-08,2024-11-07,0,742716
CAND-02359,2024-09-08,2024-12-07,0,680323
CAND-02359,2024-09-08,2025-01-06,0,613130
CAND-02360,2024-05-11,2024-06-10,0,395671
CAND-02360,2024-05-11,2024-07-10,0,351707
CAND-02360,2024-05-11,2024-08-09,0,317889
CAND-02361,2024-05-15,2024-06-14,0,326555
CAND-02361,2024-05-15,2024-07-14,0,304576
CAND-02361,2024-05-15,2024-08-13,0,279456
CAND-02361,2024-05-15,2024-09-12,0,257476
CAND-02362,2024-09-25,2024-10-25,0,1675028
CAND-02362,2024-09-25,2024-11-24,0,1562285
CAND-02362,2024-09-25,2024-12-24,0,1398297
CAND-02362,2024-09-25,2025-01-23,0,1278038
CAND-02363,2024-04-08,2024-05-08,0,689389
CAND-02363,2024-04-08,2024-06-07,0,648354
CAND-02363,2024-04-08,2024-07-07,0,581206
CAND-02364,2024-02-22,2024-03-23,0,580476
CAND-02364,2024-02-22,2024-04-22,0,524408
CAND-02364,2024-02-22,2024-05-22,0,488128
CAND-02364,2024-02-22,2024-06-21,0,447011
CAND-02365,2024-05-07,2024-06-06,0,430020
CAND-02365,2024-05-07,2024-07-06,0,396233
CAND-02365,2024-05-07,2024-08-05,0,356814
CAND-02366,2024-07-23,2024-08-22,0,626046
CAND-02366,2024-07-23,2024-09-21,30,611315
CAND-02366,2024-07-23,2024-10-21,60,596585
CAND-02366,2024-07-23,2024-11-20,30,575870
CAND-02366,2024-07-23,2024-12-20,60,557955
CAND-02367,2024-05-20,2024-06-19,0,297241
CAND-02367,2024-05-20,2024-07-19,0,264214
CAND-02367,2024-05-20,2024-08-18,0,234190
CAND-02367,2024-05-20,2024-09-17,0,213548
CAND-02367,2024-05-20,2024-10-17,0,192907
CAND-02368,2024-02-04,2024-03-05,0,915265
CAND-02368,2024-02-04,2024-04-04,0,831366
CAND-02368,2024-02-04,2024-05-04,0,739840
CAND-02369,2024-09-22,2024-10-22,0,537226
CAND-02369,2024-09-22,2024-11-21,0,504667
CAND-02369,2024-09-22,2024-12-21,0,468038
CAND-02369,2024-09-22,2025-01-20,0,426176
CAND-02369,2024-09-22,2025-02-19,0,381094
CAND-02370,2024-10-10,2024-11-09,0,550099
CAND-02370,2024-10-10,2024-12-09,0,490857
CAND-02370,2024-10-10,2025-01-08,0,445287
CAND-02370,2024-10-10,2025-02-07,0,412375
CAND-02370,2024-10-10,2025-03-09,0,363007
CAND-02371,2024-06-20,2024-07-20,0,538387
CAND-02371,2024-06-20,2024-08-19,0,484993
CAND-02371,2024-06-20,2024-09-18,0,448285
CAND-02371,2024-06-20,2024-10-18,30,432411
CAND-02371,2024-06-20,2024-11-17,0,390459
CAND-02371,2024-06-20,2024-12-17,0,357829
CAND-02372,2024-05-09,2024-06-08,0,593268
CAND-02372,2024-05-09,2024-07-08,0,542562
CAND-02372,2024-05-09,2024-08-07,0,503786
CAND-02372,2024-05-09,2024-09-06,0,467164
CAND-02372,2024-05-09,2024-10-06,0,401246
CAND-02373,2024-04-04,2024-05-04,30,1046211
CAND-02373,2024-04-04,2024-06-03,0,970147
CAND-02373,2024-04-04,2024-07-03,0,873338
CAND-02373,2024-04-04,2024-08-02,0,776530
CAND-02374,2024-06-10,2024-07-10,0,639571
CAND-02374,2024-06-10,2024-08-09,0,598529
CAND-02374,2024-06-10,2024-09-08,0,557487
CAND-02375,2024-06-04,2024-07-04,0,1146541
CAND-02375,2024-06-04,2024-08-03,30,1122488
CAND-02375,2024-06-04,2024-09-02,60,1101288
CAND-02376,2024-08-12,2024-09-11,0,1057462
CAND-02376,2024-08-12,2024-10-11,0,994798
CAND-02376,2024-08-12,2024-11-10,0,932134
CAND-02377,2024-08-17,2024-09-16,0,329278
CAND-02377,2024-08-17,2024-10-16,0,304078
CAND-02377,2024-08-17,2024-11-15,0,284478
CAND-02378,2024-04-14,2024-05-14,0,926808
CAND-02378,2024-04-14,2024-06-13,0,858156
CAND-02378,2024-04-14,2024-07-13,0,755177
CAND-02379,2024-08-01,2024-08-31,0,203305
CAND-02379,2024-08-01,2024-09-30,0,191346
CAND-02379,2024-08-01,2024-10-30,0,177892
CAND-02379,2024-08-01,2024-11-29,0,156365
CAND-02379,2024-08-01,2024-12-29,0,144406
CAND-02379,2024-08-01,2025-01-28,0,129030
CAND-02380,2024-07-26,2024-08-25,0,489148
CAND-02380,2024-07-26,2024-09-24,0,447341
CAND-02380,2024-07-26,2024-10-24,0,415370
CAND-02380,2024-07-26,2024-11-23,0,379137
CAND-02380,2024-07-26,2024-12-23,0,342904
CAND-02380,2024-07-26,2025-01-22,0,301096
CAND-02381,2024-06-19,2024-07-19,0,776764
CAND-02381,2024-06-19,2024-08-18,0,713498
CAND-02381,2024-06-19,2024-09-17,0,654751
CAND-02382,2024-03-18,2024-04-17,0,189458
CAND-02382,2024-03-18,2024-05-17,0,168790
CAND-02382,2024-03-18,2024-06-16,0,152892
CAND-02382,2024-03-18,2024-07-16,30,148399
CAND-02383,2024-05-22,2024-06-21,0,605191
CAND-02383,2024-05-22,2024-07-21,0,565141
CAND-02383,2024-05-22,2024-08-20,0,506888
CAND-02384,2024-03-07,2024-04-06,0,732536
CAND-02384,2024-03-07,2024-05-06,0,674398
CAND-02384,2024-03-07,2024-06-05,0,606571
CAND-02384,2024-03-07,2024-07-05,0,538743
CAND-02385,2024-03-29,2024-04-28,0,267855
CAND-02385,2024-03-29,2024-05-28,0,250523
CAND-02385,2024-03-29,2024-06-27,30,243671
CAND-02385,2024-03-29,2024-07-27,60,237532
CAND-02385,2024-03-29,2024-08-26,90,228866
CAND-02385,2024-03-29,2024-09-25,117,221500
CAND-02386,2024-08-15,2024-09-14,30,821739
CAND-02386,2024-08-15,2024-10-14,60,805153
CAND-02386,2024-08-15,2024-11-13,90,784521
CAND-02387,2024-02-11,2024-03-12,0,1992190
CAND-02387,2024-02-11,2024-04-11,0,1814316
CAND-02387,2024-02-11,2024-05-11,0,1688757
CAND-02388,2024-02-09,2024-03-10,0,523790
CAND-02388,2024-02-09,2024-04-09,0,467381
CAND-02388,2024-02-09,2024-05-09,0,434200
CAND-02389,2024-04-15,2024-05-15,0,1049904
CAND-02389,2024-04-15,2024-06-14,0,937414
CAND-02389,2024-04-15,2024-07-14,0,835151
CAND-02389,2024-04-15,2024-08-13,0,754801
CAND-02389,2024-04-15,2024-09-12,0,661060
CAND-02390,2024-07-30,2024-08-29,0,469964
CAND-02390,2024-07-30,2024-09-28,0,433038
CAND-02390,2024-07-30,2024-10-28,0,396112
CAND-02391,2024-07-19,2024-08-18,0,713946
CAND-02391,2024-07-19,2024-09-17,0,671638
CAND-02391,2024-07-19,2024-10-17,0,617242
CAND-02391,2024-07-19,2024-11-16,0,569646
CAND-02391,2024-07-19,2024-12-16,0,527338
CAND-02391,2024-07-19,2025-01-15,0,485030
CAND-02392,2024-06-06,2024-07-06,0,1260965
CAND-02392,2024-06-06,2024-08-05,0,1155150
CAND-02392,2024-06-06,2024-09-04,0,1049334
CAND-02393,2024-04-14,2024-05-14,0,1161199
CAND-02393,2024-04-14,2024-06-13,0,1088624
CAND-02393,2024-04-14,2024-07-13,30,1067713
CAND-02393,2024-04-14,2024-08-12,60,1033441
CAND-02394,2024-07-06,2024-08-05,0,1058332
CAND-02394,2024-07-06,2024-09-04,0,955705
CAND-02394,2024-07-06,2024-10-04,30,922503
CAND-02395,2024-07-19,2024-08-18,0,106855
CAND-02395,2024-07-19,2024-09-17,0,100151
CAND-02395,2024-07-19,2024-10-17,0,92552
CAND-02396,2024-09-13,2024-10-13,0,353541
CAND-02396,2024-09-13,2024-11-12,0,328989
CAND-02396,2024-09-13,2024-12-12,0,298772
CAND-02396,2024-09-13,2025-01-11,0,276949
CAND-02396,2024-09-13,2025-02-10,0,248890
CAND-02396,2024-09-13,2025-03-12,30,241748
CAND-02397,2024-09-07,2024-10-07,0,344598
CAND-02397,2024-09-07,2024-11-06,0,306692
CAND-02397,2024-09-07,2024-12-06,0,277534
CAND-02397,2024-09-07,2025-01-05,30,270999
CAND-02397,2024-09-07,2025-02-04,60,263417
CAND-02397,2024-09-07,2025-03-06,90,255177
CAND-02398,2024-02-14,2024-03-15,0,728929
CAND-02398,2024-02-14,2024-04-14,30,708681
CAND-02398,2024-02-14,2024-05-14,0,652276
CAND-02399,2024-03-07,2024-04-06,0,1760092
CAND-02399,2024-03-07,2024-05-06,30,1724534
CAND-02399,2024-03-07,2024-06-05,60,1688306
CAND-02399,2024-03-07,2024-07-05,90,1630121
CAND-02399,2024-03-07,2024-08-04,119,1580888
CAND-02399,2024-03-07,2024-09-03,119,1530359
CAND-02400,2024-07-10,2024-08-09,0,473720
CAND-02400,2024-07-10,2024-09-08,0,430296
CAND-02400,2024-07-10,2024-10-08,0,382924
CAND-02400,2024-07-10,2024-11-07,0,330814
CAND-02401,2024-04-16,2024-05-16,0,1938719
CAND-02401,2024-04-16,2024-06-15,0,1798700
CAND-02401,2024-04-16,2024-07-15,30,1744847
CAND-02401,2024-04-16,2024-08-14,0,1613580
CAND-02402,2024-07-25,2024-08-24,0,1081399
CAND-02402,2024-07-25,2024-09-23,0,964941
CAND-02402,2024-07-25,2024-10-23,0,848483
CAND-02403,2024-05-28,2024-06-27,30,478851
CAND-02403,2024-05-28,2024-07-27,60,468255
CAND-02403,2024-05-28,2024-08-26,90,453486
CAND-02403,2024-05-28,2024-09-25,103,438254
CAND-02403,2024-05-28,2024-10-25,103,427884
CAND-02403,2024-05-28,2024-11-24,103,415699
CAND-02404,2024-04-20,2024-05-20,0,916714
CAND-02404,2024-04-20,2024-06-19,0,827424
CAND-02404,2024-04-20,2024-07-19,0,772858
CAND-02404,2024-04-20,2024-08-18,0,718291
CAND-02404,2024-04-20,2024-09-17,0,663725
CAND-02404,2024-04-20,2024-10-17,0,574435
CAND-02405,2024-03-03,2024-04-02,0,589464
CAND-02405,2024-03-03,2024-05-02,0,540882
CAND-02405,2024-03-03,2024-06-01,0,501409
CAND-02405,2024-03-03,2024-07-01,0,466322
CAND-02405,2024-03-03,2024-07-31,0,413691
CAND-02405,2024-03-03,2024-08-30,0,374218
CAND-02406,2024-04-30,2024-05-30,0,481059
CAND-02406,2024-04-30,2024-06-29,0,444550
CAND-02406,2024-04-30,2024-07-29,0,405233
CAND-02407,2024-01-08,2024-02-07,30,153146
CAND-02407,2024-01-08,2024-03-08,0,143917
CAND-02407,2024-01-08,2024-04-07,0,132712
CAND-02407,2024-01-08,2024-05-07,0,119638
CAND-02407,2024-01-08,2024-06-06,0,106565
CAND-02408,2024-01-21,2024-02-20,30,323943
CAND-02408,2024-01-21,2024-03-21,60,317692
CAND-02408,2024-01-21,2024-04-20,90,311879
CAND-02408,2024-01-21,2024-05-20,102,302135
CAND-02408,2024-01-21,2024-06-19,102,296520
CAND-02409,2024-06-07,2024-07-07,0,296251
CAND-02409,2024-06-07,2024-08-06,0,277082
CAND-02409,2024-06-07,2024-09-05,0,249925
CAND-02409,2024-06-07,2024-10-05,0,222769
CAND-02409,2024-06-07,2024-11-04,0,204665
CAND-02409,2024-06-07,2024-12-04,0,172077
CAND-02410,2024-01-23,2024-02-22,0,520351
CAND-02410,2024-01-23,2024-03-23,0,477822
CAND-02410,2024-01-23,2024-04-22,0,443268
CAND-02410,2024-01-23,2024-05-22,0,406410
CAND-02411,2024-04-21,2024-05-21,0,895405
CAND-02411,2024-04-21,2024-06-20,0,815458
CAND-02411,2024-04-21,2024-07-20,0,719522
CAND-02411,2024-04-21,2024-08-19,0,655564
CAND-02411,2024-04-21,2024-09-18,0,568349
CAND-02411,2024-04-21,2024-10-18,0,481135
CAND-02412,2024-07-25,2024-08-24,0,397422
CAND-02412,2024-07-25,2024-09-23,0,363454
CAND-02412,2024-07-25,2024-10-23,0,338922
CAND-02412,2024-07-25,2024-11-22,0,298778
CAND-02412,2024-07-25,2024-12-22,0,274246
CAND-02413,2024-09-25,2024-10-25,0,1179494
CAND-02413,2024-09-25,2024-11-24,0,1054606
CAND-02413,2024-09-25,2024-12-24,0,976552
CAND-02414,2024-08-31,2024-09-30,0,346780
CAND-02414,2024-08-31,2024-10-30,0,319759
CAND-02414,2024-08-31,2024-11-29,0,288233
CAND-02414,2024-08-31,2024-12-29,0,256708
CAND-02415,2024-01-14,2024-02-13,0,582231
CAND-02415,2024-01-14,2024-03-14,0,545841
CAND-02415,2024-01-14,2024-04-13,0,507177
CAND-02416,2024-06-16,2024-07-16,30,500574
CAND-02416,2024-06-16,2024-08-15,60,489919
CAND-02416,2024-06-16,2024-09-14,90,480269
CAND-02416,2024-06-16,2024-10-14,91,470240
CAND-02417,2024-06-09,2024-07-09,0,1767009
CAND-02417,2024-06-09,2024-08-08,0,1642279
CAND-02417,2024-06-09,2024-09-07,0,1472193
CAND-02417,2024-06-09,2024-10-07,0,1285098
CAND-02418,2024-03-03,2024-04-02,30,837177
CAND-02418,2024-03-03,2024-05-02,60,819955
CAND-02418,2024-03-03,2024-06-01,30,805360
CAND-02418,2024-03-03,2024-07-01,60,784858
CAND-02418,2024-03-03,2024-07-31,90,766918
CAND-02418,2024-03-03,2024-08-30,60,749345
CAND-02419,2024-05-23,2024-06-22,0,484193
CAND-02419,2024-05-23,2024-07-22,0,445765
CAND-02419,2024-05-23,2024-08-21,0,404381
CAND-02419,2024-05-23,2024-09-20,0,370756
CAND-02419,2024-05-23,2024-10-20,30,352823
CAND-02420,2024-07-12,2024-08-11,0,917930
CAND-02420,2024-07-12,2024-09-10,0,818487
CAND-02420,2024-07-12,2024-10-10,0,719045
CAND-02420,2024-07-12,2024-11-09,0,642551
CAND-02420,2024-07-12,2024-12-09,0,584055
CAND-02421,07-03-2024,2024-04-06,0,211653
CAND-02421,07-03-2024,2024-05-06,30,206974
CAND-02421,07-03-2024,2024-06-05,60,202951
CAND-02422,2024-06-12,2024-07-12,0,373419
CAND-02422,2024-06-12,2024-08-11,0,347060
CAND-02422,2024-06-12,2024-09-10,0,320701
CAND-02422,2024-06-12,2024-10-10,0,287752
CAND-02422,2024-06-12,2024-11-09,0,248214
CAND-02423,2024-10-12,2024-11-11,0,734783
CAND-02423,2024-10-12,2024-12-11,0,677527
CAND-02423,2024-10-12,2025-01-10,0,620271
CAND-02423,2024-10-12,2025-02-09,0,553473
CAND-02424,2024-03-18,2024-04-17,0,690241
CAND-02424,2024-03-18,2024-05-17,0,633606
CAND-02424,2024-03-18,2024-06-16,0,566673
CAND-02424,2024-03-18,2024-07-16,0,510038
CAND-02424,2024-03-18,2024-08-15,0,453403
CAND-02425,2024-02-16,2024-03-17,0,301208
CAND-02425,2024-02-16,2024-04-16,0,274016
CAND-02425,2024-02-16,2024-05-16,30,267073
CAND-02426,2024-05-18,2024-06-17,0,1136074
CAND-02426,2024-05-18,2024-07-17,0,1067699
CAND-02426,2024-05-18,2024-08-16,0,985650
CAND-02426,2024-05-18,2024-09-15,30,951462
CAND-02427,2024-07-04,2024-08-03,0,628388
CAND-02427,2024-07-04,2024-09-02,0,580050
CAND-02427,2024-07-04,2024-10-02,0,512378
CAND-02427,2024-07-04,2024-11-01,0,460322
CAND-02427,2024-07-04,2024-12-01,0,422726
CAND-02427,2024-07-04,2024-12-31,0,382919
CAND-02429,2024-05-23,2024-06-22,0,116338
CAND-02429,2024-05-23,2024-07-22,0,105139
CAND-02429,2024-05-23,2024-08-21,0,94874
CAND-02429,2024-05-23,2024-09-20,0,86076
CAND-02429,2024-05-23,2024-10-20,0,77864
CAND-02430,2024-07-23,2024-08-22,0,245318
CAND-02430,2024-07-23,2024-09-21,0,228891
CAND-02430,2024-07-23,2024-10-21,0,208672
CAND-02431,2024-06-01,2024-07-01,0,591506
CAND-02431,2024-06-01,2024-07-31,0,551456
CAND-02431,2024-06-01,2024-08-30,0,498056
CAND-02431,2024-06-01,2024-09-29,0,452285
CAND-02432,2024-03-19,2024-04-18,0,528860
CAND-02432,2024-03-19,2024-05-18,30,514331
CAND-02432,2024-03-19,2024-06-17,60,499017
CAND-02432,2024-03-19,2024-07-17,90,485196
CAND-02432,2024-03-19,2024-08-16,92,468530
CAND-02433,2024-08-25,2024-09-24,30,669727
CAND-02433,2024-08-25,2024-10-24,60,653790
CAND-02433,2024-08-25,2024-11-23,90,637852
CAND-02433,2024-08-25,2024-12-23,120,620281
CAND-02433,2024-08-25,2025-01-22,120,600701
CAND-02433,2024-08-25,2025-02-21,120,586994
CAND-02434,2024-03-25,2024-04-24,0,285802
CAND-02434,2024-03-25,2024-05-24,0,264026
CAND-02434,2024-03-25,2024-06-23,0,240576
CAND-02435,2024-07-10,2024-08-09,0,906163
CAND-02435,2024-07-10,2024-09-08,0,841105
CAND-02435,2024-07-10,2024-10-08,0,743518
CAND-02436,2024-09-21,2024-10-21,0,539165
CAND-02436,2024-09-21,2024-11-20,0,494926
CAND-02436,2024-09-21,2024-12-20,0,450686
CAND-02436,2024-09-21,2025-01-19,0,409607
CAND-02436,2024-09-21,2025-02-18,0,373663
CAND-02437,2024-06-28,2024-07-28,0,1274406
CAND-02437,2024-06-28,2024-08-27,30,1237143
CAND-02437,2024-06-28,2024-09-26,60,1207643
CAND-02437,2024-06-28,2024-10-26,90,1173106
CAND-02438,2024-01-30,2024-02-29,0,877287
CAND-02438,2024-01-30,2024-03-30,0,824487
CAND-02438,2024-01-30,2024-04-29,0,745288
CAND-02438,2024-01-30,2024-05-29,0,677402
CAND-02438,2024-01-30,2024-06-28,0,624603
CAND-02438,2024-01-30,2024-07-28,0,561243
CAND-02439,2024-10-12,2024-11-11,0,361540
CAND-02439,2024-10-12,2024-12-11,0,337206
CAND-02439,2024-10-12,2025-01-10,0,314303
CAND-02439,2024-10-12,2025-02-09,0,281857
CAND-02439,2024-10-12,2025-03-11,30,270058
CAND-02440,2024-02-10,2024-03-11,0,238890
CAND-02440,2024-02-10,2024-04-10,30,231306
CAND-02440,2024-02-10,2024-05-10,0,213610
CAND-02440,2024-02-10,2024-06-09,0,191491
CAND-02440,2024-02-10,2024-07-09,0,169372
CAND-02441,2024-07-01,2024-07-31,30,1235804
CAND-02441,2024-07-01,2024-08-30,0,1156421
CAND-02441,2024-07-01,2024-09-29,0,1085858
CAND-02441,2024-07-01,2024-10-29,0,970391
CAND-02442,2024-10-10,2024-11-09,0,1097515
CAND-02442,2024-10-10,2024-12-09,0,1004649
CAND-02442,2024-10-10,2025-01-08,30,973693
CAND-02442,2024-10-10,2025-02-07,0,880827
CAND-02442,2024-10-10,2025-03-09,0,760100
CAND-02443,2024-07-05,2024-08-04,0,270668
CAND-02443,2024-07-05,2024-09-03,0,246608
CAND-02443,2024-07-05,2024-10-03,0,217737
CAND-02443,2024-07-05,2024-11-02,0,193678
CAND-02444,2024-04-10,2024-05-10,0,892127
CAND-02444,2024-04-10,2024-06-09,0,812472
CAND-02444,2024-04-10,2024-07-09,0,725577
CAND-02444,2024-04-10,2024-08-08,0,665836
CAND-02444,2024-04-10,2024-09-07,0,586182
CAND-02445,2024-10-17,2024-11-16,0,266956
CAND-02445,2024-10-17,2024-12-16,0,250642
CAND-02445,2024-10-17,2025-01-15,0,221277
CAND-02446,2024-05-25,2024-06-24,0,918528
CAND-02446,2024-05-25,2024-07-24,0,860637
CAND-02446,2024-05-25,2024-08-23,0,762224
CAND-02446,2024-05-25,2024-09-22,0,680212
CAND-02446,2024-05-25,2024-10-22,0,581799
CAND-02446,2024-05-25,2024-11-21,0,506096
CAND-02447,2024-07-01,2024-07-31,0,367880
CAND-02447,2024-07-01,2024-08-30,0,342333
CAND-02447,2024-07-01,2024-09-29,0,318289
CAND-02447,2024-07-01,2024-10-29,0,286846
CAND-02447,2024-07-01,2024-11-28,0,257649
CAND-02447,2024-07-01,2024-12-28,0,232102
CAND-02448,2024-07-03,2024-08-02,0,713320
CAND-02448,2024-07-03,2024-09-01,0,660482
CAND-02448,2024-07-03,2024-10-01,0,603869
CAND-02448,2024-07-03,2024-10-31,0,559837
CAND-02448,2024-07-03,2024-11-30,0,506998
CAND-02449,2024-08-05,2024-09-04,0,247545
CAND-02449,2024-08-05,2024-10-04,30,241160
CAND-02449,2024-08-05,2024-11-03,60,232221
CAND-02449,2024-08-05,2024-12-03,90,227432
CAND-02450,2024-09-17,2024-10-17,0,2180456
CAND-02450,2024-09-17,2024-11-16,0,2002245
CAND-02450,2024-09-17,2024-12-16,30,1945740
CAND-02450,2024-09-17,2025-01-15,0,1817032
CAND-02450,2024-09-17,2025-02-14,30,1776388
CAND-02450,2024-09-17,2025-03-16,60,1733485
CAND-02451,2024-02-13,2024-03-14,0,320590
CAND-02451,2024-02-13,2024-04-13,30,311161
CAND-02451,2024-02-13,2024-05-13,0,292302
CAND-02451,2024-02-13,2024-06-12,0,258358
CAND-02451,2024-02-13,2024-07-12,0,230070
CAND-02452,2024-06-18,2024-07-18,0,1720375
CAND-02452,2024-06-18,2024-08-17,0,1598038
CAND-02452,2024-06-18,2024-09-16,0,1456879
CAND-02452,2024-06-18,2024-10-16,0,1303956
CAND-02452,2024-06-18,2024-11-15,0,1162797
CAND-02452,2024-06-18,2024-12-15,0,979291
CAND-02453,2024-08-15,2024-09-14,0,597031
CAND-02453,2024-08-15,2024-10-14,0,538233
CAND-02453,2024-08-15,2024-11-13,0,497809
CAND-02453,2024-08-15,2024-12-13,0,454690
CAND-02453,2024-08-15,2025-01-12,0,414266
CAND-02454,2024-07-02,2024-08-01,0,460283
CAND-02454,2024-07-02,2024-08-31,0,418439
CAND-02454,2024-07-02,2024-09-30,30,409929
CAND-02454,2024-07-02,2024-10-30,0,371303
CAND-02454,2024-07-02,2024-11-29,0,343407
CAND-02455,2024-07-09,2024-08-08,0,1093726
CAND-02455,2024-07-09,2024-09-07,0,975239
CAND-02455,2024-07-09,2024-10-07,30,948909
CAND-02455,2024-07-09,2024-11-06,60,914060
CAND-02456,2024-06-11,2024-07-11,0,838258
CAND-02456,2024-06-11,2024-08-10,0,756972
CAND-02456,2024-06-11,2024-09-09,0,688192
CAND-02456,2024-06-11,2024-10-09,30,669168
CAND-02456,2024-06-11,2024-11-08,60,645002
CAND-02456,2024-06-11,2024-12-08,90,617907
CAND-02457,2024-01-11,2024-02-10,0,355292
CAND-02457,2024-01-11,2024-03-11,30,347890
CAND-02457,2024-01-11,2024-04-10,60,340763
CAND-02458,2024-02-26,2024-03-27,0,712695
CAND-02458,2024-02-26,2024-04-26,0,642921
CAND-02458,2024-02-26,2024-05-26,0,573147
CAND-02460,2024-02-27,2024-03-28,30,517622
CAND-02460,2024-02-27,2024-04-27,60,504981
CAND-02460,2024-02-27,2024-05-27,90,490633
CAND-02460,2024-02-27,2024-06-26,60,479573
CAND-02460,2024-02-27,2024-07-26,90,464825
CAND-02460,2024-02-27,2024-08-25,118,448235
CAND-02461,2024-03-03,2024-04-02,0,515768
CAND-02461,2024-03-03,2024-05-02,0,473614
CAND-02461,2024-03-03,2024-06-01,30,460248
CAND-02462,2024-02-28,2024-03-29,0,341416
CAND-02462,2024-02-28,2024-04-28,30,333913
CAND-02462,2024-02-28,2024-05-28,60,325362
CAND-02462,2024-02-28,2024-06-27,90,314857
CAND-02462,2024-02-28,2024-07-27,94,308172
CAND-02463,2024-03-31,2024-04-30,0,491195
CAND-02463,2024-03-31,2024-05-30,0,443914
CAND-02463,2024-03-31,2024-06-29,30,433513
CAND-02463,2024-03-31,2024-07-29,0,401007
CAND-02463,2024-03-31,2024-08-28,0,372113
CAND-02464,2024-07-16,2024-08-15,0,556364
CAND-02464,2024-07-16,2024-09-14,0,500165
CAND-02464,2024-07-16,2024-10-14,0,463802
CAND-02465,2024-09-01,2024-10-01,0,1667920
CAND-02465,2024-09-01,2024-10-31,0,1525362
CAND-02465,2024-09-01,2024-11-30,30,1477843
CAND-02465,2024-09-01,2024-12-30,0,1335286
CAND-02465,2024-09-01,2025-01-29,0,1202911
CAND-02465,2024-09-01,2025-02-28,0,1070537
CAND-02466,2024-09-21,2024-10-21,0,480193
CAND-02466,2024-09-21,2024-11-20,0,450181
CAND-02466,2024-09-21,2024-12-20,0,403799
CAND-02466,2024-09-21,2025-01-19,0,364552
CAND-02466,2024-09-21,2025-02-18,0,325306
CAND-02467,2024-03-05,2024-04-04,0,1246596
CAND-02467,2024-03-05,2024-05-04,0,1165934
CAND-02467,2024-03-05,2024-06-03,0,1060453
CAND-02467,2024-03-05,2024-07-03,0,946182
CAND-02467,2024-03-05,2024-08-02,0,840700
CAND-02468,2024-07-29,2024-08-28,0,672320
CAND-02468,2024-07-29,2024-09-27,0,627498
CAND-02468,2024-07-29,2024-10-27,0,582677
CAND-02468,2024-07-29,2024-11-26,0,542836
CAND-02468,2024-07-29,2024-12-26,0,500651
CAND-02468,2024-07-29,2025-01-25,0,460810
CAND-02469,2024-02-02,2024-03-03,0,1013376
CAND-02469,2024-02-02,2024-04-02,0,941313
CAND-02469,2024-02-02,2024-05-02,0,873755
CAND-02469,2024-02-02,2024-06-01,0,813703
CAND-02470,2024-03-23,2024-04-22,0,558463
CAND-02470,2024-03-23,2024-05-22,0,525221
CAND-02470,2024-03-23,2024-06-21,0,475358
CAND-02471,2024-06-17,2024-07-17,30,587014
CAND-02471,2024-06-17,2024-08-16,0,540809
CAND-02471,2024-06-17,2024-09-15,0,505476
CAND-02471,2024-06-17,2024-10-15,0,459271
CAND-02471,2024-06-17,2024-11-14,0,399204
CAND-02472,2024-02-17,2024-03-18,0,640165
CAND-02472,2024-02-17,2024-04-17,0,570814
CAND-02472,2024-02-17,2024-05-17,0,501463
CAND-02472,2024-02-17,2024-06-16,0,455228
CAND-02472,2024-02-17,2024-07-16,0,392182
CAND-02473,2024-03-27,2024-04-26,0,861123
CAND-02473,2024-03-27,2024-05-26,30,842907
CAND-02473,2024-03-27,2024-06-25,0,787187
CAND-02473,2024-03-27,2024-07-25,0,714323
CAND-02473,2024-03-27,2024-08-24,0,635386
CAND-02474,2024-02-21,2024-03-22,0,271055
CAND-02474,2024-02-21,2024-04-21,0,241864
CAND-02474,2024-02-21,2024-05-21,0,215327
CAND-02475,2024-05-05,2024-06-04,0,369800
CAND-02475,2024-05-05,2024-07-04,0,345630
CAND-02475,2024-05-05,2024-08-03,0,308277
CAND-02475,2024-05-05,2024-09-02,0,285449
CAND-02475,2024-05-05,2024-10-02,0,256100
CAND-02475,2024-05-05,2024-11-01,0,228708
CAND-02476,2024-09-14,2024-10-14,30,262153
CAND-02476,2024-09-14,2024-11-13,0,245313
CAND-02476,2024-09-14,2024-12-13,0,226068
CAND-02476,2024-09-14,2025-01-12,0,210219
CAND-02476,2024-09-14,2025-02-11,0,194370
CAND-02476,2024-09-14,2025-03-13,0,178521
CAND-02477,2024-01-31,2024-03-01,0,351622
CAND-02477,2024-01-31,2024-03-31,0,314392
CAND-02477,2024-01-31,2024-04-30,30,306470
CAND-02477,2024-01-31,2024-05-30,60,298009
CAND-02477,2024-01-31,2024-06-29,90,289351
CAND-02478,2024-09-30,2024-10-30,30,915147
CAND-02478,2024-09-30,2024-11-29,60,885117
CAND-02478,2024-09-30,2024-12-29,90,858519
CAND-02478,2024-09-30,2025-01-28,111,829428
CAND-02479,2024-05-29,2024-06-28,0,686443
CAND-02479,2024-05-29,2024-07-28,0,639640
CAND-02479,2024-05-29,2024-08-27,0,586151
CAND-02479,2024-05-29,2024-09-26,0,542101
CAND-02479,2024-05-29,2024-10-26,0,479697
CAND-02479,2024-05-29,2024-11-25,0,429774
CAND-02480,2024-08-22,2024-09-21,30,535178
CAND-02480,2024-08-22,2024-10-21,0,480669
CAND-02480,2024-08-22,2024-11-20,0,438739
CAND-02481,2024-09-22,2024-10-22,0,343278
CAND-02481,2024-09-22,2024-11-21,30,334068
CAND-02481,2024-09-22,2024-12-21,60,325287
CAND-02482,2024-05-04,2024-06-03,0,249484
CAND-02482,2024-05-04,2024-07-03,0,231004
CAND-02482,2024-05-04,2024-08-02,0,209681
CAND-02483,2024-02-15,2024-03-16,0,532245
CAND-02483,2024-02-15,2024-04-15,30,517965
CAND-02483,2024-02-15,2024-05-15,0,469176
CAND-02483,2024-02-15,2024-06-14,0,420387
CAND-02483,2024-02-15,2024-07-14,0,381355
CAND-02483,2024-02-15,2024-08-13,0,322808
CAND-02484,2024-10-11,2024-11-10,0,1453405
CAND-02484,2024-10-11,2024-12-10,0,1365320
CAND-02484,2024-10-11,2025-01-09,0,1266224
CAND-02484,2024-10-11,2025-02-08,0,1152972
CAND-02485,2024-05-17,2024-06-16,30,493107
CAND-02485,2024-05-17,2024-07-16,0,463195
CAND-02485,2024-05-17,2024-08-15,0,431412
CAND-02486,2024-05-07,2024-06-06,0,230238
CAND-02486,2024-05-07,2024-07-06,0,216284
CAND-02486,2024-05-07,2024-08-05,30,209844
CAND-02486,2024-05-07,2024-09-04,60,204821
CAND-02487,2024-01-22,2024-02-21,0,377293
CAND-02487,2024-01-22,2024-03-22,0,340135
CAND-02487,2024-01-22,2024-04-21,0,308694
CAND-02488,2024-07-22,2024-08-21,0,1063449
CAND-02488,2024-07-22,2024-09-20,0,964982
CAND-02488,2024-07-22,2024-10-20,0,899336
CAND-02488,2024-07-22,2024-11-19,0,825486
CAND-02489,2024-07-24,2024-08-23,0,433970
CAND-02489,2024-07-24,2024-09-22,0,401824
CAND-02489,2024-07-24,2024-10-22,0,361642
CAND-02489,2024-07-24,2024-11-21,0,317806
CAND-02489,2024-07-24,2024-12-21,0,269587
CAND-02489,2024-07-24,2025-01-20,0,242799
CAND-02490,2024-04-21,2024-05-21,0,1101945
CAND-02490,2024-04-21,2024-06-20,0,1022831
CAND-02490,2024-04-21,2024-07-20,0,914948
CAND-02490,2024-04-21,2024-08-19,0,796277
CAND-02490,2024-04-21,2024-09-18,0,704992
CAND-02490,2024-04-21,2024-10-18,0,597109
CAND-02491,2024-03-30,2024-04-29,0,478246
CAND-02491,2024-03-30,2024-05-29,0,435071
CAND-02491,2024-03-30,2024-06-28,0,406288
CAND-02491,2024-03-30,2024-07-28,0,369281
CAND-02492,2024-07-07,2024-08-06,0,864239
CAND-02492,2024-07-07,2024-09-05,0,793010
CAND-02492,2024-07-07,2024-10-05,0,726869
CAND-02492,2024-07-07,2024-11-04,0,668996
CAND-02493,2024-08-04,2024-09-03,0,222766
CAND-02493,2024-08-04,2024-10-03,0,206430
CAND-02493,2024-08-04,2024-11-02,0,190094
CAND-02494,2024-08-24,2024-09-23,0,347158
CAND-02494,2024-08-24,2024-10-23,0,323792
CAND-02494,2024-08-24,2024-11-22,0,292637
CAND-02495,2024-09-06,2024-10-06,0,1069568
CAND-02495,2024-09-06,2024-11-05,0,952888
CAND-02495,2024-09-06,2024-12-05,0,855655
CAND-02496,2024-07-31,2024-08-30,0,600723
CAND-02496,2024-07-31,2024-09-29,0,556225
CAND-02496,2024-07-31,2024-10-29,0,508549
CAND-02496,2024-07-31,2024-11-28,0,464051
CAND-02497,2024-07-23,2024-08-22,0,298427
CAND-02497,2024-07-23,2024-09-21,0,273705
CAND-02497,2024-07-23,2024-10-21,0,253619
CAND-02497,2024-07-23,2024-11-20,0,221481
CAND-02497,2024-07-23,2024-12-20,0,189342
CAND-02497,2024-07-23,2025-01-19,0,164620
CAND-02498,2024-02-13,2024-03-14,0,488857
CAND-02498,2024-02-13,2024-04-13,0,444045
CAND-02498,2024-02-13,2024-05-13,0,412413
CAND-02498,2024-02-13,2024-06-12,0,358639
CAND-02499,2024-04-16,2024-05-16,0,253642
CAND-02499,2024-04-16,2024-06-15,0,234459
CAND-02499,2024-04-16,2024-07-15,0,212079
CAND-02499,2024-04-16,2024-08-14,0,191420
CAND-02499,2024-04-16,2024-09-13,0,172237
CAND-02500,2024-10-01,2024-10-31,0,487517
CAND-02500,2024-10-01,2024-11-30,30,472593
CAND-02500,2024-10-01,2024-12-30,0,437771
CAND-02500,2024-10-01,2025-01-29,0,407045
CAND-02501,2024-01-20,2024-02-19,0,499371
CAND-02501,2024-01-20,2024-03-20,0,463860
CAND-02501,2024-01-20,2024-04-19,0,422886
CAND-02502,2024-01-23,2024-02-22,0,537236
CAND-02502,2024-01-23,2024-03-23,0,493155
CAND-02502,2024-01-23,2024-04-22,0,441060
CAND-02502,2024-01-23,2024-05-22,0,400127
CAND-02503,2024-01-17,2024-02-16,0,480042
CAND-02503,2024-01-17,2024-03-17,0,450143
CAND-02503,2024-01-17,2024-04-16,0,413838
CAND-02504,2024-02-05,2024-03-06,0,172099
CAND-02504,2024-02-05,2024-04-05,0,153168
CAND-02504,2024-02-05,2024-05-05,0,142651
CAND-02504,2024-02-05,2024-06-04,0,128089
CAND-02504,2024-02-05,2024-07-04,0,114567
CAND-02504,2024-02-05,2024-08-03,30,110059
CAND-02505,2024-02-28,2024-03-29,0,299078
CAND-02505,2024-02-28,2024-04-28,0,267034
CAND-02505,2024-02-28,2024-05-28,0,237903
CAND-02506,2024-02-22,2024-03-23,0,230881
CAND-02506,2024-02-22,2024-04-22,30,225129
CAND-02506,2024-02-22,2024-05-22,0,200391
CAND-02506,2024-02-22,2024-06-21,0,182722
CAND-02507,2024-07-02,2024-08-01,0,276195
CAND-02507,2024-07-02,2024-08-31,0,248576
CAND-02507,2024-07-02,2024-09-30,0,229587
CAND-02507,2024-07-02,2024-10-30,0,212709
CAND-02507,2024-07-02,2024-11-29,0,195830
CAND-02507,2024-07-02,2024-12-29,0,170512
CAND-02508,2024-09-11,2024-10-11,0,753995
CAND-02508,2024-09-11,2024-11-10,0,690195
CAND-02508,2024-09-11,2024-12-10,0,614796
CAND-02508,2024-09-11,2025-01-09,0,539396
CAND-02509,2024-07-20,2024-08-19,0,1220500
CAND-02509,2024-07-20,2024-09-18,0,1123635
CAND-02509,2024-07-20,2024-10-18,0,988024
CAND-02509,2024-07-20,2024-11-17,0,852413
CAND-02509,2024-07-20,2024-12-17,0,777073
CAND-02510,2024-03-26,2024-04-25,0,684002
CAND-02510,2024-03-26,2024-05-25,0,638402
CAND-02510,2024-03-26,2024-06-24,0,582279
CAND-02510,2024-03-26,2024-07-24,30,566755
CAND-02510,2024-03-26,2024-08-23,60,548515
CAND-02511,2024-09-11,2024-10-11,0,314942
CAND-02511,2024-09-11,2024-11-10,30,308802
CAND-02511,2024-09-11,2024-12-10,0,285473
CAND-02511,2024-09-11,2025-01-09,30,274869
CAND-02511,2024-09-11,2025-02-08,0,254285
CAND-02512,2024-05-13,2024-06-12,0,454718
CAND-02512,2024-05-13,2024-07-12,0,426649
CAND-02512,2024-05-13,2024-08-11,0,390560
CAND-02512,2024-05-13,2024-09-10,0,351695
CAND-02512,2024-05-13,2024-10-10,0,305764
CAND-02512,2024-05-13,2024-11-09,0,255240
CAND-02513,2024-07-09,2024-08-08,0,464408
CAND-02513,2024-07-09,2024-09-07,0,419374
CAND-02513,2024-07-09,2024-10-07,0,381269
CAND-02513,2024-07-09,2024-11-06,0,343164
CAND-02514,2024-03-29,2024-04-28,0,891074
CAND-02514,2024-03-29,2024-05-28,0,838658
CAND-02514,2024-03-29,2024-06-27,0,783158
CAND-02514,2024-03-29,2024-07-27,0,730742
CAND-02514,2024-03-29,2024-08-26,0,663350
CAND-02515,2024-08-18,2024-09-17,0,260481
CAND-02515,2024-08-18,2024-10-17,30,254049
CAND-02515,2024-08-18,2024-11-16,60,247471
CAND-02515,2024-08-18,2024-12-16,90,241442
CAND-02515,2024-08-18,2025-01-15,93,235535
CAND-02516,2024-07-24,2024-08-23,0,890765
CAND-02516,2024-07-24,2024-09-22,0,811895
CAND-02516,2024-07-24,2024-10-22,0,717252
CAND-02516,2024-07-24,2024-11-21,0,644449
CAND-02516,2024-07-24,2024-12-21,30,628407
CAND-02516,2024-07-24,2025-01-20,60,601366
CAND-02517,2024-10-03,2024-11-02,0,956976
CAND-02517,2024-10-03,2024-12-02,30,923533
CAND-02517,2024-10-03,2025-01-01,0,819861
CAND-02518,2024-04-06,2024-05-06,0,603046
CAND-02518,2024-04-06,2024-06-05,0,553565
CAND-02518,2024-04-06,2024-07-05,0,504085
CAND-02518,2024-04-06,2024-08-04,0,450480
CAND-02519,2024-02-29,2024-03-30,30,527363
CAND-02519,2024-02-29,2024-04-29,60,509402
CAND-02519,2024-02-29,2024-05-29,90,497688
CAND-02520,2024-09-08,2024-10-08,0,898076
CAND-02520,2024-09-08,2024-11-07,0,808269
CAND-02520,2024-09-08,2024-12-07,0,709480
CAND-02520,2024-09-08,2025-01-06,0,647738
CAND-02520,2024-09-08,2025-02-05,0,589627
CAND-02521,2024-07-02,2024-08-01,0,824363
CAND-02521,2024-07-02,2024-08-31,0,741094
CAND-02521,2024-07-02,2024-09-30,30,719286
CAND-02522,2024-02-11,2024-03-12,0,1327297
CAND-02522,2024-02-11,2024-04-11,30,1285470
CAND-02522,2024-02-11,2024-05-11,0,1190664
CAND-02522,2024-02-11,2024-06-10,0,1061381
CAND-02522,2024-02-11,2024-07-10,0,982376
CAND-02522,2024-02-11,2024-08-09,30,944952
CAND-02523,2024-02-18,2024-03-19,30,485237
CAND-02523,2024-02-18,2024-04-18,60,475490
CAND-02523,2024-02-18,2024-05-18,90,466770
CAND-02524,2024-09-25,2024-10-25,0,481783
CAND-02524,2024-09-25,2024-11-24,0,453233
CAND-02524,2024-09-25,2024-12-24,30,442955
CAND-02524,2024-09-25,2025-01-23,0,408695
CAND-02524,2024-09-25,2025-02-22,0,380145
CAND-02525,2024-04-06,2024-05-06,30,483418
CAND-02525,2024-04-06,2024-06-05,60,472559
CAND-02525,2024-04-06,2024-07-05,90,457867
CAND-02526,2024-04-03,2024-05-03,0,1473087
CAND-02526,2024-04-03,2024-06-02,0,1371813
CAND-02526,2024-04-03,2024-07-02,0,1224504
CAND-02526,2024-04-03,2024-08-01,0,1129186
CAND-02527,2024-04-18,2024-05-18,0,560874
CAND-02527,2024-04-18,2024-06-17,0,517950
CAND-02527,2024-04-18,2024-07-17,0,471724
CAND-02527,2024-04-18,2024-08-16,0,438338
CAND-02527,2024-04-18,2024-09-15,0,400780
CAND-02528,2024-05-16,2024-06-15,0,637430
CAND-02528,2024-05-16,2024-07-15,0,575343
CAND-02528,2024-05-16,2024-08-14,0,522807
CAND-02528,2024-05-16,2024-09-13,0,454511
CAND-02528,2024-05-16,2024-10-13,0,397598
CAND-02528,2024-05-16,2024-11-12,0,357424
CAND-02529,2024-05-25,2024-06-24,0,147707
CAND-02529,2024-05-25,2024-07-24,0,134519
CAND-02529,2024-05-25,2024-08-23,30,130355
CAND-02529,2024-05-25,2024-09-22,0,121045
CAND-02529,2024-05-25,2024-10-22,0,109741
CAND-02530,2024-02-08,2024-03-09,30,360796
CAND-02530,2024-02-08,2024-04-08,60,349132
CAND-02530,2024-02-08,2024-05-08,90,342346
CAND-02530,2024-02-08,2024-06-07,91,335304
CAND-02530,2024-02-08,2024-07-07,91,327528
CAND-02530,2024-02-08,2024-08-06,91,315488
CAND-02531,2024-06-14,2024-07-14,0,463852
CAND-02531,2024-06-14,2024-08-13,0,432631
CAND-02531,2024-06-14,2024-09-12,0,404879
CAND-02531,2024-06-14,2024-10-12,30,395454
CAND-02531,2024-06-14,2024-11-11,0,359773
CAND-02532,2024-06-02,2024-07-02,0,489675
CAND-02532,2024-06-02,2024-08-01,0,437443
CAND-02532,2024-06-02,2024-08-31,0,385211
CAND-02532,2024-06-02,2024-09-30,0,354486
CAND-02532,2024-06-02,2024-10-30,0,323762
CAND-02532,2024-06-02,2024-11-29,0,288940
CAND-02533,2024-09-09,2024-10-09,0,144301
CAND-02533,2024-09-09,2024-11-08,0,133350
CAND-02533,2024-09-09,2024-12-08,0,124832
CAND-02533,2024-09-09,2025-01-07,0,115249
CAND-02534,2024-08-03,2024-09-02,0,360860
CAND-02534,2024-08-03,2024-10-02,0,334130
CAND-02534,2024-08-03,2024-11-01,0,300717
CAND-02534,2024-08-03,2024-12-01,0,272077
CAND-02534,2024-08-03,2024-12-31,0,249802
CAND-02534,2024-08-03,2025-01-30,0,216389
CAND-02535,2024-07-02,2024-08-01,30,578633
CAND-02535,2024-07-02,2024-08-31,60,565998
CAND-02535,2024-07-02,2024-09-30,90,555932
CAND-02535,2024-07-02,2024-10-30,106,543297
CAND-02535,2024-07-02,2024-11-29,106,533058
CAND-02536,2024-04-26,2024-05-26,0,809317
CAND-02536,2024-04-26,2024-06-25,0,747062
CAND-02536,2024-04-26,2024-07-25,30,720650
CAND-02536,2024-04-26,2024-08-24,60,691598
CAND-02537,2024-09-27,2024-10-27,0,356175
CAND-02537,2024-09-27,2024-11-26,0,316995
CAND-02537,2024-09-27,2024-12-26,0,277816
CAND-02538,2024-03-04,2024-04-03,0,221792
CAND-02538,2024-03-04,2024-05-03,0,202077
CAND-02538,2024-03-04,2024-06-02,0,185179
CAND-02538,2024-03-04,2024-07-02,0,165464
CAND-02538,2024-03-04,2024-08-01,0,152321
CAND-02538,2024-03-04,2024-08-31,0,139177
CAND-02539,2024-04-09,2024-05-09,0,318984
CAND-02539,2024-04-09,2024-06-08,30,310511
CAND-02539,2024-04-09,2024-07-08,0,282267
CAND-02539,2024-04-09,2024-08-07,30,273107
CAND-02539,2024-04-09,2024-09-06,60,263693
CAND-02539,2024-04-09,2024-10-06,90,256914
CAND-02540,2024-01-30,2024-02-29,0,1103965
CAND-02540,2024-01-30,2024-03-30,0,1038545
CAND-02540,2024-01-30,2024-04-29,0,947963
CAND-02540,2024-01-30,2024-05-29,0,849833
CAND-02540,2024-01-30,2024-06-28,30,828026
CAND-02540,2024-01-30,2024-07-28,0,720975
CAND-02541,2024-04-15,2024-05-15,0,660498
CAND-02541,2024-04-15,2024-06-14,0,613077
CAND-02541,2024-04-15,2024-07-14,30,598258
CAND-02541,2024-04-15,2024-08-13,60,576704
CAND-02541,2024-04-15,2024-09-12,90,563531
CAND-02542,2024-09-29,2024-10-29,0,1254080
CAND-02542,2024-09-29,2024-11-28,0,1170801
CAND-02542,2024-09-29,2024-12-28,0,1096776
CAND-02542,2024-09-29,2025-01-27,0,985737
CAND-02542,2024-09-29,2025-02-26,0,852491
CAND-02542,2024-09-29,2025-03-28,0,731359
CAND-02543,2024-04-23,2024-05-23,0,1699849
CAND-02543,2024-04-23,2024-06-22,0,1519240
CAND-02543,2024-04-23,2024-07-22,0,1338631
CAND-02544,2024-05-25,2024-06-24,0,327326
CAND-02544,2024-05-25,2024-07-24,0,297951
CAND-02544,2024-05-25,2024-08-23,0,272772
CAND-02544,2024-05-25,2024-09-22,0,249271
CAND-02544,2024-05-25,2024-10-22,0,227240
CAND-02544,2024-05-25,2024-11-21,30,220190
CAND-02545,2024-06-22,2024-07-22,0,965429
CAND-02545,2024-06-22,2024-08-21,0,879613
CAND-02545,2024-06-22,2024-09-20,0,815251
CAND-02546,2024-08-11,2024-09-10,30,159094
CAND-02546,2024-08-11,2024-10-10,0,149536
CAND-02546,2024-08-11,2024-11-09,30,145926
CAND-02546,2024-08-11,2024-12-09,60,143172
CAND-02546,2024-08-11,2025-01-08,90,140418
CAND-02547,2024-09-25,2024-10-25,0,943030
CAND-02547,2024-09-25,2024-11-24,0,880623
CAND-02547,2024-09-25,2024-12-24,0,797415
CAND-02547,2024-09-25,2025-01-23,0,706642
CAND-02547,2024-09-25,2025-02-22,0,651170
CAND-02548,2024-09-20,2024-10-20,0,937403
CAND-02548,2024-09-20,2024-11-19,0,850607
CAND-02548,2024-09-20,2024-12-19,0,792742
CAND-02549,2024-09-27,2024-10-27,0,855539
CAND-02549,2024-09-27,2024-11-26,0,785028
CAND-02549,2024-09-27,2024-12-26,0,731107
CAND-02549,2024-09-27,2025-01-25,0,665632
CAND-02550,2024-02-19,2024-03-20,0,212979
CAND-02550,2024-02-19,2024-04-19,0,190350
CAND-02550,2024-02-19,2024-05-19,0,175264
CAND-02550,2024-02-19,2024-06-18,0,161953
CAND-02550,2024-02-19,2024-07-18,0,148641
CAND-02551,2024-02-22,2024-03-23,30,355658
CAND-02551,2024-02-22,2024-04-22,0,322652
CAND-02551,2024-02-22,2024-05-22,0,302482
CAND-02552,2024-06-02,2024-07-02,0,260700
CAND-02552,2024-06-02,2024-08-01,0,239466
CAND-02552,2024-06-02,2024-08-31,0,218233
CAND-02552,2024-06-02,2024-09-30,0,202898
CAND-02553,2024-07-17,2024-08-16,0,341541
CAND-02553,2024-07-17,2024-09-15,0,316242
CAND-02553,2024-07-17,2024-10-15,30,304383
CAND-02553,2024-07-17,2024-11-14,0,269884
CAND-02553,2024-07-17,2024-12-14,0,242777
CAND-02554,2024-04-22,2024-05-22,0,626757
CAND-02554,2024-04-22,2024-06-21,0,589761
CAND-02554,2024-04-22,2024-07-21,0,552765
CAND-02554,2024-04-22,2024-08-20,0,511144
CAND-02554,2024-04-22,2024-09-19,0,450605
CAND-02555,2024-07-02,2024-08-01,0,768135
CAND-02555,2024-07-02,2024-08-31,0,702482
CAND-02555,2024-07-02,2024-09-30,0,652277
CAND-02555,2024-07-02,2024-10-30,0,586625
CAND-02555,2024-07-02,2024-11-29,0,520972
CAND-02555,2024-07-02,2024-12-29,0,467630
CAND-02556,2024-08-15,2024-09-14,30,1157716
CAND-02556,2024-08-15,2024-10-14,60,1135326
CAND-02556,2024-08-15,2024-11-13,90,1105660
CAND-02556,2024-08-15,2024-12-13,105,1084841
CAND-02556,2024-08-15,2025-01-12,105,1055898
CAND-02557,2024-09-03,2024-10-03,30,2198078
CAND-02557,2024-09-03,2024-11-02,0,2024299
CAND-02557,2024-09-03,2024-12-02,0,1891408
CAND-02557,2024-09-03,2025-01-01,0,1665495
CAND-02558,2024-06-21,2024-07-21,0,459834
CAND-02558,2024-06-21,2024-08-20,0,432323
CAND-02558,2024-06-21,2024-09-19,0,403193
CAND-02558,2024-06-21,2024-10-19,0,375681
CAND-02558,2024-06-21,2024-11-18,0,348170
CAND-02559,2024-03-22,2024-04-21,30,1015616
CAND-02559,2024-03-22,2024-05-21,60,992637
CAND-02559,2024-03-22,2024-06-20,90,975110
CAND-02559,2024-03-22,2024-07-20,99,957281
CAND-02559,2024-03-22,2024-08-19,99,931429
CAND-02560,2024-02-18,2024-03-19,0,592267
CAND-02560,2024-02-18,2024-04-18,0,554748
CAND-02560,2024-02-18,2024-05-18,0,505684
CAND-02561,2024-08-02,2024-09-01,0,305788
CAND-02561,2024-08-02,2024-10-01,0,285802
CAND-02561,2024-08-02,2024-10-31,0,251826
CAND-02562,2024-02-03,2024-03-04,0,525752
CAND-02562,2024-02-03,2024-04-03,0,467919
CAND-02562,2024-02-03,2024-05-03,0,433900
CAND-02562,2024-02-03,2024-06-02,30,422988
CAND-02562,2024-02-03,2024-07-02,0,365155
CAND-02562,2024-02-03,2024-08-01,0,316961
CAND-02563,2024-01-31,2024-03-01,0,747704
CAND-02563,2024-01-31,2024-03-31,0,701135
CAND-02563,2024-01-31,2024-04-30,30,683542
CAND-02564,2024-03-28,2024-04-27,0,279071
CAND-02564,2024-03-28,2024-05-27,30,272306
CAND-02564,2024-03-28,2024-06-26,60,265541
CAND-02564,2024-03-28,2024-07-26,90,258618
CAND-02564,2024-03-28,2024-08-25,93,251695
CAND-02564,2024-03-28,2024-09-24,90,246473
CAND-02565,2024-02-27,2024-03-28,0,826227
CAND-02565,2024-02-27,2024-04-27,0,755609
CAND-02565,2024-02-27,2024-05-27,0,684992
CAND-02565,2024-02-27,2024-06-26,0,608489
CAND-02565,2024-02-27,2024-07-26,0,537871
CAND-02565,2024-02-27,2024-08-25,0,480495
CAND-02566,2024-03-16,2024-04-15,0,774128
CAND-02566,2024-03-16,2024-05-15,0,696715
CAND-02566,2024-03-16,2024-06-14,0,619303
CAND-02567,2024-05-05,2024-06-04,0,551369
CAND-02567,2024-05-05,2024-07-04,0,510527
CAND-02567,2024-05-05,2024-08-03,0,476492
CAND-02567,2024-05-05,2024-09-02,0,438202
CAND-02567,2024-05-05,2024-10-02,0,376939
CAND-02568,2024-03-04,2024-04-03,0,795639
CAND-02568,2024-03-04,2024-05-03,0,742986
CAND-02568,2024-03-04,2024-06-02,0,666401
CAND-02568,2024-03-04,2024-07-02,0,606226
CAND-02568,2024-03-04,2024-08-01,0,556671
CAND-02569,2024-09-13,2024-10-13,0,1150444
CAND-02569,2024-09-13,2024-11-12,0,1022617
CAND-02569,2024-09-13,2024-12-12,0,942725
CAND-02570,2024-04-04,2024-05-04,0,878279
CAND-02570,2024-04-04,2024-06-03,0,826000
CAND-02570,2024-04-04,2024-07-03,0,767187
CAND-02571,2024-08-10,2024-09-09,0,885280
CAND-02571,2024-08-10,2024-10-09,0,822045
CAND-02571,2024-08-10,2024-11-08,0,727194
CAND-02572,2024-08-06,2024-09-05,0,674677
CAND-02572,2024-08-06,2024-10-05,0,617589
CAND-02572,2024-08-06,2024-11-04,0,576359
CAND-02573,2024-04-09,2024-05-09,0,365215
CAND-02573,2024-04-09,2024-06-08,0,334960
CAND-02573,2024-04-09,2024-07-08,0,302184
CAND-02574,2024-05-31,2024-06-30,0,933556
CAND-02574,2024-05-31,2024-07-30,0,874719
CAND-02574,2024-05-31,2024-08-29,0,803273
CAND-02574,2024-05-31,2024-09-28,0,747704
CAND-02574,2024-05-31,2024-10-28,0,685189
CAND-02574,2024-05-31,2024-11-27,0,613744
CAND-02575,2024-02-16,2024-03-17,0,517992
CAND-02575,2024-02-16,2024-04-16,0,480006
CAND-02575,2024-02-16,2024-05-16,0,442020
CAND-02576,2024-05-21,2024-06-20,0,240882
CAND-02576,2024-05-21,2024-07-20,0,214385
CAND-02576,2024-05-21,2024-08-19,0,192304
CAND-02576,2024-05-21,2024-09-18,30,187572
CAND-02576,2024-05-21,2024-10-18,0,172852
CAND-02577,2024-05-07,2024-06-06,0,1595682
CAND-02577,2024-05-07,2024-07-06,0,1500214
CAND-02577,2024-05-07,2024-08-05,0,1392812
CAND-02577,2024-05-07,2024-09-04,0,1260626
CAND-02577,2024-05-07,2024-10-04,0,1128439
CAND-02578,2024-05-22,2024-06-21,0,1392569
CAND-02578,2024-05-22,2024-07-21,0,1297621
CAND-02578,2024-05-22,2024-08-20,0,1189109
CAND-02579,2024-03-01,2024-03-31,0,504889
CAND-02579,2024-03-01,2024-04-30,0,455712
CAND-02579,2024-03-01,2024-05-30,0,417072
CAND-02579,2024-03-01,2024-06-29,0,381009
CAND-02579,2024-03-01,2024-07-29,0,344945
CAND-02580,2024-02-04,2024-03-05,30,355021
CAND-02580,2024-02-04,2024-04-04,60,343302
CAND-02580,2024-02-04,2024-05-04,30,335573
CAND-02580,2024-02-04,2024-06-03,0,305300
CAND-02581,2024-04-20,2024-05-20,0,291630
CAND-02581,2024-04-20,2024-06-19,0,274182
CAND-02581,2024-04-20,2024-07-19,0,245631
CAND-02582,2024-10-07,2024-11-06,0,1122477
CAND-02582,2024-10-07,2024-12-06,0,1000876
CAND-02582,2024-10-07,2025-01-05,0,890329
CAND-02582,2024-10-07,2025-02-04,0,803470
CAND-02582,2024-10-07,2025-03-06,0,692923
CAND-02583,2024-07-16,2024-08-15,0,486230
CAND-02583,2024-07-16,2024-09-14,0,443178
CAND-02583,2024-07-16,2024-10-14,0,412789
CAND-02583,2024-07-16,2024-11-13,0,373049
CAND-02583,2024-07-16,2024-12-13,0,338608
CAND-02583,2024-07-16,2025-01-12,0,301706
CAND-02584,2024-06-09,2024-07-09,0,1571600
CAND-02584,2024-06-09,2024-08-08,0,1432929
CAND-02584,2024-06-09,2024-09-07,30,1395110
CAND-02584,2024-06-09,2024-10-07,60,1344684
CAND-02584,2024-06-09,2024-11-06,90,1314429
CAND-02585,2024-08-27,2024-09-26,0,576998
CAND-02585,2024-08-27,2024-10-26,0,542028
CAND-02585,2024-08-27,2024-11-25,0,497067
CAND-02585,2024-08-27,2024-12-25,0,448648
CAND-02585,2024-08-27,2025-01-24,0,409307
CAND-02586,2024-02-01,2024-03-02,0,412750
CAND-02586,2024-02-01,2024-04-01,0,388386
CAND-02586,2024-02-01,2024-05-01,30,380825
CAND-02586,2024-02-01,2024-05-31,0,340957
CAND-02586,2024-02-01,2024-06-30,0,315160
CAND-02587,2024-05-13,2024-06-12,0,249825
CAND-02587,2024-05-13,2024-07-12,0,225221
CAND-02587,2024-05-13,2024-08-11,0,202668
CAND-02587,2024-05-13,2024-09-10,0,180114
CAND-02587,2024-05-13,2024-10-10,0,164194
CAND-02587,2024-05-13,2024-11-09,0,147278
CAND-02588,2024-06-19,2024-07-19,0,913959
CAND-02588,2024-06-19,2024-08-18,0,837796
CAND-02588,2024-06-19,2024-09-17,0,775913
CAND-02589,2024-01-15,2024-02-14,0,333257
CAND-02589,2024-01-15,2024-03-15,0,309188
CAND-02589,2024-01-15,2024-04-14,0,276367
CAND-02589,2024-01-15,2024-05-14,0,248596
CAND-02589,2024-01-15,2024-06-13,0,228539
CAND-02589,2024-01-15,2024-07-13,30,221853
CAND-02590,2024-07-22,2024-08-21,0,536726
CAND-02590,2024-07-22,2024-09-20,30,526453
CAND-02590,2024-07-22,2024-10-20,0,493925
CAND-02590,2024-07-22,2024-11-19,0,454890
CAND-02590,2024-07-22,2024-12-19,0,413067
CAND-02590,2024-07-22,2025-01-18,0,359838
CAND-02591,2024-08-15,2024-09-14,0,428072
CAND-02591,2024-08-15,2024-10-14,0,395312
CAND-02591,2024-08-15,2024-11-13,0,364735
CAND-02591,2024-08-15,2024-12-13,0,337756
CAND-02592,2024-06-08,2024-07-08,0,539233
CAND-02592,2024-06-08,2024-08-07,0,490212
CAND-02592,2024-06-08,2024-09-06,0,441190
CAND-02593,2024-07-03,2024-08-02,0,957612
CAND-02593,2024-07-03,2024-09-01,0,879346
CAND-02593,2024-07-03,2024-10-01,0,815754
CAND-02593,2024-07-03,2024-10-31,0,723258
CAND-02593,2024-07-03,2024-11-30,0,621511
CAND-02593,2024-07-03,2024-12-30,0,548836
CAND-02594,2024-02-10,2024-03-11,0,644222
CAND-02594,2024-02-10,2024-04-10,0,595330
CAND-02594,2024-02-10,2024-05-10,30,572514
CAND-02594,2024-02-10,2024-06-09,60,549698
CAND-02595,30-04-2024,2024-05-30,30,767088
CAND-02595,30-04-2024,2024-06-29,0,694948
CAND-02595,30-04-2024,2024-07-29,30,674601
CAND-02595,30-04-2024,2024-08-28,60,653154
CAND-02596,2024-04-27,2024-05-27,0,345880
CAND-02596,2024-04-27,2024-06-26,0,316613
CAND-02596,2024-04-27,2024-07-26,0,282025
CAND-02596,2024-04-27,2024-08-25,0,254849
CAND-02596,2024-04-27,2024-09-24,0,233712
CAND-02597,2024-05-24,2024-06-23,30,729327
CAND-02597,2024-05-24,2024-07-23,0,667358
CAND-02597,2024-05-24,2024-08-22,30,652182
CAND-02597,2024-05-24,2024-09-21,60,630311
CAND-02598,2024-06-09,2024-07-09,0,772095
CAND-02598,2024-06-09,2024-08-08,0,687164
CAND-02598,2024-06-09,2024-09-07,0,616389
CAND-02598,2024-06-09,2024-10-07,0,559769
CAND-02598,2024-06-09,2024-11-06,0,503148
CAND-02599,2024-04-10,2024-05-10,0,198775
CAND-02599,2024-04-10,2024-06-09,0,177573
CAND-02599,2024-04-10,2024-07-09,0,165100
CAND-02600,2024-06-25,2024-07-25,0,320387
CAND-02600,2024-06-25,2024-08-24,0,299827
CAND-02600,2024-06-25,2024-09-23,0,277983
CAND-02600,2024-06-25,2024-10-23,0,256138
CAND-02600,2024-06-25,2024-11-22,0,232837
CAND-02601,2024-02-05,2024-03-06,30,286596
CAND-02601,2024-02-05,2024-04-05,0,269419
CAND-02601,2024-02-05,2024-05-05,0,246957
CAND-02601,2024-02-05,2024-06-04,0,222624
CAND-02601,2024-02-05,2024-07-04,0,196078
CAND-02602,2024-06-03,2024-07-03,0,202839
CAND-02602,2024-06-03,2024-08-02,0,185818
CAND-02602,2024-06-03,2024-09-01,0,171066
CAND-02602,2024-06-03,2024-10-01,0,150949
CAND-02603,2024-07-16,2024-08-15,0,1929315
CAND-02603,2024-07-16,2024-09-14,0,1769490
CAND-02603,2024-07-16,2024-10-14,0,1639632
CAND-02603,2024-07-16,2024-11-13,0,1479808
CAND-02603,2024-07-16,2024-12-13,0,1341293
CAND-02604,2024-08-24,2024-09-23,0,353994
CAND-02604,2024-08-24,2024-10-23,0,324669
CAND-02604,2024-08-24,2024-11-22,0,295344
CAND-02605,2024-07-14,2024-08-13,0,197877
CAND-02605,2024-07-14,2024-09-12,0,185267
CAND-02605,2024-07-14,2024-10-12,0,165779
CAND-02606,2024-03-25,2024-04-24,0,540954
CAND-02606,2024-03-25,2024-05-24,0,486858
CAND-02606,2024-03-25,2024-06-23,0,447188
CAND-02607,2024-05-17,2024-06-16,30,294281
CAND-02607,2024-05-17,2024-07-16,0,266824
CAND-02607,2024-05-17,2024-08-15,0,249058
CAND-02607,2024-05-17,2024-09-14,0,223889
CAND-02607,2024-05-17,2024-10-14,0,198720
CAND-02608,2024-09-20,2024-10-20,0,767930
CAND-02608,2024-09-20,2024-11-19,0,699365
CAND-02608,2024-09-20,2024-12-19,0,617087
CAND-02609,2024-02-10,2024-03-11,0,553323
CAND-02609,2024-02-10,2024-04-10,0,510506
CAND-02609,2024-02-10,2024-05-10,30,497752
CAND-02609,2024-02-10,2024-06-09,0,447799
CAND-02609,2024-02-10,2024-07-09,30,434176
CAND-02609,2024-02-10,2024-08-08,60,418401
CAND-02610,2024-09-10,2024-10-10,0,912064
CAND-02610,2024-09-10,2024-11-09,0,847206
CAND-02610,2024-09-10,2024-12-09,0,758763
CAND-02610,2024-09-10,2025-01-08,0,683927
CAND-02611,2024-06-07,2024-07-07,0,488635
CAND-02611,2024-06-07,2024-08-06,0,436514
CAND-02611,2024-06-07,2024-09-05,0,399285
CAND-02611,2024-06-07,2024-10-05,0,364537
CAND-02611,2024-06-07,2024-11-04,0,331962
CAND-02611,2024-06-07,2024-12-04,0,299386
CAND-02612,2024-09-27,2024-10-27,0,1140588
CAND-02612,2024-09-27,2024-11-26,0,1061380
CAND-02612,2024-09-27,2024-12-26,0,946170
CAND-02612,2024-09-27,2025-01-25,0,855647
CAND-02612,2024-09-27,2025-02-24,0,740436
CAND-02613,2024-08-17,2024-09-16,0,335596
CAND-02613,2024-08-17,2024-10-16,0,313662
CAND-02613,2024-08-17,2024-11-15,0,284979
CAND-02614,2024-03-05,2024-04-04,0,783809
CAND-02614,2024-03-05,2024-05-04,30,763591
CAND-02614,2024-03-05,2024-06-03,60,747867
CAND-02615,2024-09-11,2024-10-11,0,307902
CAND-02615,2024-09-11,2024-11-10,0,282525
CAND-02615,2024-09-11,2024-12-10,0,261907
CAND-02615,2024-09-11,2025-01-09,0,241289
CAND-02615,2024-09-11,2025-02-08,0,211298
CAND-02616,2024-10-04,2024-11-03,30,381172
CAND-02616,2024-10-04,2024-12-03,60,371362
CAND-02616,2024-10-04,2025-01-02,30,363014
CAND-02616,2024-10-04,2025-02-01,60,355880
CAND-02617,2024-06-23,2024-07-23,0,351168
CAND-02617,2024-06-23,2024-08-22,30,341383
CAND-02617,2024-06-23,2024-09-21,0,304201
CAND-02618,2024-02-06,2024-03-07,0,165952
CAND-02618,2024-02-06,2024-04-06,30,162912
CAND-02618,2024-02-06,2024-05-06,60,159239
CAND-02618,2024-02-06,2024-06-05,90,153551
CAND-02618,2024-02-06,2024-07-05,104,149143
CAND-02618,2024-02-06,2024-08-04,104,143455
CAND-02619,2024-07-11,2024-08-10,0,1755289
CAND-02619,2024-07-11,2024-09-09,30,1716569
CAND-02619,2024-07-11,2024-10-09,60,1683963
CAND-02619,2024-07-11,2024-11-08,90,1648896
CAND-02619,2024-07-11,2024-12-08,109,1615105
CAND-02619,2024-07-11,2025-01-07,109,1583061
CAND-02620,2024-03-04,2024-04-03,0,484256
CAND-02620,2024-03-04,2024-05-03,0,445823
CAND-02620,2024-03-04,2024-06-02,0,407390
CAND-02620,2024-03-04,2024-07-02,0,373761
CAND-02620,2024-03-04,2024-08-01,30,359964
CAND-02620,2024-03-04,2024-08-31,60,349414
CAND-02621,2024-02-05,2024-03-06,0,867162
CAND-02621,2024-02-05,2024-04-05,0,796010
CAND-02621,2024-02-05,2024-05-05,0,738200
CAND-02621,2024-02-05,2024-06-04,0,672130
CAND-02621,2024-02-05,2024-07-04,0,614319
CAND-02622,2024-08-10,2024-09-09,0,736932
CAND-02622,2024-08-10,2024-10-09,0,664355
CAND-02622,2024-08-10,2024-11-08,0,602944
CAND-02622,2024-08-10,2024-12-08,0,536416
CAND-02622,2024-08-10,2025-01-07,0,469887
CAND-02623,2024-02-19,2024-03-20,30,197915
CAND-02623,2024-02-19,2024-04-19,60,192970
CAND-02623,2024-02-19,2024-05-19,90,187007
CAND-02624,2024-02-23,2024-03-24,0,296216
CAND-02624,2024-02-23,2024-04-23,0,277630
CAND-02624,2024-02-23,2024-05-23,0,255061
CAND-02624,2024-02-23,2024-06-22,0,230756
CAND-02624,2024-02-23,2024-07-22,0,199160
CAND-02624,2024-02-23,2024-08-21,0,180574
CAND-02625,2024-06-21,2024-07-21,0,1394475
CAND-02625,2024-06-21,2024-08-20,0,1311470
CAND-02625,2024-06-21,2024-09-19,0,1186964
CAND-02626,2024-08-16,2024-09-15,0,688916
CAND-02626,2024-08-16,2024-10-15,30,667206
CAND-02626,2024-08-16,2024-11-14,60,650803
CAND-02627,2024-09-20,2024-10-20,0,260169
CAND-02627,2024-09-20,2024-11-19,30,252597
CAND-02627,2024-09-20,2024-12-19,0,233918
CAND-02628,2024-06-08,2024-07-08,0,797463
CAND-02628,2024-06-08,2024-08-07,0,748237
CAND-02628,2024-06-08,2024-09-06,30,724289
CAND-02628,2024-06-08,2024-10-06,60,707249
CAND-02629,2024-02-13,2024-03-14,0,1133846
CAND-02629,2024-02-13,2024-04-13,0,1061591
CAND-02629,2024-02-13,2024-05-13,0,967104
CAND-02629,2024-02-13,2024-06-12,0,890333
CAND-02629,2024-02-13,2024-07-12,0,822092
CAND-02630,2024-08-04,2024-09-03,0,1205050
CAND-02630,2024-08-04,2024-10-03,0,1087675
CAND-02630,2024-08-04,2024-11-02,0,1011726
CAND-02631,2024-02-20,2024-03-21,30,499301
CAND-02631,2024-02-20,2024-04-20,0,469137
CAND-02631,2024-02-20,2024-05-20,0,440648
CAND-02631,2024-02-20,2024-06-19,0,408598
CAND-02631,2024-02-20,2024-07-19,0,361981
CAND-02632,2024-05-04,2024-06-03,30,801256
CAND-02632,2024-05-04,2024-07-03,0,718702
CAND-02632,2024-05-04,2024-08-02,30,698567
CAND-02632,2024-05-04,2024-09-01,60,683825
CAND-02633,2024-05-21,2024-06-20,30,1425598
CAND-02633,2024-05-21,2024-07-20,0,1279287
CAND-02633,2024-05-21,2024-08-19,30,1252685
CAND-02633,2024-05-21,2024-09-18,0,1148177
CAND-02633,2024-05-21,2024-10-18,0,1066893
CAND-02633,2024-05-21,2024-11-17,0,962384
CAND-02634,2024-10-06,2024-11-05,0,507147
CAND-02634,2024-10-06,2024-12-05,0,460189
CAND-02634,2024-10-06,2025-01-04,30,442580
CAND-02634,2024-10-06,2025-02-03,0,395622
CAND-02634,2024-10-06,2025-03-05,0,362475
CAND-02634,2024-10-06,2025-04-04,0,324909
CAND-02635,2024-05-27,2024-06-26,30,237769
CAND-02635,2024-05-27,2024-07-26,0,217601
CAND-02635,2024-05-27,2024-08-25,30,211551
CAND-02635,2024-05-27,2024-09-24,60,204828
CAND-02635,2024-05-27,2024-10-24,90,200174
CAND-02636,2024-02-26,2024-03-27,0,664636
CAND-02636,2024-02-26,2024-04-26,0,599899
CAND-02636,2024-02-26,2024-05-26,0,535161
CAND-02636,2024-02-26,2024-06-25,0,463950
CAND-02636,2024-02-26,2024-07-25,0,416476
CAND-02637,2024-05-20,2024-06-19,0,383900
CAND-02637,2024-05-20,2024-07-19,0,346673
CAND-02637,2024-05-20,2024-08-18,0,321080
CAND-02638,2024-04-12,2024-05-12,0,981156
CAND-02638,2024-04-12,2024-06-11,0,901243
CAND-02638,2024-04-12,2024-07-11,0,797356
CAND-02640,2024-01-20,2024-02-19,0,309348
CAND-02640,2024-01-20,2024-03-20,0,289851
CAND-02640,2024-01-20,2024-04-19,0,256707
CAND-02641,2024-04-13,2024-05-13,0,762676
CAND-02641,2024-04-13,2024-06-12,0,715597
CAND-02641,2024-04-13,2024-07-12,0,659103
CAND-02641,2024-04-13,2024-08-11,0,612024
CAND-02642,2024-06-07,2024-07-07,0,272866
CAND-02642,2024-06-07,2024-08-06,0,247601
CAND-02642,2024-06-07,2024-09-05,0,229767
CAND-02643,2024-06-29,2024-07-29,0,790179
CAND-02643,2024-06-29,2024-08-28,0,710363
CAND-02643,2024-06-29,2024-09-27,0,637198
CAND-02643,2024-06-29,2024-10-27,0,557382
CAND-02643,2024-06-29,2024-11-26,0,502509
CAND-02644,2024-03-17,2024-04-16,30,464118
CAND-02644,2024-03-17,2024-05-16,60,454914
CAND-02644,2024-03-17,2024-06-15,90,446051
CAND-02644,2024-03-17,2024-07-15,60,435173
CAND-02644,2024-03-17,2024-08-14,90,426626
CAND-02644,2024-03-17,2024-09-13,92,418229
CAND-02645,2024-06-03,2024-07-03,0,513039
CAND-02645,2024-06-03,2024-08-02,0,466997
CAND-02645,2024-06-03,2024-09-01,0,424497
CAND-02645,2024-06-03,2024-10-01,0,374269
CAND-02645,2024-06-03,2024-10-31,0,328227
CAND-02645,2024-06-03,2024-11-30,0,272977
CAND-02646,2024-09-14,2024-10-14,0,743416
CAND-02646,2024-09-14,2024-11-13,0,693634
CAND-02646,2024-09-14,2024-12-13,0,632363
CAND-02646,2024-09-14,2025-01-12,0,559952
CAND-02646,2024-09-14,2025-02-11,30,544924
CAND-02646,2024-09-14,2025-03-13,0,483653
CAND-02647,2024-07-13,2024-08-12,0,643997
CAND-02647,2024-07-13,2024-09-11,0,592886
CAND-02647,2024-07-13,2024-10-11,0,545182
CAND-02647,2024-07-13,2024-11-10,0,485553
CAND-02647,2024-07-13,2024-12-10,0,443462
CAND-02647,2024-07-13,2025-01-09,0,378412
CAND-02648,2024-06-27,2024-07-27,0,416440
CAND-02648,2024-06-27,2024-08-26,0,370632
CAND-02648,2024-06-27,2024-09-25,0,342001
CAND-02648,2024-06-27,2024-10-25,0,300357
CAND-02649,2024-02-05,2024-03-06,0,426042
CAND-02649,2024-02-05,2024-04-05,30,417363
CAND-02649,2024-02-05,2024-05-05,0,374759
CAND-02649,2024-02-05,2024-06-04,0,338709
CAND-02649,2024-02-05,2024-07-04,0,291845
CAND-02649,2024-02-05,2024-08-03,0,265809
CAND-02650,2024-06-10,2024-07-10,0,271076
CAND-02650,2024-06-10,2024-08-09,0,243694
CAND-02650,2024-06-10,2024-09-08,0,226961
CAND-02650,2024-06-10,2024-10-08,0,208136
CAND-02651,2024-05-23,2024-06-22,0,351518
CAND-02651,2024-05-23,2024-07-22,0,317432
CAND-02651,2024-05-23,2024-08-21,0,288589
CAND-02651,2024-05-23,2024-09-20,0,265155
CAND-02652,2024-01-28,2024-02-27,0,585964
CAND-02652,2024-01-28,2024-03-28,0,522484
CAND-02652,2024-01-28,2024-04-27,0,480165
CAND-02652,2024-01-28,2024-05-27,0,434822
CAND-02653,2024-10-24,2024-11-23,0,385222
CAND-02653,2024-10-24,2024-12-23,0,354954
CAND-02653,2024-10-24,2025-01-22,0,319642
CAND-02653,2024-10-24,2025-02-21,0,296101
CAND-02654,2024-09-18,2024-10-18,0,1044231
CAND-02654,2024-09-18,2024-11-17,0,977687
CAND-02654,2024-09-18,2024-12-17,0,890667
CAND-02654,2024-09-18,2025-01-16,0,819964
CAND-02654,2024-09-18,2025-02-15,0,753420
CAND-02654,2024-09-18,2025-03-17,0,672617
CAND-02655,2024-04-11,2024-05-11,0,708376
CAND-02655,2024-04-11,2024-06-10,0,655904
CAND-02655,2024-04-11,2024-07-10,30,639507
CAND-02655,2024-04-11,2024-08-09,60,615656
CAND-02655,2024-04-11,2024-09-08,90,594383
CAND-02655,2024-04-11,2024-10-08,99,576892
CAND-02656,2024-06-23,2024-07-23,0,960955
CAND-02656,2024-06-23,2024-08-22,0,879643
CAND-02656,2024-06-23,2024-09-21,0,813577
CAND-02656,2024-06-23,2024-10-21,0,743107
CAND-02657,2024-07-15,2024-08-14,30,627624
CAND-02657,2024-07-15,2024-09-13,60,615980
CAND-02657,2024-07-15,2024-10-13,30,597682
CAND-02658,2024-04-05,2024-05-05,0,380883
CAND-02658,2024-04-05,2024-06-04,0,348329
CAND-02658,2024-04-05,2024-07-04,0,315775
CAND-02658,2024-04-05,2024-08-03,0,283220
CAND-02659,2024-10-05,2024-11-04,0,373256
CAND-02659,2024-10-05,2024-12-04,0,348261
CAND-02659,2024-10-05,2025-01-03,0,308269
CAND-02659,2024-10-05,2025-02-02,0,274943
CAND-02660,18-03-2024,2024-04-17,0,528895
CAND-02660,18-03-2024,2024-05-17,30,514903
CAND-02660,18-03-2024,2024-06-16,60,500211
CAND-02660,18-03-2024,2024-07-16,90,489902
CAND-02661,2024-05-25,2024-06-24,30,356054
CAND-02661,2024-05-25,2024-07-24,60,346455
CAND-02661,2024-05-25,2024-08-23,90,338526
CAND-02662,2024-04-27,2024-05-27,0,953275
CAND-02662,2024-04-27,2024-06-26,0,859392
CAND-02662,2024-04-27,2024-07-26,30,826079
CAND-02662,2024-04-27,2024-08-25,0,722807
CAND-02663,2024-04-27,2024-05-27,30,595518
CAND-02663,2024-04-27,2024-06-26,60,583036
CAND-02663,2024-04-27,2024-07-26,90,568119
CAND-02664,2024-10-21,2024-11-20,0,746823
CAND-02664,2024-10-21,2024-12-20,0,689375
CAND-02664,2024-10-21,2025-01-19,0,631927
CAND-02664,2024-10-21,2025-02-18,0,558812
CAND-02664,2024-10-21,2025-03-20,0,491789
CAND-02664,2024-10-21,2025-04-19,0,438171
CAND-02665,2024-07-22,2024-08-21,0,245003
CAND-02665,2024-07-22,2024-09-20,0,230030
CAND-02665,2024-07-22,2024-10-20,0,214177
CAND-02665,2024-07-22,2024-11-19,0,191719
CAND-02665,2024-07-22,2024-12-19,0,176746
CAND-02666,2024-01-05,2024-02-04,0,298835
CAND-02666,2024-01-05,2024-03-05,0,274411
CAND-02666,2024-01-05,2024-04-04,0,253243
CAND-02666,2024-01-05,2024-05-04,0,232076
CAND-02667,2024-04-18,2024-05-18,0,198988
CAND-02667,2024-04-18,2024-06-17,0,183759
CAND-02667,2024-04-18,2024-07-17,0,164377
CAND-02668,2024-06-24,2024-07-24,0,1161947
CAND-02668,2024-06-24,2024-08-23,0,1089577
CAND-02668,2024-06-24,2024-09-22,0,1021227
CAND-02669,2024-08-20,2024-09-19,0,737761
CAND-02669,2024-08-20,2024-10-19,0,666747
CAND-02669,2024-08-20,2024-11-18,0,623349
CAND-02669,2024-08-20,2024-12-18,30,609146
CAND-02670,2024-05-07,2024-06-06,0,119154
CAND-02670,2024-05-07,2024-07-06,0,112120
CAND-02670,2024-05-07,2024-08-05,0,103078
CAND-02671,2024-02-15,2024-03-16,0,307857
CAND-02671,2024-02-15,2024-04-15,0,278121
CAND-02671,2024-02-15,2024-05-15,0,248385
CAND-02671,2024-02-15,2024-06-14,0,226578
CAND-02671,2024-02-15,2024-07-14,0,199320
CAND-02671,2024-02-15,2024-08-13,0,180079
CAND-02672,2024-09-25,2024-10-25,0,1888695
CAND-02672,2024-09-25,2024-11-24,0,1733034
CAND-02672,2024-09-25,2024-12-24,30,1689978
CAND-02672,2024-09-25,2025-01-23,0,1570943
CAND-02672,2024-09-25,2025-02-22,0,1458520
CAND-02672,2024-09-25,2025-03-24,0,1289887
CAND-02673,2024-03-28,2024-04-27,0,636980
CAND-02673,2024-03-28,2024-05-27,0,568382
CAND-02673,2024-03-28,2024-06-26,0,515614
CAND-02673,2024-03-28,2024-07-26,0,469882
CAND-02673,2024-03-28,2024-08-25,30,458055
CAND-02674,2024-05-01,2024-05-31,0,797405
CAND-02674,2024-05-01,2024-06-30,0,711019
CAND-02674,2024-05-01,2024-07-30,0,639031
CAND-02674,2024-05-01,2024-08-29,0,572581
CAND-02674,2024-05-01,2024-09-28,0,518590
CAND-02674,2024-05-01,2024-10-28,0,440058
CAND-02675,2024-08-11,2024-09-10,0,477714
CAND-02675,2024-08-11,2024-10-10,0,431391
CAND-02675,2024-08-11,2024-11-09,30,417981
CAND-02675,2024-08-11,2024-12-09,60,400996
CAND-02676,2024-03-09,2024-04-08,0,236215
CAND-02676,2024-03-09,2024-05-08,0,210231
CAND-02676,2024-03-09,2024-06-07,0,195796
CAND-02676,2024-03-09,2024-07-07,0,181360
CAND-02676,2024-03-09,2024-08-06,0,165121
CAND-02676,2024-03-09,2024-09-05,0,143468
CAND-02677,2024-05-01,2024-05-31,0,406152
CAND-02677,2024-05-01,2024-06-30,0,372506
CAND-02677,2024-05-01,2024-07-30,0,345169
CAND-02677,2024-05-01,2024-08-29,0,320869
CAND-02677,2024-05-01,2024-09-28,0,281106
CAND-02678,2024-07-11,2024-08-10,0,458880
CAND-02678,2024-07-11,2024-09-09,0,417163
CAND-02678,2024-07-11,2024-10-09,0,387717
CAND-02678,2024-07-11,2024-11-08,0,359906
CAND-02678,2024-07-11,2024-12-08,0,330459
CAND-02679,2024-04-30,2024-05-30,0,871048
CAND-02679,2024-04-30,2024-06-29,0,813405
CAND-02679,2024-04-30,2024-07-29,0,762167
CAND-02679,2024-04-30,2024-08-28,0,669938
CAND-02679,2024-04-30,2024-09-27,0,593081
CAND-02680,2024-06-07,2024-07-07,0,1582142
CAND-02680,2024-06-07,2024-08-06,0,1446916
CAND-02680,2024-06-07,2024-09-05,0,1321349
CAND-02680,2024-06-07,2024-10-05,0,1223686
CAND-02680,2024-06-07,2024-11-04,0,1106490
CAND-02681,2024-09-30,2024-10-30,0,310426
CAND-02681,2024-09-30,2024-11-29,0,290137
CAND-02681,2024-09-30,2024-12-29,0,265500
CAND-02681,2024-09-30,2025-01-28,0,238968
CAND-02681,2024-09-30,2025-02-27,0,214331
CAND-02682,2024-02-18,2024-03-19,0,606072
CAND-02682,2024-02-18,2024-04-18,0,557971
CAND-02682,2024-02-18,2024-05-18,0,520559
CAND-02682,2024-02-18,2024-06-17,0,480946
CAND-02682,2024-02-18,2024-07-17,0,443535
CAND-02683,2024-08-01,2024-08-31,0,701714
CAND-02683,2024-08-01,2024-09-30,0,652984
CAND-02683,2024-08-01,2024-10-30,0,604254
CAND-02683,2024-08-01,2024-11-29,30,590078
CAND-02684,2024-04-28,2024-05-28,0,671734
CAND-02684,2024-04-28,2024-06-27,30,652944
CAND-02684,2024-04-28,2024-07-27,0,609839
CAND-02685,2024-08-17,2024-09-16,0,342079
CAND-02685,2024-08-17,2024-10-16,0,315423
CAND-02685,2024-08-17,2024-11-15,30,308382
CAND-02685,2024-08-17,2024-12-15,60,301835
CAND-02687,2024-07-31,2024-08-30,0,999229
CAND-02687,2024-07-31,2024-09-29,0,910012
CAND-02687,2024-07-31,2024-10-29,0,843099
CAND-02688,2024-06-12,2024-07-12,30,252397
CAND-02688,2024-06-12,2024-08-11,0,229049
CAND-02688,2024-06-12,2024-09-10,0,209293
CAND-02688,2024-06-12,2024-10-10,0,189538
CAND-02688,2024-06-12,2024-11-09,0,163855
CAND-02689,2024-08-02,2024-09-01,0,1464532
CAND-02689,2024-08-02,2024-10-01,30,1428344
CAND-02689,2024-08-02,2024-10-31,60,1386288
CAND-02689,2024-08-02,2024-11-30,30,1347387
CAND-02689,2024-08-02,2024-12-30,60,1311199
CAND-02690,2024-08-06,2024-09-05,30,600094
CAND-02690,2024-08-06,2024-10-05,60,589282
CAND-02690,2024-08-06,2024-11-04,30,571155
CAND-02690,2024-08-06,2024-12-04,60,560149
CAND-02690,2024-08-06,2025-01-03,90,543492
CAND-02691,2024-07-01,2024-07-31,0,553707
CAND-02691,2024-07-01,2024-08-30,0,513102
CAND-02691,2024-07-01,2024-09-29,0,479264
CAND-02691,2024-07-01,2024-10-29,0,432412
CAND-02691,2024-07-01,2024-11-28,0,371504
CAND-02692,2024-03-10,2024-04-09,0,832673
CAND-02692,2024-03-10,2024-05-09,0,782208
CAND-02692,2024-03-10,2024-06-08,0,721650
CAND-02693,2024-05-30,2024-06-29,30,754146
CAND-02693,2024-05-30,2024-07-29,60,741074
CAND-02693,2024-05-30,2024-08-28,90,725005
CAND-02694,2024-10-04,2024-11-03,0,364410
CAND-02694,2024-10-04,2024-12-03,0,341635
CAND-02694,2024-10-04,2025-01-02,0,302916
CAND-02694,2024-10-04,2025-02-01,0,275260
CAND-02694,2024-10-04,2025-03-03,0,240061
CAND-02694,2024-10-04,2025-04-02,0,201343
CAND-02696,2024-04-06,2024-05-06,0,227474
CAND-02696,2024-04-06,2024-06-05,0,204914
CAND-02696,2024-04-06,2024-07-05,0,187189
CAND-02696,2024-04-06,2024-08-04,30,179890
CAND-02697,2024-05-12,2024-06-11,0,675504
CAND-02697,2024-05-12,2024-07-11,30,661848
CAND-02697,2024-05-12,2024-08-10,0,606175
CAND-02698,2024-03-01,2024-03-31,0,1180507
CAND-02698,2024-03-01,2024-04-30,0,1082713
CAND-02698,2024-03-01,2024-05-30,0,967139
CAND-02699,2024-07-28,2024-08-27,30,988088
CAND-02699,2024-07-28,2024-09-26,0,928435
CAND-02699,2024-07-28,2024-10-26,0,843928
CAND-02700,2024-02-27,2024-03-28,0,302561
CAND-02700,2024-02-27,2024-04-27,0,284071
CAND-02700,2024-02-27,2024-05-27,0,260298
CAND-02700,2024-02-27,2024-06-26,30,252902
CAND-02700,2024-02-27,2024-07-26,60,245821
CAND-02701,2024-04-02,2024-05-02,0,674925
CAND-02701,2024-04-02,2024-06-01,0,623273
CAND-02701,2024-04-02,2024-07-01,0,583099
CAND-02702,2024-01-07,2024-02-06,0,129938
CAND-02702,2024-01-07,2024-03-07,0,119625
CAND-02702,2024-01-07,2024-04-06,0,107594
CAND-02702,2024-01-07,2024-05-06,0,94469
CAND-02703,2024-09-18,2024-10-18,0,603993
CAND-02703,2024-09-18,2024-11-17,0,556057
CAND-02703,2024-09-18,2024-12-17,0,514113
CAND-02703,2024-09-18,2025-01-16,0,476829
CAND-02703,2024-09-18,2025-02-15,0,434885
CAND-02703,2024-09-18,2025-03-17,0,378960
CAND-02705,2024-04-05,2024-05-05,0,449603
CAND-02705,2024-04-05,2024-06-04,0,412136
CAND-02705,2024-04-05,2024-07-04,30,402769
CAND-02705,2024-04-05,2024-08-03,60,387548
CAND-02705,2024-04-05,2024-09-02,90,378182
CAND-02706,2024-03-12,2024-04-11,0,2586495
CAND-02706,2024-03-12,2024-05-11,0,2403919
CAND-02706,2024-03-12,2024-06-10,0,2193254
CAND-02706,2024-03-12,2024-07-10,0,2022089
CAND-02706,2024-03-12,2024-08-09,0,1860993
CAND-02706,2024-03-12,2024-09-08,0,1699896
CAND-02707,2024-01-31,2024-03-01,0,266351
CAND-02707,2024-01-31,2024-03-31,0,241935
CAND-02707,2024-01-31,2024-04-30,0,219398
CAND-02708,2024-09-01,2024-10-01,0,492975
CAND-02708,2024-09-01,2024-10-31,0,440391
CAND-02708,2024-09-01,2024-11-30,0,405335
CAND-02708,2024-09-01,2024-12-30,0,370279
CAND-02709,2024-08-17,2024-09-16,0,266358
CAND-02709,2024-08-17,2024-10-16,0,247417
CAND-02709,2024-08-17,2024-11-15,0,229660
CAND-02709,2024-08-17,2024-12-15,0,205983
CAND-02709,2024-08-17,2025-01-14,0,190199
CAND-02710,2024-04-01,2024-05-01,0,1231971
CAND-02710,2024-04-01,2024-05-31,0,1149473
CAND-02710,2024-04-01,2024-06-30,0,1047937
CAND-02711,2024-03-09,2024-04-08,0,670547
CAND-02711,2024-03-09,2024-05-08,0,606002
CAND-02711,2024-03-09,2024-06-07,30,587798
CAND-02711,2024-03-09,2024-07-07,60,573876
CAND-02711,2024-03-09,2024-08-06,90,561635
CAND-02712,2024-05-03,2024-06-02,0,2114916
CAND-02712,2024-05-03,2024-07-02,0,1974472
CAND-02712,2024-05-03,2024-08-01,0,1801618
CAND-02714,2024-08-11,2024-09-10,0,281125
CAND-02714,2024-08-11,2024-10-10,0,255568
CAND-02714,2024-08-11,2024-11-09,0,224900
CAND-02714,2024-08-11,2024-12-09,0,199343
CAND-02715,2024-04-18,2024-05-18,0,345176
CAND-02715,2024-04-18,2024-06-17,0,308192
CAND-02715,2024-04-18,2024-07-17,0,285078
CAND-02715,2024-04-18,2024-08-16,0,248095
CAND-02715,2024-04-18,2024-09-15,0,221678
CAND-02715,2024-04-18,2024-10-15,0,193230
CAND-02716,2024-03-16,2024-04-15,30,227181
CAND-02716,2024-03-16,2024-05-15,0,214292
CAND-02716,2024-03-16,2024-06-14,0,194957
CAND-02716,2024-03-16,2024-07-14,0,177110
CAND-02716,2024-03-16,2024-08-13,0,159262
CAND-02717,2024-06-23,2024-07-23,0,553347
CAND-02717,2024-06-23,2024-08-22,30,537324
CAND-02717,2024-06-23,2024-09-21,0,504386
CAND-02718,2024-08-21,2024-09-20,0,680156
CAND-02718,2024-08-21,2024-10-20,0,635701
CAND-02718,2024-08-21,2024-11-19,0,577568
CAND-02718,2024-08-21,2024-12-19,0,533114
CAND-02719,2024-06-01,2024-07-01,0,858475
CAND-02719,2024-06-01,2024-07-31,0,778986
CAND-02719,2024-06-01,2024-08-30,0,715396
CAND-02719,2024-06-01,2024-09-29,0,659286
CAND-02720,2024-08-30,2024-09-29,0,312992
CAND-02720,2024-08-30,2024-10-29,0,288151
CAND-02720,2024-08-30,2024-11-28,0,268831
CAND-02720,2024-08-30,2024-12-28,0,237216
CAND-02721,2024-05-26,2024-06-25,0,350069
CAND-02721,2024-05-26,2024-07-25,0,327189
CAND-02721,2024-05-26,2024-08-24,0,291829
CAND-02721,2024-05-26,2024-09-23,0,268948
CAND-02721,2024-05-26,2024-10-23,0,241165
CAND-02721,2024-05-26,2024-11-22,0,205804
CAND-02722,2024-03-21,2024-04-20,0,1237616
CAND-02722,2024-03-21,2024-05-20,0,1105014
CAND-02722,2024-03-21,2024-06-19,0,984467
CAND-02722,2024-03-21,2024-07-19,0,889752
CAND-02722,2024-03-21,2024-08-18,0,811751
CAND-02722,2024-03-21,2024-09-17,0,701249
CAND-02723,2024-10-12,2024-11-11,0,974078
CAND-02723,2024-10-12,2024-12-11,0,911050
CAND-02723,2024-10-12,2025-01-10,0,821759
CAND-02723,2024-10-12,2025-02-09,0,724351
CAND-02723,2024-10-12,2025-03-11,0,647817
CAND-02724,2024-06-01,2024-07-01,0,409362
CAND-02724,2024-06-01,2024-07-31,0,380122
CAND-02724,2024-06-01,2024-08-30,0,336262
CAND-02724,2024-06-01,2024-09-29,0,311895
CAND-02724,2024-06-01,2024-10-29,0,287528
CAND-02725,2024-08-02,2024-09-01,0,245455
CAND-02725,2024-08-02,2024-10-01,0,230054
CAND-02725,2024-08-02,2024-10-31,0,209914
CAND-02726,2024-04-28,2024-05-28,0,465352
CAND-02726,2024-04-28,2024-06-27,0,431743
CAND-02726,2024-04-28,2024-07-27,0,389732
CAND-02727,2024-03-04,2024-04-03,0,1094955
CAND-02727,2024-03-04,2024-05-03,0,987756
CAND-02727,2024-03-04,2024-06-02,0,869838
CAND-02727,2024-03-04,2024-07-02,0,804328
CAND-02728,2024-02-12,2024-03-13,0,494246
CAND-02728,2024-02-12,2024-04-12,0,460781
CAND-02728,2024-02-12,2024-05-12,0,416162
CAND-02728,2024-02-12,2024-06-11,0,380466
CAND-02729,2024-08-08,2024-09-07,0,226285
CAND-02729,2024-08-08,2024-10-07,0,209523
CAND-02729,2024-08-08,2024-11-06,0,193809
CAND-02729,2024-08-08,2024-12-06,0,174468
CAND-02730,2024-05-21,2024-06-20,0,820465
CAND-02730,2024-05-21,2024-07-20,0,764913
CAND-02730,2024-05-21,2024-08-19,0,684109
CAND-02730,2024-05-21,2024-09-18,0,620621
CAND-02731,2024-08-16,2024-09-15,0,773561
CAND-02731,2024-08-16,2024-10-15,0,691371
CAND-02731,2024-08-16,2024-11-14,0,645709
CAND-02731,2024-08-16,2024-12-14,0,587001
CAND-02732,2024-10-01,2024-10-31,0,748105
CAND-02732,2024-10-01,2024-11-30,0,686962
CAND-02732,2024-10-01,2024-12-30,0,625819
CAND-02733,2024-04-14,2024-05-14,0,168931
CAND-02733,2024-04-14,2024-06-13,30,165770
CAND-02733,2024-04-14,2024-07-13,0,155170
CAND-02733,2024-04-14,2024-08-12,0,143908
CAND-02734,2024-02-18,2024-03-19,0,1251648
CAND-02734,2024-02-18,2024-04-18,0,1176763
CAND-02734,2024-02-18,2024-05-18,0,1073077
CAND-02735,2024-04-21,2024-05-21,0,1196925
CAND-02735,2024-04-21,2024-06-20,0,1094624
CAND-02735,2024-04-21,2024-07-20,0,1005963
CAND-02735,2024-04-21,2024-08-19,0,910969
CAND-02736,2024-05-14,2024-06-13,0,243682
CAND-02736,2024-05-14,2024-07-13,0,226354
CAND-02736,2024-05-14,2024-08-12,0,207788
CAND-02736,2024-05-14,2024-09-11,0,186127
CAND-02736,2024-05-14,2024-10-11,0,167561
CAND-02736,2024-05-14,2024-11-10,0,143931
CAND-02737,2024-06-05,2024-07-05,0,306028
CAND-02737,2024-06-05,2024-08-04,0,275889
CAND-02737,2024-06-05,2024-09-03,0,257470
CAND-02738,2024-06-30,2024-07-30,0,338906
CAND-02738,2024-06-30,2024-08-29,0,309939
CAND-02738,2024-06-30,2024-09-28,0,286404
CAND-02740,2024-08-02,2024-09-01,0,466042
CAND-02740,2024-08-02,2024-10-01,0,435582
CAND-02740,2024-08-02,2024-10-31,0,401061
CAND-02740,2024-08-02,2024-11-30,0,353986
CAND-02740,2024-08-02,2024-12-30,0,314153
CAND-02740,2024-08-02,2025-01-29,30,302110
CAND-02741,2024-03-31,2024-04-30,0,632212
CAND-02741,2024-03-31,2024-05-30,0,576016
CAND-02741,2024-03-31,2024-06-29,0,514710
CAND-02741,2024-03-31,2024-07-29,0,462837
CAND-02742,2024-03-02,2024-04-01,0,751487
CAND-02742,2024-03-02,2024-05-01,0,706259
CAND-02742,2024-03-02,2024-05-31,0,632249
CAND-02743,2024-01-21,2024-02-20,0,429046
CAND-02743,2024-01-21,2024-03-21,0,398760
CAND-02743,2024-01-21,2024-04-20,0,363815
CAND-02743,2024-01-21,2024-05-20,0,322517
CAND-02743,2024-01-21,2024-06-19,0,281218
CAND-02743,2024-01-21,2024-07-19,0,254496
CAND-02744,2024-01-31,2024-03-01,0,425188
CAND-02744,2024-01-31,2024-03-31,0,396953
CAND-02744,2024-01-31,2024-04-30,0,359306
CAND-02744,2024-01-31,2024-05-30,0,321659
CAND-02744,2024-01-31,2024-06-29,0,280590
CAND-02745,2024-06-19,2024-07-19,0,284511
CAND-02745,2024-06-19,2024-08-18,0,258647
CAND-02745,2024-06-19,2024-09-17,0,230431
CAND-02745,2024-06-19,2024-10-17,0,202215
CAND-02745,2024-06-19,2024-11-16,0,183957
CAND-02745,2024-06-19,2024-12-16,0,163266
CAND-02746,2024-09-23,2024-10-23,0,542302
CAND-02746,2024-09-23,2024-11-22,0,506149
CAND-02746,2024-09-23,2024-12-22,0,457944
CAND-02746,2024-09-23,2025-01-21,0,405357
CAND-02746,2024-09-23,2025-02-20,0,357153
CAND-02746,2024-09-23,2025-03-22,0,323126
CAND-02747,2024-08-21,2024-09-20,0,691675
CAND-02747,2024-08-21,2024-10-20,0,638153
CAND-02747,2024-08-21,2024-11-19,0,594076
CAND-02747,2024-08-21,2024-12-19,0,549998
CAND-02747,2024-08-21,2025-01-18,0,505921
CAND-02748,2024-01-14,2024-02-13,0,575379
CAND-02748,2024-01-14,2024-03-14,0,524006
CAND-02748,2024-01-14,2024-04-13,0,476585
CAND-02748,2024-01-14,2024-05-13,0,438055
CAND-02749,2024-10-16,2024-11-15,0,752089
CAND-02749,2024-10-16,2024-12-15,0,670613
CAND-02749,2024-10-16,2025-01-14,0,616295
CAND-02750,2024-09-17,2024-10-17,0,632091
CAND-02750,2024-09-17,2024-11-16,0,585738
CAND-02750,2024-09-17,2024-12-16,0,539384
CAND-02750,2024-09-17,2025-01-15,0,495928
CAND-02750,2024-09-17,2025-02-14,0,455028
CAND-02751,2024-03-20,2024-04-19,0,471203
CAND-02751,2024-03-20,2024-05-19,0,429482
CAND-02751,2024-03-20,2024-06-18,0,393721
CAND-02751,2024-03-20,2024-07-18,0,365907
CAND-02752,2024-02-13,2024-03-14,0,312503
CAND-02752,2024-02-13,2024-04-13,0,284725
CAND-02752,2024-02-13,2024-05-13,0,251392
CAND-02753,2024-02-07,2024-03-08,0,223507
CAND-02753,2024-02-07,2024-04-07,0,203019
CAND-02753,2024-02-07,2024-05-07,0,188557
CAND-02753,2024-02-07,2024-06-06,0,173191
CAND-02754,2024-05-08,2024-06-07,0,743134
CAND-02754,2024-05-08,2024-07-07,0,689463
CAND-02754,2024-05-08,2024-08-06,0,642107
CAND-02754,2024-05-08,2024-09-05,0,594750
CAND-02754,2024-05-08,2024-10-05,0,521563
CAND-02755,2024-05-28,2024-06-27,0,502095
CAND-02755,2024-05-28,2024-07-27,0,448299
CAND-02755,2024-05-28,2024-08-26,0,409874
CAND-02755,2024-05-28,2024-09-25,0,360968
CAND-02756,2024-09-09,2024-10-09,0,324067
CAND-02756,2024-09-09,2024-11-08,0,292874
CAND-02756,2024-09-09,2024-12-08,0,271428
CAND-02756,2024-09-09,2025-01-07,0,245033
CAND-02756,2024-09-09,2025-02-06,0,213840
CAND-02756,2024-09-09,2025-03-08,0,190964
CAND-02757,2024-06-10,2024-07-10,0,460642
CAND-02757,2024-06-10,2024-08-09,0,432491
CAND-02757,2024-06-10,2024-09-08,0,381821
CAND-02758,2024-02-15,2024-03-16,0,1133684
CAND-02758,2024-02-15,2024-04-15,0,1066996
CAND-02758,2024-02-15,2024-05-15,30,1036987
CAND-02758,2024-02-15,2024-06-14,60,1004545
CAND-02758,2024-02-15,2024-07-14,90,971201
CAND-02758,2024-02-15,2024-08-13,91,931189
CAND-02759,2024-08-18,2024-09-17,30,1328047
CAND-02759,2024-08-18,2024-10-17,0,1230024
CAND-02759,2024-08-18,2024-11-16,0,1105268
CAND-02760,2024-07-10,2024-08-09,0,437846
CAND-02760,2024-07-10,2024-09-08,0,410480
CAND-02760,2024-07-10,2024-10-08,30,397189
CAND-02761,2024-04-07,2024-05-07,0,679868
CAND-02761,2024-04-07,2024-06-06,0,614199
CAND-02761,2024-04-07,2024-07-06,0,569052
CAND-02761,2024-04-07,2024-08-05,0,496816
CAND-02761,2024-04-07,2024-09-04,0,431147
CAND-02762,2024-08-20,2024-09-19,0,1837885
CAND-02762,2024-08-20,2024-10-19,0,1710254
CAND-02762,2024-08-20,2024-11-18,0,1582623
CAND-02762,2024-08-20,2024-12-18,0,1425539
CAND-02763,2024-08-11,2024-09-10,0,375664
CAND-02763,2024-08-11,2024-10-10,0,342122
CAND-02763,2024-08-11,2024-11-09,0,318446
CAND-02763,2024-08-11,2024-12-09,0,287485
CAND-02763,2024-08-11,2025-01-08,0,247235
CAND-02764,2024-04-06,2024-05-06,0,672345
CAND-02764,2024-04-06,2024-06-05,0,627852
CAND-02764,2024-04-06,2024-07-05,0,577002
CAND-02764,2024-04-06,2024-08-04,0,532509
CAND-02764,2024-04-06,2024-09-03,0,490633
CAND-02764,2024-04-06,2024-10-03,0,425915
CAND-02765,2024-01-30,2024-02-29,30,408657
CAND-02765,2024-01-30,2024-03-30,60,400753
CAND-02765,2024-01-30,2024-04-29,30,390281
CAND-02765,2024-01-30,2024-05-29,60,382068
CAND-02765,2024-01-30,2024-06-28,90,372962
CAND-02765,2024-01-30,2024-07-28,60,359873
CAND-02766,2024-02-11,2024-03-12,0,549978
CAND-02766,2024-02-11,2024-04-11,0,494980
CAND-02766,2024-02-11,2024-05-11,0,439983
CAND-02766,2024-02-11,2024-06-10,0,404396
CAND-02766,2024-02-11,2024-07-10,0,349398
CAND-02767,2024-01-13,2024-02-12,0,493089
CAND-02767,2024-01-13,2024-03-13,0,456564
CAND-02767,2024-01-13,2024-04-12,0,417430
CAND-02767,2024-01-13,2024-05-12,0,383188
CAND-02767,2024-01-13,2024-06-11,0,328400
CAND-02767,2024-01-13,2024-07-11,0,296172
CAND-02768,2024-02-13,2024-03-14,0,625015
CAND-02768,2024-02-13,2024-04-13,30,605551
CAND-02768,2024-02-13,2024-05-13,0,568786
CAND-02768,2024-02-13,2024-06-12,0,517879
CAND-02768,2024-02-13,2024-07-12,0,457717
CAND-02768,2024-02-13,2024-08-11,0,418789
CAND-02769,2024-09-06,2024-10-06,0,479108
CAND-02769,2024-09-06,2024-11-05,0,427775
CAND-02769,2024-09-06,2024-12-05,0,395692
CAND-02769,2024-09-06,2025-01-04,0,352914
CAND-02769,2024-09-06,2025-02-03,0,306248
CAND-02769,2024-09-06,2025-03-05,0,272026
CAND-02770,2024-03-21,2024-04-20,0,305962
CAND-02770,2024-03-21,2024-05-20,0,278644
CAND-02770,2024-03-21,2024-06-19,0,260432
CAND-02770,2024-03-21,2024-07-19,0,241148
CAND-02770,2024-03-21,2024-08-18,0,211347
CAND-02770,2024-03-21,2024-09-17,0,192064
CAND-02771,2024-04-17,2024-05-17,0,543081
CAND-02771,2024-04-17,2024-06-16,30,531367
CAND-02771,2024-04-17,2024-07-16,60,517144
CAND-02771,2024-04-17,2024-08-15,90,501826
CAND-02771,2024-04-17,2024-09-14,109,490965
CAND-02772,2024-05-08,2024-06-07,0,671188
CAND-02772,2024-05-08,2024-07-07,30,650849
CAND-02772,2024-05-08,2024-08-06,0,610171
CAND-02772,2024-05-08,2024-09-05,0,549154
CAND-02772,2024-05-08,2024-10-05,0,503391
CAND-02772,2024-05-08,2024-11-04,0,457628
CAND-02773,2024-10-11,2024-11-10,0,295175
CAND-02773,2024-10-11,2024-12-10,0,270847
CAND-02773,2024-10-11,2025-01-09,0,242097
CAND-02774,2024-01-25,2024-02-24,0,1151844
CAND-02774,2024-01-25,2024-03-25,0,1077929
CAND-02774,2024-01-25,2024-04-24,0,952273
CAND-02774,2024-01-25,2024-05-24,0,882464
CAND-02774,2024-01-25,2024-06-23,0,803930
CAND-02775,2024-07-18,2024-08-17,0,965457
CAND-02775,2024-07-18,2024-09-16,0,907989
CAND-02775,2024-07-18,2024-10-16,0,843338
CAND-02776,2024-07-09,2024-08-08,0,302336
CAND-02776,2024-07-09,2024-09-07,0,276965
CAND-02776,2024-07-09,2024-10-07,0,258642
CAND-02776,2024-07-09,2024-11-06,0,238028
CAND-02776,2024-07-09,2024-12-06,0,205046
CAND-02777,2024-03-27,2024-04-26,30,1101032
CAND-02777,2024-03-27,2024-05-26,60,1074857
CAND-02777,2024-03-27,2024-06-25,30,1055112
CAND-02777,2024-03-27,2024-07-25,60,1017595
CAND-02778,2024-09-28,2024-10-28,0,1121623
CAND-02778,2024-09-28,2024-11-27,0,1020366
CAND-02778,2024-09-28,2024-12-27,30,999048
CAND-02778,2024-09-28,2025-01-26,60,978098
CAND-02778,2024-09-28,2025-02-25,90,956400
CAND-02778,2024-09-28,2025-03-27,117,934702
CAND-02779,2024-09-10,2024-10-10,0,2069437
CAND-02779,2024-09-10,2024-11-09,0,1922852
CAND-02779,2024-09-10,2024-12-09,30,1882134
CAND-02780,2024-03-09,2024-04-08,0,306278
CAND-02780,2024-03-09,2024-05-08,0,285860
CAND-02780,2024-03-09,2024-06-07,0,253190
CAND-02780,2024-03-09,2024-07-07,0,233973
CAND-02780,2024-03-09,2024-08-06,0,212193
CAND-02780,2024-03-09,2024-09-05,0,192975
CAND-02781,2024-07-04,2024-08-03,0,551332
CAND-02781,2024-07-04,2024-09-02,0,502106
CAND-02781,2024-07-04,2024-10-02,0,467358
CAND-02781,2024-07-04,2024-11-01,0,408287
CAND-02782,2024-03-16,2024-04-15,0,561499
CAND-02782,2024-03-16,2024-05-15,0,523481
CAND-02782,2024-03-16,2024-06-14,0,476690
CAND-02782,2024-03-16,2024-07-14,0,436137
CAND-02782,2024-03-16,2024-08-13,0,385446
CAND-02783,2024-04-14,2024-05-14,0,701160
CAND-02783,2024-04-14,2024-06-13,0,650167
CAND-02783,2024-04-14,2024-07-13,30,634556
CAND-02783,2024-04-14,2024-08-12,60,616345
CAND-02783,2024-04-14,2024-09-11,90,598960
CAND-02784,2024-10-05,2024-11-04,0,611028
CAND-02784,2024-10-05,2024-12-04,0,546331
CAND-02784,2024-10-05,2025-01-03,0,508274
CAND-02784,2024-10-05,2025-02-02,0,458507
CAND-02785,2024-06-18,2024-07-18,0,1063389
CAND-02785,2024-06-18,2024-08-17,0,969560
CAND-02785,2024-06-18,2024-09-16,0,907008
CAND-02785,2024-06-18,2024-10-16,0,844456
CAND-02785,2024-06-18,2024-11-15,0,750627
CAND-02785,2024-06-18,2024-12-15,0,684396
CAND-02786,2024-09-10,2024-10-10,0,474736
CAND-02786,2024-09-10,2024-11-09,30,461549
CAND-02786,2024-09-10,2024-12-09,60,450120
CAND-02787,2024-02-05,2024-03-06,0,1131297
CAND-02787,2024-02-05,2024-04-05,0,1038473
CAND-02787,2024-02-05,2024-05-05,0,928771
CAND-02788,2024-09-25,2024-10-25,30,458974
CAND-02788,2024-09-25,2024-11-24,0,412211
CAND-02788,2024-09-25,2024-12-24,0,369699
CAND-02788,2024-09-25,2025-01-23,0,336296
CAND-02788,2024-09-25,2025-02-22,0,307069
CAND-02789,2024-09-02,2024-10-02,0,637018
CAND-02789,2024-09-02,2024-11-01,0,586967
CAND-02789,2024-09-02,2024-12-01,30,571041
CAND-02790,2024-04-03,2024-05-03,30,1751156
CAND-02790,2024-04-03,2024-06-02,0,1602186
CAND-02790,2024-04-03,2024-07-02,30,1561558
CAND-02790,2024-04-03,2024-08-01,60,1510482
CAND-02790,2024-04-03,2024-08-31,90,1463439
CAND-02791,2024-02-14,2024-03-15,0,680781
CAND-02791,2024-02-14,2024-04-14,0,627291
CAND-02791,2024-02-14,2024-05-14,0,573801
CAND-02791,2024-02-14,2024-06-13,0,523877
CAND-02791,2024-02-14,2024-07-13,0,482274
CAND-02792,2024-05-23,2024-06-22,0,320710
CAND-02792,2024-05-23,2024-07-22,0,285075
CAND-02792,2024-05-23,2024-08-21,0,257664
CAND-02792,2024-05-23,2024-09-20,0,236703
CAND-02793,2024-02-05,2024-03-06,0,268483
CAND-02793,2024-02-05,2024-04-05,30,263301
CAND-02793,2024-02-05,2024-05-05,0,242206
CAND-02793,2024-02-05,2024-06-04,30,235175
CAND-02793,2024-02-05,2024-07-04,60,229148
CAND-02794,2024-01-25,2024-02-24,30,638553
CAND-02794,2024-01-25,2024-03-25,60,618731
CAND-02794,2024-01-25,2024-04-24,90,606837
CAND-02794,2024-01-25,2024-05-24,116,590065
CAND-02794,2024-01-25,2024-06-23,116,577951
CAND-02794,2024-01-25,2024-07-23,116,561179
CAND-02795,2024-05-20,2024-06-19,0,412934
CAND-02795,2024-05-20,2024-07-19,0,384258
CAND-02795,2024-05-20,2024-08-18,0,348965
CAND-02795,2024-05-20,2024-09-17,0,307254
CAND-02795,2024-05-20,2024-10-17,0,276667
CAND-02796,2024-09-14,2024-10-14,0,276705
CAND-02796,2024-09-14,2024-11-13,0,247058
CAND-02796,2024-09-14,2024-12-13,0,230588
CAND-02796,2024-09-14,2025-01-12,0,213148
CAND-02797,2024-08-18,2024-09-17,0,452211
CAND-02797,2024-08-18,2024-10-17,0,415106
CAND-02797,2024-08-18,2024-11-16,0,378002
CAND-02797,2024-08-18,2024-12-16,0,340897
CAND-02797,2024-08-18,2025-01-15,0,300701
CAND-02798,2024-07-24,2024-08-23,0,1175116
CAND-02798,2024-07-24,2024-09-22,0,1093511
CAND-02798,2024-07-24,2024-10-22,0,984704
CAND-02798,2024-07-24,2024-11-21,0,891441
CAND-02799,2024-06-19,2024-07-19,0,1018822
CAND-02799,2024-06-19,2024-08-18,0,955931
CAND-02799,2024-06-19,2024-09-17,0,889342
CAND-02799,2024-06-19,2024-10-17,0,795006
CAND-02799,2024-06-19,2024-11-16,0,732116
CAND-02800,2024-07-26,2024-08-25,30,441180
CAND-02800,2024-07-26,2024-09-24,60,427010
CAND-02800,2024-07-26,2024-10-24,30,418290
CAND-02801,2024-08-28,2024-09-27,0,499883
CAND-02801,2024-08-28,2024-10-27,0,458684
CAND-02801,2024-08-28,2024-11-26,0,422978
CAND-02801,2024-08-28,2024-12-26,30,411582
CAND-02801,2024-08-28,2025-01-25,0,370383
CAND-02802,2024-03-27,2024-04-26,0,196239
CAND-02802,2024-03-27,2024-05-26,0,175307
CAND-02802,2024-03-27,2024-06-25,0,163678
CAND-02802,2024-03-27,2024-07-25,0,152049
CAND-02803,2024-02-15,2024-03-16,0,818139
CAND-02803,2024-02-15,2024-04-15,30,799149
CAND-02803,2024-02-15,2024-05-15,60,782621
CAND-02804,2024-07-07,2024-08-06,0,1145913
CAND-02804,2024-07-07,2024-09-05,0,1030164
CAND-02804,2024-07-07,2024-10-05,0,945282
CAND-02805,2024-09-05,2024-10-05,0,262350
CAND-02805,2024-09-05,2024-11-04,0,236115
CAND-02805,2024-09-05,2024-12-04,0,212066
CAND-02805,2024-09-05,2025-01-03,30,205355
CAND-02805,2024-09-05,2025-02-02,0,189322
CAND-02806,2024-08-09,2024-09-08,0,736925
CAND-02806,2024-08-09,2024-10-08,0,684018
CAND-02806,2024-08-09,2024-11-07,0,622971
CAND-02807,2024-02-04,2024-03-05,0,2021758
CAND-02807,2024-02-04,2024-04-04,0,1866238
CAND-02807,2024-02-04,2024-05-04,0,1738163
CAND-02807,2024-02-04,2024-06-03,0,1570680
CAND-02807,2024-02-04,2024-07-03,0,1425528
CAND-02808,2024-02-01,2024-03-02,0,1456271
CAND-02808,2024-02-01,2024-04-01,0,1327776
CAND-02808,2024-02-01,2024-05-01,0,1187601
CAND-02809,2024-09-04,2024-10-04,0,216640
CAND-02809,2024-09-04,2024-11-03,0,201295
CAND-02809,2024-09-04,2024-12-03,0,183589
CAND-02809,2024-09-04,2025-01-02,0,168243
CAND-02810,2024-02-11,2024-03-12,0,351523
CAND-02810,2024-02-11,2024-04-11,0,322552
CAND-02810,2024-02-11,2024-05-11,0,301628
CAND-02810,2024-02-11,2024-06-10,0,278088
CAND-02811,2024-08-03,2024-09-02,0,1735063
CAND-02811,2024-08-03,2024-10-02,0,1603384
CAND-02811,2024-08-03,2024-11-01,0,1461576
CAND-02812,2024-03-25,2024-04-24,0,781212
CAND-02812,2024-03-25,2024-05-24,0,731976
CAND-02812,2024-03-25,2024-06-23,0,667590
CAND-02812,2024-03-25,2024-07-23,0,597839
CAND-02812,2024-03-25,2024-08-22,30,580402
CAND-02812,2024-03-25,2024-09-21,60,564609
CAND-02813,2024-05-29,2024-06-28,0,795352
CAND-02813,2024-05-29,2024-07-28,0,721708
CAND-02813,2024-05-29,2024-08-27,0,662793
CAND-02813,2024-05-29,2024-09-26,30,642241
CAND-02814,2024-08-25,2024-09-24,0,626507
CAND-02814,2024-08-25,2024-10-24,0,564806
CAND-02814,2024-08-25,2024-11-23,0,527099
CAND-02814,2024-08-25,2024-12-23,0,481851
CAND-02815,2024-01-12,2024-02-11,0,409132
CAND-02815,2024-01-12,2024-03-12,0,364500
CAND-02815,2024-01-12,2024-04-11,0,323924
CAND-02816,2024-10-01,2024-10-31,0,304389
CAND-02816,2024-10-01,2024-11-30,0,278846
CAND-02816,2024-10-01,2024-12-30,0,253303
CAND-02816,2024-10-01,2025-01-29,0,227760
CAND-02816,2024-10-01,2025-02-28,0,209312
CAND-02817,2024-07-26,2024-08-25,0,199865
CAND-02817,2024-07-26,2024-09-24,0,177879
CAND-02817,2024-07-26,2024-10-24,0,157893
CAND-02817,2024-07-26,2024-11-23,0,144961
CAND-02817,2024-07-26,2024-12-23,0,132747
CAND-02818,2024-02-10,2024-03-11,0,664256
CAND-02818,2024-02-10,2024-04-10,0,610154
CAND-02818,2024-02-10,2024-05-10,0,546215
CAND-02818,2024-02-10,2024-06-09,0,487604
CAND-02818,2024-02-10,2024-07-09,0,433502
CAND-02818,2024-02-10,2024-08-08,0,389543
CAND-02819,2024-07-02,2024-08-01,0,412795
CAND-02819,2024-07-02,2024-08-31,0,375938
CAND-02819,2024-07-02,2024-09-30,0,348296
CAND-02819,2024-07-02,2024-10-30,0,323724
CAND-02819,2024-07-02,2024-11-29,0,299153
CAND-02820,2024-08-05,2024-09-04,0,618806
CAND-02820,2024-08-05,2024-10-04,0,574379
CAND-02820,2024-08-05,2024-11-03,0,535178
CAND-02820,2024-08-05,2024-12-03,0,487578
CAND-02820,2024-08-05,2025-01-02,30,470041
CAND-02821,2024-02-15,2024-03-16,0,897254
CAND-02821,2024-02-15,2024-04-15,0,827338
CAND-02821,2024-02-15,2024-05-15,30,808515
CAND-02821,2024-02-15,2024-06-14,60,781325
CAND-02822,2024-05-06,2024-06-05,0,411698
CAND-02822,2024-05-06,2024-07-05,0,374751
CAND-02822,2024-05-06,2024-08-04,0,348670
CAND-02822,2024-05-06,2024-09-03,0,317001
CAND-02822,2024-05-06,2024-10-03,0,289291
CAND-02822,2024-05-06,2024-11-02,30,281373
CAND-02823,2024-07-29,2024-08-28,0,1746968
CAND-02823,2024-07-29,2024-09-27,30,1686916
CAND-02823,2024-07-29,2024-10-27,0,1549654
CAND-02824,2024-03-24,2024-04-23,0,225942
CAND-02824,2024-03-24,2024-05-23,0,212248
CAND-02824,2024-03-24,2024-06-22,0,191708
CAND-02824,2024-03-24,2024-07-22,0,171168
CAND-02825,2024-01-04,2024-02-03,0,425501
CAND-02825,2024-01-04,2024-03-04,0,383303
CAND-02825,2024-01-04,2024-04-03,0,357515
CAND-02825,2024-01-04,2024-05-03,0,326569
CAND-02825,2024-01-04,2024-06-02,0,295624
CAND-02825,2024-01-04,2024-07-02,0,262468
CAND-02826,2024-06-12,2024-07-12,0,414914
CAND-02826,2024-06-12,2024-08-11,0,382584
CAND-02826,2024-06-12,2024-09-10,0,337320
CAND-02826,2024-06-12,2024-10-10,0,307144
CAND-02826,2024-06-12,2024-11-09,30,297907
CAND-02826,2024-06-12,2024-12-09,0,271282
CAND-02827,2024-08-01,2024-08-31,0,272480
CAND-02827,2024-08-01,2024-09-30,0,249774
CAND-02827,2024-08-01,2024-10-30,0,222938
CAND-02827,2024-08-01,2024-11-29,0,200232
CAND-02828,2024-02-24,2024-03-25,0,740969
CAND-02828,2024-02-24,2024-04-24,0,666124
CAND-02828,2024-02-24,2024-05-24,0,583794
CAND-02828,2024-02-24,2024-06-23,0,538055
CAND-02829,2024-08-08,2024-09-07,0,679149
CAND-02829,2024-08-08,2024-10-07,0,626907
CAND-02829,2024-08-08,2024-11-06,0,581195
CAND-02829,2024-08-08,2024-12-06,0,540562
CAND-02829,2024-08-08,2025-01-05,0,499929
CAND-02830,2024-07-19,2024-08-18,0,1147103
CAND-02830,2024-07-19,2024-09-17,0,1056063
CAND-02830,2024-07-19,2024-10-17,0,958020
CAND-02830,2024-07-19,2024-11-16,0,851807
CAND-02830,2024-07-19,2024-12-16,0,776833
CAND-02830,2024-07-19,2025-01-15,0,670620
CAND-02831,2024-02-10,2024-03-11,0,221977
CAND-02831,2024-02-10,2024-04-10,0,203479
CAND-02831,2024-02-10,2024-05-10,0,179431
CAND-02831,2024-02-10,2024-06-09,0,166072
CAND-02831,2024-02-10,2024-07-09,0,151926
CAND-02832,2024-04-19,2024-05-19,0,561041
CAND-02832,2024-04-19,2024-06-18,0,501197
CAND-02832,2024-04-19,2024-07-18,0,463794
CAND-02833,2024-08-05,2024-09-04,0,583964
CAND-02833,2024-08-05,2024-10-04,0,549613
CAND-02833,2024-08-05,2024-11-03,0,498087
CAND-02834,2024-10-01,2024-10-31,0,495273
CAND-02834,2024-10-01,2024-11-30,0,454794
CAND-02834,2024-10-01,2024-12-30,0,417207
CAND-02835,2024-05-08,2024-06-07,0,625085
CAND-02835,2024-05-08,2024-07-07,30,613335
CAND-02835,2024-05-08,2024-08-06,0,552450
CAND-02835,2024-05-08,2024-09-05,0,491566
CAND-02836,2024-01-20,2024-02-19,0,572741
CAND-02836,2024-01-20,2024-03-20,0,536459
CAND-02836,2024-01-20,2024-04-19,0,485059
CAND-02838,2024-10-16,2024-11-15,0,347881
CAND-02838,2024-10-16,2024-12-15,30,340302
CAND-02838,2024-10-16,2025-01-14,0,301648
CAND-02838,2024-10-16,2025-02-13,30,290911
CAND-02838,2024-10-16,2025-03-15,0,255772
CAND-02839,2024-08-23,2024-09-22,30,540709
CAND-02839,2024-08-23,2024-10-22,0,485487
CAND-02839,2024-08-23,2024-11-21,0,439470
CAND-02840,2024-05-28,2024-06-27,0,1889184
CAND-02840,2024-05-28,2024-07-27,0,1769507
CAND-02840,2024-05-28,2024-08-26,0,1649830
CAND-02840,2024-05-28,2024-09-25,0,1504509
CAND-02841,2024-09-03,2024-10-03,0,620260
CAND-02841,2024-09-03,2024-11-02,30,608698
CAND-02841,2024-09-03,2024-12-02,0,542795
CAND-02841,2024-09-03,2025-01-01,30,527104
CAND-02841,2024-09-03,2025-01-31,0,490492
CAND-02842,2024-03-01,2024-03-31,0,419064
CAND-02842,2024-03-01,2024-04-30,0,378586
CAND-02842,2024-03-01,2024-05-30,30,370909
CAND-02842,2024-03-01,2024-06-29,0,341225
CAND-02843,2024-05-16,2024-06-15,30,475640
CAND-02843,2024-05-16,2024-07-15,60,467229
CAND-02843,2024-05-16,2024-08-14,90,457472
CAND-02843,2024-05-16,2024-09-13,119,442690
CAND-02844,2024-08-24,2024-09-23,30,315316
CAND-02844,2024-08-24,2024-10-23,0,296327
CAND-02844,2024-08-24,2024-11-22,0,276150
CAND-02844,2024-08-24,2024-12-22,0,249248
CAND-02845,2024-05-24,2024-06-23,0,468006
CAND-02845,2024-05-24,2024-07-23,0,435831
CAND-02845,2024-05-24,2024-08-22,0,389030
CAND-02845,2024-05-24,2024-09-21,0,342230
CAND-02846,2024-05-25,2024-06-24,0,1736591
CAND-02846,2024-05-25,2024-07-24,30,1693829
CAND-02846,2024-05-25,2024-08-23,0,1509955
CAND-02847,2024-05-13,2024-06-12,0,1304364
CAND-02847,2024-05-13,2024-07-12,0,1225311
CAND-02847,2024-05-13,2024-08-11,0,1115854
CAND-02847,2024-05-13,2024-09-10,0,986496
CAND-02847,2024-05-13,2024-10-10,0,857137
CAND-02848,2024-08-27,2024-09-26,0,342937
CAND-02848,2024-08-27,2024-10-26,0,317001
CAND-02848,2024-08-27,2024-11-25,0,295641
CAND-02848,2024-08-27,2024-12-25,0,274282
CAND-02849,2024-01-18,2024-02-17,0,702037
CAND-02849,2024-01-18,2024-03-18,0,632897
CAND-02849,2024-01-18,2024-04-17,0,588159
CAND-02849,2024-01-18,2024-05-17,0,512105
CAND-02849,2024-01-18,2024-06-16,0,467368
CAND-02850,2024-08-01,2024-08-31,0,404673
CAND-02850,2024-08-01,2024-09-30,0,360159
CAND-02850,2024-08-01,2024-10-30,0,325917
CAND-02850,2024-08-01,2024-11-29,30,312825
CAND-02850,2024-08-01,2024-12-29,0,272358
CAND-02851,2024-01-31,2024-03-01,0,432009
CAND-02851,2024-01-31,2024-03-31,0,385485
CAND-02851,2024-01-31,2024-04-30,0,358118
CAND-02851,2024-01-31,2024-05-30,0,311594
CAND-02852,2024-05-14,2024-06-13,0,543176
CAND-02852,2024-05-14,2024-07-13,0,504179
CAND-02852,2024-05-14,2024-08-12,0,469770
CAND-02852,2024-05-14,2024-09-11,30,458300
CAND-02852,2024-05-14,2024-10-11,60,442051
CAND-02853,2024-10-13,2024-11-12,0,632098
CAND-02853,2024-10-13,2024-12-12,30,618929
CAND-02853,2024-10-13,2025-01-11,60,606701
CAND-02854,2024-03-04,2024-04-03,0,238724
CAND-02854,2024-03-04,2024-05-03,0,219213
CAND-02854,2024-03-04,2024-06-02,0,198076
CAND-02854,2024-03-04,2024-07-02,0,183984
CAND-02854,2024-03-04,2024-08-01,0,169064
CAND-02854,2024-03-04,2024-08-31,0,150947
CAND-02855,2024-06-28,2024-07-28,0,690222
CAND-02855,2024-06-28,2024-08-27,30,669306
CAND-02855,2024-06-28,2024-09-26,60,656324
CAND-02856,2024-06-16,2024-07-16,0,498904
CAND-02856,2024-06-16,2024-08-15,30,483759
CAND-02856,2024-06-16,2024-09-14,0,442983
CAND-02856,2024-06-16,2024-10-14,30,428657
CAND-02857,2024-08-28,2024-09-27,0,781736
CAND-02857,2024-08-28,2024-10-27,0,725897
CAND-02857,2024-08-28,2024-11-26,0,656100
CAND-02858,2024-01-17,2024-02-16,0,370472
CAND-02858,2024-01-17,2024-03-17,0,346698
CAND-02858,2024-01-17,2024-04-16,0,321439
CAND-02859,2024-05-25,2024-06-24,0,1184864
CAND-02859,2024-05-25,2024-07-24,0,1083593
CAND-02859,2024-05-25,2024-08-23,0,963910
CAND-02859,2024-05-25,2024-09-22,0,869873
CAND-02860,2024-05-29,2024-06-28,0,326136
CAND-02860,2024-05-29,2024-07-28,30,315095
CAND-02860,2024-05-29,2024-08-27,0,293013
CAND-02860,2024-05-29,2024-09-26,0,265835
CAND-02860,2024-05-29,2024-10-26,0,246206
CAND-02861,2024-04-25,2024-05-25,0,1024664
CAND-02861,2024-04-25,2024-06-24,30,994703
CAND-02861,2024-04-25,2024-07-24,0,913381
CAND-02861,2024-04-25,2024-08-23,0,846409
CAND-02861,2024-04-25,2024-09-22,0,732558
CAND-02861,2024-04-25,2024-10-22,0,669307
CAND-02862,2024-05-25,2024-06-24,0,406065
CAND-02862,2024-05-25,2024-07-24,0,375248
CAND-02862,2024-05-25,2024-08-23,30,367403
CAND-02862,2024-05-25,2024-09-22,0,340438
CAND-02862,2024-05-25,2024-10-22,0,316469
CAND-02863,2024-02-28,2024-03-29,0,430377
CAND-02863,2024-02-28,2024-04-28,0,383427
CAND-02863,2024-02-28,2024-05-28,0,344301
CAND-02863,2024-02-28,2024-06-27,0,305176
CAND-02864,2024-08-06,2024-09-05,0,1120424
CAND-02864,2024-08-06,2024-10-05,0,1054029
CAND-02864,2024-08-06,2024-11-04,0,974354
CAND-02865,2024-07-31,2024-08-30,0,1116676
CAND-02865,2024-07-31,2024-09-29,0,1009189
CAND-02865,2024-07-31,2024-10-29,0,901701
CAND-02865,2024-07-31,2024-11-28,0,832150
CAND-02865,2024-07-31,2024-12-28,0,753326
CAND-02865,2024-07-31,2025-01-27,0,668872
CAND-02866,2024-03-23,2024-04-22,0,950047
CAND-02866,2024-03-23,2024-05-22,0,862960
CAND-02866,2024-03-23,2024-06-21,0,801486
CAND-02866,2024-03-23,2024-07-21,0,731816
CAND-02866,2024-03-23,2024-08-20,0,644728
CAND-02866,2024-03-23,2024-09-19,0,575058
CAND-02867,2024-07-15,2024-08-14,0,827392
CAND-02867,2024-07-15,2024-09-13,0,739137
CAND-02867,2024-07-15,2024-10-13,0,665591
CAND-02867,2024-07-15,2024-11-12,0,616561
CAND-02867,2024-07-15,2024-12-12,0,548672
CAND-02868,2024-06-27,2024-07-27,0,213967
CAND-02868,2024-06-27,2024-08-26,0,200541
CAND-02868,2024-06-27,2024-09-25,0,184239
CAND-02868,2024-06-27,2024-10-25,0,169024
CAND-02869,2024-01-22,2024-02-21,0,431648
CAND-02869,2024-01-22,2024-03-22,0,400953
CAND-02869,2024-01-22,2024-04-21,0,362584
CAND-02869,2024-01-22,2024-05-21,0,333807
CAND-02869,2024-01-22,2024-06-20,0,300920
CAND-02869,2024-01-22,2024-07-20,0,270225
CAND-02870,2024-01-28,2024-02-27,0,568241
CAND-02870,2024-01-28,2024-03-28,0,516152
CAND-02870,2024-01-28,2024-04-27,0,468070
CAND-02871,2024-07-26,2024-08-25,0,698907
CAND-02871,2024-07-26,2024-09-24,30,675081
CAND-02871,2024-07-26,2024-10-24,0,620620
CAND-02871,2024-07-26,2024-11-23,0,544376
CAND-02871,2024-07-26,2024-12-23,0,489916
CAND-02871,2024-07-26,2025-01-22,30,475796
CAND-02872,2024-02-22,2024-03-23,0,495059
CAND-02872,2024-02-22,2024-04-22,30,482535
CAND-02872,2024-02-22,2024-05-22,0,434717
CAND-02872,2024-02-22,2024-06-21,0,390883
CAND-02872,2024-02-22,2024-07-21,0,358008
CAND-02872,2024-02-22,2024-08-20,0,328786
CAND-02873,2024-01-19,2024-02-18,0,391861
CAND-02873,2024-01-19,2024-03-19,30,381241
CAND-02873,2024-01-19,2024-04-18,0,357052
CAND-02873,2024-01-19,2024-05-18,0,320769
CAND-02873,2024-01-19,2024-06-17,0,284486
CAND-02874,2024-07-26,2024-08-25,0,582465
CAND-02874,2024-07-26,2024-09-24,0,520058
CAND-02874,2024-07-26,2024-10-24,30,504057
CAND-02874,2024-07-26,2024-11-23,0,462452
CAND-02874,2024-07-26,2024-12-23,0,423447
CAND-02875,2024-08-15,2024-09-14,0,338099
CAND-02875,2024-08-15,2024-10-14,0,314150
CAND-02875,2024-08-15,2024-11-13,30,307498
CAND-02876,2024-04-30,2024-05-30,0,749676
CAND-02876,2024-04-30,2024-06-29,0,668461
CAND-02876,2024-04-30,2024-07-29,0,620688
CAND-02877,2024-06-15,2024-07-15,30,361329
CAND-02877,2024-06-15,2024-08-14,60,354875
CAND-02877,2024-06-15,2024-09-13,90,347661
CAND-02878,2024-09-08,2024-10-08,0,324856
CAND-02878,2024-09-08,2024-11-07,0,301533
CAND-02878,2024-09-08,2024-12-07,0,269729
CAND-02878,2024-09-08,2025-01-06,0,249150
CAND-02879,2024-08-04,2024-09-03,0,751551
CAND-02879,2024-08-04,2024-10-03,0,691904
CAND-02879,2024-08-04,2024-11-02,0,632257
CAND-02879,2024-08-04,2024-12-02,0,548752
CAND-02880,2024-03-26,2024-04-25,0,298079
CAND-02880,2024-03-26,2024-05-25,0,276882
CAND-02880,2024-03-26,2024-06-24,0,247978
CAND-02880,2024-03-26,2024-07-24,0,229275
CAND-02880,2024-03-26,2024-08-23,0,204817
CAND-02880,2024-03-26,2024-09-22,0,175912
CAND-02881,2024-01-19,2024-02-18,0,378957
CAND-02881,2024-01-19,2024-03-19,0,346892
CAND-02881,2024-01-19,2024-04-18,0,312154
CAND-02881,2024-01-19,2024-05-18,0,280088
CAND-02882,2024-09-21,2024-10-21,0,535525
CAND-02882,2024-09-21,2024-11-20,0,495857
CAND-02882,2024-09-21,2024-12-20,0,458667
CAND-02883,2024-04-26,2024-05-26,30,528910
CAND-02883,2024-04-26,2024-06-25,60,512527
CAND-02883,2024-04-26,2024-07-25,90,503205
CAND-02883,2024-04-26,2024-08-24,102,491941
CAND-02883,2024-04-26,2024-09-23,102,479926
CAND-02883,2024-04-26,2024-10-23,102,464479
CAND-02884,2024-10-06,2024-11-05,0,116490
CAND-02884,2024-10-06,2024-12-05,30,113254
CAND-02884,2024-10-06,2025-01-04,0,104009
CAND-02884,2024-10-06,2025-02-03,0,96395
CAND-02884,2024-10-06,2025-03-05,0,87150
CAND-02884,2024-10-06,2025-04-04,0,76364
CAND-02885,2024-08-17,2024-09-16,0,213334
CAND-02885,2024-08-17,2024-10-16,0,197927
CAND-02885,2024-08-17,2024-11-15,0,185087
CAND-02886,2024-01-28,2024-02-27,0,434411
CAND-02886,2024-01-28,2024-03-28,0,403037
CAND-02886,2024-01-28,2024-04-27,0,369422
CAND-02886,2024-01-28,2024-05-27,0,335807
CAND-02886,2024-01-28,2024-06-26,0,306393
CAND-02886,2024-01-28,2024-07-26,30,294326
CAND-02887,2024-08-31,2024-09-30,30,533756
CAND-02887,2024-08-31,2024-10-30,0,479334
CAND-02887,2024-08-31,2024-11-29,30,465728
CAND-02887,2024-08-31,2024-12-29,0,420377
CAND-02887,2024-08-31,2025-01-28,0,381504
CAND-02887,2024-08-31,2025-02-27,0,351269
CAND-02888,2024-09-21,2024-10-21,0,1339694
CAND-02888,2024-09-21,2024-11-20,0,1207754
CAND-02888,2024-09-21,2024-12-20,0,1127125
CAND-02889,2024-02-21,2024-03-22,0,477405
CAND-02889,2024-02-21,2024-04-21,0,445081
CAND-02889,2024-02-21,2024-05-21,0,410602
CAND-02889,2024-02-21,2024-06-20,0,363584
CAND-02889,2024-02-21,2024-07-20,0,334852
CAND-02889,2024-02-21,2024-08-19,0,302527
CAND-02890,2024-05-20,2024-06-19,0,310459
CAND-02890,2024-05-20,2024-07-19,0,290675
CAND-02890,2024-05-20,2024-08-18,0,266652
CAND-02890,2024-05-20,2024-09-17,0,238624
CAND-02890,2024-05-20,2024-10-17,0,219939
CAND-02891,2024-07-26,2024-08-25,0,346338
CAND-02891,2024-07-26,2024-09-24,0,325494
CAND-02891,2024-07-26,2024-10-24,0,298694
CAND-02891,2024-07-26,2024-11-23,0,261174
CAND-02892,2024-01-26,2024-02-25,30,326440
CAND-02892,2024-01-26,2024-03-26,60,316017
CAND-02892,2024-01-26,2024-04-25,90,309841
CAND-02892,2024-01-26,2024-05-25,60,302892
CAND-02893,2024-06-17,2024-07-17,0,391196
CAND-02893,2024-06-17,2024-08-16,0,356679
CAND-02893,2024-06-17,2024-09-15,0,329065
CAND-02894,2024-09-04,2024-10-04,0,532203
CAND-02894,2024-09-04,2024-11-03,30,518943
CAND-02894,2024-09-04,2024-12-03,0,485400
CAND-02894,2024-09-04,2025-01-02,0,428379
CAND-02895,2024-10-09,2024-11-08,30,3065127
CAND-02895,2024-10-09,2024-12-08,0,2881358
CAND-02895,2024-10-09,2025-01-07,0,2697589
CAND-02895,2024-10-09,2025-02-06,30,2632505
CAND-02895,2024-10-09,2025-03-08,0,2409357
CAND-02896,2024-05-13,2024-06-12,0,436892
CAND-02896,2024-05-13,2024-07-12,0,407766
CAND-02896,2024-05-13,2024-08-11,0,368931
CAND-02896,2024-05-13,2024-09-10,0,326566
CAND-02897,2024-02-05,2024-03-06,0,437852
CAND-02897,2024-02-05,2024-04-05,0,401765
CAND-02897,2024-02-05,2024-05-05,30,392744
CAND-02897,2024-02-05,2024-06-04,0,345831
CAND-02897,2024-02-05,2024-07-04,0,306737
CAND-02897,2024-02-05,2024-08-03,0,259824
CAND-02899,2024-04-30,2024-05-30,0,779710
CAND-02899,2024-04-30,2024-06-29,0,696170
CAND-02899,2024-04-30,2024-07-29,0,640476
CAND-02899,2024-04-30,2024-08-28,0,588264
CAND-02899,2024-04-30,2024-09-27,0,504723
CAND-02899,2024-04-30,2024-10-27,0,445052
CAND-02900,2024-08-25,2024-09-24,0,803754
CAND-02900,2024-08-25,2024-10-24,0,752534
CAND-02900,2024-08-25,2024-11-23,30,734764
CAND-02901,2024-01-10,2024-02-09,0,1130994
CAND-02901,2024-01-10,2024-03-10,0,1028891
CAND-02901,2024-01-10,2024-04-09,0,926787
CAND-02901,2024-01-10,2024-05-09,0,824683
CAND-02901,2024-01-10,2024-06-08,0,722580
CAND-02901,2024-01-10,2024-07-08,0,611194
CAND-02902,2024-06-29,2024-07-29,0,627158
CAND-02902,2024-06-29,2024-08-28,0,586912
CAND-02902,2024-06-29,2024-09-27,0,518495
CAND-02902,2024-06-29,2024-10-27,0,465866
CAND-02903,2024-08-12,2024-09-11,0,953161
CAND-02903,2024-08-12,2024-10-11,0,893794
CAND-02903,2024-08-12,2024-11-10,0,826512
CAND-02903,2024-08-12,2024-12-10,0,734764
CAND-02903,2024-08-12,2025-01-09,0,650662
CAND-02903,2024-08-12,2025-02-08,0,578574
CAND-02904,2024-03-26,2024-04-25,0,863822
CAND-02904,2024-03-26,2024-05-25,0,805334
CAND-02904,2024-03-26,2024-06-24,0,711753
CAND-02904,2024-03-26,2024-07-24,0,644910
CAND-02904,2024-03-26,2024-08-23,0,566926
CAND-02905,2024-04-26,2024-05-26,0,628335
CAND-02905,2024-04-26,2024-06-25,0,580462
CAND-02905,2024-04-26,2024-07-25,0,535780
CAND-02905,2024-04-26,2024-08-24,0,487907
CAND-02905,2024-04-26,2024-09-23,0,450672
CAND-02906,2024-01-28,2024-02-27,0,191299
CAND-02906,2024-01-28,2024-03-28,0,172459
CAND-02906,2024-01-28,2024-04-27,0,155189
CAND-02906,2024-01-28,2024-05-27,0,140386
CAND-02907,2024-06-14,2024-07-14,0,578775
CAND-02907,2024-06-14,2024-08-13,0,514466
CAND-02907,2024-06-14,2024-09-12,0,471594
CAND-02907,2024-06-14,2024-10-12,0,407286
CAND-02907,2024-06-14,2024-11-11,0,357818
CAND-02907,2024-06-14,2024-12-11,0,304228
CAND-02908,2024-07-13,2024-08-12,0,100899
CAND-02908,2024-07-13,2024-09-11,0,93692
CAND-02908,2024-07-13,2024-10-11,0,83864
CAND-02909,2024-02-21,2024-03-22,30,373923
CAND-02909,2024-02-21,2024-04-21,0,349747
CAND-02909,2024-02-21,2024-05-21,0,319992
CAND-02909,2024-02-21,2024-06-20,0,284827
CAND-02909,2024-02-21,2024-07-20,0,255072
CAND-02909,2024-02-21,2024-08-19,0,233582
CAND-02910,2024-03-20,2024-04-19,0,94690
CAND-02910,2024-03-20,2024-05-19,0,84360
CAND-02910,2024-03-20,2024-06-18,0,78621
CAND-02910,2024-03-20,2024-07-18,0,71735
CAND-02911,2024-01-27,2024-02-26,0,1648279
CAND-02911,2024-01-27,2024-03-27,0,1495660
CAND-02911,2024-01-27,2024-04-26,0,1354782
CAND-02911,2024-01-27,2024-05-26,0,1202164
CAND-02911,2024-01-27,2024-06-25,0,1049545
CAND-02912,2024-03-02,2024-04-01,0,1215895
CAND-02912,2024-03-02,2024-05-01,0,1113012
CAND-02912,2024-03-02,2024-05-31,0,1029419
CAND-02912,2024-03-02,2024-06-30,0,907830
CAND-02913,2024-03-06,2024-04-05,0,453353
CAND-02913,2024-03-06,2024-05-05,0,425877
CAND-02913,2024-03-06,2024-06-04,0,396785
CAND-02914,2024-06-01,2024-07-01,0,298093
CAND-02914,2024-06-01,2024-07-31,30,291333
CAND-02914,2024-06-01,2024-08-30,0,272932
CAND-02914,2024-06-01,2024-09-29,0,239811
CAND-02914,2024-06-01,2024-10-29,0,206690
CAND-02914,2024-06-01,2024-11-28,0,185989
CAND-02915,2024-06-29,2024-07-29,0,885607
CAND-02915,2024-06-29,2024-08-28,0,800065
CAND-02915,2024-06-29,2024-09-27,0,732854
CAND-02915,2024-06-29,2024-10-27,0,638758
CAND-02915,2024-06-29,2024-11-26,0,553217
CAND-02916,2024-06-19,2024-07-19,30,1118006
CAND-02916,2024-06-19,2024-08-18,0,1046704
CAND-02916,2024-06-19,2024-09-17,0,942993
CAND-02916,2024-06-19,2024-10-17,0,855238
CAND-02916,2024-06-19,2024-11-16,0,751526
CAND-02916,2024-06-19,2024-12-16,0,680225
CAND-02917,2024-10-24,2024-11-23,0,505314
CAND-02917,2024-10-24,2024-12-23,0,455201
CAND-02917,2024-10-24,2025-01-22,0,405087
CAND-02917,2024-10-24,2025-02-21,0,368337
CAND-02917,2024-10-24,2025-03-23,0,322399
CAND-02918,2024-03-10,2024-04-09,0,1017832
CAND-02918,2024-03-10,2024-05-09,0,927358
CAND-02918,2024-03-10,2024-06-08,0,867042
CAND-02918,2024-03-10,2024-07-08,0,794663
CAND-02918,2024-03-10,2024-08-07,0,726808
CAND-02919,2024-07-27,2024-08-26,0,1295681
CAND-02919,2024-07-27,2024-09-25,0,1176910
CAND-02919,2024-07-27,2024-10-25,0,1075107
CAND-02920,2024-05-03,2024-06-02,0,754831
CAND-02920,2024-05-03,2024-07-02,0,697743
CAND-02920,2024-05-03,2024-08-01,0,640655
CAND-02920,2024-05-03,2024-08-31,0,574052
CAND-02920,2024-05-03,2024-09-30,0,527039
CAND-02920,2024-05-03,2024-10-30,0,477087
CAND-02921,2024-03-29,2024-04-28,0,370188
CAND-02921,2024-03-29,2024-05-28,0,344057
CAND-02921,2024-03-29,2024-06-27,0,321001
CAND-02921,2024-03-29,2024-07-27,0,285367
CAND-02921,2024-03-29,2024-08-26,0,255216
CAND-02921,2024-03-29,2024-09-25,0,229085
CAND-02922,2024-02-17,2024-03-18,0,486303
CAND-02922,2024-02-17,2024-04-17,0,448093
CAND-02922,2024-02-17,2024-05-17,0,409884
CAND-02922,2024-02-17,2024-06-16,0,380165
CAND-02922,2024-02-17,2024-07-16,0,344503
CAND-02922,2024-02-17,2024-08-15,30,335436
CAND-02923,2024-07-10,2024-08-09,0,697950
CAND-02923,2024-07-10,2024-09-08,30,679048
CAND-02923,2024-07-10,2024-10-08,0,616038
CAND-02923,2024-07-10,2024-11-07,0,565631
CAND-02923,2024-07-10,2024-12-07,0,521153
CAND-02924,2024-05-22,2024-06-21,0,654327
CAND-02924,2024-05-22,2024-07-21,0,581624
CAND-02924,2024-05-22,2024-08-20,0,529693
CAND-02925,2024-04-20,2024-05-20,0,459262
CAND-02925,2024-04-20,2024-06-19,0,421410
CAND-02925,2024-04-20,2024-07-19,0,383559
CAND-02925,2024-04-20,2024-08-18,0,356222
CAND-02925,2024-04-20,2024-09-17,0,323418
CAND-02926,2024-03-10,2024-04-09,0,913510
CAND-02926,2024-03-10,2024-05-09,0,813854
CAND-02926,2024-03-10,2024-06-08,0,714198
CAND-02926,2024-03-10,2024-07-08,0,651914
CAND-02926,2024-03-10,2024-08-07,0,568867
CAND-02926,2024-03-10,2024-09-06,30,541933
CAND-02927,2024-01-14,2024-02-13,0,457643
CAND-02927,2024-01-14,2024-03-14,0,425339
CAND-02927,2024-01-14,2024-04-13,30,416984
CAND-02927,2024-01-14,2024-05-13,0,376604
CAND-02927,2024-01-14,2024-06-12,0,349684
CAND-02927,2024-01-14,2024-07-12,0,312410
CAND-02928,2024-03-22,2024-04-21,0,1192687
CAND-02928,2024-03-22,2024-05-21,0,1086670
CAND-02928,2024-03-22,2024-06-20,0,980653
CAND-02929,2024-06-30,2024-07-30,30,722064
CAND-02929,2024-06-30,2024-08-29,60,709548
CAND-02929,2024-06-30,2024-09-28,90,692764
CAND-02929,2024-06-30,2024-10-28,118,678284
CAND-02930,2024-09-05,2024-10-05,0,1455205
CAND-02930,2024-09-05,2024-11-04,0,1366276
CAND-02930,2024-09-05,2024-12-04,30,1329896
CAND-02931,2024-08-16,2024-09-15,0,2406750
CAND-02931,2024-08-16,2024-10-15,0,2249446
CAND-02931,2024-08-16,2024-11-14,0,2058434
CAND-02931,2024-08-16,2024-12-14,0,1901130
CAND-02931,2024-08-16,2025-01-13,0,1658024
CAND-02932,2024-03-14,2024-04-13,0,247710
CAND-02932,2024-03-14,2024-05-13,0,223583
CAND-02932,2024-03-14,2024-06-12,0,208838
CAND-02932,2024-03-14,2024-07-12,0,188422
CAND-02932,2024-03-14,2024-08-11,0,170729
CAND-02932,2024-03-14,2024-09-10,0,153035
CAND-02933,2024-03-01,2024-03-31,0,641909
CAND-02933,2024-03-01,2024-04-30,0,601453
CAND-02933,2024-03-01,2024-05-30,0,538929
CAND-02934,2024-09-29,2024-10-29,0,1137481
CAND-02934,2024-09-29,2024-11-28,0,1053223
CAND-02934,2024-09-29,2024-12-28,0,926837
CAND-02934,2024-09-29,2025-01-27,0,856622
CAND-02935,2024-09-10,2024-10-10,0,319650
CAND-02935,2024-09-10,2024-11-09,0,298007
CAND-02935,2024-09-10,2024-12-09,0,271370
CAND-02935,2024-09-10,2025-01-08,0,252132
CAND-02936,2024-10-01,2024-10-31,0,1233489
CAND-02936,2024-10-01,2024-11-30,0,1135593
CAND-02936,2024-10-01,2024-12-30,0,1010998
CAND-02937,2024-03-25,2024-04-24,0,1327942
CAND-02937,2024-03-25,2024-05-24,0,1239412
CAND-02937,2024-03-25,2024-06-23,0,1121373
CAND-02937,2024-03-25,2024-07-23,0,979726
CAND-02937,2024-03-25,2024-08-22,0,861687
CAND-02937,2024-03-25,2024-09-21,0,767255
CAND-02938,2024-08-08,2024-09-07,30,452839
CAND-02938,2024-08-08,2024-10-07,0,422080
CAND-02938,2024-08-08,2024-11-06,0,391321
CAND-02938,2024-08-08,2024-12-06,0,345183
CAND-02938,2024-08-08,2025-01-05,0,318043
CAND-02938,2024-08-08,2025-02-04,0,292410
CAND-02939,2024-05-17,2024-06-16,0,421010
CAND-02939,2024-05-17,2024-07-16,0,391188
CAND-02939,2024-05-17,2024-08-15,0,363231
CAND-02939,2024-05-17,2024-09-14,0,335273
CAND-02939,2024-05-17,2024-10-14,0,307315
CAND-02939,2024-05-17,2024-11-13,0,282464
CAND-02940,2024-04-08,2024-05-08,0,267735
CAND-02940,2024-04-08,2024-06-07,0,248513
CAND-02940,2024-04-08,2024-07-07,0,219680
CAND-02940,2024-04-08,2024-08-06,0,195652
CAND-02941,2024-04-06,2024-05-06,0,242148
CAND-02941,2024-04-06,2024-06-05,0,225638
CAND-02941,2024-04-06,2024-07-05,0,208028
CAND-02941,2024-04-06,2024-08-04,0,190417
CAND-02942,2024-07-05,2024-08-04,0,1008656
CAND-02942,2024-07-05,2024-09-03,0,947525
CAND-02942,2024-07-05,2024-10-03,0,882799
CAND-02942,2024-07-05,2024-11-02,0,791103
CAND-02942,2024-07-05,2024-12-02,30,765513
CAND-02942,2024-07-05,2025-01-01,60,745864
CAND-02943,2024-09-08,2024-10-08,0,476969
CAND-02943,2024-09-08,2024-11-07,0,423973
CAND-02943,2024-09-08,2024-12-07,30,414159
CAND-02943,2024-09-08,2025-01-06,60,397597
CAND-02944,2024-06-21,2024-07-21,0,195645
CAND-02944,2024-06-21,2024-08-20,0,183090
CAND-02944,2024-06-21,2024-09-19,0,171233
CAND-02944,2024-06-21,2024-10-19,0,159376
CAND-02945,2024-07-20,2024-08-19,0,558170
CAND-02945,2024-07-20,2024-09-18,0,520958
CAND-02945,2024-07-20,2024-10-18,0,485936
CAND-02945,2024-07-20,2024-11-17,0,431810
CAND-02945,2024-07-20,2024-12-17,0,398734
CAND-02945,2024-07-20,2025-01-16,0,339196
CAND-02946,2024-07-16,2024-08-15,30,559044
CAND-02946,2024-07-16,2024-09-14,60,544783
CAND-02946,2024-07-16,2024-10-14,90,534411
CAND-02946,2024-07-16,2024-11-13,105,522769
CAND-02946,2024-07-16,2024-12-13,105,503754
CAND-02946,2024-07-16,2025-01-12,105,488336
CAND-02947,2024-04-21,2024-05-21,0,342681
CAND-02947,2024-04-21,2024-06-20,0,321338
CAND-02947,2024-04-21,2024-07-20,0,298660
CAND-02947,2024-04-21,2024-08-19,0,272743
CAND-02947,2024-04-21,2024-09-18,0,246826
CAND-02947,2024-04-21,2024-10-18,0,226669
CAND-02948,2024-09-28,2024-10-28,0,556656
CAND-02948,2024-09-28,2024-11-27,0,523798
CAND-02948,2024-09-28,2024-12-27,0,486832
CAND-02949,2024-05-03,2024-06-02,0,250015
CAND-02949,2024-05-03,2024-07-02,0,228646
CAND-02949,2024-05-03,2024-08-01,0,213213
CAND-02949,2024-05-03,2024-08-31,0,194693
CAND-02950,2024-05-11,2024-06-10,0,307685
CAND-02950,2024-05-11,2024-07-10,0,277849
CAND-02950,2024-05-11,2024-08-09,0,257336
CAND-02950,2024-05-11,2024-09-08,0,238031
CAND-02950,2024-05-11,2024-10-08,0,217518
CAND-02952,2024-02-22,2024-03-23,0,2230731
CAND-02952,2024-02-22,2024-04-22,0,2072101
CAND-02952,2024-02-22,2024-05-22,0,1932133
CAND-02952,2024-02-22,2024-06-21,30,1862150
CAND-02953,2024-10-01,2024-10-31,0,1542524
CAND-02953,2024-10-01,2024-11-30,0,1421325
CAND-02953,2024-10-01,2024-12-30,0,1308207
CAND-02954,2024-05-13,2024-06-12,0,210734
CAND-02954,2024-05-13,2024-07-12,0,195807
CAND-02954,2024-05-13,2024-08-11,0,178584
CAND-02954,2024-05-13,2024-09-10,0,161360
CAND-02954,2024-05-13,2024-10-10,0,141005
CAND-02954,2024-05-13,2024-11-09,30,136436
CAND-02955,2024-03-04,2024-04-03,30,327168
CAND-02955,2024-03-04,2024-05-03,0,296682
CAND-02955,2024-03-04,2024-06-02,30,290900
CAND-02955,2024-03-04,2024-07-02,0,272269
CAND-02955,2024-03-04,2024-08-01,0,249913
CAND-02956,2024-03-13,2024-04-12,0,202101
CAND-02956,2024-03-13,2024-05-12,0,186634
CAND-02956,2024-03-13,2024-06-11,0,172198
CAND-02956,2024-03-13,2024-07-11,0,154154
CAND-02957,2024-06-22,2024-07-22,0,736840
CAND-02957,2024-06-22,2024-08-21,0,690787
CAND-02957,2024-06-22,2024-09-20,0,647293
CAND-02958,2024-04-12,2024-05-12,0,132036
CAND-02958,2024-04-12,2024-06-11,0,122433
CAND-02958,2024-04-12,2024-07-11,0,113431
CAND-02958,2024-04-12,2024-08-10,0,104428
CAND-02959,2024-09-01,2024-10-01,0,787405
CAND-02959,2024-09-01,2024-10-31,0,729662
CAND-02959,2024-09-01,2024-11-30,0,657484
CAND-02959,2024-09-01,2024-12-30,0,599740
CAND-02959,2024-09-01,2025-01-29,0,513126
CAND-02960,2024-05-01,2024-05-31,0,751702
CAND-02960,2024-05-01,2024-06-30,0,701957
CAND-02960,2024-05-01,2024-07-30,0,622365
CAND-02960,2024-05-01,2024-08-29,0,561141
CAND-02960,2024-05-01,2024-09-28,0,514322
CAND-02961,2024-07-29,2024-08-28,0,193091
CAND-02961,2024-07-29,2024-09-27,0,173782
CAND-02961,2024-07-29,2024-10-27,0,161288
CAND-02961,2024-07-29,2024-11-26,0,148013
CAND-02961,2024-07-29,2024-12-26,0,130313
CAND-02962,2024-07-14,2024-08-13,0,381516
CAND-02962,2024-07-14,2024-09-12,0,351237
CAND-02962,2024-07-14,2024-10-12,0,312700
CAND-02962,2024-07-14,2024-11-11,30,304049
CAND-02962,2024-07-14,2024-12-11,0,277555
CAND-02962,2024-07-14,2025-01-10,30,266957
CAND-02963,2024-07-22,2024-08-21,0,299039
CAND-02963,2024-07-22,2024-09-20,0,277570
CAND-02963,2024-07-22,2024-10-20,0,248293
CAND-02964,2024-03-30,2024-04-29,0,313903
CAND-02964,2024-03-30,2024-05-29,0,289756
CAND-02964,2024-03-30,2024-06-28,0,265610
CAND-02964,2024-03-30,2024-07-28,30,254342
CAND-02964,2024-03-30,2024-08-27,0,228338
CAND-02965,2024-01-31,2024-03-01,30,466601
CAND-02965,2024-01-31,2024-03-31,60,456389
CAND-02965,2024-01-31,2024-04-30,90,446791
CAND-02966,2024-03-28,2024-04-27,0,124418
CAND-02966,2024-03-28,2024-05-27,0,116669
CAND-02966,2024-03-28,2024-06-26,0,105691
CAND-02966,2024-03-28,2024-07-26,0,95557
CAND-02966,2024-03-28,2024-08-25,0,85424
CAND-02967,2024-03-12,2024-04-11,0,2401475
CAND-02967,2024-03-12,2024-05-11,0,2205880
CAND-02967,2024-03-12,2024-06-10,0,1993985
CAND-02967,2024-03-12,2024-07-10,30,1950887
CAND-02967,2024-03-12,2024-08-09,0,1719729
CAND-02967,2024-03-12,2024-09-08,0,1538105
CAND-02968,2024-02-21,2024-03-22,0,190093
CAND-02968,2024-02-21,2024-04-21,0,175545
CAND-02968,2024-02-21,2024-05-21,30,171302
CAND-02969,2024-02-21,2024-03-22,0,359128
CAND-02969,2024-02-21,2024-04-21,0,324440
CAND-02969,2024-02-21,2024-05-21,0,303241
CAND-02969,2024-02-21,2024-06-20,0,273890
CAND-02969,2024-02-21,2024-07-20,0,248451
CAND-02969,2024-02-21,2024-08-19,0,223013
CAND-02970,2024-07-28,2024-08-27,0,263302
CAND-02970,2024-07-28,2024-09-26,0,234579
CAND-02970,2024-07-28,2024-10-26,30,227739
CAND-02971,2024-08-10,2024-09-09,0,350760
CAND-02971,2024-08-10,2024-10-09,0,329325
CAND-02971,2024-08-10,2024-11-08,0,294249
CAND-02971,2024-08-10,2024-12-08,0,266689
CAND-02971,2024-08-10,2025-01-07,0,239129
CAND-02972,2024-04-07,2024-05-07,0,798360
CAND-02972,2024-04-07,2024-06-06,0,725177
CAND-02972,2024-04-07,2024-07-06,0,651994
CAND-02973,2024-09-06,2024-10-06,0,890780
CAND-02973,2024-09-06,2024-11-05,0,830467
CAND-02973,2024-09-06,2024-12-05,0,756235
CAND-02973,2024-09-06,2025-01-04,0,659734
CAND-02973,2024-09-06,2025-02-03,0,585502
CAND-02973,2024-09-06,2025-03-05,0,489001
CAND-02974,2024-06-05,2024-07-05,30,449703
CAND-02974,2024-06-05,2024-08-04,0,414266
CAND-02974,2024-06-05,2024-09-03,0,375877
CAND-02974,2024-06-05,2024-10-03,0,348779
CAND-02975,2024-03-02,2024-04-01,0,242172
CAND-02975,2024-03-02,2024-05-01,30,237569
CAND-02975,2024-03-02,2024-05-31,0,218830
CAND-02975,2024-03-02,2024-06-30,0,194980
CAND-02975,2024-03-02,2024-07-30,0,177489
CAND-02975,2024-03-02,2024-08-29,0,155627
CAND-02976,2024-04-28,2024-05-28,0,797977
CAND-02976,2024-04-28,2024-06-27,0,718180
CAND-02976,2024-04-28,2024-07-27,0,630402
CAND-02976,2024-04-28,2024-08-26,0,567704
CAND-02976,2024-04-28,2024-09-25,0,512843
CAND-02976,2024-04-28,2024-10-25,0,445322
CAND-02977,2024-04-04,2024-05-04,0,497414
CAND-02977,2024-04-04,2024-06-03,0,464497
CAND-02977,2024-04-04,2024-07-03,0,420608
CAND-02977,2024-04-04,2024-08-02,0,387691
CAND-02977,2024-04-04,2024-09-01,0,354773
CAND-02977,2024-04-04,2024-10-01,0,323793
CAND-02978,2024-02-02,2024-03-03,0,812892
CAND-02978,2024-02-02,2024-04-02,0,724829
CAND-02978,2024-02-02,2024-05-02,0,657088
CAND-02978,2024-02-02,2024-06-01,0,598379
CAND-02978,2024-02-02,2024-07-01,0,510316
CAND-02978,2024-02-02,2024-07-31,0,422252
CAND-02979,2024-01-19,2024-02-18,30,365656
CAND-02979,2024-01-19,2024-03-19,60,353654
CAND-02979,2024-01-19,2024-04-18,90,341651
CAND-02979,2024-01-19,2024-05-18,97,334058
CAND-02980,2024-03-08,2024-04-07,0,454095
CAND-02980,2024-03-08,2024-05-07,0,424044
CAND-02980,2024-03-08,2024-06-06,0,389701
CAND-02980,2024-03-08,2024-07-06,0,359651
CAND-02981,2024-09-09,2024-10-09,0,447381
CAND-02981,2024-09-09,2024-11-08,0,407907
CAND-02981,2024-09-09,2024-12-08,0,380042
CAND-02981,2024-09-09,2025-01-07,0,348462
CAND-02981,2024-09-09,2025-02-06,0,308987
CAND-02981,2024-09-09,2025-03-08,0,265924
CAND-02982,2024-09-03,2024-10-03,0,455988
CAND-02982,2024-09-03,2024-11-02,0,425707
CAND-02982,2024-09-03,2024-12-02,0,395427
CAND-02982,2024-09-03,2025-01-01,0,358159
CAND-02982,2024-09-03,2025-01-31,0,309710
CAND-02983,2024-03-02,2024-04-01,0,581648
CAND-02983,2024-03-02,2024-05-01,0,537134
CAND-02983,2024-03-02,2024-05-31,0,474814
CAND-02983,2024-03-02,2024-06-30,0,422882
CAND-02984,2024-09-17,2024-10-17,0,559369
CAND-02984,2024-09-17,2024-11-16,0,516750
CAND-02984,2024-09-17,2024-12-16,0,483602
CAND-02984,2024-09-17,2025-01-15,0,446311
CAND-02984,2024-09-17,2025-02-14,30,432105
CAND-02984,2024-09-17,2025-03-16,0,392328
CAND-02985,2024-04-24,2024-05-24,0,604413
CAND-02985,2024-04-24,2024-06-23,0,537256
CAND-02985,2024-04-24,2024-07-23,0,495283
CAND-02985,2024-04-24,2024-08-22,0,457973
CAND-02985,2024-04-24,2024-09-21,0,418469
CAND-02985,2024-04-24,2024-10-21,0,376496
CAND-02986,2024-08-30,2024-09-29,0,333567
CAND-02986,2024-08-30,2024-10-29,0,305057
CAND-02986,2024-08-30,2024-11-28,0,283255
CAND-02987,2024-06-07,2024-07-07,30,369500
CAND-02987,2024-06-07,2024-08-06,60,360078
CAND-02987,2024-06-07,2024-09-05,90,353466
CAND-02987,2024-06-07,2024-10-05,117,344492
CAND-02988,2024-08-12,2024-09-11,0,449234
CAND-02988,2024-08-12,2024-10-11,0,422356
CAND-02988,2024-08-12,2024-11-10,0,382041
CAND-02988,2024-08-12,2024-12-10,0,338060
CAND-02989,2024-09-09,2024-10-09,0,2351896
CAND-02989,2024-09-09,2024-11-08,0,2185303
CAND-02989,2024-09-09,2024-12-08,30,2128510
CAND-02990,2024-10-20,2024-11-19,0,699510
CAND-02990,2024-10-20,2024-12-19,0,649767
CAND-02990,2024-10-20,2025-01-18,0,592371
CAND-02990,2024-10-20,2025-02-17,0,539075
CAND-02991,2024-03-09,2024-04-08,0,378280
CAND-02991,2024-03-09,2024-05-08,0,340070
CAND-02991,2024-03-09,2024-06-07,0,301860
CAND-02991,2024-03-09,2024-07-07,0,269528
CAND-02992,2024-10-10,2024-11-09,0,390269
CAND-02992,2024-10-10,2024-12-09,0,352061
CAND-02992,2024-10-10,2025-01-08,0,317037
CAND-02992,2024-10-10,2025-02-07,0,290769
CAND-02994,2024-09-13,2024-10-13,30,563447
CAND-02994,2024-09-13,2024-11-12,60,552484
CAND-02994,2024-09-13,2024-12-12,90,540626
CAND-02994,2024-09-13,2025-01-11,102,528520
CAND-02994,2024-09-13,2025-02-10,102,514348
CAND-02995,2024-10-04,2024-11-03,0,1290889
CAND-02995,2024-10-04,2024-12-03,0,1212001
CAND-02995,2024-10-04,2025-01-02,0,1102772
CAND-02996,2024-01-19,2024-02-18,30,407934
CAND-02996,2024-01-19,2024-03-19,60,396901
CAND-02996,2024-01-19,2024-04-18,90,386919
CAND-02997,2024-04-07,2024-05-07,0,530712
CAND-02997,2024-04-07,2024-06-06,0,495331
CAND-02997,2024-04-07,2024-07-06,0,457592
CAND-02997,2024-04-07,2024-08-05,0,422211
CAND-02998,2024-05-14,2024-06-13,0,1050896
CAND-02998,2024-05-14,2024-07-13,0,961974
CAND-02998,2024-05-14,2024-08-12,0,884909
CAND-02998,2024-05-14,2024-09-11,0,788576
CAND-02998,2024-05-14,2024-10-11,0,672978
CAND-02998,2024-05-14,2024-11-10,0,557379
CAND-02999,2024-02-14,2024-03-15,0,228222
CAND-02999,2024-02-14,2024-04-14,0,205993
CAND-02999,2024-02-14,2024-05-14,0,190710
CAND-02999,2024-02-14,2024-06-13,0,175427
CAND-02999,2024-02-14,2024-07-13,0,150975
CAND-03000,2024-08-13,2024-09-12,0,178104
CAND-03000,2024-08-13,2024-10-12,30,171710
CAND-03000,2024-08-13,2024-11-11,60,167874
CAND-03000,2024-08-13,2024-12-11,90,164387
CAND-03000,2024-08-13,2025-01-10,90,159339
CAND-03001,2024-11-14,2024-12-14,0,1390833
CAND-03001,2024-11-14,2025-01-13,0,1300838
CAND-03001,2024-11-14,2025-02-12,30,1271971
CAND-03001,2024-11-14,2025-03-14,60,1224161
CAND-03001,2024-11-14,2025-04-13,90,1173164
CAND-03001,2024-11-14,2025-05-13,113,1144832
CAND-03002,2024-11-02,2024-12-02,30,631362
CAND-03002,2024-11-02,2025-01-01,0,590836
CAND-03002,2024-11-02,2025-01-31,0,552693
CAND-03002,2024-11-02,2025-03-02,0,493745
CAND-03003,2024-12-06,2025-01-05,0,316711
CAND-03003,2024-12-06,2025-02-04,0,288766
CAND-03003,2024-12-06,2025-03-06,0,270136
CAND-03003,2024-12-06,2025-04-05,0,239650
CAND-03003,2024-12-06,2025-05-05,0,219924
CAND-03004,2024-12-07,2025-01-06,0,350807
CAND-03004,2024-12-07,2025-02-05,30,344242
CAND-03004,2024-12-07,2025-03-07,0,322231
CAND-03004,2024-12-07,2025-04-06,0,301442
CAND-03004,2024-12-07,2025-05-06,0,278055
CAND-03005,2024-10-22,2024-11-21,30,242047
CAND-03005,2024-10-22,2024-12-21,0,226653
CAND-03005,2024-10-22,2025-01-20,30,220646
CAND-03006,2025-01-02,2025-02-01,0,1368698
CAND-03006,2025-01-02,2025-03-03,0,1282818
CAND-03006,2025-01-02,2025-04-02,30,1248866
CAND-03006,2025-01-02,2025-05-02,60,1219667
CAND-03007,2024-11-20,2024-12-20,0,856309
CAND-03007,2024-11-20,2025-01-19,0,791546
CAND-03007,2024-11-20,2025-02-18,30,770940
CAND-03007,2024-11-20,2025-03-20,60,749854
CAND-03008,2024-11-24,2024-12-24,30,691240
CAND-03008,2024-11-24,2025-01-23,60,678399
CAND-03008,2024-11-24,2025-02-22,90,655616
CAND-03008,2024-11-24,2025-03-24,111,639921
CAND-03008,2024-11-24,2025-04-23,111,627951
CAND-03009,2024-11-12,2024-12-12,30,529122
CAND-03009,2024-11-12,2025-01-11,60,516244
CAND-03009,2024-11-12,2025-02-10,90,505638
CAND-03010,2024-11-24,2024-12-24,30,811079
CAND-03010,2024-11-24,2025-01-23,60,792957
CAND-03010,2024-11-24,2025-02-22,90,769140
CAND-03010,2024-11-24,2025-03-24,92,745984
CAND-03010,2024-11-24,2025-04-23,92,719934
CAND-03010,2024-11-24,2025-05-23,92,701409
CAND-03011,2024-11-27,2024-12-27,0,731385
CAND-03011,2024-11-27,2025-01-26,30,711069
CAND-03011,2024-11-27,2025-02-25,60,695736
CAND-03011,2024-11-27,2025-03-27,90,681224
CAND-03012,2024-11-12,2024-12-12,0,2694936
CAND-03012,2024-11-12,2025-01-11,30,2625098
CAND-03012,2024-11-12,2025-02-10,0,2364792
CAND-03012,2024-11-12,2025-03-12,0,2205716
CAND-03013,2024-12-02,2025-01-01,0,653237
CAND-03013,2024-12-02,2025-01-31,0,610969
CAND-03013,2024-12-02,2025-03-02,30,598790
CAND-03013,2024-12-02,2025-04-01,60,583501
CAND-03013,2024-12-02,2025-05-01,90,569683
CAND-03014,2024-10-09,2024-11-08,0,202808
CAND-03014,2024-10-09,2024-12-08,0,188321
CAND-03014,2024-10-09,2025-01-07,0,174741
CAND-03014,2024-10-09,2025-02-06,0,159220
CAND-03014,2024-10-09,2025-03-08,0,145639
CAND-03014,2024-10-09,2025-04-07,30,141015
CAND-03015,2024-10-12,2024-11-11,0,431174
CAND-03015,2024-10-12,2024-12-11,0,395455
CAND-03015,2024-10-12,2025-01-10,0,369659
CAND-03015,2024-10-12,2025-02-09,0,342344
CAND-03015,2024-10-12,2025-03-11,0,313323
CAND-03015,2024-10-12,2025-04-10,0,266889
CAND-03016,2025-01-04,2025-02-03,0,275757
CAND-03016,2025-01-04,2025-03-05,0,257914
CAND-03016,2025-01-04,2025-04-04,0,227581
CAND-03016,2025-01-04,2025-05-04,0,202303
CAND-03017,2024-11-12,2024-12-12,0,319435
CAND-03017,2024-11-12,2025-01-11,0,300644
CAND-03017,2024-11-12,2025-02-10,0,281854
CAND-03018,2025-01-02,2025-02-01,0,849227
CAND-03018,2025-01-02,2025-03-03,0,777370
CAND-03018,2025-01-02,2025-04-02,0,722420
CAND-03019,2024-10-26,2024-11-25,0,213336
CAND-03019,2024-10-26,2024-12-25,0,200406
CAND-03019,2024-10-26,2025-01-24,0,186716
CAND-03019,2024-10-26,2025-02-23,0,173026
CAND-03020,2024-11-17,2024-12-17,0,1438608
CAND-03020,2024-11-17,2025-01-16,0,1321029
CAND-03020,2024-11-17,2025-02-15,0,1219128
CAND-03020,2024-11-17,2025-03-17,0,1134210
CAND-03020,2024-11-17,2025-04-16,0,1025030
CAND-03021,2024-12-24,2025-01-23,30,719174
CAND-03021,2024-12-24,2025-02-22,0,662865
CAND-03021,2024-12-24,2025-03-24,0,622197
CAND-03021,2024-12-24,2025-04-23,0,565888
CAND-03021,2024-12-24,2025-05-23,0,520137
CAND-03021,2024-12-24,2025-06-22,0,479470
CAND-03022,2024-12-28,2025-01-27,0,891349
CAND-03022,2024-12-28,2025-02-26,0,823936
CAND-03022,2024-12-28,2025-03-28,0,768419
CAND-03022,2024-12-28,2025-04-27,0,682621
CAND-03022,2024-12-28,2025-05-27,30,659026
CAND-03022,2024-12-28,2025-06-26,60,639766
CAND-03023,2024-12-02,2025-01-01,0,657549
CAND-03023,2024-12-02,2025-01-31,30,638411
CAND-03023,2024-12-02,2025-03-02,60,621139
CAND-03023,2024-12-02,2025-04-01,90,602001
CAND-03024,2024-10-31,2024-11-30,0,268112
CAND-03024,2024-10-31,2024-12-30,0,250763
CAND-03024,2024-10-31,2025-01-29,0,231102
CAND-03025,2024-12-23,2025-01-22,0,1191140
CAND-03025,2024-12-23,2025-02-21,0,1116068
CAND-03025,2024-12-23,2025-03-23,0,1024909
CAND-03025,2024-12-23,2025-04-22,0,897287
CAND-03025,2024-12-23,2025-05-22,0,781267
CAND-03026,2024-11-16,2024-12-16,0,753281
CAND-03026,2024-11-16,2025-01-15,0,683533
CAND-03026,2024-11-16,2025-02-14,0,634299
CAND-03026,2024-11-16,2025-03-16,0,578500
CAND-03026,2024-11-16,2025-04-15,0,494802
CAND-03026,2024-11-16,2025-05-15,30,469439
CAND-03027,2024-12-13,2025-01-12,0,594552
CAND-03027,2024-12-13,2025-02-11,0,551612
CAND-03027,2024-12-13,2025-03-13,0,511356
CAND-03027,2024-12-13,2025-04-12,0,461810
CAND-03027,2024-12-13,2025-05-12,0,418870
CAND-03027,2024-12-13,2025-06-11,0,380982
CAND-03028,19-01-2025,2025-02-18,0,1243768
CAND-03028,19-01-2025,2025-03-20,30,1214365
CAND-03028,19-01-2025,2025-04-19,60,1190942
CAND-03028,19-01-2025,2025-05-19,90,1162151
CAND-03029,2024-12-28,2025-01-27,0,505466
CAND-03029,2024-12-28,2025-02-26,0,460104
CAND-03029,2024-12-28,2025-03-28,0,429862
CAND-03029,2024-12-28,2025-04-27,0,380376
CAND-03030,2024-12-16,2025-01-15,0,1258981
CAND-03030,2024-12-16,2025-02-14,0,1168055
CAND-03030,2024-12-16,2025-03-16,0,1082811
CAND-03030,2024-12-16,2025-04-15,30,1053792
CAND-03031,2024-11-23,2024-12-23,0,912763
CAND-03031,2024-11-23,2025-01-22,0,853105
CAND-03031,2024-11-23,2025-02-21,0,789719
CAND-03031,2024-11-23,2025-03-23,0,711705
CAND-03032,2024-12-21,2025-01-20,30,633085
CAND-03032,2024-12-21,2025-02-19,60,617267
CAND-03032,2024-12-21,2025-03-21,90,603169
CAND-03032,2024-12-21,2025-04-20,91,589370
CAND-03033,2024-10-19,2024-11-18,0,857560
CAND-03033,2024-10-19,2024-12-18,0,790737
CAND-03033,2024-10-19,2025-01-17,30,768981
CAND-03033,2024-10-19,2025-02-16,60,741466
CAND-03033,2024-10-19,2025-03-18,90,722755
CAND-03033,2024-10-19,2025-04-17,98,693520
CAND-03034,2024-12-12,2025-01-11,0,875320
CAND-03034,2024-12-12,2025-02-10,0,813319
CAND-03034,2024-12-12,2025-03-12,0,728771
CAND-03034,2024-12-12,2025-04-11,0,670644
CAND-03034,2024-12-12,2025-05-11,0,599103
CAND-03035,2024-11-28,2024-12-28,0,477579
CAND-03035,2024-11-28,2025-01-27,0,431062
CAND-03035,2024-11-28,2025-02-26,30,421029
CAND-03035,2024-11-28,2025-03-28,0,369859
CAND-03036,2024-10-12,2024-11-11,30,2543236
CAND-03036,2024-10-12,2024-12-11,60,2491810
CAND-03036,2024-10-12,2025-01-10,90,2407207
CAND-03037,2024-11-10,2024-12-10,0,764816
CAND-03037,2024-11-10,2025-01-09,0,699447
CAND-03037,2024-11-10,2025-02-08,0,622193
CAND-03038,2024-10-18,2024-11-17,0,578732
CAND-03038,2024-10-18,2024-12-17,0,537578
CAND-03038,2024-10-18,2025-01-16,0,486135
CAND-03038,2024-10-18,2025-02-15,0,430015
CAND-03038,2024-10-18,2025-03-17,0,388861
CAND-03038,2024-10-18,2025-04-16,0,350279
CAND-03039,2025-01-21,2025-02-20,0,645043
CAND-03039,2025-01-21,2025-03-22,0,601063
CAND-03039,2025-01-21,2025-04-21,0,550799
CAND-03040,2024-12-26,2025-01-25,0,180401
CAND-03040,2024-12-26,2025-02-24,0,164211
CAND-03040,2024-12-26,2025-03-26,0,146550
CAND-03040,2024-12-26,2025-04-25,0,135756
CAND-03040,2024-12-26,2025-05-25,0,120812
CAND-03041,2024-10-18,2024-11-17,0,507097
CAND-03041,2024-10-18,2024-12-17,0,465303
CAND-03041,2024-10-18,2025-01-16,0,426495
CAND-03041,2024-10-18,2025-02-15,0,377102
CAND-03041,2024-10-18,2025-03-17,0,343145
CAND-03042,2024-12-26,2025-01-25,0,328348
CAND-03042,2024-12-26,2025-02-24,0,306247
CAND-03042,2024-12-26,2025-03-26,30,296690
CAND-03042,2024-12-26,2025-04-25,60,288467
CAND-03042,2024-12-26,2025-05-25,90,281667
CAND-03043,2024-11-23,2024-12-23,0,1197555
CAND-03043,2024-11-23,2025-01-22,0,1111065
CAND-03043,2024-11-23,2025-02-21,0,1038990
CAND-03044,2024-11-16,2024-12-16,0,316704
CAND-03044,2024-11-16,2025-01-15,0,296979
CAND-03044,2024-11-16,2025-02-14,0,277253
CAND-03044,2024-11-16,2025-03-16,0,249309
CAND-03044,2024-11-16,2025-04-15,0,230679
CAND-03045,2024-12-19,2025-01-18,0,502006
CAND-03045,2024-12-19,2025-02-17,0,472373
CAND-03045,2024-12-19,2025-03-19,0,440998
CAND-03046,2024-11-02,2024-12-02,0,540896
CAND-03046,2024-11-02,2025-01-01,0,504273
CAND-03046,2024-11-02,2025-01-31,0,465208
CAND-03046,2024-11-02,2025-03-02,0,420134
CAND-03047,2024-11-24,2024-12-24,0,532473
CAND-03047,2024-11-24,2025-01-23,0,478688
CAND-03047,2024-11-24,2025-02-22,0,443886
CAND-03047,2024-11-24,2025-03-24,0,411017
CAND-03047,2024-11-24,2025-04-23,0,376215
CAND-03048,2024-12-12,2025-01-11,0,272912
CAND-03048,2024-12-12,2025-02-10,0,253318
CAND-03048,2024-12-12,2025-03-12,0,226599
CAND-03048,2024-12-12,2025-04-11,0,208230
CAND-03048,2024-12-12,2025-05-11,0,188637
CAND-03049,2025-01-08,2025-02-07,0,361592
CAND-03049,2025-01-08,2025-03-09,0,331638
CAND-03049,2025-01-08,2025-04-08,0,307300
CAND-03050,2024-11-08,2024-12-08,0,1240700
CAND-03050,2024-11-08,2025-01-07,30,1216288
CAND-03050,2024-11-08,2025-02-06,60,1186994
CAND-03051,2024-10-29,2024-11-28,0,221948
CAND-03051,2024-10-29,2024-12-28,0,198366
CAND-03051,2024-10-29,2025-01-27,30,192882
CAND-03051,2024-10-29,2025-02-26,60,188069
CAND-03052,2024-11-26,2024-12-26,0,1648677
CAND-03052,2024-11-26,2025-01-25,0,1511287
CAND-03052,2024-11-26,2025-02-24,0,1399658
CAND-03052,2024-11-26,2025-03-26,30,1367184
CAND-03052,2024-11-26,2025-04-25,60,1311370
CAND-03052,2024-11-26,2025-05-25,90,1251834
CAND-03053,2025-01-22,2025-02-21,0,368055
CAND-03053,2025-01-22,2025-03-23,30,361450
CAND-03053,2025-01-22,2025-04-22,0,326022
CAND-03053,2025-01-22,2025-05-22,30,317730
CAND-03053,2025-01-22,2025-06-21,60,305159
CAND-03053,2025-01-22,2025-07-21,30,292169
CAND-03054,2024-11-04,2024-12-04,0,138774
CAND-03054,2024-11-04,2025-01-03,0,123354
CAND-03054,2024-11-04,2025-02-02,30,120696
CAND-03054,2024-11-04,2025-03-04,60,117612
CAND-03054,2024-11-04,2025-04-03,90,114809
CAND-03055,2024-12-21,2025-01-20,0,475658
CAND-03055,2024-12-21,2025-02-19,0,424695
CAND-03055,2024-12-21,2025-03-21,30,410538
CAND-03055,2024-12-21,2025-04-20,0,378686
CAND-03055,2024-12-21,2025-05-20,0,342284
CAND-03056,2024-12-24,2025-01-23,0,367819
CAND-03056,2024-12-24,2025-02-22,0,340846
CAND-03056,2024-12-24,2025-03-24,30,332050
CAND-03056,2024-12-24,2025-04-23,0,303150
CAND-03057,2024-12-12,2025-01-11,0,966847
CAND-03057,2024-12-12,2025-02-10,0,904803
CAND-03057,2024-12-12,2025-03-12,0,808918
CAND-03057,2024-12-12,2025-04-11,0,703443
CAND-03057,2024-12-12,2025-05-11,0,637522
CAND-03057,2024-12-12,2025-06-10,30,614083
CAND-03058,2025-01-15,2025-02-14,0,733124
CAND-03058,2025-01-15,2025-03-16,0,687124
CAND-03058,2025-01-15,2025-04-15,0,626970
CAND-03058,2025-01-15,2025-05-15,0,555880
CAND-03058,2025-01-15,2025-06-14,0,495726
CAND-03059,2024-10-18,2024-11-17,0,1248710
CAND-03059,2024-10-18,2024-12-17,0,1114920
CAND-03059,2024-10-18,2025-01-16,0,1019355
CAND-03059,2024-10-18,2025-02-15,0,940655
CAND-03060,2024-11-27,2024-12-27,0,748658
CAND-03060,2024-11-27,2025-01-26,0,695421
CAND-03060,2024-11-27,2025-02-25,0,645510
CAND-03061,2024-11-06,2024-12-06,0,211625
CAND-03061,2024-11-06,2025-01-05,0,194329
CAND-03061,2024-11-06,2025-02-04,0,173888
CAND-03061,2024-11-06,2025-03-06,0,156592
CAND-03062,2024-10-07,2024-11-06,0,1297170
CAND-03062,2024-10-07,2024-12-06,0,1219100
CAND-03062,2024-10-07,2025-01-05,0,1125415
CAND-03062,2024-10-07,2025-02-04,0,1025039
CAND-03062,2024-10-07,2025-03-06,0,946969
CAND-03063,2024-11-18,2024-12-18,0,411556
CAND-03063,2024-11-18,2025-01-17,30,396313
CAND-03063,2024-11-18,2025-02-16,0,358206
CAND-03063,2024-11-18,2025-03-18,30,349239
CAND-03063,2024-11-18,2025-04-17,60,339298
CAND-03063,2024-11-18,2025-05-17,90,329772
CAND-03064,2024-11-22,2024-12-22,0,272243
CAND-03064,2024-11-22,2025-01-21,0,251653
CAND-03064,2024-11-22,2025-02-20,0,232436
CAND-03064,2024-11-22,2025-03-22,0,210262
CAND-03064,2024-11-22,2025-04-21,0,186241
CAND-03065,2024-11-26,2024-12-26,30,374124
CAND-03065,2024-11-26,2025-01-25,60,365051
CAND-03065,2024-11-26,2025-02-24,90,358366
CAND-03065,2024-11-26,2025-03-26,113,349706
CAND-03065,2024-11-26,2025-04-25,113,341045
CAND-03066,2024-10-22,2024-11-21,0,359850
CAND-03066,2024-10-22,2024-12-21,0,320867
CAND-03066,2024-10-22,2025-01-20,0,296502
CAND-03066,2024-10-22,2025-02-19,0,273570
CAND-03067,2024-10-29,2024-11-28,0,495651
CAND-03067,2024-10-29,2024-12-28,0,462737
CAND-03067,2024-10-29,2025-01-27,0,431758
CAND-03067,2024-10-29,2025-02-26,0,383883
CAND-03067,2024-10-29,2025-03-28,0,339997
CAND-03068,2024-12-31,2025-01-30,0,248377
CAND-03068,2024-12-31,2025-03-01,0,229023
CAND-03068,2024-12-31,2025-03-31,0,206443
CAND-03068,2024-12-31,2025-04-30,0,187089
CAND-03069,2024-12-02,2025-01-01,30,322199
CAND-03069,2024-12-02,2025-01-31,60,311624
CAND-03069,2024-12-02,2025-03-02,90,301048
CAND-03070,2024-11-02,2024-12-02,0,506536
CAND-03070,2024-11-02,2025-01-01,0,459635
CAND-03070,2024-11-02,2025-01-31,0,428367
CAND-03070,2024-11-02,2025-03-02,0,397099
CAND-03071,2024-12-23,2025-01-22,30,1400547
CAND-03071,2024-12-23,2025-02-21,60,1370857
CAND-03071,2024-12-23,2025-03-23,90,1344946
CAND-03072,2024-11-27,2024-12-27,0,275972
CAND-03072,2024-11-27,2025-01-26,0,258656
CAND-03072,2024-11-27,2025-02-25,0,236012
CAND-03073,2024-12-21,2025-01-20,0,280144
CAND-03073,2024-12-21,2025-02-19,0,261044
CAND-03073,2024-12-21,2025-03-21,30,255864
CAND-03074,2024-10-21,2024-11-20,0,806445
CAND-03074,2024-10-21,2024-12-20,30,790604
CAND-03074,2024-10-21,2025-01-19,60,770443
CAND-03074,2024-10-21,2025-02-18,90,748265
CAND-03075,2024-12-14,2025-01-13,0,506175
CAND-03075,2024-12-14,2025-02-12,0,476179
CAND-03075,2024-12-14,2025-03-14,0,444419
CAND-03075,2024-12-14,2025-04-13,0,410674
CAND-03075,2024-12-14,2025-05-13,0,369142
CAND-03076,2024-11-03,2024-12-03,0,667356
CAND-03076,2024-11-03,2025-01-02,0,601172
CAND-03076,2024-11-03,2025-02-01,0,555671
CAND-03076,2024-11-03,2025-03-03,0,515225
CAND-03076,2024-11-03,2025-04-02,30,500664
CAND-03077,2024-12-20,2025-01-19,0,887848
CAND-03077,2024-12-20,2025-02-18,0,835621
CAND-03077,2024-12-20,2025-03-20,0,757282
CAND-03078,2024-10-23,2024-11-22,0,317260
CAND-03078,2024-10-23,2024-12-22,0,297676
CAND-03078,2024-10-23,2025-01-21,0,276940
CAND-03079,2024-12-25,2025-01-24,0,608304
CAND-03079,2024-12-25,2025-02-23,0,560903
CAND-03079,2024-12-25,2025-03-25,0,513503
CAND-03079,2024-12-25,2025-04-24,0,458203
CAND-03079,2024-12-25,2025-05-24,0,421336
CAND-03080,2024-12-21,2025-01-20,30,195239
CAND-03080,2024-12-21,2025-02-19,0,184042
CAND-03080,2024-12-21,2025-03-21,0,170607
CAND-03081,2025-01-05,2025-02-04,0,1029359
CAND-03081,2025-01-05,2025-03-06,0,929932
CAND-03081,2025-01-05,2025-04-05,0,869172
CAND-03081,2025-01-05,2025-05-05,0,800816
CAND-03081,2025-01-05,2025-06-04,0,727903
CAND-03081,2025-01-05,2025-07-04,0,663568
CAND-03082,2024-11-20,2024-12-20,0,384544
CAND-03082,2024-11-20,2025-01-19,0,347529
CAND-03082,2024-11-20,2025-02-18,0,324909
CAND-03082,2024-11-20,2025-03-20,0,297764
CAND-03082,2024-11-20,2025-04-19,0,273814
CAND-03083,2024-12-22,2025-01-21,0,873986
CAND-03083,2024-12-22,2025-02-20,0,813292
CAND-03083,2024-12-22,2025-03-22,0,738592
CAND-03083,2024-12-22,2025-04-21,0,641483
CAND-03083,2024-12-22,2025-05-21,0,544373
CAND-03084,2024-12-10,2025-01-09,0,435355
CAND-03084,2024-12-10,2025-02-08,30,424507
CAND-03084,2024-12-10,2025-03-10,60,408959
CAND-03084,2024-12-10,2025-04-09,90,401053
CAND-03084,2024-12-10,2025-05-09,90,391907
CAND-03085,2025-01-07,2025-02-06,0,493520
CAND-03085,2025-01-07,2025-03-08,0,456963
CAND-03085,2025-01-07,2025-04-07,0,411267
CAND-03085,2025-01-07,2025-05-07,0,365571
CAND-03086,2024-12-03,2025-01-02,0,283522
CAND-03086,2024-12-03,2025-02-01,0,261920
CAND-03086,2024-12-03,2025-03-03,0,234427
CAND-03086,2024-12-03,2025-04-02,0,215525
CAND-03087,2025-01-18,2025-02-17,0,1334515
CAND-03087,2025-01-18,2025-03-19,0,1222528
CAND-03087,2025-01-18,2025-04-18,0,1090179
CAND-03088,2024-11-18,2024-12-18,0,631800
CAND-03088,2024-11-18,2025-01-17,0,587048
CAND-03088,2024-11-18,2025-02-16,0,531107
CAND-03088,2024-11-18,2025-03-18,0,479470
CAND-03088,2024-11-18,2025-04-17,30,467482
CAND-03088,2024-11-18,2025-05-17,0,415845
CAND-03089,2025-01-05,2025-02-04,30,595141
CAND-03089,2025-01-05,2025-03-06,0,547974
CAND-03089,2025-01-05,2025-04-05,0,500807
CAND-03089,2025-01-05,2025-05-05,0,464737
CAND-03089,2025-01-05,2025-06-04,30,453788
CAND-03089,2025-01-05,2025-07-04,0,419723
CAND-03090,2025-01-11,2025-02-10,0,366369
CAND-03090,2025-01-11,2025-03-12,0,344659
CAND-03090,2025-01-11,2025-04-11,0,318606
CAND-03090,2025-01-11,2025-05-11,0,292553
CAND-03090,2025-01-11,2025-06-10,0,259987
CAND-03091,2024-12-05,2025-01-04,0,564174
CAND-03091,2024-12-05,2025-02-03,0,509680
CAND-03091,2024-12-05,2025-03-05,30,498579
CAND-03091,2024-12-05,2025-04-04,60,487875
CAND-03091,2024-12-05,2025-05-04,90,468539
CAND-03092,2024-12-08,2025-01-07,0,765820
CAND-03092,2024-12-08,2025-02-06,0,702984
CAND-03092,2024-12-08,2025-03-08,0,621296
CAND-03092,2024-12-08,2025-04-07,0,539609
CAND-03092,2024-12-08,2025-05-07,0,485150
CAND-03092,2024-12-08,2025-06-06,0,417078
CAND-03093,2024-10-06,2024-11-05,0,671185
CAND-03093,2024-10-06,2024-12-05,0,629072
CAND-03093,2024-10-06,2025-01-04,0,563987
CAND-03093,2024-10-06,2025-02-03,0,512849
CAND-03093,2024-10-06,2025-03-05,0,453188
CAND-03093,2024-10-06,2025-04-04,0,408443
CAND-03094,2024-10-20,2024-11-19,0,1006644
CAND-03094,2024-10-20,2024-12-19,0,944505
CAND-03094,2024-10-20,2025-01-18,0,878711
CAND-03094,2024-10-20,2025-02-17,0,785504
CAND-03094,2024-10-20,2025-03-19,0,710938
CAND-03094,2024-10-20,2025-04-18,0,631045
CAND-03095,2024-12-14,2025-01-13,0,277208
CAND-03095,2024-12-14,2025-02-12,0,257640
CAND-03095,2024-12-14,2025-03-14,30,252303
CAND-03096,2024-12-07,2025-01-06,0,174282
CAND-03096,2024-12-07,2025-02-05,30,170516
CAND-03096,2024-12-07,2025-03-07,60,166122
CAND-03096,2024-12-07,2025-04-06,90,162356
CAND-03096,2024-12-07,2025-05-06,103,157369
CAND-03096,2024-12-07,2025-06-05,103,154132
CAND-03097,2024-11-13,2024-12-13,0,128205
CAND-03097,2024-11-13,2025-01-12,0,118215
CAND-03097,2024-11-13,2025-02-11,0,106560
CAND-03097,2024-11-13,2025-03-13,0,94905
CAND-03098,2024-12-30,2025-01-29,0,509512
CAND-03098,2024-12-30,2025-02-28,0,467052
CAND-03098,2024-12-30,2025-03-30,0,430254
CAND-03098,2024-12-30,2025-04-29,0,380075
CAND-03098,2024-12-30,2025-05-29,30,368810
CAND-03098,2024-12-30,2025-06-28,0,313613
CAND-03099,2024-11-02,2024-12-02,0,488308
CAND-03099,2024-11-02,2025-01-01,0,450746
CAND-03099,2024-11-02,2025-01-31,0,419812
CAND-03099,2024-11-02,2025-03-02,0,375990
CAND-03099,2024-11-02,2025-04-01,30,360054
CAND-03100,2024-11-29,2024-12-29,0,505355
CAND-03100,2024-11-29,2025-01-28,0,449766
CAND-03100,2024-11-29,2025-02-27,0,399231
CAND-03100,2024-11-29,2025-03-29,0,368348
CAND-03100,2024-11-29,2025-04-28,0,317812
CAND-03101,2024-11-08,2024-12-08,0,516021
CAND-03101,2024-11-08,2025-01-07,30,504995
CAND-03101,2024-11-08,2025-02-06,60,494377
CAND-03102,2025-01-10,2025-02-09,0,1578697
CAND-03102,2025-01-10,2025-03-11,0,1463883
CAND-03102,2025-01-10,2025-04-10,0,1307318
CAND-03103,2024-12-21,2025-01-20,0,1030307
CAND-03103,2024-12-21,2025-02-19,0,921215
CAND-03103,2024-12-21,2025-03-21,0,812124
CAND-03103,2024-12-21,2025-04-20,0,734202
CAND-03103,2024-12-21,2025-05-20,0,650285
CAND-03103,2024-12-21,2025-06-19,0,559376
CAND-03104,2024-12-10,2025-01-09,30,1273275
CAND-03104,2024-12-10,2025-02-08,60,1248476
CAND-03104,2024-12-10,2025-03-10,90,1222704
CAND-03105,2024-10-19,2024-11-18,0,538025
CAND-03105,2024-10-19,2024-12-18,0,481058
CAND-03105,2024-10-19,2025-01-17,0,424091
CAND-03105,2024-10-19,2025-02-16,0,376618
CAND-03105,2024-10-19,2025-03-18,0,341013
CAND-03105,2024-10-19,2025-04-17,0,289225
CAND-03106,2024-11-14,2024-12-14,0,771751
CAND-03106,2024-11-14,2025-01-13,30,753855
CAND-03106,2024-11-14,2025-02-12,60,738323
CAND-03107,2024-10-18,2024-11-17,0,597662
CAND-03107,2024-10-18,2024-12-17,0,548984
CAND-03107,2024-10-18,2025-01-16,0,485702
CAND-03107,2024-10-18,2025-02-15,0,450545
CAND-03108,2024-11-30,2024-12-30,0,389807
CAND-03108,2024-11-30,2025-01-29,0,363921
CAND-03108,2024-11-30,2025-02-28,0,332062
CAND-03108,2024-11-30,2025-03-30,0,306177
CAND-03109,2024-11-04,2024-12-04,0,1602592
CAND-03109,2024-11-04,2025-01-03,0,1487534
CAND-03109,2024-11-04,2025-02-02,0,1372476
CAND-03109,2024-11-04,2025-03-04,0,1276594
CAND-03109,2024-11-04,2025-04-03,0,1153318
CAND-03110,2024-10-27,2024-11-26,0,294061
CAND-03110,2024-10-27,2024-12-26,30,285134
CAND-03110,2024-10-27,2025-01-25,0,261100
CAND-03110,2024-10-27,2025-02-24,0,240271
CAND-03110,2024-10-27,2025-03-26,0,221892
CAND-03111,2024-11-23,2024-12-23,0,574529
CAND-03111,2024-11-23,2025-01-22,0,522969
CAND-03111,2024-11-23,2025-02-21,0,461097
CAND-03111,2024-11-23,2025-03-23,0,424701
CAND-03111,2024-11-23,2025-04-22,0,388306
CAND-03112,2024-12-01,2024-12-31,0,1122117
CAND-03112,2024-12-01,2025-01-30,0,1035287
CAND-03112,2024-12-01,2025-03-01,0,948456
CAND-03112,2024-12-01,2025-03-31,0,837945
CAND-03112,2024-12-01,2025-04-30,0,751114
CAND-03113,2024-11-16,2024-12-16,0,545237
CAND-03113,2024-11-16,2025-01-15,30,533587
CAND-03113,2024-11-16,2025-02-14,60,513393
CAND-03114,2024-12-17,2025-01-16,0,845114
CAND-03114,2024-12-17,2025-02-15,0,780437
CAND-03114,2024-12-17,2025-03-17,30,763973
CAND-03114,2024-12-17,2025-04-16,60,748626
CAND-03115,2024-12-04,2025-01-03,0,454884
CAND-03115,2024-12-04,2025-02-02,0,421526
CAND-03115,2024-12-04,2025-03-04,30,406809
CAND-03115,2024-12-04,2025-04-03,60,395689
CAND-03115,2024-12-04,2025-05-03,90,383180
CAND-03116,2024-12-27,2025-01-26,0,703712
CAND-03116,2024-12-27,2025-02-25,0,656588
CAND-03116,2024-12-27,2025-03-27,0,593757
CAND-03116,2024-12-27,2025-04-26,30,578370
CAND-03116,2024-12-27,2025-05-26,0,520371
CAND-03117,2024-10-26,2024-11-25,30,471708
CAND-03117,2024-10-26,2024-12-25,0,445016
CAND-03117,2024-10-26,2025-01-24,30,429518
CAND-03118,2024-11-10,2024-12-10,0,676739
CAND-03118,2024-11-10,2025-01-09,0,629743
CAND-03118,2024-11-10,2025-02-08,0,561386
CAND-03118,2024-11-10,2025-03-10,0,514390
CAND-03119,2024-10-11,2024-11-10,0,554276
CAND-03119,2024-10-11,2024-12-10,0,518411
CAND-03119,2024-10-11,2025-01-09,0,462984
CAND-03119,2024-10-11,2025-02-08,0,419434
CAND-03119,2024-10-11,2025-03-10,0,358463
CAND-03120,2024-10-22,2024-11-21,0,316611
CAND-03120,2024-10-22,2024-12-21,0,291483
CAND-03120,2024-10-22,2025-01-20,0,271939
CAND-03120,2024-10-22,2025-02-19,0,249952
CAND-03120,2024-10-22,2025-03-21,0,226500
CAND-03120,2024-10-22,2025-04-20,0,206956
CAND-03121,2024-12-02,2025-01-01,0,507760
CAND-03121,2024-12-02,2025-01-31,0,477381
CAND-03121,2024-12-02,2025-03-02,0,443205
CAND-03121,2024-12-02,2025-04-01,0,406750
CAND-03121,2024-12-02,2025-05-01,0,352068
CAND-03122,2024-12-05,2025-01-04,0,880672
CAND-03122,2024-12-05,2025-02-03,0,793333
CAND-03122,2024-12-05,2025-03-05,0,736819
CAND-03122,2024-12-05,2025-04-04,0,683445
CAND-03123,2024-12-09,2025-01-08,30,208407
CAND-03123,2024-12-09,2025-02-07,60,204134
CAND-03123,2024-12-09,2025-03-09,90,199387
CAND-03123,2024-12-09,2025-04-08,110,193910
CAND-03124,2024-12-13,2025-01-12,0,673709
CAND-03124,2024-12-13,2025-02-11,0,626924
CAND-03124,2024-12-13,2025-03-13,0,558873
CAND-03124,2024-12-13,2025-04-12,0,501291
CAND-03125,2024-12-28,2025-01-27,30,320334
CAND-03125,2024-12-28,2025-02-26,60,311443
CAND-03125,2024-12-28,2025-03-28,90,305568
CAND-03125,2024-12-28,2025-04-27,97,299796
CAND-03125,2024-12-28,2025-05-27,90,293589
CAND-03126,2025-01-01,2025-01-31,0,317612
CAND-03126,2025-01-01,2025-03-02,0,290737
CAND-03126,2025-01-01,2025-04-01,0,268901
CAND-03126,2025-01-01,2025-05-01,0,233964
CAND-03126,2025-01-01,2025-05-31,0,199027
CAND-03127,2024-12-26,2025-01-25,0,479456
CAND-03127,2024-12-26,2025-02-24,0,448903
CAND-03127,2024-12-26,2025-03-26,0,418349
CAND-03127,2024-12-26,2025-04-25,0,375065
CAND-03127,2024-12-26,2025-05-25,0,327846
CAND-03127,2024-12-26,2025-06-24,0,275905
CAND-03128,2024-12-17,2025-01-16,0,2443257
CAND-03128,2024-12-17,2025-02-15,0,2297079
CAND-03128,2024-12-17,2025-03-17,0,2121666
CAND-03128,2024-12-17,2025-04-16,0,1933723
CAND-03128,2024-12-17,2025-05-16,0,1758310
CAND-03128,2024-12-17,2025-06-15,0,1612132
CAND-03129,2024-10-28,2024-11-27,0,713649
CAND-03129,2024-10-28,2024-12-27,0,655094
CAND-03129,2024-10-28,2025-01-26,0,596538
CAND-03129,2024-10-28,2025-02-25,0,551760
CAND-03130,2024-12-07,2025-01-06,0,355723
CAND-03130,2024-12-07,2025-02-05,0,324227
CAND-03130,2024-12-07,2025-03-07,0,301994
CAND-03130,2024-12-07,2025-04-06,0,276797
CAND-03130,2024-12-07,2025-05-06,0,247724
CAND-03131,2024-11-30,2024-12-30,0,517315
CAND-03131,2024-11-30,2025-01-29,0,480174
CAND-03131,2024-11-30,2025-02-28,0,440381
CAND-03132,2025-01-15,2025-02-14,0,791469
CAND-03132,2025-01-15,2025-03-16,0,721117
CAND-03132,2025-01-15,2025-04-15,0,650764
CAND-03132,2025-01-15,2025-05-15,0,585823
CAND-03132,2025-01-15,2025-06-14,0,525520
CAND-03133,2024-11-04,2024-12-04,0,314171
CAND-03133,2024-11-04,2025-01-03,0,280337
CAND-03133,2024-11-04,2025-02-02,0,257781
CAND-03133,2024-11-04,2025-03-04,0,223948
CAND-03134,2024-11-03,2024-12-03,0,473544
CAND-03134,2024-11-03,2025-01-02,0,438817
CAND-03134,2024-11-03,2025-02-01,0,404091
CAND-03135,2024-12-28,2025-01-27,30,535452
CAND-03135,2024-12-28,2025-02-26,60,523853
CAND-03135,2024-12-28,2025-03-28,90,505680
CAND-03136,2024-11-12,2024-12-12,0,528380
CAND-03136,2024-11-12,2025-01-11,0,484349
CAND-03136,2024-11-12,2025-02-10,0,450677
CAND-03136,2024-11-12,2025-03-12,0,406646
CAND-03136,2024-11-12,2025-04-11,0,362614
CAND-03136,2024-11-12,2025-05-11,0,330813
CAND-03137,2024-12-25,2025-01-24,0,318380
CAND-03137,2024-12-25,2025-02-23,0,290190
CAND-03137,2024-12-25,2025-03-25,0,264169
CAND-03137,2024-12-25,2025-04-24,0,230341
CAND-03138,2024-12-04,2025-01-03,0,535426
CAND-03138,2024-12-04,2025-02-02,0,501681
CAND-03138,2024-12-04,2025-03-04,0,467936
CAND-03138,2024-12-04,2025-04-03,0,429691
CAND-03139,2024-12-04,2025-01-03,0,1513465
CAND-03139,2024-12-04,2025-02-02,30,1466170
CAND-03139,2024-12-04,2025-03-04,60,1431956
CAND-03140,2024-10-22,2024-11-21,0,131479
CAND-03140,2024-10-22,2024-12-21,0,117558
CAND-03140,2024-10-22,2025-01-20,0,105957
CAND-03140,2024-10-22,2025-02-19,0,97768
CAND-03141,2025-01-13,2025-02-12,30,218736
CAND-03141,2025-01-13,2025-03-14,0,200084
CAND-03141,2025-01-13,2025-04-13,0,181432
CAND-03141,2025-01-13,2025-05-13,0,159050
CAND-03141,2025-01-13,2025-06-12,0,146615
CAND-03141,2025-01-13,2025-07-12,0,132626
CAND-03142,2024-11-17,2024-12-17,0,793391
CAND-03142,2024-11-17,2025-01-16,0,715716
CAND-03142,2024-11-17,2025-02-15,0,668248
CAND-03142,2024-11-17,2025-03-17,0,602524
CAND-03143,2024-11-06,2024-12-06,0,425711
CAND-03143,2024-11-06,2025-01-05,0,400371
CAND-03143,2024-11-06,2025-02-04,0,367791
CAND-03144,2024-10-31,2024-11-30,0,964395
CAND-03144,2024-10-31,2024-12-30,0,895509
CAND-03144,2024-10-31,2025-01-29,0,834728
CAND-03145,2025-01-05,2025-02-04,30,957613
CAND-03145,2025-01-05,2025-03-06,0,882635
CAND-03145,2025-01-05,2025-04-05,0,801409
CAND-03145,2025-01-05,2025-05-05,30,775065
CAND-03145,2025-01-05,2025-06-04,60,748722
CAND-03145,2025-01-05,2025-07-04,90,729610
CAND-03146,2024-11-09,2024-12-09,0,289576
CAND-03146,2024-11-09,2025-01-08,0,270649
CAND-03146,2024-11-09,2025-02-07,0,252774
CAND-03147,2024-10-27,2024-11-26,0,352903
CAND-03147,2024-10-27,2024-12-26,0,326213
CAND-03147,2024-10-27,2025-01-25,0,302859
CAND-03147,2024-10-27,2025-02-24,0,265493
CAND-03147,2024-10-27,2025-03-26,30,256151
CAND-03147,2024-10-27,2025-04-25,0,218785
CAND-03148,2025-01-07,2025-02-06,0,297860
CAND-03148,2025-01-07,2025-03-08,0,276348
CAND-03148,2025-01-07,2025-04-07,0,253299
CAND-03149,2024-11-26,2024-12-26,0,826881
CAND-03149,2024-11-26,2025-01-25,0,764344
CAND-03149,2024-11-26,2025-02-24,30,740024
CAND-03150,2024-11-03,2024-12-03,0,372304
CAND-03150,2024-11-03,2025-01-02,0,345711
CAND-03150,2024-11-03,2025-02-01,0,312469
CAND-03150,2024-11-03,2025-03-03,30,303605
CAND-03151,2024-12-05,2025-01-04,0,434506
CAND-03151,2024-12-05,2025-02-03,0,391966
CAND-03151,2024-12-05,2025-03-05,0,360771
CAND-03151,2024-12-05,2025-04-04,0,333246
CAND-03151,2024-12-05,2025-05-04,0,286453
CAND-03152,2024-10-31,2024-11-30,0,277005
CAND-03152,2024-10-31,2024-12-30,0,259082
CAND-03152,2024-10-31,2025-01-29,0,235643
CAND-03152,2024-10-31,2025-02-28,0,213878
CAND-03152,2024-10-31,2025-03-30,0,188486
CAND-03153,2024-12-06,2025-01-05,0,652013
CAND-03153,2024-12-06,2025-02-04,0,589253
CAND-03153,2024-12-06,2025-03-06,0,526492
CAND-03153,2024-12-06,2025-04-05,30,512685
CAND-03154,2025-01-04,2025-02-03,0,483923
CAND-03154,2025-01-04,2025-03-05,0,446477
CAND-03154,2025-01-04,2025-04-04,0,398818
CAND-03155,2024-12-04,2025-01-03,0,114640
CAND-03155,2024-12-04,2025-02-02,0,106360
CAND-03155,2024-12-04,2025-03-04,0,98081
CAND-03155,2024-12-04,2025-04-03,30,94532
CAND-03156,2024-11-13,2024-12-13,0,99948
CAND-03156,2024-11-13,2025-01-12,0,93677
CAND-03156,2024-11-13,2025-02-11,0,87013
CAND-03157,2024-12-08,2025-01-07,0,506255
CAND-03157,2024-12-08,2025-02-06,0,451027
CAND-03157,2024-12-08,2025-03-08,0,416510
CAND-03157,2024-12-08,2025-04-07,0,385828
CAND-03157,2024-12-08,2025-05-07,0,330600
CAND-03157,2024-12-08,2025-06-06,0,296082
CAND-03158,2024-10-10,2024-11-09,0,753760
CAND-03158,2024-10-10,2024-12-09,0,672102
CAND-03158,2024-10-10,2025-01-08,0,626737
CAND-03158,2024-10-10,2025-02-07,0,578704
CAND-03158,2024-10-10,2025-03-09,0,530670
CAND-03159,2024-11-08,2024-12-08,30,881882
CAND-03159,2024-11-08,2025-01-07,60,853404
CAND-03159,2024-11-08,2025-02-06,90,836529
CAND-03159,2024-11-08,2025-03-08,108,813163
CAND-03159,2024-11-08,2025-04-07,108,790381
CAND-03160,2024-10-22,2024-11-21,0,405308
CAND-03160,2024-10-22,2024-12-21,0,380915
CAND-03160,2024-10-22,2025-01-20,0,337006
CAND-03160,2024-10-22,2025-02-19,0,293098
CAND-03160,2024-10-22,2025-03-21,0,259322
CAND-03161,2025-01-18,2025-02-17,30,718685
CAND-03161,2025-01-18,2025-03-19,0,677427
CAND-03161,2025-01-18,2025-04-18,0,620301
CAND-03161,2025-01-18,2025-05-18,0,546037
CAND-03161,2025-01-18,2025-06-17,0,488910
CAND-03161,2025-01-18,2025-07-17,0,427024
CAND-03162,2024-10-17,2024-11-16,0,752218
CAND-03162,2024-10-17,2024-12-16,0,702439
CAND-03162,2024-10-17,2025-01-15,0,655588
CAND-03162,2024-10-17,2025-02-14,0,611340
CAND-03162,2024-10-17,2025-03-16,0,544968
CAND-03162,2024-10-17,2025-04-15,0,498117
CAND-03163,2024-11-14,2024-12-14,0,570387
CAND-03163,2024-11-14,2025-01-13,30,551773
CAND-03163,2024-11-14,2025-02-12,60,540804
CAND-03163,2024-11-14,2025-03-14,90,524202
CAND-03164,2024-12-26,2025-01-25,0,275975
CAND-03164,2024-12-26,2025-02-24,0,258726
CAND-03164,2024-12-26,2025-03-26,0,242436
CAND-03164,2024-12-26,2025-04-25,0,213114
CAND-03164,2024-12-26,2025-05-25,0,193566
CAND-03165,2024-11-25,2024-12-25,0,1200759
CAND-03165,2024-11-25,2025-01-24,0,1117373
CAND-03165,2024-11-25,2025-02-23,0,983956
CAND-03165,2024-11-25,2025-03-25,0,900569
CAND-03166,2024-11-27,2024-12-27,0,1206739
CAND-03166,2024-11-27,2025-01-26,30,1180593
CAND-03166,2024-11-27,2025-02-25,60,1154960
CAND-03167,2024-10-27,2024-11-26,0,2973754
CAND-03167,2024-10-27,2024-12-26,0,2727407
CAND-03167,2024-10-27,2025-01-25,0,2539025
CAND-03167,2024-10-27,2025-02-24,0,2338868
CAND-03167,2024-10-27,2025-03-26,0,2110118
CAND-03167,2024-10-27,2025-04-25,0,1909961
CAND-03168,2024-11-10,2024-12-10,0,355301
CAND-03168,2024-11-10,2025-01-09,0,332908
CAND-03168,2024-11-10,2025-02-08,0,310515
CAND-03168,2024-11-10,2025-03-10,0,278792
CAND-03169,2025-01-27,2025-02-26,0,424417
CAND-03169,2025-01-27,2025-03-28,0,385833
CAND-03169,2025-01-27,2025-04-27,0,339533
CAND-03170,2024-10-27,2024-11-26,0,218203
CAND-03170,2024-10-27,2024-12-26,0,203201
CAND-03170,2024-10-27,2025-01-25,0,187200
CAND-03170,2024-10-27,2025-02-24,30,182399
CAND-03170,2024-10-27,2025-03-26,0,165255
CAND-03170,2024-10-27,2025-04-25,0,150253
CAND-03171,2024-12-27,2025-01-26,0,648441
CAND-03171,2024-12-27,2025-02-25,0,604229
CAND-03171,2024-12-27,2025-03-27,0,560017
CAND-03172,2024-10-24,2024-11-23,0,602851
CAND-03172,2024-10-24,2024-12-23,30,589169
CAND-03172,2024-10-24,2025-01-22,0,546300
CAND-03172,2024-10-24,2025-02-21,0,508474
CAND-03172,2024-10-24,2025-03-23,30,491986
CAND-03173,2024-11-06,2024-12-06,0,1819821
CAND-03173,2024-11-06,2025-01-05,0,1671086
CAND-03173,2024-11-06,2025-02-04,0,1563666
CAND-03175,2024-12-17,2025-01-16,0,1384915
CAND-03175,2024-12-17,2025-02-15,0,1266546
CAND-03175,2024-12-17,2025-03-17,30,1235142
CAND-03175,2024-12-17,2025-04-16,60,1191176
CAND-03175,2024-12-17,2025-05-16,90,1151720
CAND-03175,2024-12-17,2025-06-15,97,1107755
CAND-03176,2024-12-15,2025-01-14,30,691054
CAND-03176,2024-12-15,2025-02-13,60,667993
CAND-03176,2024-12-15,2025-03-15,90,649180
CAND-03177,2025-01-05,2025-02-04,0,1061236
CAND-03177,2025-01-05,2025-03-06,0,977854
CAND-03177,2025-01-05,2025-04-05,0,913000
CAND-03177,2025-01-05,2025-05-05,0,796264
CAND-03178,2025-01-11,2025-02-10,0,1275350
CAND-03178,2025-01-11,2025-03-12,0,1199773
CAND-03178,2025-01-11,2025-04-11,0,1114750
CAND-03179,2024-12-06,2025-01-05,0,205656
CAND-03179,2024-12-06,2025-02-04,0,190102
CAND-03179,2024-12-06,2025-03-06,0,173352
CAND-03179,2024-12-06,2025-04-05,0,156601
CAND-03179,2024-12-06,2025-05-05,0,134826
CAND-03180,2025-01-13,2025-02-12,30,500291
CAND-03180,2025-01-13,2025-03-14,60,484794
CAND-03180,2025-01-13,2025-04-13,90,475662
CAND-03181,2024-12-21,2025-01-20,0,507779
CAND-03181,2024-12-21,2025-02-19,0,469242
CAND-03181,2024-12-21,2025-03-21,0,435522
CAND-03181,2024-12-21,2025-04-20,0,394021
CAND-03181,2024-12-21,2025-05-20,0,349062
CAND-03181,2024-12-21,2025-06-19,0,313094
CAND-03182,2024-12-06,2025-01-05,0,883009
CAND-03182,2024-12-06,2025-02-04,30,852490
CAND-03182,2024-12-06,2025-03-06,60,833940
CAND-03182,2024-12-06,2025-04-05,90,809043
CAND-03183,2025-01-18,2025-02-17,0,581739
CAND-03183,2025-01-18,2025-03-19,0,528413
CAND-03183,2025-01-18,2025-04-18,30,510130
CAND-03183,2025-01-18,2025-05-18,0,451956
CAND-03183,2025-01-18,2025-06-17,0,387965
CAND-03184,2024-12-08,2025-01-07,0,601690
CAND-03184,2024-12-08,2025-02-06,0,566174
CAND-03184,2024-12-08,2025-03-08,0,520510
CAND-03184,2024-12-08,2025-04-07,0,474846
CAND-03184,2024-12-08,2025-05-07,0,437240
CAND-03184,2024-12-08,2025-06-06,0,399635
CAND-03185,2024-12-20,2025-01-19,30,597527
CAND-03185,2024-12-20,2025-02-18,60,578521
CAND-03185,2024-12-20,2025-03-20,90,561144
CAND-03185,2024-12-20,2025-04-19,102,546663
CAND-03186,2024-12-27,2025-01-26,0,855440
CAND-03186,2024-12-27,2025-02-25,0,794337
CAND-03186,2024-12-27,2025-03-27,0,743418
CAND-03186,2024-12-27,2025-04-26,0,672915
CAND-03187,2024-10-17,2024-11-16,0,2024286
CAND-03187,2024-10-17,2024-12-16,0,1896705
CAND-03187,2024-10-17,2025-01-15,0,1715965
CAND-03187,2024-10-17,2025-02-14,0,1499077
CAND-03188,2024-11-18,2024-12-18,30,366075
CAND-03188,2024-11-18,2025-01-17,60,353638
CAND-03188,2024-11-18,2025-02-16,90,346176
CAND-03188,2024-11-18,2025-03-18,119,335202
CAND-03189,2024-11-01,2024-12-01,0,924614
CAND-03189,2024-11-01,2024-12-31,0,866599
CAND-03189,2024-11-01,2025-01-30,0,767974
CAND-03189,2024-11-01,2025-03-01,0,678314
CAND-03189,2024-11-01,2025-03-31,0,602448
CAND-03189,2024-11-01,2025-04-30,0,503823
CAND-03190,2024-11-01,2024-12-01,0,577501
CAND-03190,2024-11-01,2024-12-31,0,525674
CAND-03190,2024-11-01,2025-01-30,0,473847
CAND-03191,2025-01-16,2025-02-15,0,906862
CAND-03191,2025-01-16,2025-03-17,0,810508
CAND-03191,2025-01-16,2025-04-16,0,750287
CAND-03191,2025-01-16,2025-05-16,0,653933
CAND-03192,2024-11-27,2024-12-27,30,624100
CAND-03192,2024-11-27,2025-01-26,0,588720
CAND-03192,2024-11-27,2025-02-25,0,530826
CAND-03193,2024-12-21,2025-01-20,0,1478629
CAND-03193,2024-12-21,2025-02-19,0,1366800
CAND-03193,2024-12-21,2025-03-21,0,1224472
CAND-03193,2024-12-21,2025-04-20,0,1137494
CAND-03193,2024-12-21,2025-05-20,0,1017062
CAND-03194,2024-10-20,2024-11-19,0,213142
CAND-03194,2024-10-20,2024-12-19,0,196902
CAND-03194,2024-10-20,2025-01-18,0,177956
CAND-03195,2024-10-14,2024-11-13,30,239994
CAND-03195,2024-10-14,2024-12-13,0,219423
CAND-03195,2024-10-14,2025-01-12,0,194738
CAND-03195,2024-10-14,2025-02-11,30,190554
CAND-03195,2024-10-14,2025-03-13,0,174097
CAND-03196,2024-10-31,2024-11-30,0,500233
CAND-03196,2024-10-31,2024-12-30,0,470457
CAND-03196,2024-10-31,2025-01-29,30,452592
CAND-03196,2024-10-31,2025-02-28,0,414309
CAND-03197,2025-01-04,2025-02-03,0,549560
CAND-03197,2025-01-04,2025-03-05,0,514539
CAND-03197,2025-01-04,2025-04-04,0,479518
CAND-03197,2025-01-04,2025-05-04,0,444497
CAND-03197,2025-01-04,2025-06-03,0,404807
CAND-03197,2025-01-04,2025-07-03,0,355194
CAND-03198,2024-10-20,2024-11-19,0,143748
CAND-03198,2024-10-20,2024-12-19,0,131839
CAND-03198,2024-10-20,2025-01-18,0,117766
CAND-03198,2024-10-20,2025-02-17,0,102286
CAND-03198,2024-10-20,2025-03-19,30,98686
CAND-03199,2024-12-21,2025-01-20,0,570140
CAND-03199,2024-12-21,2025-02-19,0,517877
CAND-03199,2024-12-21,2025-03-21,0,480986
CAND-03199,2024-12-21,2025-04-20,0,428723
CAND-03199,2024-12-21,2025-05-20,0,371709
CAND-03199,2024-12-21,2025-06-19,0,329899
CAND-03200,2024-11-07,2024-12-07,0,761571
CAND-03200,2024-11-07,2025-01-06,0,684645
CAND-03200,2024-11-07,2025-02-05,0,624202
CAND-03200,2024-11-07,2025-03-07,0,539583
CAND-03200,2024-11-07,2025-04-06,0,462657
CAND-03201,2024-11-11,2024-12-11,0,677485
CAND-03201,2024-11-11,2025-01-10,30,662041
CAND-03201,2024-11-11,2025-02-09,0,619342
CAND-03201,2024-11-11,2025-03-11,0,570951
CAND-03202,2024-11-02,2024-12-02,0,393229
CAND-03202,2024-11-02,2025-01-01,0,365921
CAND-03202,2024-11-02,2025-01-31,0,336793
CAND-03203,2024-12-30,2025-01-29,30,827499
CAND-03203,2024-12-30,2025-02-28,60,803068
CAND-03203,2024-12-30,2025-03-30,90,777156
CAND-03203,2024-12-30,2025-04-29,114,755779
CAND-03203,2024-12-30,2025-05-29,114,739944
CAND-03203,2024-12-30,2025-06-28,114,712361
CAND-03204,2024-11-08,2024-12-08,0,1947787
CAND-03204,2024-11-08,2025-01-07,0,1823664
CAND-03204,2024-11-08,2025-02-06,0,1699540
CAND-03204,2024-11-08,2025-03-08,0,1582312
CAND-03204,2024-11-08,2025-04-07,0,1406470
CAND-03205,2025-01-02,2025-02-01,0,210781
CAND-03205,2025-01-02,2025-03-03,0,194052
CAND-03205,2025-01-02,2025-04-02,0,170632
CAND-03206,2024-11-17,2024-12-17,0,207623
CAND-03206,2024-11-17,2025-01-16,0,190200
CAND-03206,2024-11-17,2025-02-15,0,177617
CAND-03207,2025-01-12,2025-02-11,0,423057
CAND-03207,2025-01-12,2025-03-13,0,392838
CAND-03207,2025-01-12,2025-04-12,0,347511
CAND-03207,2025-01-12,2025-05-12,0,302183
CAND-03207,2025-01-12,2025-06-11,0,275520
CAND-03207,2025-01-12,2025-07-11,0,245302
CAND-03208,2024-10-15,2024-11-14,0,133215
CAND-03208,2024-10-15,2024-12-14,0,123105
CAND-03208,2024-10-15,2025-01-13,0,111310
CAND-03208,2024-10-15,2025-02-12,0,97156
CAND-03209,2024-12-12,2025-01-11,0,543923
CAND-03209,2024-12-12,2025-02-10,0,499094
CAND-03209,2024-12-12,2025-03-12,30,483758
CAND-03210,2024-10-29,2024-11-28,0,518621
CAND-03210,2024-10-29,2024-12-28,0,467544
CAND-03210,2024-10-29,2025-01-27,0,432429
CAND-03210,2024-10-29,2025-02-26,0,399380
CAND-03211,2024-11-30,2024-12-30,0,308605
CAND-03211,2024-11-30,2025-01-29,30,300499
CAND-03211,2024-11-30,2025-02-28,0,274934
CAND-03212,2024-11-21,2024-12-21,0,317756
CAND-03212,2024-11-21,2025-01-20,0,294218
CAND-03212,2024-11-21,2025-02-19,0,273450
CAND-03212,2024-11-21,2025-03-21,30,263362
CAND-03212,2024-11-21,2025-04-20,0,243748
CAND-03213,2024-12-06,2025-01-05,30,627538
CAND-03213,2024-12-06,2025-02-04,60,615246
CAND-03213,2024-12-06,2025-03-06,90,595878
CAND-03214,2024-10-09,2024-11-08,0,1016107
CAND-03214,2024-10-09,2024-12-08,0,942722
CAND-03214,2024-10-09,2025-01-07,0,864094
CAND-03214,2024-10-09,2025-02-06,30,836575
CAND-03214,2024-10-09,2025-03-08,60,812113
CAND-03214,2024-10-09,2025-04-07,90,790097
CAND-03215,2024-11-01,2024-12-01,0,178189
CAND-03215,2024-11-01,2024-12-31,0,163676
CAND-03215,2024-11-01,2025-01-30,0,153194
CAND-03215,2024-11-01,2025-03-01,0,142096
CAND-03216,2024-11-28,2024-12-28,0,850484
CAND-03216,2024-11-28,2025-01-27,0,775181
CAND-03216,2024-11-28,2025-02-26,0,693032
CAND-03216,2024-11-28,2025-03-28,0,639876
CAND-03216,2024-11-28,2025-04-27,0,579634
CAND-03217,2025-01-23,2025-02-22,0,333694
CAND-03217,2025-01-23,2025-03-24,30,327338
CAND-03217,2025-01-23,2025-04-23,60,319922
CAND-03217,2025-01-23,2025-05-23,90,311833
CAND-03218,2024-11-08,2024-12-08,0,422423
CAND-03218,2024-11-08,2025-01-07,0,391132
CAND-03218,2024-11-08,2025-02-06,0,365057
CAND-03219,2024-12-19,2025-01-18,0,388223
CAND-03219,2024-12-19,2025-02-17,0,357972
CAND-03219,2024-12-19,2025-03-19,0,315620
CAND-03219,2024-12-19,2025-04-18,0,285369
CAND-03219,2024-12-19,2025-05-18,0,243018
CAND-03219,2024-12-19,2025-06-17,0,216548
CAND-03220,2024-11-02,2024-12-02,0,2299264
CAND-03220,2024-11-02,2025-01-01,0,2052914
CAND-03220,2024-11-02,2025-01-31,0,1828960
CAND-03221,2024-11-28,2024-12-28,0,589846
CAND-03221,2024-11-28,2025-01-27,0,548884
CAND-03221,2024-11-28,2025-02-26,0,512474
CAND-03221,2024-11-28,2025-03-28,0,462060
CAND-03222,2024-11-24,2024-12-24,0,1023493
CAND-03222,2024-11-24,2025-01-23,0,909771
CAND-03222,2024-11-24,2025-02-22,0,796050
CAND-03222,2024-11-24,2025-03-24,0,682328
CAND-03223,2024-12-08,2025-01-07,0,716219
CAND-03223,2024-12-08,2025-02-06,0,660797
CAND-03223,2024-12-08,2025-03-08,0,615156
CAND-03223,2024-12-08,2025-04-07,0,550497
CAND-03224,2024-11-06,2024-12-06,0,358178
CAND-03224,2024-11-06,2025-01-05,0,325345
CAND-03224,2024-11-06,2025-02-04,0,285946
CAND-03224,2024-11-06,2025-03-06,0,257803
CAND-03224,2024-11-06,2025-04-05,0,231537
CAND-03225,2024-11-23,2024-12-23,0,193601
CAND-03225,2024-11-23,2025-01-22,0,179888
CAND-03225,2024-11-23,2025-02-21,0,162746
CAND-03226,2024-11-22,2024-12-22,0,573270
CAND-03226,2024-11-22,2025-01-21,0,536483
CAND-03226,2024-11-22,2025-02-20,0,479630
CAND-03226,2024-11-22,2025-03-22,0,417091
CAND-03226,2024-11-22,2025-04-21,0,380304
CAND-03227,2024-12-09,2025-01-08,0,532529
CAND-03227,2024-12-09,2025-02-07,0,489005
CAND-03227,2024-12-09,2025-03-09,0,455722
CAND-03227,2024-12-09,2025-04-08,0,422439
CAND-03228,2024-12-08,2025-01-07,30,450834
CAND-03228,2024-12-08,2025-02-06,0,425255
CAND-03228,2024-12-08,2025-03-08,30,412100
CAND-03228,2024-12-08,2025-04-07,60,403878
CAND-03228,2024-12-08,2025-05-07,90,388530
CAND-03228,2024-12-08,2025-06-06,99,380592
CAND-03229,2024-12-10,2025-01-09,0,816087
CAND-03229,2024-12-10,2025-02-08,0,766627
CAND-03229,2024-12-10,2025-03-10,0,707276
CAND-03229,2024-12-10,2025-04-09,30,679454
CAND-03230,2024-10-11,2024-11-10,0,789115
CAND-03230,2024-10-11,2024-12-10,0,704133
CAND-03230,2024-10-11,2025-01-09,30,688682
CAND-03230,2024-10-11,2025-02-08,60,674030
CAND-03230,2024-10-11,2025-03-10,90,654716
CAND-03230,2024-10-11,2025-04-09,106,628964
CAND-03231,2024-11-05,2024-12-05,0,242019
CAND-03231,2024-11-05,2025-01-04,0,223497
CAND-03231,2024-11-05,2025-02-03,0,206210
CAND-03231,2024-11-05,2025-03-05,0,188923
CAND-03231,2024-11-05,2025-04-04,0,168976
CAND-03232,2024-12-28,2025-01-27,0,1114869
CAND-03232,2024-12-28,2025-02-26,0,1044605
CAND-03232,2024-12-28,2025-03-28,0,925154
CAND-03233,2024-10-26,2024-11-25,0,255854
CAND-03233,2024-10-26,2024-12-25,0,238633
CAND-03233,2024-10-26,2025-01-24,0,211079
CAND-03234,2024-11-27,2024-12-27,0,734174
CAND-03234,2024-11-27,2025-01-26,0,654638
CAND-03234,2024-11-27,2025-02-25,0,597827
CAND-03234,2024-11-27,2025-03-27,0,518292
CAND-03234,2024-11-27,2025-04-26,0,438756
CAND-03234,2024-11-27,2025-05-26,0,372477
CAND-03235,2024-12-25,2025-01-24,0,693121
CAND-03235,2024-12-25,2025-02-23,0,624382
CAND-03235,2024-12-25,2025-03-25,0,577123
CAND-03235,2024-12-25,2025-04-24,0,532645
CAND-03235,2024-12-25,2025-05-24,0,469634
CAND-03236,2024-11-20,2024-12-20,0,1484005
CAND-03236,2024-11-20,2025-01-19,0,1340102
CAND-03236,2024-11-20,2025-02-18,0,1218337
CAND-03237,2025-01-02,2025-02-01,0,585832
CAND-03237,2025-01-02,2025-03-03,0,540182
CAND-03237,2025-01-02,2025-04-02,30,527140
CAND-03237,2025-01-02,2025-05-02,60,515520
CAND-03238,2024-12-01,2024-12-31,0,1125585
CAND-03238,2024-12-01,2025-01-30,0,1031130
CAND-03238,2024-12-01,2025-03-01,30,1001894
CAND-03238,2024-12-01,2025-03-31,0,933677
CAND-03238,2024-12-01,2025-04-30,0,865460
CAND-03240,2024-12-11,2025-01-10,0,766973
CAND-03240,2024-12-11,2025-02-09,30,749542
CAND-03240,2024-12-11,2025-03-11,60,735116
CAND-03240,2024-12-11,2025-04-10,90,719903
CAND-03241,2024-12-14,2025-01-13,0,1177075
CAND-03241,2024-12-14,2025-02-12,0,1098604
CAND-03241,2024-12-14,2025-03-14,0,1002023
CAND-03241,2024-12-14,2025-04-13,0,905443
CAND-03242,2024-12-23,2025-01-22,0,503486
CAND-03242,2024-12-23,2025-02-21,0,462175
CAND-03242,2024-12-23,2025-03-23,0,417420
CAND-03243,2024-12-15,2025-01-14,30,437322
CAND-03243,2024-12-15,2025-02-13,0,412332
CAND-03243,2024-12-15,2025-03-15,0,385872
CAND-03243,2024-12-15,2025-04-14,0,360883
CAND-03243,2024-12-15,2025-05-14,0,330895
CAND-03244,2024-11-18,2024-12-18,0,961892
CAND-03244,2024-11-18,2025-01-17,0,857687
CAND-03244,2024-11-18,2025-02-16,0,762955
CAND-03244,2024-11-18,2025-03-18,0,693485
CAND-03244,2024-11-18,2025-04-17,0,635594
CAND-03244,2024-11-18,2025-05-17,0,555436
CAND-03245,2024-11-14,2024-12-14,0,311075
CAND-03245,2024-11-14,2025-01-13,30,304488
CAND-03245,2024-11-14,2025-02-12,0,285113
CAND-03245,2024-11-14,2025-03-14,0,264527
CAND-03246,2025-01-16,2025-02-15,0,498024
CAND-03246,2025-01-16,2025-03-17,0,459217
CAND-03246,2025-01-16,2025-04-16,0,425261
CAND-03246,2025-01-16,2025-05-16,0,386454
CAND-03246,2025-01-16,2025-06-15,30,368928
CAND-03246,2025-01-16,2025-07-15,0,336969
CAND-03247,2024-10-23,2024-11-22,0,661758
CAND-03247,2024-10-23,2024-12-22,0,611709
CAND-03247,2024-10-23,2025-01-21,0,541641
CAND-03247,2024-10-23,2025-02-20,0,483250
CAND-03247,2024-10-23,2025-03-22,0,433201
CAND-03247,2024-10-23,2025-04-21,30,409845
CAND-03248,2024-12-26,2025-01-25,0,1026537
CAND-03248,2024-12-26,2025-02-24,0,914552
CAND-03248,2024-12-26,2025-03-26,0,834562
CAND-03248,2024-12-26,2025-04-25,30,814201
CAND-03248,2024-12-26,2025-05-25,0,720879
CAND-03249,2024-11-10,2024-12-10,0,519700
CAND-03249,2024-11-10,2025-01-09,0,463399
CAND-03249,2024-11-10,2025-02-08,0,432121
CAND-03249,2024-11-10,2025-03-10,0,391906
CAND-03249,2024-11-10,2025-04-09,0,351691
CAND-03250,2024-12-24,2025-01-23,0,774030
CAND-03250,2024-12-24,2025-02-22,0,705227
CAND-03250,2024-12-24,2025-03-24,0,646254
CAND-03250,2024-12-24,2025-04-23,0,591211
CAND-03250,2024-12-24,2025-05-23,0,508648
CAND-03250,2024-12-24,2025-06-22,0,439846
CAND-03251,2024-12-22,2025-01-21,0,580229
CAND-03251,2024-12-22,2025-02-20,0,545692
CAND-03251,2024-12-22,2025-03-22,0,501286
CAND-03251,2024-12-22,2025-04-21,0,462432
CAND-03251,2024-12-22,2025-05-21,0,405916
CAND-03252,2024-12-01,2024-12-31,0,235370
CAND-03252,2024-12-01,2025-01-30,0,220986
CAND-03252,2024-12-01,2025-03-01,30,216363
CAND-03252,2024-12-01,2025-03-31,60,210479
CAND-03252,2024-12-01,2025-04-30,90,204314
CAND-03253,2024-12-23,2025-01-22,0,897947
CAND-03253,2024-12-23,2025-02-21,0,841605
CAND-03253,2024-12-23,2025-03-23,0,777751
CAND-03253,2024-12-23,2025-04-22,0,681970
CAND-03254,2024-10-21,2024-11-20,0,627412
CAND-03254,2024-10-21,2024-12-20,0,559442
CAND-03254,2024-10-21,2025-01-19,0,516961
CAND-03254,2024-10-21,2025-02-18,0,455171
CAND-03254,2024-10-21,2025-03-20,30,443452
CAND-03254,2024-10-21,2025-04-19,60,424571
CAND-03255,2024-11-05,2024-12-05,0,432411
CAND-03255,2024-11-05,2025-01-04,0,398950
CAND-03255,2024-11-05,2025-02-03,0,367721
CAND-03255,2024-11-05,2025-03-05,0,338443
CAND-03255,2024-11-05,2025-04-04,0,304983
CAND-03256,2024-12-28,2025-01-27,0,1895603
CAND-03256,2024-12-28,2025-02-26,0,1724472
CAND-03256,2024-12-28,2025-03-28,0,1519115
CAND-03256,2024-12-28,2025-04-27,0,1405028
CAND-03256,2024-12-28,2025-05-27,0,1290941
CAND-03256,2024-12-28,2025-06-26,0,1085584
CAND-03257,2024-12-16,2025-01-15,0,348126
CAND-03257,2024-12-16,2025-02-14,30,341183
CAND-03257,2024-12-16,2025-03-16,60,332039
CAND-03258,2024-12-26,2025-01-25,0,818701
CAND-03258,2024-12-26,2025-02-24,0,750880
CAND-03258,2024-12-26,2025-03-26,0,695775
CAND-03259,2024-11-15,2024-12-15,0,805971
CAND-03259,2024-11-15,2025-01-14,0,754914
CAND-03259,2024-11-15,2025-02-13,0,688147
CAND-03259,2024-11-15,2025-03-15,0,637090
CAND-03259,2024-11-15,2025-04-14,0,564760
CAND-03259,2024-11-15,2025-05-14,0,513703
CAND-03260,2024-11-29,2024-12-29,0,452417
CAND-03260,2024-11-29,2025-01-28,0,420102
CAND-03260,2024-11-29,2025-02-27,0,385478
CAND-03260,2024-11-29,2025-03-29,0,337005
CAND-03261,2024-10-24,2024-11-23,0,1050160
CAND-03261,2024-10-24,2024-12-23,0,952923
CAND-03261,2024-10-24,2025-01-22,0,855686
CAND-03261,2024-10-24,2025-02-21,0,782759
CAND-03261,2024-10-24,2025-03-23,30,751222
CAND-03262,2024-11-04,2024-12-04,30,435452
CAND-03262,2024-11-04,2025-01-03,60,425345
CAND-03262,2024-11-04,2025-02-02,90,415883
CAND-03262,2024-11-04,2025-03-04,111,408345
CAND-03262,2024-11-04,2025-04-03,111,399793
CAND-03263,2024-11-27,2024-12-27,0,1495655
CAND-03263,2024-11-27,2025-01-26,0,1395499
CAND-03263,2024-11-27,2025-02-25,30,1348367
CAND-03263,2024-11-27,2025-03-27,60,1298289
CAND-03264,2024-12-10,2025-01-09,0,679583
CAND-03264,2024-12-10,2025-02-08,0,638396
CAND-03264,2024-12-10,2025-03-10,0,597209
CAND-03264,2024-12-10,2025-04-09,30,578675
CAND-03264,2024-12-10,2025-05-09,0,511278
CAND-03265,2024-10-21,2024-11-20,0,478883
CAND-03265,2024-10-21,2024-12-20,0,446232
CAND-03265,2024-10-21,2025-01-19,30,434083
CAND-03265,2024-10-21,2025-02-18,60,417231
CAND-03265,2024-10-21,2025-03-20,90,404489
CAND-03266,2024-12-04,2025-01-03,0,730278
CAND-03266,2024-12-04,2025-02-02,0,674390
CAND-03266,2024-12-04,2025-03-04,30,654327
CAND-03266,2024-12-04,2025-04-03,0,576083
CAND-03266,2024-12-04,2025-05-03,0,523920
CAND-03267,2024-12-23,2025-01-22,0,212025
CAND-03267,2024-12-23,2025-02-21,0,198514
CAND-03267,2024-12-23,2025-03-23,0,185002
CAND-03267,2024-12-23,2025-04-22,0,169689
CAND-03267,2024-12-23,2025-05-22,0,153283
CAND-03268,2024-12-10,2025-01-09,0,639471
CAND-03268,2024-12-10,2025-02-08,0,600392
CAND-03268,2024-12-10,2025-03-10,0,550148
CAND-03269,2024-11-17,2024-12-17,0,369842
CAND-03269,2024-11-17,2025-01-16,0,347583
CAND-03269,2024-11-17,2025-02-15,0,314194
CAND-03269,2024-11-17,2025-03-17,0,289153
CAND-03269,2024-11-17,2025-04-16,0,262442
CAND-03269,2024-11-17,2025-05-16,0,237401
CAND-03270,2024-10-16,2024-11-15,0,856399
CAND-03270,2024-10-16,2024-12-15,0,801443
CAND-03270,2024-10-16,2025-01-14,0,708017
CAND-03270,2024-10-16,2025-02-13,0,623085
CAND-03270,2024-10-16,2025-03-15,0,568129
CAND-03271,2024-11-29,2024-12-29,0,760849
CAND-03271,2024-11-29,2025-01-28,0,686740
CAND-03271,2024-11-29,2025-02-27,0,618807
CAND-03271,2024-11-29,2025-03-29,0,550874
CAND-03272,2024-12-14,2025-01-13,0,1441520
CAND-03272,2024-12-14,2025-02-12,0,1346125
CAND-03272,2024-12-14,2025-03-14,0,1244371
CAND-03272,2024-12-14,2025-04-13,0,1135348
CAND-03272,2024-12-14,2025-05-13,0,1008155
CAND-03272,2024-12-14,2025-06-12,0,890746
CAND-03273,2024-10-15,2024-11-14,0,608303
CAND-03273,2024-10-15,2024-12-14,0,557256
CAND-03273,2024-10-15,2025-01-13,0,496929
CAND-03273,2024-10-15,2025-02-12,0,445882
CAND-03274,18-12-2024,2025-01-17,0,680696
CAND-03274,18-12-2024,2025-02-16,30,666514
CAND-03274,18-12-2024,2025-03-18,60,647482
CAND-03274,18-12-2024,2025-04-17,90,632722
CAND-03275,10-01-2025,2025-02-09,30,1234463
CAND-03275,10-01-2025,2025-03-11,60,1202224
CAND-03275,10-01-2025,2025-04-10,90,1170790
CAND-03276,2024-12-14,2025-01-13,0,657439
CAND-03276,2024-12-14,2025-02-12,30,644259
CAND-03276,2024-12-14,2025-03-14,60,629707
CAND-03276,2024-12-14,2025-04-13,90,617452
CAND-03276,2024-12-14,2025-05-13,98,602589
CAND-03276,2024-12-14,2025-06-12,90,589654
CAND-03277,2025-01-01,2025-01-31,30,1069532
CAND-03277,2025-01-01,2025-03-02,0,985347
CAND-03277,2025-01-01,2025-04-01,0,894147
CAND-03278,2024-12-21,2025-01-20,0,305735
CAND-03278,2024-12-21,2025-02-19,0,282077
CAND-03278,2024-12-21,2025-03-21,0,263676
CAND-03278,2024-12-21,2025-04-20,30,257307
CAND-03279,2024-11-08,2024-12-08,0,959422
CAND-03279,2024-11-08,2025-01-07,0,878911
CAND-03279,2024-11-08,2025-02-06,0,820764
CAND-03279,2024-11-08,2025-03-08,0,725615
CAND-03280,2024-11-09,2024-12-09,0,193604
CAND-03280,2024-11-09,2025-01-08,0,181545
CAND-03280,2024-11-09,2025-02-07,0,162910
CAND-03281,2024-11-08,2024-12-08,0,857060
CAND-03281,2024-11-08,2025-01-07,0,763562
CAND-03281,2024-11-08,2025-02-06,0,711619
CAND-03282,2024-11-14,2024-12-14,30,1476610
CAND-03282,2024-11-14,2025-01-13,0,1374994
CAND-03282,2024-11-14,2025-02-12,0,1279729
CAND-03282,2024-11-14,2025-03-14,0,1190068
CAND-03282,2024-11-14,2025-04-13,0,1105387
CAND-03283,2024-12-03,2025-01-02,0,686867
CAND-03283,2024-12-03,2025-02-01,0,612456
CAND-03283,2024-12-03,2025-03-03,0,562849
CAND-03283,2024-12-03,2025-04-02,0,500841
CAND-03283,2024-12-03,2025-05-02,0,438832
CAND-03283,2024-12-03,2025-06-01,0,389225
CAND-03284,2024-11-22,2024-12-22,0,723862
CAND-03284,2024-11-22,2025-01-21,0,664700
CAND-03284,2024-11-22,2025-02-20,30,651439
CAND-03284,2024-11-22,2025-03-22,0,587348
CAND-03284,2024-11-22,2025-04-21,30,563313
CAND-03284,2024-11-22,2025-05-21,60,542527
CAND-03285,2024-11-16,2024-12-16,0,531901
CAND-03285,2024-11-16,2025-01-15,0,494963
CAND-03285,2024-11-16,2025-02-14,0,449502
CAND-03285,2024-11-16,2025-03-16,0,407287
CAND-03285,2024-11-16,2025-04-15,0,370350
CAND-03286,2024-12-01,2024-12-31,0,501591
CAND-03286,2024-12-01,2025-01-30,0,462777
CAND-03286,2024-12-01,2025-03-01,0,432589
CAND-03286,2024-12-01,2025-03-31,0,393775
CAND-03286,2024-12-01,2025-04-30,0,351976
CAND-03286,2024-12-01,2025-05-30,0,297637
CAND-03287,2025-01-03,2025-02-02,0,411766
CAND-03287,2025-01-03,2025-03-04,0,371659
CAND-03287,2025-01-03,2025-04-03,0,345707
CAND-03287,2025-01-03,2025-05-03,0,308943
CAND-03287,2025-01-03,2025-06-02,0,268835
CAND-03288,2024-12-11,2025-01-10,0,458845
CAND-03288,2024-12-11,2025-02-09,0,412961
CAND-03288,2024-12-11,2025-03-11,0,370900
CAND-03288,2024-12-11,2025-04-10,0,342860
CAND-03288,2024-12-11,2025-05-10,0,296975
CAND-03288,2024-12-11,2025-06-09,0,246502
CAND-03289,2025-01-08,2025-02-07,0,528012
CAND-03289,2025-01-08,2025-03-09,0,490103
CAND-03289,2025-01-08,2025-04-08,30,478731
CAND-03291,2024-12-09,2025-01-08,0,231078
CAND-03291,2024-12-09,2025-02-07,0,217073
CAND-03291,2024-12-09,2025-03-09,0,202245
CAND-03292,2024-11-20,2024-12-20,0,901865
CAND-03292,2024-11-20,2025-01-19,0,821341
CAND-03292,2024-11-20,2025-02-18,0,767659
CAND-03293,2024-11-30,2024-12-30,0,653366
CAND-03293,2024-11-30,2025-01-29,0,612530
CAND-03293,2024-11-30,2025-02-28,0,566250
CAND-03294,2024-10-26,2024-11-25,30,221124
CAND-03294,2024-10-26,2024-12-25,0,206099
CAND-03294,2024-10-26,2025-01-24,0,192013
CAND-03295,2025-01-29,2025-02-28,0,433294
CAND-03295,2025-01-29,2025-03-30,0,390322
CAND-03295,2025-01-29,2025-04-29,0,362517
CAND-03296,2024-11-04,2024-12-04,0,393113
CAND-03296,2024-11-04,2025-01-03,0,357376
CAND-03296,2024-11-04,2025-02-02,30,348624
CAND-03296,2024-11-04,2025-03-04,0,312886
CAND-03297,2024-10-29,2024-11-28,0,270235
CAND-03297,2024-10-29,2024-12-28,0,253554
CAND-03297,2024-10-29,2025-01-27,30,245855
CAND-03297,2024-10-29,2025-02-26,60,237953
CAND-03297,2024-10-29,2025-03-28,90,229838
CAND-03298,2024-10-18,2024-11-17,0,352777
CAND-03298,2024-10-18,2024-12-17,0,318240
CAND-03298,2024-10-18,2025-01-16,0,295892
CAND-03298,2024-10-18,2025-02-15,30,288586
CAND-03299,2024-11-05,2024-12-05,0,423083
CAND-03299,2024-11-05,2025-01-04,0,392998
CAND-03299,2024-11-05,2025-02-03,0,366451
CAND-03300,2024-11-02,2024-12-02,30,284006
CAND-03300,2024-11-02,2025-01-01,0,257380
CAND-03300,2024-11-02,2025-01-31,30,248505
CAND-03300,2024-11-02,2025-03-02,60,239057
CAND-03301,2024-12-28,2025-01-27,0,245897
CAND-03301,2024-12-28,2025-02-26,0,222228
CAND-03301,2024-12-28,2025-03-28,0,207764
CAND-03301,2024-12-28,2025-04-27,0,187736
CAND-03301,2024-12-28,2025-05-27,0,167708
CAND-03301,2024-12-28,2025-06-26,0,151435
CAND-03302,2024-12-28,2025-01-27,0,226135
CAND-03302,2024-12-28,2025-02-26,0,205406
CAND-03302,2024-12-28,2025-03-28,0,180531
CAND-03302,2024-12-28,2025-04-27,0,159802
CAND-03303,2024-11-15,2024-12-15,30,455737
CAND-03303,2024-11-15,2025-01-14,0,424576
CAND-03303,2024-11-15,2025-02-13,30,414838
CAND-03303,2024-11-15,2025-03-15,60,403968
CAND-03303,2024-11-15,2025-04-14,90,392838
CAND-03304,2024-11-02,2024-12-02,0,634837
CAND-03304,2024-11-02,2025-01-01,0,582515
CAND-03304,2024-11-02,2025-01-31,0,544727
CAND-03304,2024-11-02,2025-03-02,0,492405
CAND-03304,2024-11-02,2025-04-01,0,454617
CAND-03305,2024-12-05,2025-01-04,0,390020
CAND-03305,2024-12-05,2025-02-03,0,356684
CAND-03305,2024-12-05,2025-03-05,0,320572
CAND-03305,2024-12-05,2025-04-04,0,281176
CAND-03306,2025-01-03,2025-02-02,0,145040
CAND-03306,2025-01-03,2025-03-04,0,135442
CAND-03306,2025-01-03,2025-04-03,0,126408
CAND-03306,2025-01-03,2025-05-03,0,111051
CAND-03306,2025-01-03,2025-06-02,0,98253
CAND-03306,2025-01-03,2025-07-02,0,85456
CAND-03307,2024-12-14,2025-01-13,30,1249561
CAND-03307,2024-12-14,2025-02-12,60,1221928
CAND-03307,2024-12-14,2025-03-14,90,1198817
CAND-03308,2024-12-14,2025-01-13,0,381360
CAND-03308,2024-12-14,2025-02-12,0,340840
CAND-03308,2024-12-14,2025-03-14,30,333473
CAND-03308,2024-12-14,2025-04-13,0,302304
CAND-03309,2024-12-31,2025-01-30,0,492643
CAND-03309,2024-12-31,2025-03-01,0,455255
CAND-03309,2024-12-31,2025-03-31,0,426175
CAND-03309,2024-12-31,2025-04-30,0,395385
CAND-03309,2024-12-31,2025-05-30,0,362670
CAND-03310,2024-12-12,2025-01-11,0,1125565
CAND-03310,2024-12-12,2025-02-10,0,1038983
CAND-03310,2024-12-12,2025-03-12,0,967680
CAND-03310,2024-12-12,2025-04-11,0,874438
CAND-03310,2024-12-12,2025-05-11,30,850671
CAND-03311,2024-12-25,2025-01-24,30,1026532
CAND-03311,2024-12-25,2025-02-23,60,1008183
CAND-03311,2024-12-25,2025-03-25,90,980660
CAND-03311,2024-12-25,2025-04-24,104,956336
CAND-03311,2024-12-25,2025-05-24,104,927284
CAND-03312,2024-10-31,2024-11-30,0,273519
CAND-03312,2024-10-31,2024-12-30,30,268137
CAND-03312,2024-10-31,2025-01-29,60,262948
CAND-03312,2024-10-31,2025-02-28,90,256630
CAND-03313,2024-12-08,2025-01-07,0,837113
CAND-03313,2024-12-08,2025-02-06,30,807859
CAND-03313,2024-12-08,2025-03-08,0,732286
CAND-03313,2024-12-08,2025-04-07,0,662527
CAND-03313,2024-12-08,2025-05-07,0,571839
CAND-03313,2024-12-08,2025-06-06,0,515160
CAND-03314,2024-12-05,2025-01-04,0,174668
CAND-03314,2024-12-05,2025-02-03,0,164156
CAND-03314,2024-12-05,2025-03-05,0,146954
CAND-03314,2024-12-05,2025-04-04,0,131185
CAND-03314,2024-12-05,2025-05-04,0,119359
CAND-03315,2024-12-12,2025-01-11,0,604691
CAND-03315,2024-12-12,2025-02-10,0,549719
CAND-03315,2024-12-12,2025-03-12,0,498976
CAND-03315,2024-12-12,2025-04-11,30,483635
CAND-03315,2024-12-12,2025-05-11,0,432892
CAND-03315,2024-12-12,2025-06-10,0,388914
CAND-03316,2025-01-11,2025-02-10,0,219266
CAND-03316,2025-01-11,2025-03-12,0,204648
CAND-03316,2025-01-11,2025-04-11,0,181260
CAND-03316,2025-01-11,2025-05-11,30,176582
CAND-03316,2025-01-11,2025-06-10,0,162825
CAND-03317,2025-01-02,2025-02-01,0,405464
CAND-03317,2025-01-02,2025-03-03,0,378963
CAND-03317,2025-01-02,2025-04-02,0,352463
CAND-03317,2025-01-02,2025-05-02,0,307411
CAND-03317,2025-01-02,2025-06-01,0,272756
CAND-03317,2025-01-02,2025-07-01,0,246255
CAND-03318,2024-12-10,2025-01-09,0,1932409
CAND-03318,2024-12-10,2025-02-08,0,1802343
CAND-03318,2024-12-10,2025-03-10,0,1628922
CAND-03318,2024-12-10,2025-04-09,0,1490185
CAND-03319,2024-12-24,2025-01-23,0,672366
CAND-03319,2024-12-24,2025-02-22,0,616335
CAND-03319,2024-12-24,2025-03-24,30,602592
CAND-03319,2024-12-24,2025-04-23,0,550563
CAND-03319,2024-12-24,2025-05-23,0,502004
CAND-03319,2024-12-24,2025-06-22,0,441304
CAND-03320,2024-11-09,2024-12-09,0,1456656
CAND-03320,2024-11-09,2025-01-08,0,1360260
CAND-03320,2024-11-09,2025-02-07,0,1257437
CAND-03320,2024-11-09,2025-03-09,0,1103203
CAND-03320,2024-11-09,2025-04-08,0,993036
CAND-03321,2024-10-24,2024-11-23,0,662817
CAND-03321,2024-10-24,2024-12-23,30,647098
CAND-03321,2024-10-24,2025-01-22,0,586842
CAND-03321,2024-10-24,2025-02-21,0,546671
CAND-03321,2024-10-24,2025-03-23,30,533524
CAND-03321,2024-10-24,2025-04-22,60,521269
CAND-03322,2024-10-11,2024-11-10,0,597199
CAND-03322,2024-10-11,2024-12-10,0,533498
CAND-03322,2024-10-11,2025-01-09,0,475587
CAND-03322,2024-10-11,2025-02-08,0,430087
CAND-03322,2024-10-11,2025-03-10,0,384586
CAND-03323,2024-12-14,2025-01-13,0,391195
CAND-03323,2024-12-14,2025-02-12,0,347729
CAND-03323,2024-12-14,2025-03-14,0,322161
CAND-03323,2024-12-14,2025-04-13,0,296592
CAND-03323,2024-12-14,2025-05-13,0,260370
CAND-03323,2024-12-14,2025-06-12,0,233204
CAND-03324,2025-01-08,2025-02-07,0,503503
CAND-03324,2025-01-08,2025-03-09,30,490810
CAND-03324,2025-01-08,2025-04-08,0,449801
CAND-03324,2025-01-08,2025-05-08,30,434120
CAND-03325,2024-12-04,2025-01-03,0,343104
CAND-03325,2024-12-04,2025-02-02,0,304982
CAND-03325,2024-12-04,2025-03-04,0,270325
CAND-03326,2025-01-01,2025-01-31,0,725333
CAND-03326,2025-01-01,2025-03-02,0,679384
CAND-03326,2025-01-01,2025-04-01,30,658828
CAND-03327,2024-12-26,2025-01-25,0,377428
CAND-03327,2024-12-26,2025-02-24,0,344010
CAND-03327,2024-12-26,2025-03-26,0,315366
CAND-03327,2024-12-26,2025-04-25,0,293087
CAND-03327,2024-12-26,2025-05-25,0,269498
CAND-03327,2024-12-26,2025-06-24,0,233042
CAND-03328,2024-11-05,2024-12-05,0,354872
CAND-03328,2024-11-05,2025-01-04,0,331108
CAND-03328,2024-11-05,2025-02-03,0,308742
CAND-03328,2024-11-05,2025-03-05,0,279495
CAND-03328,2024-11-05,2025-04-04,0,254147
CAND-03328,2024-11-05,2025-05-04,0,233023
CAND-03329,2024-10-05,2024-11-04,30,537740
CAND-03329,2024-10-05,2024-12-04,60,522897
CAND-03329,2024-10-05,2025-01-03,30,513262
CAND-03329,2024-10-05,2025-02-02,0,478938
CAND-03329,2024-10-05,2025-03-04,30,465544
CAND-03330,2024-12-10,2025-01-09,0,361531
CAND-03330,2024-12-10,2025-02-08,0,328391
CAND-03330,2024-12-10,2025-03-10,0,297799
CAND-03330,2024-12-10,2025-04-09,0,261646
CAND-03330,2024-12-10,2025-05-09,0,231055
CAND-03330,2024-12-10,2025-06-08,0,200464
CAND-03331,2024-12-21,2025-01-20,0,1211496
CAND-03331,2024-12-21,2025-02-19,0,1112823
CAND-03331,2024-12-21,2025-03-21,0,984546
CAND-03331,2024-12-21,2025-04-20,0,877650
CAND-03332,2024-10-26,2024-11-25,0,163117
CAND-03332,2024-10-26,2024-12-25,0,151034
CAND-03332,2024-10-26,2025-01-24,0,135931
CAND-03332,2024-10-26,2025-02-23,0,119454
CAND-03332,2024-10-26,2025-03-25,0,108793
CAND-03333,2024-11-02,2024-12-02,0,562439
CAND-03333,2024-11-02,2025-01-01,0,528352
CAND-03333,2024-11-02,2025-01-31,0,487447
CAND-03333,2024-11-02,2025-03-02,0,446543
CAND-03333,2024-11-02,2025-04-01,0,399345
CAND-03334,2025-01-14,2025-02-13,0,679732
CAND-03334,2025-01-14,2025-03-15,0,611759
CAND-03334,2025-01-14,2025-04-14,0,549450
CAND-03335,2024-11-05,2024-12-05,0,385336
CAND-03335,2024-11-05,2025-01-04,0,359063
CAND-03335,2024-11-05,2025-02-03,0,332790
CAND-03335,2024-11-05,2025-03-05,0,302764
CAND-03335,2024-11-05,2025-04-04,0,272737
CAND-03335,2024-11-05,2025-05-04,0,240402
CAND-03336,2024-12-27,2025-01-26,30,412258
CAND-03336,2024-12-27,2025-02-25,60,403654
CAND-03336,2024-12-27,2025-03-27,90,396508
CAND-03336,2024-12-27,2025-04-26,109,384796
CAND-03336,2024-12-27,2025-05-26,109,375213
CAND-03337,2024-11-25,2024-12-25,0,1694255
CAND-03337,2024-11-25,2025-01-24,0,1571036
CAND-03337,2024-11-25,2025-02-23,0,1386208
CAND-03337,2024-11-25,2025-03-25,0,1270691
CAND-03337,2024-11-25,2025-04-24,0,1116668
CAND-03337,2024-11-25,2025-05-24,0,931840
CAND-03338,2024-12-28,2025-01-27,0,311990
CAND-03338,2024-12-28,2025-02-26,30,305057
CAND-03338,2024-12-28,2025-03-28,60,297493
CAND-03339,2025-01-06,2025-02-05,0,823488
CAND-03339,2025-01-06,2025-03-07,0,771011
CAND-03339,2025-01-06,2025-04-06,0,721449
CAND-03339,2025-01-06,2025-05-06,0,668972
CAND-03339,2025-01-06,2025-06-05,0,609498
CAND-03340,2025-01-09,2025-02-08,0,566879
CAND-03340,2025-01-09,2025-03-10,0,511380
CAND-03340,2025-01-09,2025-04-09,0,464420
CAND-03340,2025-01-09,2025-05-09,0,423721
CAND-03340,2025-01-09,2025-06-08,0,372847
CAND-03341,2024-10-23,2024-11-22,0,570812
CAND-03341,2024-10-23,2024-12-22,30,560076
CAND-03341,2024-10-23,2025-01-21,60,542284
CAND-03341,2024-10-23,2025-02-20,90,526717
CAND-03342,2024-12-29,2025-01-28,0,753322
CAND-03342,2024-12-29,2025-02-27,0,701959
CAND-03342,2024-12-29,2025-03-29,0,633475
CAND-03343,2024-10-30,2024-11-29,0,799905
CAND-03343,2024-10-30,2024-12-29,0,738374
CAND-03343,2024-10-30,2025-01-28,0,687701
CAND-03343,2024-10-30,2025-02-27,0,626170
CAND-03343,2024-10-30,2025-03-29,30,607027
CAND-03343,2024-10-30,2025-04-28,60,590773
CAND-03344,2025-01-15,2025-02-14,0,669695
CAND-03344,2025-01-15,2025-03-16,0,630164
CAND-03344,2025-01-15,2025-04-15,0,575430
CAND-03344,2025-01-15,2025-05-15,0,510743
CAND-03344,2025-01-15,2025-06-14,0,459918
CAND-03345,2024-11-28,2024-12-28,30,693688
CAND-03345,2024-11-28,2025-01-27,0,645950
CAND-03345,2024-11-28,2025-02-26,0,598213
CAND-03345,2024-11-28,2025-03-28,0,547065
CAND-03345,2024-11-28,2025-04-27,0,481968
CAND-03345,2024-11-28,2025-05-27,0,442187
CAND-03346,2024-11-22,2024-12-22,0,1154127
CAND-03346,2024-11-22,2025-01-21,30,1126529
CAND-03346,2024-11-22,2025-02-20,60,1090256
CAND-03346,2024-11-22,2025-03-22,30,1053983
CAND-03346,2024-11-22,2025-04-21,60,1026385
CAND-03347,2024-12-01,2024-12-31,0,607340
CAND-03347,2024-12-01,2025-01-30,0,568866
CAND-03347,2024-12-01,2025-03-01,0,522148
CAND-03347,2024-12-01,2025-03-31,0,467643
CAND-03347,2024-12-01,2025-04-30,0,402237
CAND-03348,2024-11-21,2024-12-21,0,132165
CAND-03348,2024-11-21,2025-01-20,0,124007
CAND-03348,2024-11-21,2025-02-19,0,113517
CAND-03349,2024-12-22,2025-01-21,0,229540
CAND-03349,2024-12-22,2025-02-20,0,215513
CAND-03349,2024-12-22,2025-03-22,0,190263
CAND-03349,2024-12-22,2025-04-21,0,173430
CAND-03349,2024-12-22,2025-05-21,30,168170
CAND-03351,2024-11-03,2024-12-03,0,550674
CAND-03351,2024-11-03,2025-01-02,0,508062
CAND-03351,2024-11-03,2025-02-01,0,472970
CAND-03351,2024-11-03,2025-03-03,0,413314
CAND-03352,2025-01-24,2025-02-23,0,560840
CAND-03352,2025-01-24,2025-03-25,0,499148
CAND-03352,2025-01-24,2025-04-24,0,464874
CAND-03352,2025-01-24,2025-05-24,0,426316
CAND-03352,2025-01-24,2025-06-23,0,378861
CAND-03353,2024-10-28,2024-11-27,0,103633
CAND-03353,2024-10-28,2024-12-27,0,93539
CAND-03353,2024-10-28,2025-01-26,0,84997
CAND-03353,2024-10-28,2025-02-25,0,78829
CAND-03354,2024-10-29,2024-11-28,0,998086
CAND-03354,2024-10-29,2024-12-28,0,921702
CAND-03354,2024-10-29,2025-01-27,0,845318
CAND-03354,2024-10-29,2025-02-26,0,768934
CAND-03355,2024-12-05,2025-01-04,0,1691825
CAND-03355,2024-12-05,2025-02-03,30,1650166
CAND-03355,2024-12-05,2025-03-05,0,1544793
CAND-03356,2024-11-29,2024-12-29,0,1339209
CAND-03356,2024-11-29,2025-01-28,0,1215208
CAND-03356,2024-11-29,2025-02-27,0,1116008
CAND-03356,2024-11-29,2025-03-29,0,1016807
CAND-03356,2024-11-29,2025-04-28,0,934140
CAND-03357,2024-10-19,2024-11-18,0,568982
CAND-03357,2024-10-19,2024-12-18,0,534940
CAND-03357,2024-10-19,2025-01-17,0,473665
CAND-03357,2024-10-19,2025-02-16,0,437621
CAND-03357,2024-10-19,2025-03-18,0,401577
CAND-03357,2024-10-19,2025-04-17,0,365533
CAND-03358,2024-11-08,2024-12-08,0,667292
CAND-03358,2024-11-08,2025-01-07,0,612296
CAND-03358,2024-11-08,2025-02-06,0,572576
CAND-03358,2024-11-08,2025-03-08,0,524912
CAND-03359,2024-10-22,2024-11-21,0,219762
CAND-03359,2024-10-22,2024-12-21,30,215113
CAND-03359,2024-10-22,2025-01-20,0,201683
CAND-03359,2024-10-22,2025-02-19,0,188253
CAND-03359,2024-10-22,2025-03-21,0,174823
CAND-03360,2024-10-18,2024-11-17,0,1019736
CAND-03360,2024-10-18,2024-12-17,0,916732
CAND-03360,2024-10-18,2025-01-16,0,822312
CAND-03360,2024-10-18,2025-02-15,0,746776
CAND-03360,2024-10-18,2025-03-17,0,643773
CAND-03361,2025-01-04,2025-02-03,0,739000
CAND-03361,2025-01-04,2025-03-05,0,695012
CAND-03361,2025-01-04,2025-04-04,0,615834
CAND-03362,2024-11-17,2024-12-17,0,648670
CAND-03362,2024-11-17,2025-01-16,0,598124
CAND-03362,2024-11-17,2025-02-15,0,543690
CAND-03362,2024-11-17,2025-03-17,0,502065
CAND-03362,2024-11-17,2025-04-16,0,451519
CAND-03363,2024-12-19,2025-01-18,0,823273
CAND-03363,2024-12-19,2025-02-17,0,774018
CAND-03363,2024-12-19,2025-03-19,30,747151
CAND-03364,2024-11-11,2024-12-11,0,248071
CAND-03364,2024-11-11,2025-01-10,0,221009
CAND-03364,2024-11-11,2025-02-09,0,198457
CAND-03365,2024-11-17,2024-12-17,0,251075
CAND-03365,2024-11-17,2025-01-16,0,235437
CAND-03365,2024-11-17,2025-02-15,0,214987
CAND-03365,2024-11-17,2025-03-17,0,192834
CAND-03366,2024-12-27,2025-01-26,30,189309
CAND-03366,2024-12-27,2025-02-25,0,174319
CAND-03366,2024-12-27,2025-03-27,0,160399
CAND-03367,2024-11-11,2024-12-11,0,730399
CAND-03367,2024-11-11,2025-01-10,0,650055
CAND-03367,2024-11-11,2025-02-09,0,605420
CAND-03367,2024-11-11,2025-03-11,0,543617
CAND-03367,2024-11-11,2025-04-10,0,463273
CAND-03367,2024-11-11,2025-05-10,30,449655
CAND-03368,2024-12-01,2024-12-31,30,218721
CAND-03368,2024-12-01,2025-01-30,0,202766
CAND-03368,2024-12-01,2025-03-01,0,180428
CAND-03368,2024-12-01,2025-03-31,0,166468
CAND-03368,2024-12-01,2025-04-30,30,162616
CAND-03369,2024-11-07,2024-12-07,0,843109
CAND-03369,2024-11-07,2025-01-06,0,753839
CAND-03369,2024-11-07,2025-02-05,0,704244
CAND-03369,2024-11-07,2025-03-07,0,654650
CAND-03369,2024-11-07,2025-04-06,0,573495
CAND-03369,2024-11-07,2025-05-06,0,504825
CAND-03370,2024-12-20,2025-01-19,0,184118
CAND-03370,2024-12-20,2025-02-18,0,172752
CAND-03370,2024-12-20,2025-03-20,0,158140
CAND-03370,2024-12-20,2025-04-19,0,146774
CAND-03371,2024-11-28,2024-12-28,30,295323
CAND-03371,2024-11-28,2025-01-27,60,286716
CAND-03371,2024-11-28,2025-02-26,90,279711
CAND-03372,2024-12-30,2025-01-29,0,285752
CAND-03372,2024-12-30,2025-02-28,0,255272
CAND-03372,2024-12-30,2025-03-30,0,227562
CAND-03372,2024-12-30,2025-04-29,0,209633
CAND-03372,2024-12-30,2025-05-29,0,179153
CAND-03372,2024-12-30,2025-06-28,0,162219
CAND-03373,2024-11-28,2024-12-28,0,860043
CAND-03373,2024-11-28,2025-01-27,30,844141
CAND-03373,2024-11-28,2025-02-26,0,792017
CAND-03373,2024-11-28,2025-03-28,0,733378
CAND-03374,2025-01-07,2025-02-06,0,742745
CAND-03374,2025-01-07,2025-03-08,0,681802
CAND-03374,2025-01-07,2025-04-07,0,615780
CAND-03375,2024-12-17,2025-01-16,0,332706
CAND-03375,2024-12-17,2025-02-15,0,299436
CAND-03375,2024-12-17,2025-03-17,30,291480
CAND-03375,2024-12-17,2025-04-16,60,279674
CAND-03376,2024-10-25,2024-11-24,0,825156
CAND-03376,2024-10-25,2024-12-24,0,765914
CAND-03376,2024-10-25,2025-01-23,0,706672
CAND-03376,2024-10-25,2025-02-22,0,647430
CAND-03376,2024-10-25,2025-03-24,0,566645
CAND-03376,2024-10-25,2025-04-23,0,517277
CAND-03377,2024-12-08,2025-01-07,30,638116
CAND-03377,2024-12-08,2025-02-06,60,622034
CAND-03377,2024-12-08,2025-03-08,90,600763
CAND-03378,2024-11-03,2024-12-03,0,477076
CAND-03378,2024-11-03,2025-01-02,0,434261
CAND-03378,2024-11-03,2025-02-01,0,382884
CAND-03378,2024-11-03,2025-03-03,0,340069
CAND-03378,2024-11-03,2025-04-02,0,311526
CAND-03379,2024-10-27,2024-11-26,0,1002380
CAND-03379,2024-10-27,2024-12-26,0,901130
CAND-03379,2024-10-27,2025-01-25,0,799879
CAND-03380,2024-10-30,2024-11-29,0,921832
CAND-03380,2024-10-30,2024-12-29,0,860377
CAND-03380,2024-10-30,2025-01-28,0,770987
CAND-03380,2024-10-30,2025-02-27,0,681597
CAND-03380,2024-10-30,2025-03-29,0,616045
CAND-03380,2024-10-30,2025-04-28,0,540407
CAND-03381,2024-11-02,2024-12-02,30,717890
CAND-03381,2024-11-02,2025-01-01,60,695033
CAND-03381,2024-11-02,2025-01-31,90,674715
CAND-03382,2024-11-05,2024-12-05,0,417122
CAND-03382,2024-11-05,2025-01-04,0,392293
CAND-03382,2024-11-05,2025-02-03,0,362499
CAND-03382,2024-11-05,2025-03-05,0,325256
CAND-03382,2024-11-05,2025-04-04,0,297323
CAND-03382,2024-11-05,2025-05-04,0,252632
CAND-03383,2024-12-16,2025-01-15,0,1304920
CAND-03383,2024-12-16,2025-02-14,0,1178383
CAND-03383,2024-12-16,2025-03-16,0,1071312
CAND-03383,2024-12-16,2025-04-15,0,978518
CAND-03383,2024-12-16,2025-05-15,0,871447
CAND-03383,2024-12-16,2025-06-14,0,732256
CAND-03384,2024-11-20,2024-12-20,0,781791
CAND-03384,2024-11-20,2025-01-19,0,698726
CAND-03384,2024-11-20,2025-02-18,0,615660
CAND-03384,2024-11-20,2025-03-20,0,540147
CAND-03384,2024-11-20,2025-04-19,0,476250
CAND-03384,2024-11-20,2025-05-19,0,400736
CAND-03385,2024-11-22,2024-12-22,0,1088165
CAND-03385,2024-11-22,2025-01-21,0,972948
CAND-03385,2024-11-22,2025-02-20,0,900937
CAND-03386,2025-01-08,2025-02-07,0,499764
CAND-03386,2025-01-08,2025-03-09,0,463417
CAND-03386,2025-01-08,2025-04-08,0,413854
CAND-03386,2025-01-08,2025-05-08,0,371916
CAND-03386,2025-01-08,2025-06-07,0,322352
CAND-03386,2025-01-08,2025-07-07,0,290282
CAND-03387,2024-12-07,2025-01-06,0,563926
CAND-03387,2024-12-07,2025-02-05,0,528202
CAND-03387,2024-12-07,2025-03-07,0,494463
CAND-03387,2024-12-07,2025-04-06,0,447747
CAND-03388,2024-11-03,2024-12-03,0,419061
CAND-03388,2024-11-03,2025-01-02,0,378424
CAND-03388,2024-11-03,2025-02-01,0,333725
CAND-03388,2024-11-03,2025-03-03,0,301796
CAND-03388,2024-11-03,2025-04-02,0,275502
CAND-03388,2024-11-03,2025-05-02,0,241118
CAND-03389,2024-12-30,2025-01-29,0,837746
CAND-03389,2024-12-30,2025-02-28,30,810867
CAND-03389,2024-12-30,2025-03-30,60,793623
CAND-03389,2024-12-30,2025-04-29,90,769573
CAND-03389,2024-12-30,2025-05-29,100,750922
CAND-03389,2024-12-30,2025-06-28,100,732271
CAND-03390,2024-10-19,2024-11-18,0,254598
CAND-03390,2024-10-19,2024-12-18,0,233508
CAND-03390,2024-10-19,2025-01-17,0,206089
CAND-03390,2024-10-19,2025-02-16,0,181163
CAND-03390,2024-10-19,2025-03-18,0,158315
CAND-03391,2024-10-18,2024-11-17,0,440092
CAND-03391,2024-10-18,2024-12-17,0,409027
CAND-03391,2024-10-18,2025-01-16,30,399890
CAND-03391,2024-10-18,2025-02-15,0,372479
CAND-03392,2024-11-28,2024-12-28,0,319525
CAND-03392,2024-11-28,2025-01-27,0,298850
CAND-03392,2024-11-28,2025-02-26,30,291209
CAND-03392,2024-11-28,2025-03-28,0,256062
CAND-03393,2024-12-30,2025-01-29,30,138631
CAND-03393,2024-12-30,2025-02-28,60,136146
CAND-03393,2024-12-30,2025-03-30,30,131425
CAND-03393,2024-12-30,2025-04-29,60,127884
CAND-03394,2024-12-22,2025-01-21,30,1112804
CAND-03394,2024-12-22,2025-02-20,60,1078261
CAND-03394,2024-12-22,2025-03-22,30,1042637
CAND-03394,2024-12-22,2025-04-21,60,1010972
CAND-03395,2024-12-11,2025-01-10,0,837110
CAND-03395,2024-12-11,2025-02-09,0,784790
CAND-03395,2024-12-11,2025-03-11,0,721260
CAND-03396,2024-10-15,2024-11-14,0,1272154
CAND-03396,2024-10-15,2024-12-14,0,1175228
CAND-03396,2024-10-15,2025-01-13,0,1070846
CAND-03397,2024-11-08,2024-12-08,0,425618
CAND-03397,2024-11-08,2025-01-07,0,390952
CAND-03397,2024-11-08,2025-02-06,30,383182
CAND-03398,13-11-2024,2024-12-13,0,355134
CAND-03398,13-11-2024,2025-01-12,30,346389
CAND-03398,13-11-2024,2025-02-11,0,324270
CAND-03398,13-11-2024,2025-03-13,30,315724
CAND-03398,13-11-2024,2025-04-12,60,303973
CAND-03399,2024-12-22,2025-01-21,30,674503
CAND-03399,2024-12-22,2025-02-20,0,635990
CAND-03399,2024-12-22,2025-03-22,0,572968
CAND-03400,2024-11-11,2024-12-11,30,628385
CAND-03400,2024-11-11,2025-01-10,60,616442
CAND-03400,2024-11-11,2025-02-09,90,602110
CAND-03401,2024-12-06,2025-01-05,0,1326594
CAND-03401,2024-12-06,2025-02-04,0,1232952
CAND-03401,2024-12-06,2025-03-06,0,1105259
CAND-03402,2024-12-01,2024-12-31,0,758236
CAND-03402,2024-12-01,2025-01-30,0,700890
CAND-03402,2024-12-01,2025-03-01,0,643545
CAND-03403,2024-12-25,2025-01-24,0,812510
CAND-03403,2024-12-25,2025-02-23,0,740569
CAND-03403,2024-12-25,2025-03-25,0,662088
CAND-03403,2024-12-25,2025-04-24,30,639952
CAND-03404,2025-01-02,2025-02-01,0,925666
CAND-03404,2025-01-02,2025-03-03,0,854824
CAND-03404,2025-01-02,2025-04-02,0,792838
CAND-03404,2025-01-02,2025-05-02,30,774805
CAND-03405,2024-10-31,2024-11-30,0,1073383
CAND-03405,2024-10-31,2024-12-30,0,1005733
CAND-03405,2024-10-31,2025-01-29,0,923586
CAND-03405,2024-10-31,2025-02-28,0,819036
CAND-03405,2024-10-31,2025-03-30,0,747157
CAND-03406,2024-12-06,2025-01-05,0,322197
CAND-03406,2024-12-06,2025-02-04,0,298331
CAND-03406,2024-12-06,2025-03-06,0,262531
CAND-03406,2024-12-06,2025-04-05,0,226731
CAND-03406,2024-12-06,2025-05-05,30,218406
CAND-03406,2024-12-06,2025-06-04,0,198517
CAND-03407,2024-11-03,2024-12-03,30,384543
CAND-03407,2024-11-03,2025-01-02,60,376531
CAND-03407,2024-11-03,2025-02-01,90,368353
CAND-03407,2024-11-03,2025-03-03,106,360001
CAND-03408,2024-11-14,2024-12-14,0,365121
CAND-03408,2024-11-14,2025-01-13,0,340399
CAND-03408,2024-11-14,2025-02-12,0,315678
CAND-03408,2024-11-14,2025-03-14,0,293703
CAND-03408,2024-11-14,2025-04-13,0,271728
CAND-03408,2024-11-14,2025-05-13,0,245358
CAND-03409,2024-12-25,2025-01-24,0,267743
CAND-03409,2024-12-25,2025-02-23,0,250868
CAND-03409,2024-12-25,2025-03-25,0,224789
CAND-03409,2024-12-25,2025-04-24,0,196102
CAND-03410,2025-01-01,2025-01-31,0,572075
CAND-03410,2025-01-01,2025-03-02,0,523180
CAND-03410,2025-01-01,2025-04-01,30,505019
CAND-03410,2025-01-01,2025-05-01,0,469705
CAND-03411,2025-01-05,2025-02-04,0,2209849
CAND-03411,2025-01-05,2025-03-06,0,2050249
CAND-03411,2025-01-05,2025-04-05,0,1866095
CAND-03412,2025-01-25,2025-02-24,0,596315
CAND-03412,2025-01-25,2025-03-26,0,558315
CAND-03412,2025-01-25,2025-04-25,0,508622
CAND-03412,2025-01-25,2025-05-25,0,468246
CAND-03412,2025-01-25,2025-06-24,0,422103
CAND-03412,2025-01-25,2025-07-24,0,386213
CAND-03413,2024-12-07,2025-01-06,0,666922
CAND-03413,2024-12-07,2025-02-05,0,619497
CAND-03413,2024-12-07,2025-03-07,0,548358
CAND-03413,2024-12-07,2025-04-06,0,508837
CAND-03413,2024-12-07,2025-05-06,0,461412
CAND-03414,2024-11-16,2024-12-16,0,991236
CAND-03414,2024-11-16,2025-01-15,0,925640
CAND-03414,2024-11-16,2025-02-14,0,820685
CAND-03414,2024-11-16,2025-03-16,0,758947
CAND-03415,2024-12-15,2025-01-14,0,525318
CAND-03415,2024-12-15,2025-02-13,0,481541
CAND-03415,2024-12-15,2025-03-15,0,437765
CAND-03415,2024-12-15,2025-04-14,0,397115
CAND-03415,2024-12-15,2025-05-14,0,365499
CAND-03415,2024-12-15,2025-06-13,0,318074
CAND-03416,2024-11-09,2024-12-09,0,295149
CAND-03416,2024-11-09,2025-01-08,0,277386
CAND-03416,2024-11-09,2025-02-07,0,245411
CAND-03416,2024-11-09,2025-03-09,0,224095
CAND-03417,2024-11-21,2024-12-21,0,601165
CAND-03417,2024-11-21,2025-01-20,0,563276
CAND-03417,2024-11-21,2025-02-19,0,504721
CAND-03417,2024-11-21,2025-03-21,0,440311
CAND-03417,2024-11-21,2025-04-20,30,421366
CAND-03418,2024-10-16,2024-11-15,0,824693
CAND-03418,2024-10-16,2024-12-15,0,767995
CAND-03418,2024-10-16,2025-01-14,0,703198
CAND-03418,2024-10-16,2025-02-13,0,633416
CAND-03419,2024-10-14,2024-11-13,0,1039394
CAND-03419,2024-10-14,2024-12-13,0,938154
CAND-03419,2024-10-14,2025-01-12,0,872646
CAND-03419,2024-10-14,2025-02-11,0,771406
CAND-03420,2024-10-30,2024-11-29,0,682985
CAND-03420,2024-10-30,2024-12-29,0,621326
CAND-03420,2024-10-30,2025-01-28,0,568476
CAND-03420,2024-10-30,2025-02-27,0,519150
CAND-03420,2024-10-30,2025-03-29,0,475626
CAND-03421,2024-11-02,2024-12-02,0,298726
CAND-03421,2024-11-02,2025-01-01,30,292271
CAND-03421,2024-11-02,2025-01-31,60,286520
CAND-03422,2024-11-04,2024-12-04,0,571934
CAND-03422,2024-11-04,2025-01-03,0,521294
CAND-03422,2024-11-04,2025-02-02,0,485548
CAND-03423,2024-12-28,2025-01-27,0,237010
CAND-03423,2024-12-28,2025-02-26,30,232053
CAND-03423,2024-12-28,2025-03-28,0,209070
CAND-03423,2024-12-28,2025-04-27,0,186088
CAND-03423,2024-12-28,2025-05-27,0,170287
CAND-03423,2024-12-28,2025-06-26,0,150840
CAND-03424,2024-10-31,2024-11-30,0,357136
CAND-03424,2024-10-31,2024-12-30,0,329500
CAND-03424,2024-10-31,2025-01-29,30,321762
CAND-03425,2024-11-11,2024-12-11,0,639920
CAND-03425,2024-11-11,2025-01-10,0,589641
CAND-03425,2024-11-11,2025-02-09,0,530981
CAND-03426,2024-10-24,2024-11-23,0,419096
CAND-03426,2024-10-24,2024-12-23,0,393485
CAND-03426,2024-10-24,2025-01-22,0,364672
CAND-03426,2024-10-24,2025-02-21,30,353696
CAND-03426,2024-10-24,2025-03-23,0,324883
CAND-03427,2024-10-15,2024-11-14,0,925727
CAND-03427,2024-10-15,2024-12-14,0,840012
CAND-03427,2024-10-15,2025-01-13,0,766541
CAND-03427,2024-10-15,2025-02-12,0,687419
CAND-03427,2024-10-15,2025-03-14,0,593912
CAND-03427,2024-10-15,2025-04-13,0,529625
CAND-03428,2024-11-07,2024-12-07,0,1238340
CAND-03428,2024-11-07,2025-01-06,0,1141042
CAND-03428,2024-11-07,2025-02-05,30,1106114
CAND-03429,2024-10-25,2024-11-24,0,352700
CAND-03429,2024-10-25,2024-12-24,30,345794
CAND-03429,2024-10-25,2025-01-23,0,324692
CAND-03429,2024-10-25,2025-02-22,0,286709
CAND-03429,2024-10-25,2025-03-24,0,265608
CAND-03430,2024-10-29,2024-11-28,0,307146
CAND-03430,2024-10-29,2024-12-28,0,273018
CAND-03430,2024-10-29,2025-01-27,0,251689
CAND-03430,2024-10-29,2025-02-26,0,217562
CAND-03431,2025-01-09,2025-02-08,0,1152599
CAND-03431,2025-01-09,2025-03-10,30,1115617
CAND-03431,2025-01-09,2025-04-09,0,1013917
CAND-03431,2025-01-09,2025-05-09,0,942129
CAND-03431,2025-01-09,2025-06-08,0,860769
CAND-03432,2024-11-22,2024-12-22,0,662753
CAND-03432,2024-11-22,2025-01-21,0,616728
CAND-03432,2024-11-22,2025-02-20,0,549784
CAND-03433,2024-10-22,2024-11-21,0,139936
CAND-03433,2024-10-22,2024-12-21,0,129889
CAND-03433,2024-10-22,2025-01-20,0,119842
CAND-03433,2024-10-22,2025-02-19,0,109796
CAND-03433,2024-10-22,2025-03-21,0,101423
CAND-03433,2024-10-22,2025-04-20,0,90659
CAND-03434,2024-10-31,2024-11-30,0,343622
CAND-03434,2024-10-31,2024-12-30,0,323409
CAND-03434,2024-10-31,2025-01-29,30,312384
CAND-03434,2024-10-31,2025-02-28,0,279308
CAND-03434,2024-10-31,2025-03-30,30,272692
CAND-03434,2024-10-31,2025-04-29,60,263363
CAND-03435,2024-11-04,2024-12-04,30,624886
CAND-03435,2024-11-04,2025-01-03,0,571655
CAND-03435,2024-11-04,2025-02-02,30,558618
CAND-03435,2024-11-04,2025-03-04,60,546334
CAND-03435,2024-11-04,2025-04-03,90,533809
CAND-03436,2024-10-31,2024-11-30,0,1661777
CAND-03436,2024-10-31,2024-12-30,0,1549927
CAND-03436,2024-10-31,2025-01-29,0,1400793
CAND-03436,2024-10-31,2025-02-28,0,1272964
CAND-03437,2024-12-27,2025-01-26,0,1507126
CAND-03437,2024-12-27,2025-02-25,0,1367577
CAND-03437,2024-12-27,2025-03-27,0,1255938
CAND-03437,2024-12-27,2025-04-26,0,1103703
CAND-03438,2024-11-02,2024-12-02,0,135891
CAND-03438,2024-11-02,2025-01-01,0,126076
CAND-03438,2024-11-02,2025-01-31,0,113809
CAND-03438,2024-11-02,2025-03-02,0,101541
CAND-03439,2024-11-28,2024-12-28,0,188226
CAND-03439,2024-11-28,2025-01-27,30,181255
CAND-03439,2024-11-28,2025-02-26,0,168183
CAND-03439,2024-11-28,2025-03-28,0,147269
CAND-03440,2024-11-19,2024-12-19,0,541532
CAND-03440,2024-11-19,2025-01-18,0,493584
CAND-03440,2024-11-19,2025-02-17,0,457623
CAND-03440,2024-11-19,2025-03-19,0,421662
CAND-03440,2024-11-19,2025-04-18,0,373714
CAND-03440,2024-11-19,2025-05-18,30,360014
CAND-03441,2024-11-13,2024-12-13,0,471537
CAND-03441,2024-11-13,2025-01-12,0,427876
CAND-03441,2024-11-13,2025-02-11,0,397057
CAND-03441,2024-11-13,2025-03-13,0,356754
CAND-03442,2024-10-16,2024-11-15,0,405172
CAND-03442,2024-10-16,2024-12-15,0,368996
CAND-03442,2024-10-16,2025-01-14,0,329531
CAND-03443,2025-01-11,2025-02-10,0,636140
CAND-03443,2025-01-11,2025-03-12,0,598720
CAND-03443,2025-01-11,2025-04-11,0,561300
CAND-03443,2025-01-11,2025-05-11,0,523880
CAND-03443,2025-01-11,2025-06-10,0,467750
CAND-03444,2024-12-05,2025-01-04,0,1059724
CAND-03444,2024-12-05,2025-02-03,0,993491
CAND-03444,2024-12-05,2025-03-05,0,930938
CAND-03445,2025-01-11,2025-02-10,0,591776
CAND-03445,2025-01-11,2025-03-12,0,548738
CAND-03445,2025-01-11,2025-04-11,0,484180
CAND-03445,2025-01-11,2025-05-11,30,471766
CAND-03446,2024-12-17,2025-01-16,0,1143428
CAND-03446,2024-12-17,2025-02-15,0,1071683
CAND-03446,2024-12-17,2025-03-17,0,1003924
CAND-03447,2024-12-11,2025-01-10,0,916813
CAND-03447,2024-12-11,2025-02-09,30,896949
CAND-03447,2024-12-11,2025-03-11,60,878890
CAND-03447,2024-12-11,2025-04-10,90,861154
CAND-03447,2024-12-11,2025-05-10,96,840022
CAND-03448,2024-12-24,2025-01-23,0,478235
CAND-03448,2024-12-24,2025-02-22,0,438382
CAND-03448,2024-12-24,2025-03-24,30,429601
CAND-03449,2024-12-20,2025-01-19,0,596626
CAND-03449,2024-12-20,2025-02-18,30,577616
CAND-03449,2024-12-20,2025-03-20,60,565864
CAND-03450,2025-01-07,2025-02-06,0,1113497
CAND-03450,2025-01-07,2025-03-08,0,994724
CAND-03450,2025-01-07,2025-04-07,30,960789
CAND-03451,2024-10-28,2024-11-27,0,332248
CAND-03451,2024-10-28,2024-12-27,0,310184
CAND-03451,2024-10-28,2025-01-26,0,290572
CAND-03451,2024-10-28,2025-02-25,0,270961
CAND-03452,2024-11-05,2024-12-05,0,766944
CAND-03452,2024-11-05,2025-01-04,0,695931
CAND-03452,2024-11-05,2025-02-03,0,635062
CAND-03453,2024-12-25,2025-01-24,0,675234
CAND-03453,2024-12-25,2025-02-23,30,660229
CAND-03453,2024-12-25,2025-03-25,0,617862
CAND-03453,2024-12-25,2025-04-24,0,545837
CAND-03453,2024-12-25,2025-05-24,0,494390
CAND-03454,2025-01-20,2025-02-19,0,378057
CAND-03454,2025-01-20,2025-03-21,0,349465
CAND-03454,2025-01-20,2025-04-20,0,309435
CAND-03454,2025-01-20,2025-05-20,0,278643
CAND-03454,2025-01-20,2025-06-19,0,250051
CAND-03454,2025-01-20,2025-07-19,0,210021
CAND-03455,2024-10-26,2024-11-25,0,1077662
CAND-03455,2024-10-26,2024-12-25,30,1056814
CAND-03455,2024-10-26,2025-01-24,60,1029664
CAND-03455,2024-10-26,2025-02-23,90,1007636
CAND-03455,2024-10-26,2025-03-25,99,987507
CAND-03456,2024-11-21,2024-12-21,30,1222870
CAND-03456,2024-11-21,2025-01-20,0,1118648
CAND-03456,2024-11-21,2025-02-19,0,1022443
CAND-03456,2024-11-21,2025-03-21,0,952962
CAND-03456,2024-11-21,2025-04-20,0,883480
CAND-03456,2024-11-21,2025-05-20,0,800103
CAND-03457,2024-11-22,2024-12-22,0,787443
CAND-03457,2024-11-22,2025-01-21,0,730572
CAND-03457,2024-11-22,2025-02-20,0,645266
CAND-03457,2024-11-22,2025-03-22,0,584333
CAND-03457,2024-11-22,2025-04-21,0,518712
CAND-03458,2024-12-13,2025-01-12,0,1417113
CAND-03458,2024-12-13,2025-02-11,0,1317082
CAND-03458,2024-12-13,2025-03-13,0,1228819
CAND-03458,2024-12-13,2025-04-12,30,1198809
CAND-03459,2024-12-14,2025-01-13,0,606189
CAND-03459,2024-12-14,2025-02-12,0,563083
CAND-03459,2024-12-14,2025-03-14,0,498422
CAND-03459,2024-12-14,2025-04-13,0,439640
CAND-03460,2024-11-27,2024-12-27,0,688254
CAND-03460,2024-11-27,2025-01-26,0,635312
CAND-03460,2024-11-27,2025-02-25,30,615807
CAND-03460,2024-11-27,2025-03-27,60,598961
CAND-03461,2024-11-26,2024-12-26,0,727030
CAND-03461,2024-11-26,2025-01-25,0,683947
CAND-03461,2024-11-26,2025-02-24,0,635478
CAND-03461,2024-11-26,2025-03-26,0,580086
CAND-03461,2024-11-26,2025-04-25,0,515461
CAND-03461,2024-11-26,2025-05-25,0,460068
CAND-03462,2024-10-28,2024-11-27,30,355622
CAND-03462,2024-10-28,2024-12-27,60,346793
CAND-03462,2024-10-28,2025-01-26,90,334727
CAND-03462,2024-10-28,2025-02-25,102,326683
CAND-03463,2024-10-06,2024-11-05,0,432461
CAND-03463,2024-10-06,2024-12-05,0,406934
CAND-03463,2024-10-06,2025-01-04,0,374113
CAND-03463,2024-10-06,2025-02-03,0,341293
CAND-03463,2024-10-06,2025-03-05,0,299521
CAND-03463,2024-10-06,2025-04-04,30,287102
CAND-03464,2024-12-25,2025-01-24,0,303858
CAND-03464,2024-12-25,2025-02-23,0,275723
CAND-03464,2024-12-25,2025-03-25,0,251607
CAND-03464,2024-12-25,2025-04-24,0,220915
CAND-03464,2024-12-25,2025-05-24,0,194944
CAND-03465,2024-10-27,2024-11-26,0,957971
CAND-03465,2024-10-27,2024-12-26,0,869270
CAND-03465,2024-10-27,2025-01-25,0,802744
CAND-03465,2024-10-27,2025-02-24,0,720866
CAND-03466,2024-10-10,2024-11-09,30,2003150
CAND-03466,2024-10-10,2024-12-09,60,1965078
CAND-03466,2024-10-10,2025-01-08,90,1922247
CAND-03466,2024-10-10,2025-02-07,106,1882712
CAND-03467,2024-12-05,2025-01-04,0,249939
CAND-03467,2024-12-05,2025-02-03,0,234257
CAND-03467,2024-12-05,2025-03-05,0,217594
CAND-03468,2024-11-30,2024-12-30,0,395495
CAND-03468,2024-11-30,2025-01-29,0,369231
CAND-03468,2024-11-30,2025-02-28,0,345886
CAND-03468,2024-11-30,2025-03-30,0,315871
CAND-03468,2024-11-30,2025-04-29,30,305366
CAND-03468,2024-11-30,2025-05-29,0,267164
CAND-03469,2024-11-20,2024-12-20,0,1777760
CAND-03469,2024-11-20,2025-01-19,30,1744736
CAND-03469,2024-11-20,2025-02-18,60,1709221
CAND-03469,2024-11-20,2025-03-20,90,1673705
CAND-03470,2024-11-15,2024-12-15,0,346418
CAND-03470,2024-11-15,2025-01-14,0,319770
CAND-03470,2024-11-15,2025-02-13,30,312309
CAND-03470,2024-11-15,2025-03-15,0,281220
CAND-03471,2024-10-16,2024-11-15,0,389776
CAND-03471,2024-10-16,2024-12-15,30,376378
CAND-03471,2024-10-16,2025-01-14,60,366169
CAND-03471,2024-10-16,2025-02-13,90,358229
CAND-03471,2024-10-16,2025-03-15,106,346946
CAND-03471,2024-10-16,2025-04-14,106,339554
CAND-03472,2024-11-27,2024-12-27,0,413295
CAND-03472,2024-11-27,2025-01-26,0,373375
CAND-03472,2024-11-27,2025-02-25,0,329462
CAND-03472,2024-11-27,2025-03-27,0,303631
CAND-03472,2024-11-27,2025-04-26,0,263710
CAND-03472,2024-11-27,2025-05-26,0,234435
CAND-03473,2025-01-07,2025-02-06,0,245110
CAND-03473,2025-01-07,2025-03-08,0,221516
CAND-03473,2025-01-07,2025-04-07,0,197923
CAND-03473,2025-01-07,2025-05-07,0,179385
CAND-03473,2025-01-07,2025-06-06,0,160847
CAND-03473,2025-01-07,2025-07-06,0,146429
CAND-03474,2025-01-15,2025-02-14,0,2139390
CAND-03474,2025-01-15,2025-03-16,0,2003863
CAND-03474,2025-01-15,2025-04-15,30,1957783
CAND-03474,2025-01-15,2025-05-15,0,1765787
CAND-03474,2025-01-15,2025-06-14,0,1621790
CAND-03475,2024-12-18,2025-01-17,0,1124830
CAND-03475,2024-12-18,2025-02-16,0,1012347
CAND-03475,2024-12-18,2025-03-18,0,917169
CAND-03475,2024-12-18,2025-04-17,0,828790
CAND-03475,2024-12-18,2025-05-17,0,740410
CAND-03476,2024-11-25,2024-12-25,0,223714
CAND-03476,2024-11-25,2025-01-24,0,209781
CAND-03476,2024-11-25,2025-02-23,0,191559
CAND-03477,2024-11-10,2024-12-10,30,752750
CAND-03477,2024-11-10,2025-01-09,60,737209
CAND-03477,2024-11-10,2025-02-08,90,715625
CAND-03477,2024-11-10,2025-03-10,99,691343
CAND-03478,2024-11-28,2024-12-28,0,348985
CAND-03478,2024-11-28,2025-01-27,0,325720
CAND-03478,2024-11-28,2025-02-26,30,315659
CAND-03478,2024-11-28,2025-03-28,0,284638
CAND-03479,2024-11-11,2024-12-11,0,476456
CAND-03479,2024-11-11,2025-01-10,0,446678
CAND-03479,2024-11-11,2025-02-09,30,437950
CAND-03479,2024-11-11,2025-03-11,0,399009
CAND-03479,2024-11-11,2025-04-10,0,367369
CAND-03479,2024-11-11,2025-05-10,0,339245
CAND-03480,2024-10-27,2024-11-26,0,230428
CAND-03480,2024-10-27,2024-12-26,0,210930
CAND-03480,2024-10-27,2025-01-25,0,196849
CAND-03480,2024-10-27,2025-02-24,0,181939
CAND-03481,2024-11-28,2024-12-28,0,353994
CAND-03481,2024-11-28,2025-01-27,30,347129
CAND-03481,2024-11-28,2025-02-26,60,340505
CAND-03481,2024-11-28,2025-03-28,90,330568
CAND-03482,2024-10-08,2024-11-07,0,520123
CAND-03482,2024-10-08,2024-12-07,0,486978
CAND-03482,2024-10-08,2025-01-06,0,443635
CAND-03482,2024-10-08,2025-02-05,0,406070
CAND-03483,2024-11-10,2024-12-10,0,739957
CAND-03483,2024-11-10,2025-01-09,0,682698
CAND-03483,2024-11-10,2025-02-08,0,635544
CAND-03483,2024-11-10,2025-03-10,0,578286
CAND-03483,2024-11-10,2025-04-09,0,533751
CAND-03483,2024-11-10,2025-05-09,0,489217
CAND-03484,2024-11-22,2024-12-22,0,851288
CAND-03484,2024-11-22,2025-01-21,0,758420
CAND-03484,2024-11-22,2025-02-20,0,673995
CAND-03484,2024-11-22,2025-03-22,0,589570
CAND-03484,2024-11-22,2025-04-21,0,523236
CAND-03484,2024-11-22,2025-05-21,0,430368
CAND-03485,2024-11-14,2024-12-14,0,570239
CAND-03485,2024-11-14,2025-01-13,0,534722
CAND-03485,2024-11-14,2025-02-12,0,496986
CAND-03485,2024-11-14,2025-03-14,0,450541
CAND-03486,2024-12-14,2025-01-13,0,2019107
CAND-03486,2024-12-14,2025-02-12,0,1805319
CAND-03486,2024-12-14,2025-03-14,0,1686548
CAND-03487,2024-12-07,2025-01-06,0,363456
CAND-03487,2024-12-07,2025-02-05,0,331148
CAND-03487,2024-12-07,2025-03-07,0,309610
CAND-03487,2024-12-07,2025-04-06,0,281918
CAND-03487,2024-12-07,2025-05-06,0,252096
CAND-03488,2024-12-12,2025-01-11,0,610526
CAND-03488,2024-12-12,2025-02-10,0,572839
CAND-03488,2024-12-12,2025-03-12,0,511170
CAND-03488,2024-12-12,2025-04-11,0,473483
CAND-03488,2024-12-12,2025-05-11,30,455149
CAND-03488,2024-12-12,2025-06-10,60,442587
CAND-03489,2024-11-13,2024-12-13,0,417857
CAND-03489,2024-11-13,2025-01-12,0,382500
CAND-03489,2024-11-13,2025-02-11,0,353772
CAND-03489,2024-11-13,2025-03-13,0,323130
CAND-03490,2025-01-09,2025-02-08,0,360478
CAND-03490,2025-01-09,2025-03-10,0,339021
CAND-03490,2025-01-09,2025-04-09,0,317564
CAND-03490,2025-01-09,2025-05-09,0,278941
CAND-03491,2024-10-21,2024-11-20,0,579604
CAND-03491,2024-10-21,2024-12-20,0,543074
CAND-03491,2024-10-21,2025-01-19,0,506544
CAND-03491,2024-10-21,2025-02-18,0,467732
CAND-03491,2024-10-21,2025-03-20,0,433231
CAND-03491,2024-10-21,2025-04-19,0,371131
CAND-03492,2024-10-03,2024-11-02,0,371816
CAND-03492,2024-10-03,2024-12-02,0,345376
CAND-03492,2024-10-03,2025-01-01,0,322046
CAND-03492,2024-10-03,2025-01-31,0,297259
CAND-03492,2024-10-03,2025-03-02,0,275225
CAND-03492,2024-10-03,2025-04-01,0,239170
CAND-03493,2024-10-26,2024-11-25,0,436986
CAND-03493,2024-10-26,2024-12-25,0,405205
CAND-03493,2024-10-26,2025-01-24,0,378721
CAND-03493,2024-10-26,2025-02-23,0,331050
CAND-03494,2024-12-01,2024-12-31,0,510715
CAND-03494,2024-12-01,2025-01-30,30,497149
CAND-03494,2024-12-01,2025-03-01,60,482076
CAND-03494,2024-12-01,2025-03-31,90,471224
CAND-03494,2024-12-01,2025-04-30,105,459919
CAND-03495,2024-12-27,2025-01-26,0,1027333
CAND-03495,2024-12-27,2025-02-25,0,965070
CAND-03495,2024-12-27,2025-03-27,0,902808
CAND-03495,2024-12-27,2025-04-26,0,828093
CAND-03495,2024-12-27,2025-05-26,0,758047
CAND-03496,2024-11-13,2024-12-13,0,729890
CAND-03496,2024-11-13,2025-01-12,0,658432
CAND-03496,2024-11-13,2025-02-11,0,586974
CAND-03496,2024-11-13,2025-03-13,0,534572
CAND-03496,2024-11-13,2025-04-12,0,469069
CAND-03496,2024-11-13,2025-05-12,0,422832
CAND-03497,2024-10-15,2024-11-14,0,426008
CAND-03497,2024-10-15,2024-12-14,30,414818
CAND-03497,2024-10-15,2025-01-13,0,379528
CAND-03497,2024-10-15,2025-02-12,0,337821
CAND-03497,2024-10-15,2025-03-14,0,307236
CAND-03498,2025-01-05,2025-02-04,30,613334
CAND-03498,2025-01-05,2025-03-06,0,574249
CAND-03498,2025-01-05,2025-04-05,30,560352
CAND-03498,2025-01-05,2025-05-05,0,518661
CAND-03498,2025-01-05,2025-06-04,0,481875
CAND-03499,2024-11-13,2024-12-13,0,802125
CAND-03499,2024-11-13,2025-01-12,0,735677
CAND-03499,2024-11-13,2025-02-11,30,717680
CAND-03499,2024-11-13,2025-03-13,60,702787
CAND-03500,2024-12-07,2025-01-06,0,788470
CAND-03500,2024-12-07,2025-02-05,0,727818
CAND-03500,2024-12-07,2025-03-07,0,667166
CAND-03500,2024-12-07,2025-04-06,0,589974
CAND-03501,2024-11-20,2024-12-20,0,384349
CAND-03501,2024-11-20,2025-01-19,0,354400
CAND-03501,2024-11-20,2025-02-18,0,328194
CAND-03501,2024-11-20,2025-03-20,0,295941
CAND-03501,2024-11-20,2025-04-19,0,261000
CAND-03502,2025-01-10,2025-02-09,0,570797
CAND-03502,2025-01-10,2025-03-11,0,523962
CAND-03502,2025-01-10,2025-04-10,0,485909
CAND-03502,2025-01-10,2025-05-10,0,442420
CAND-03502,2025-01-10,2025-06-09,0,395585
CAND-03503,2024-12-29,2025-01-28,0,335321
CAND-03503,2024-12-29,2025-02-27,0,307182
CAND-03503,2024-12-29,2025-03-29,0,279044
CAND-03503,2024-12-29,2025-04-28,0,258721
CAND-03503,2024-12-29,2025-05-28,0,238399
CAND-03503,2024-12-29,2025-06-27,0,212270
CAND-03504,2025-01-09,2025-02-08,0,293057
CAND-03504,2025-01-09,2025-03-10,0,268260
CAND-03504,2025-01-09,2025-04-09,0,246769
CAND-03504,2025-01-09,2025-05-09,0,227807
CAND-03504,2025-01-09,2025-06-08,0,195570
CAND-03505,2024-12-17,2025-01-16,0,206642
CAND-03505,2024-12-17,2025-02-15,30,202252
CAND-03505,2024-12-17,2025-03-17,0,189084
CAND-03505,2024-12-17,2025-04-16,0,168733
CAND-03505,2024-12-17,2025-05-16,0,148382
CAND-03506,2024-12-08,2025-01-07,0,1311790
CAND-03506,2024-12-08,2025-02-06,0,1229114
CAND-03506,2024-12-08,2025-03-08,0,1146438
CAND-03507,2024-11-14,2024-12-14,0,389391
CAND-03507,2024-11-14,2025-01-13,0,354624
CAND-03507,2024-11-14,2025-02-12,0,322532
CAND-03507,2024-11-14,2025-03-14,0,294718
CAND-03507,2024-11-14,2025-04-13,0,262625
CAND-03507,2024-11-14,2025-05-13,0,230533
CAND-03509,2025-01-18,2025-02-17,0,237553
CAND-03509,2025-01-18,2025-03-19,30,233088
CAND-03509,2025-01-18,2025-04-18,60,226209
CAND-03510,2024-12-07,2025-01-06,0,176820
CAND-03510,2024-12-07,2025-02-05,0,157531
CAND-03510,2024-12-07,2025-03-07,0,142693
CAND-03510,2024-12-07,2025-04-06,0,130637
CAND-03510,2024-12-07,2025-05-06,0,111347
CAND-03510,2024-12-07,2025-06-05,0,97569
CAND-03511,2024-12-24,2025-01-23,0,260507
CAND-03511,2024-12-24,2025-02-22,0,244089
CAND-03511,2024-12-24,2025-03-24,0,216177
CAND-03511,2024-12-24,2025-04-23,0,196241
CAND-03512,2024-11-25,2024-12-25,0,428519
CAND-03512,2024-11-25,2025-01-24,0,386316
CAND-03512,2024-11-25,2025-02-23,0,344114
CAND-03512,2024-11-25,2025-03-25,0,313165
CAND-03513,2024-12-26,2025-01-25,0,1496429
CAND-03513,2024-12-26,2025-02-24,0,1369808
CAND-03513,2024-12-26,2025-03-26,0,1260070
CAND-03513,2024-12-26,2025-04-25,30,1231689
CAND-03514,2024-11-20,2024-12-20,0,409837
CAND-03514,2024-11-20,2025-01-19,30,401705
CAND-03514,2024-11-20,2025-02-18,0,371347
CAND-03515,2024-12-28,2025-01-27,0,499742
CAND-03515,2024-12-28,2025-02-26,30,484735
CAND-03515,2024-12-28,2025-03-28,0,434256
CAND-03515,2024-12-28,2025-04-27,0,401593
CAND-03515,2024-12-28,2025-05-27,0,370745
CAND-03516,2025-01-15,2025-02-14,0,598738
CAND-03516,2025-01-15,2025-03-16,0,551694
CAND-03516,2025-01-15,2025-04-15,0,510531
CAND-03516,2025-01-15,2025-05-15,0,444670
CAND-03516,2025-01-15,2025-06-14,0,408080
CAND-03517,2024-11-24,2024-12-24,0,386827
CAND-03517,2024-11-24,2025-01-23,0,359964
CAND-03517,2024-11-24,2025-02-22,0,316983
CAND-03517,2024-11-24,2025-03-24,0,277910
CAND-03517,2024-11-24,2025-04-23,0,244848
CAND-03518,2024-10-31,2024-11-30,0,248996
CAND-03518,2024-10-31,2024-12-30,0,232237
CAND-03518,2024-10-31,2025-01-29,0,213083
CAND-03518,2024-10-31,2025-02-28,0,186268
CAND-03518,2024-10-31,2025-03-30,0,168392
CAND-03519,2024-10-20,2024-11-19,0,281588
CAND-03519,2024-10-20,2024-12-19,0,254282
CAND-03519,2024-10-20,2025-01-18,0,236614
CAND-03519,2024-10-20,2025-02-17,30,231052
CAND-03519,2024-10-20,2025-03-19,0,201016
CAND-03520,2025-01-08,2025-02-07,0,852339
CAND-03520,2025-01-08,2025-03-09,0,801345
CAND-03520,2025-01-08,2025-04-08,0,709554
CAND-03520,2025-01-08,2025-05-08,0,633062
CAND-03520,2025-01-08,2025-06-07,0,579068
CAND-03521,2024-11-30,2024-12-30,0,220953
CAND-03521,2024-11-30,2025-01-29,0,204884
CAND-03521,2024-11-30,2025-02-28,0,189819
CAND-03521,2024-11-30,2025-03-30,0,165715
CAND-03522,2025-01-14,2025-02-13,30,265759
CAND-03522,2025-01-14,2025-03-15,60,260555
CAND-03522,2025-01-14,2025-04-14,90,255808
CAND-03522,2025-01-14,2025-05-14,60,248687
CAND-03522,2025-01-14,2025-06-13,90,240231
CAND-03523,2024-11-24,2024-12-24,0,248006
CAND-03523,2024-11-24,2025-01-23,30,243383
CAND-03523,2024-11-24,2025-02-22,0,228744
CAND-03523,2024-11-24,2025-03-24,0,211176
CAND-03523,2024-11-24,2025-04-23,30,202676
CAND-03523,2024-11-24,2025-05-23,0,178721
CAND-03524,2024-12-25,2025-01-24,0,191361
CAND-03524,2024-12-25,2025-02-23,0,179667
CAND-03524,2024-12-25,2025-03-25,0,160531
CAND-03524,2024-12-25,2025-04-24,30,156145
CAND-03525,2024-12-31,2025-01-30,0,727033
CAND-03525,2024-12-31,2025-03-01,0,683950
CAND-03525,2024-12-31,2025-03-31,0,606399
CAND-03525,2024-12-31,2025-04-30,0,554699
CAND-03525,2024-12-31,2025-05-30,0,490074
CAND-03526,2024-12-24,2025-01-23,0,720017
CAND-03526,2024-12-24,2025-02-22,0,670516
CAND-03526,2024-12-24,2025-03-24,30,651658
CAND-03526,2024-12-24,2025-04-23,60,633239
CAND-03526,2024-12-24,2025-05-23,90,608489
CAND-03527,2024-12-14,2025-01-13,30,342386
CAND-03527,2024-12-14,2025-02-12,0,319137
CAND-03527,2024-12-14,2025-03-14,0,299763
CAND-03527,2024-12-14,2025-04-13,0,277968
CAND-03527,2024-12-14,2025-05-13,0,256173
CAND-03527,2024-12-14,2025-06-12,0,231264
CAND-03528,2024-12-23,2025-01-22,0,1687958
CAND-03528,2024-12-23,2025-02-21,0,1571911
CAND-03528,2024-12-23,2025-03-23,0,1429084
CAND-03528,2024-12-23,2025-04-22,0,1274354
CAND-03528,2024-12-23,2025-05-22,0,1171201
CAND-03528,2024-12-23,2025-06-21,0,1038576
CAND-03529,2024-12-05,2025-01-04,0,294637
CAND-03529,2024-12-05,2025-02-03,0,266066
CAND-03529,2024-12-05,2025-03-05,0,234638
CAND-03529,2024-12-05,2025-04-04,0,210463
CAND-03529,2024-12-05,2025-05-04,30,202980
CAND-03529,2024-12-05,2025-06-03,0,182028
CAND-03530,2024-12-16,2025-01-15,0,464579
CAND-03530,2024-12-16,2025-02-14,0,421993
CAND-03530,2024-12-16,2025-03-16,0,382682
CAND-03531,2025-01-08,2025-02-07,0,693746
CAND-03531,2025-01-08,2025-03-09,0,626173
CAND-03531,2025-01-08,2025-04-08,0,584879
CAND-03531,2025-01-08,2025-05-08,0,531786
CAND-03532,2024-11-05,2024-12-05,0,604863
CAND-03532,2024-11-05,2025-01-04,0,569019
CAND-03532,2024-11-05,2025-02-03,0,531067
CAND-03532,2024-11-05,2025-03-05,0,488054
CAND-03532,2024-11-05,2025-04-04,30,473050
CAND-03532,2024-11-05,2025-05-04,0,432726
CAND-03533,2024-12-15,2025-01-14,0,968703
CAND-03533,2024-12-15,2025-02-13,0,882596
CAND-03533,2024-12-15,2025-03-15,0,825191
CAND-03533,2024-12-15,2025-04-14,0,751385
CAND-03534,2025-01-21,2025-02-20,0,343083
CAND-03534,2025-01-21,2025-03-22,0,322832
CAND-03534,2025-01-21,2025-04-21,0,301389
CAND-03535,2024-11-22,2024-12-22,0,924072
CAND-03535,2024-11-22,2025-01-21,0,852990
CAND-03535,2024-11-22,2025-02-20,0,776440
CAND-03535,2024-11-22,2025-03-22,0,721153
CAND-03535,2024-11-22,2025-04-21,0,630685
CAND-03536,2025-01-19,2025-02-18,0,467853
CAND-03536,2025-01-19,2025-03-20,0,436176
CAND-03536,2025-01-19,2025-04-19,0,385492
CAND-03536,2025-01-19,2025-05-19,0,353814
CAND-03536,2025-01-19,2025-06-18,30,345223
CAND-03537,2024-11-30,2024-12-30,0,601415
CAND-03537,2024-11-30,2025-01-29,0,546741
CAND-03537,2024-11-30,2025-02-28,30,535025
CAND-03538,2024-12-02,2025-01-01,0,547509
CAND-03538,2024-12-02,2025-01-31,0,499199
CAND-03538,2024-12-02,2025-03-02,30,485396
CAND-03539,2024-10-31,2024-11-30,0,1004291
CAND-03539,2024-10-31,2024-12-30,0,926034
CAND-03539,2024-10-31,2025-01-29,0,826435
CAND-03539,2024-10-31,2025-02-28,0,757961
CAND-03539,2024-10-31,2025-03-30,0,697095
CAND-03540,2025-01-08,2025-02-07,30,549871
CAND-03540,2025-01-08,2025-03-09,0,503150
CAND-03540,2025-01-08,2025-04-08,0,468109
CAND-03541,2024-11-12,2024-12-12,0,721962
CAND-03541,2024-11-12,2025-01-11,0,669456
CAND-03541,2024-11-12,2025-02-10,0,597856
CAND-03542,2024-12-31,2025-01-30,0,1687568
CAND-03542,2024-12-31,2025-03-01,0,1544774
CAND-03542,2024-12-31,2025-03-31,0,1421019
CAND-03542,2024-12-31,2025-04-30,0,1311823
CAND-03542,2024-12-31,2025-05-30,30,1257226
CAND-03543,2024-11-15,2024-12-15,0,354843
CAND-03543,2024-11-15,2025-01-14,0,333486
CAND-03543,2024-11-15,2025-02-13,0,298540
CAND-03544,2025-01-02,2025-02-01,0,705612
CAND-03544,2025-01-02,2025-03-03,0,652247
CAND-03544,2025-01-02,2025-04-02,0,605552
CAND-03544,2025-01-02,2025-05-02,0,548081
CAND-03545,2025-01-06,2025-02-05,0,482416
CAND-03545,2025-01-06,2025-03-07,0,453828
CAND-03545,2025-01-06,2025-04-06,0,414245
CAND-03545,2025-01-06,2025-05-06,0,371364
CAND-03546,2024-12-14,2025-01-13,0,736975
CAND-03546,2024-12-14,2025-02-12,0,684568
CAND-03546,2024-12-14,2025-03-14,0,605957
CAND-03546,2024-12-14,2025-04-13,0,527347
CAND-03546,2024-12-14,2025-05-13,30,508173
CAND-03546,2024-12-14,2025-06-12,0,461932
CAND-03547,2024-11-23,2024-12-23,0,442244
CAND-03547,2024-11-23,2025-01-22,0,404823
CAND-03547,2024-11-23,2025-02-21,30,395468
CAND-03547,2024-11-23,2025-03-23,0,358047
CAND-03547,2024-11-23,2025-04-22,0,327643
CAND-03548,2025-01-21,2025-02-20,0,472240
CAND-03548,2025-01-21,2025-03-22,0,422064
CAND-03548,2025-01-21,2025-04-21,0,376450
CAND-03548,2025-01-21,2025-05-21,0,330836
CAND-03548,2025-01-21,2025-06-20,0,301321
CAND-03548,2025-01-21,2025-07-20,0,271806
CAND-03549,2024-10-26,2024-11-25,0,488505
CAND-03549,2024-10-26,2024-12-25,0,458079
CAND-03549,2024-10-26,2025-01-24,0,429344
CAND-03549,2024-10-26,2025-02-23,0,394861
CAND-03550,2024-12-13,2025-01-12,0,859866
CAND-03550,2024-12-13,2025-02-11,0,802963
CAND-03550,2024-12-13,2025-03-13,0,752382
CAND-03550,2024-12-13,2025-04-12,0,691686
CAND-03550,2024-12-13,2025-05-12,0,630990
CAND-03550,2024-12-13,2025-06-11,0,565958
CAND-03551,2024-10-17,2024-11-16,0,1104811
CAND-03551,2024-10-17,2024-12-16,30,1065608
CAND-03551,2024-10-17,2025-01-15,0,984588
CAND-03551,2024-10-17,2025-02-14,0,874107
CAND-03552,2024-10-19,2024-11-18,0,1342217
CAND-03552,2024-10-19,2024-12-18,0,1209105
CAND-03552,2024-10-19,2025-01-17,30,1167269
CAND-03553,2024-12-10,2025-01-09,0,380982
CAND-03553,2024-12-10,2025-02-08,0,343461
CAND-03553,2024-12-10,2025-03-10,0,320531
CAND-03553,2024-12-10,2025-04-09,0,279258
CAND-03553,2024-12-10,2025-05-09,0,244864
CAND-03554,2024-11-07,2024-12-07,0,321255
CAND-03554,2024-11-07,2025-01-06,0,290332
CAND-03554,2024-11-07,2025-02-05,0,266035
CAND-03554,2024-11-07,2025-03-07,0,239870
CAND-03554,2024-11-07,2025-04-06,0,219861
CAND-03554,2024-11-07,2025-05-06,30,212130
CAND-03555,2024-10-25,2024-11-24,0,826469
CAND-03555,2024-10-25,2024-12-24,0,745556
CAND-03555,2024-10-25,2025-01-23,30,728440
CAND-03555,2024-10-25,2025-02-22,60,711647
CAND-03556,2024-12-29,2025-01-28,0,293493
CAND-03556,2024-12-29,2025-02-27,30,287340
CAND-03556,2024-12-29,2025-03-29,60,280401
CAND-03557,2024-10-07,2024-11-06,0,1345884
CAND-03557,2024-10-07,2024-12-06,0,1242354
CAND-03557,2024-10-07,2025-01-05,0,1097413
CAND-03558,2024-12-24,2025-01-23,0,297832
CAND-03558,2024-12-24,2025-02-22,0,276449
CAND-03558,2024-12-24,2025-03-24,0,249721
CAND-03558,2024-12-24,2025-04-23,0,230853
CAND-03558,2024-12-24,2025-05-23,0,213034
CAND-03559,2024-12-11,2025-01-10,0,325672
CAND-03559,2024-12-11,2025-02-09,30,318271
CAND-03559,2024-12-11,2025-03-11,0,282743
CAND-03559,2024-12-11,2025-04-10,0,253136
CAND-03559,2024-12-11,2025-05-10,0,232238
CAND-03559,2024-12-11,2025-06-09,0,206860
CAND-03560,2024-12-02,2025-01-01,0,660351
CAND-03560,2024-12-02,2025-01-31,0,620843
CAND-03560,2024-12-02,2025-03-02,0,566139
CAND-03561,2024-12-04,2025-01-03,0,540414
CAND-03561,2024-12-04,2025-02-02,0,481459
CAND-03561,2024-12-04,2025-03-04,0,442156
CAND-03561,2024-12-04,2025-04-03,0,400046
CAND-03561,2024-12-04,2025-05-03,0,341092
CAND-03561,2024-12-04,2025-06-02,0,308340
CAND-03562,2024-10-13,2024-11-12,0,403149
CAND-03562,2024-10-13,2024-12-12,0,375433
CAND-03562,2024-10-13,2025-01-11,0,335118
CAND-03562,2024-10-13,2025-02-10,0,307401
CAND-03563,2024-11-02,2024-12-02,30,376499
CAND-03563,2024-11-02,2025-01-01,60,366098
CAND-03563,2024-11-02,2025-01-31,90,359225
CAND-03563,2024-11-02,2025-03-02,109,350061
CAND-03563,2024-11-02,2025-04-01,109,339065
CAND-03564,2024-11-26,2024-12-26,0,722859
CAND-03564,2024-11-26,2025-01-25,0,676086
CAND-03564,2024-11-26,2025-02-24,0,626389
CAND-03564,2024-11-26,2025-03-26,0,546875
CAND-03564,2024-11-26,2025-04-25,0,502700
CAND-03565,2024-10-26,2024-11-25,0,459445
CAND-03565,2024-10-26,2024-12-25,0,414197
CAND-03565,2024-10-26,2025-01-24,0,375909
CAND-03565,2024-10-26,2025-02-23,0,330661
CAND-03566,2024-11-07,2024-12-07,0,201848
CAND-03566,2024-11-07,2025-01-06,0,188332
CAND-03566,2024-11-07,2025-02-05,0,168671
CAND-03566,2024-11-07,2025-03-07,0,147044
CAND-03566,2024-11-07,2025-04-06,0,127384
CAND-03566,2024-11-07,2025-05-06,0,105757
CAND-03567,2024-10-22,2024-11-21,0,417671
CAND-03567,2024-10-22,2024-12-21,0,373293
CAND-03567,2024-10-22,2025-01-20,0,336312
CAND-03567,2024-10-22,2025-02-19,0,308576
CAND-03569,2024-12-08,2025-01-07,30,1294039
CAND-03569,2024-12-08,2025-02-06,0,1205074
CAND-03569,2024-12-08,2025-03-08,0,1071626
CAND-03569,2024-12-08,2025-04-07,0,997489
CAND-03569,2024-12-08,2025-05-07,0,923351
CAND-03570,2024-10-25,2024-11-24,0,262126
CAND-03570,2024-10-25,2024-12-24,0,233001
CAND-03570,2024-10-25,2025-01-23,0,214798
CAND-03570,2024-10-25,2025-02-22,0,195381
CAND-03570,2024-10-25,2025-03-24,0,175964
CAND-03571,2024-11-21,2024-12-21,0,1323081
CAND-03571,2024-11-21,2025-01-20,30,1279647
CAND-03571,2024-11-21,2025-02-19,60,1234855
CAND-03572,2024-11-07,2024-12-07,0,767972
CAND-03572,2024-11-07,2025-01-06,0,719322
CAND-03572,2024-11-07,2025-02-05,30,699151
CAND-03572,2024-11-07,2025-03-07,60,674088
CAND-03572,2024-11-07,2025-04-06,30,657872
CAND-03572,2024-11-07,2025-05-06,0,611925
CAND-03573,2024-12-02,2025-01-01,0,645070
CAND-03573,2024-12-02,2025-01-31,30,627868
CAND-03573,2024-12-02,2025-03-02,60,612578
CAND-03573,2024-12-02,2025-04-01,90,600506
CAND-03573,2024-12-02,2025-05-01,117,578310
CAND-03573,2024-12-02,2025-05-31,117,561928
CAND-03574,2024-12-07,2025-01-06,0,444796
CAND-03574,2024-12-07,2025-02-05,0,417092
CAND-03574,2024-12-07,2025-03-07,0,389388
CAND-03574,2024-12-07,2025-04-06,0,350142
CAND-03574,2024-12-07,2025-05-06,0,323977
CAND-03574,2024-12-07,2025-06-05,0,296274
CAND-03575,2024-11-27,2024-12-27,0,482439
CAND-03575,2024-11-27,2025-01-26,0,450133
CAND-03575,2024-11-27,2025-02-25,0,413212
CAND-03576,2024-12-14,2025-01-13,0,595904
CAND-03576,2024-12-14,2025-02-12,30,581716
CAND-03576,2024-12-14,2025-03-14,60,568686
CAND-03577,2024-10-09,2024-11-08,0,130669
CAND-03577,2024-10-09,2024-12-08,0,121686
CAND-03577,2024-10-09,2025-01-07,0,108619
CAND-03577,2024-10-09,2025-02-06,30,105113
CAND-03577,2024-10-09,2025-03-08,0,94056
CAND-03578,2024-12-18,2025-01-17,0,598054
CAND-03578,2024-12-18,2025-02-16,30,586188
CAND-03578,2024-12-18,2025-03-18,0,527936
CAND-03578,2024-12-18,2025-04-17,0,474538
CAND-03578,2024-12-18,2025-05-17,0,425248
CAND-03578,2024-12-18,2025-06-16,0,387555
CAND-03579,2024-10-30,2024-11-29,0,973157
CAND-03579,2024-10-30,2024-12-29,0,903289
CAND-03579,2024-10-30,2025-01-28,0,798488
CAND-03579,2024-10-30,2025-02-27,0,740265
CAND-03579,2024-10-30,2025-03-29,0,678617
CAND-03580,2024-12-31,2025-01-30,0,842724
CAND-03580,2024-12-31,2025-03-01,0,773269
CAND-03580,2024-12-31,2025-03-31,0,698026
CAND-03580,2024-12-31,2025-04-30,30,679599
CAND-03580,2024-12-31,2025-05-30,0,619404
CAND-03581,2024-11-03,2024-12-03,0,256478
CAND-03581,2024-11-03,2025-01-02,30,248692
CAND-03581,2024-11-03,2025-02-01,60,241705
CAND-03582,2025-01-02,2025-02-01,0,2182438
CAND-03582,2025-01-02,2025-03-03,0,1950554
CAND-03582,2025-01-02,2025-04-02,0,1757317
CAND-03583,2024-11-26,2024-12-26,0,836743
CAND-03583,2024-11-26,2025-01-25,0,780424
CAND-03583,2024-11-26,2025-02-24,0,705332
CAND-03584,2024-10-26,2024-11-25,0,400431
CAND-03584,2024-10-26,2024-12-25,0,367575
CAND-03584,2024-10-26,2025-01-24,0,334719
CAND-03584,2024-10-26,2025-02-23,0,304210
CAND-03584,2024-10-26,2025-03-25,0,279085
CAND-03585,2024-12-25,2025-01-24,0,576706
CAND-03585,2024-12-25,2025-02-23,0,514599
CAND-03585,2024-12-25,2025-03-25,0,466825
CAND-03586,2024-12-22,2025-01-21,30,519549
CAND-03586,2024-12-22,2025-02-20,0,478474
CAND-03586,2024-12-22,2025-03-22,0,448808
CAND-03587,2025-01-08,2025-02-07,0,314400
CAND-03587,2025-01-08,2025-03-09,0,280542
CAND-03587,2025-01-08,2025-04-08,0,252326
CAND-03587,2025-01-08,2025-05-08,0,224111
CAND-03587,2025-01-08,2025-06-07,0,198066
CAND-03587,2025-01-08,2025-07-07,0,164208
CAND-03588,2024-11-17,2024-12-17,0,469662
CAND-03588,2024-11-17,2025-01-16,0,439524
CAND-03588,2024-11-17,2025-02-15,0,396827
CAND-03589,2024-12-27,2025-01-26,0,476676
CAND-03589,2024-12-27,2025-02-25,0,443028
CAND-03589,2024-12-27,2025-03-27,0,404204
CAND-03590,2024-11-01,2024-12-01,0,1289196
CAND-03590,2024-11-01,2024-12-31,0,1208621
CAND-03590,2024-11-01,2025-01-30,0,1132523
CAND-03590,2024-11-01,2025-03-01,0,1007998
CAND-03590,2024-11-01,2025-03-31,0,910158
CAND-03590,2024-11-01,2025-04-30,0,818840
CAND-03591,2024-12-28,2025-01-27,0,917093
CAND-03591,2024-12-28,2025-02-26,0,849160
CAND-03591,2024-12-28,2025-03-28,0,756524
CAND-03591,2024-12-28,2025-04-27,0,699914
CAND-03592,2024-12-03,2025-01-02,0,488026
CAND-03592,2024-12-03,2025-02-01,0,457525
CAND-03592,2024-12-03,2025-03-03,0,414314
CAND-03593,2024-10-08,2024-11-07,0,661750
CAND-03593,2024-10-08,2024-12-07,0,603360
CAND-03593,2024-10-08,2025-01-06,0,559568
CAND-03594,2024-12-22,2025-01-21,30,833259
CAND-03594,2024-12-22,2025-02-20,0,748472
CAND-03594,2024-12-22,2025-03-22,0,687909
CAND-03594,2024-12-22,2025-04-21,0,610829
CAND-03595,2024-11-26,2024-12-26,30,395126
CAND-03595,2024-11-26,2025-01-25,60,383818
CAND-03595,2024-11-26,2025-02-24,90,372510
CAND-03596,2024-11-29,2024-12-29,0,700662
CAND-03596,2024-11-29,2025-01-28,30,687652
CAND-03596,2024-11-29,2025-02-27,60,671249
CAND-03596,2024-11-29,2025-03-29,90,652845
CAND-03596,2024-11-29,2025-04-28,90,639607
CAND-03596,2024-11-29,2025-05-28,90,623553
CAND-03597,2024-12-31,2025-01-30,0,749929
CAND-03597,2024-12-31,2025-03-01,0,700129
CAND-03597,2024-12-31,2025-03-31,30,685095
CAND-03597,2024-12-31,2025-04-30,0,618695
CAND-03597,2024-12-31,2025-05-30,0,561781
CAND-03597,2024-12-31,2025-06-29,0,495381
CAND-03598,2024-12-30,2025-01-29,0,230388
CAND-03598,2024-12-30,2025-02-28,0,210697
CAND-03598,2024-12-30,2025-03-30,0,194698
CAND-03598,2024-12-30,2025-04-29,0,177632
CAND-03599,2024-12-17,2025-01-16,0,372777
CAND-03599,2024-12-17,2025-02-15,0,338606
CAND-03599,2024-12-17,2025-03-17,0,301328
CAND-03599,2024-12-17,2025-04-16,0,269786
CAND-03599,2024-12-17,2025-05-16,0,242449
CAND-03599,2024-12-17,2025-06-15,0,219668
CAND-03600,2024-12-16,2025-01-15,0,719730
CAND-03600,2024-12-16,2025-02-14,0,643523
CAND-03600,2024-12-16,2025-03-16,0,595894
CAND-03600,2024-12-16,2025-04-15,0,551067
CAND-03600,2024-12-16,2025-05-15,0,492446
CAND-03600,2024-12-16,2025-06-14,0,441642
CAND-03601,2024-12-25,2025-01-24,30,1239064
CAND-03601,2024-12-25,2025-02-23,60,1212805
CAND-03601,2024-12-25,2025-03-25,30,1184159
CAND-03602,2024-10-26,2024-11-25,30,433153
CAND-03602,2024-10-26,2024-12-25,60,419194
CAND-03602,2024-10-26,2025-01-24,30,411357
CAND-03602,2024-10-26,2025-02-23,60,397821
CAND-03604,2024-10-31,2024-11-30,0,684986
CAND-03604,2024-10-31,2024-12-30,0,621561
CAND-03604,2024-10-31,2025-01-29,0,579278
CAND-03604,2024-10-31,2025-02-28,0,536995
CAND-03604,2024-10-31,2025-03-30,0,473570
CAND-03605,2024-11-23,2024-12-23,0,406464
CAND-03605,2024-11-23,2025-01-22,0,378519
CAND-03605,2024-11-23,2025-02-21,0,337873
CAND-03606,2024-11-22,2024-12-22,0,464773
CAND-03606,2024-11-22,2025-01-21,0,437108
CAND-03606,2024-11-22,2025-02-20,0,403910
CAND-03607,2024-12-02,2025-01-01,30,899277
CAND-03607,2024-12-02,2025-01-31,60,882571
CAND-03607,2024-12-02,2025-03-02,90,863021
CAND-03608,2024-11-29,2024-12-29,0,1233467
CAND-03608,2024-11-29,2025-01-28,0,1100632
CAND-03608,2024-11-29,2025-02-27,30,1068233
CAND-03608,2024-11-29,2025-03-29,60,1033277
CAND-03608,2024-11-29,2025-04-28,90,990427
CAND-03609,2024-11-28,2024-12-28,0,402516
CAND-03609,2024-11-28,2025-01-27,0,371968
CAND-03609,2024-11-28,2025-02-26,30,360409
CAND-03610,2024-11-18,2024-12-18,0,646047
CAND-03610,2024-11-18,2025-01-17,0,603294
CAND-03610,2024-11-18,2025-02-16,0,565291
CAND-03610,2024-11-18,2025-03-18,0,519688
CAND-03611,2024-12-05,2025-01-04,0,353280
CAND-03611,2024-12-05,2025-02-03,0,329820
CAND-03611,2024-12-05,2025-03-05,0,300946
CAND-03611,2024-12-05,2025-04-04,0,278866
CAND-03611,2024-12-05,2025-05-04,30,268721
CAND-03612,2024-12-29,2025-01-28,0,685256
CAND-03612,2024-12-29,2025-02-27,0,624792
CAND-03612,2024-12-29,2025-03-29,0,576421
CAND-03612,2024-12-29,2025-04-28,0,520608
CAND-03612,2024-12-29,2025-05-28,0,477928
CAND-03613,2024-12-03,2025-01-02,0,1094009
CAND-03613,2024-12-03,2025-02-01,30,1072588
CAND-03613,2024-12-03,2025-03-03,60,1047521
CAND-03614,2024-12-18,2025-01-17,0,959037
CAND-03614,2024-12-18,2025-02-16,0,852478
CAND-03614,2024-12-18,2025-03-18,0,793278
CAND-03615,2024-12-05,2025-01-04,0,596486
CAND-03615,2024-12-05,2025-02-03,0,533109
CAND-03615,2024-12-05,2025-03-05,0,490858
CAND-03615,2024-12-05,2025-04-04,0,442107
CAND-03615,2024-12-05,2025-05-04,0,402496
CAND-03616,2024-12-15,2025-01-14,0,710545
CAND-03616,2024-12-15,2025-02-13,0,646778
CAND-03616,2024-12-15,2025-03-15,0,570258
CAND-03616,2024-12-15,2025-04-14,0,506491
CAND-03617,2024-11-15,2024-12-15,0,752532
CAND-03617,2024-11-15,2025-01-14,30,727195
CAND-03617,2024-11-15,2025-02-13,0,662876
CAND-03617,2024-11-15,2025-03-15,0,586862
CAND-03618,2024-11-29,2024-12-29,0,1062271
CAND-03618,2024-11-29,2025-01-28,30,1034743
CAND-03618,2024-11-29,2025-02-27,60,1001547
CAND-03618,2024-11-29,2025-03-29,90,979416
CAND-03618,2024-11-29,2025-04-28,60,943008
CAND-03619,2024-11-04,2024-12-04,30,763076
CAND-03619,2024-11-04,2025-01-03,60,738772
CAND-03619,2024-11-04,2025-02-02,90,715204
CAND-03619,2024-11-04,2025-03-04,60,701794
CAND-03619,2024-11-04,2025-04-03,90,683707
CAND-03620,2025-01-28,2025-02-27,30,825366
CAND-03620,2025-01-28,2025-03-29,0,768813
CAND-03620,2025-01-28,2025-04-28,30,747062
CAND-03620,2025-01-28,2025-05-28,60,729750
CAND-03621,2025-01-01,2025-01-31,0,377045
CAND-03621,2025-01-01,2025-03-02,0,348317
CAND-03621,2025-01-01,2025-04-01,0,325974
CAND-03621,2025-01-01,2025-05-01,0,300838
CAND-03621,2025-01-01,2025-05-31,0,272111
CAND-03621,2025-01-01,2025-06-30,30,260620
CAND-03622,2024-12-04,2025-01-03,0,2611993
CAND-03622,2024-12-04,2025-02-02,0,2437860
CAND-03622,2024-12-04,2025-03-04,0,2263727
CAND-03623,2024-12-11,2025-01-10,30,521902
CAND-03623,2024-12-11,2025-02-09,0,473488
CAND-03623,2024-12-11,2025-03-11,30,462837
CAND-03623,2024-12-11,2025-04-10,60,451742
CAND-03624,2024-12-21,2025-01-20,30,479955
CAND-03624,2024-12-21,2025-02-19,0,438878
CAND-03624,2024-12-21,2025-03-21,0,397801
CAND-03624,2024-12-21,2025-04-20,0,356723
CAND-03625,2024-12-06,2025-01-05,0,314071
CAND-03625,2024-12-06,2025-02-04,0,294684
CAND-03625,2024-12-06,2025-03-06,0,267840
CAND-03625,2024-12-06,2025-04-05,0,246030
CAND-03625,2024-12-06,2025-05-05,0,211133
CAND-03626,2024-11-04,2024-12-04,0,1143056
CAND-03626,2024-11-04,2025-01-03,0,1033030
CAND-03626,2024-11-04,2025-02-02,0,965791
CAND-03626,2024-11-04,2025-03-04,30,943378
CAND-03627,2024-11-21,2024-12-21,30,2915812
CAND-03627,2024-11-21,2025-01-20,60,2835648
CAND-03627,2024-11-21,2025-02-19,90,2776326
CAND-03628,2024-12-02,2025-01-01,0,360223
CAND-03628,2024-12-02,2025-01-31,0,330782
CAND-03628,2024-12-02,2025-03-02,0,308268
CAND-03628,2024-12-02,2025-04-01,0,284347
CAND-03628,2024-12-02,2025-05-01,30,277259
CAND-03629,2024-10-23,2024-11-22,0,510650
CAND-03629,2024-10-23,2024-12-22,30,497884
CAND-03629,2024-10-23,2025-01-21,0,457761
CAND-03629,2024-10-23,2025-02-20,30,448241
CAND-03629,2024-10-23,2025-03-22,0,408118
CAND-03629,2024-10-23,2025-04-21,30,392069
CAND-03630,2024-11-04,2024-12-04,0,465837
CAND-03630,2024-11-04,2025-01-03,0,422704
CAND-03630,2024-11-04,2025-02-02,0,388198
CAND-03630,2024-11-04,2025-03-04,0,355848
CAND-03631,2024-11-22,2024-12-22,0,620602
CAND-03631,2024-11-22,2025-01-21,0,575091
CAND-03631,2024-11-22,2025-02-20,0,522579
CAND-03631,2024-11-22,2025-03-22,0,473817
CAND-03631,2024-11-22,2025-04-21,0,416928
CAND-03631,2024-11-22,2025-05-21,0,374262
CAND-03632,2024-10-30,2024-11-29,0,142633
CAND-03632,2024-10-30,2024-12-29,0,129558
CAND-03632,2024-10-30,2025-01-28,0,120329
CAND-03632,2024-10-30,2025-02-27,0,106066
CAND-03633,2025-01-25,2025-02-24,0,375202
CAND-03633,2025-01-25,2025-03-26,0,345965
CAND-03633,2025-01-25,2025-04-25,0,323226
CAND-03633,2025-01-25,2025-05-25,0,297644
CAND-03634,2025-01-04,2025-02-03,30,870709
CAND-03634,2025-01-04,2025-03-05,60,854703
CAND-03634,2025-01-04,2025-04-04,90,831116
CAND-03634,2025-01-04,2025-05-04,119,808708
CAND-03635,2024-10-24,2024-11-23,0,271064
CAND-03635,2024-10-24,2024-12-23,0,246738
CAND-03635,2024-10-24,2025-01-22,0,230520
CAND-03636,2024-11-18,2024-12-18,30,1372461
CAND-03636,2024-11-18,2025-01-17,60,1330872
CAND-03636,2024-11-18,2025-02-16,90,1288021
CAND-03636,2024-11-18,2025-03-18,119,1259163
CAND-03636,2024-11-18,2025-04-17,119,1221951
CAND-03636,2024-11-18,2025-05-17,119,1181550
CAND-03637,2024-12-21,2025-01-20,0,1592439
CAND-03637,2024-12-21,2025-02-19,0,1451930
CAND-03637,2024-12-21,2025-03-21,0,1352747
CAND-03638,2024-12-08,2025-01-07,0,398574
CAND-03638,2024-12-08,2025-02-06,30,385160
CAND-03638,2024-12-08,2025-03-08,60,373864
CAND-03638,2024-12-08,2025-04-07,90,360857
CAND-03639,2025-01-13,2025-02-12,30,1257900
CAND-03639,2025-01-13,2025-03-14,60,1226489
CAND-03639,2025-01-13,2025-04-13,30,1189693
CAND-03639,2025-01-13,2025-05-13,0,1109203
CAND-03640,2024-11-03,2024-12-03,0,387104
CAND-03640,2024-11-03,2025-01-02,0,364062
CAND-03640,2024-11-03,2025-02-01,0,329499
CAND-03641,2024-11-09,2024-12-09,0,1221415
CAND-03641,2024-11-09,2025-01-08,0,1088170
CAND-03641,2024-11-09,2025-02-07,0,999340
CAND-03641,2024-11-09,2025-03-09,0,896843
CAND-03641,2024-11-09,2025-04-08,0,813565
CAND-03641,2024-11-09,2025-05-08,0,718390
CAND-03642,2024-10-25,2024-11-24,0,386378
CAND-03642,2024-10-25,2024-12-24,0,359010
CAND-03642,2024-10-25,2025-01-23,0,334861
CAND-03643,2024-10-25,2024-11-24,0,450372
CAND-03643,2024-10-25,2024-12-24,0,400330
CAND-03643,2024-10-25,2025-01-23,0,366970
CAND-03643,2024-10-25,2025-02-22,30,353445
CAND-03643,2024-10-25,2025-03-24,0,322169
CAND-03644,2024-10-28,2024-11-27,0,750173
CAND-03644,2024-10-28,2024-12-27,0,686697
CAND-03644,2024-10-28,2025-01-26,0,623220
CAND-03644,2024-10-28,2025-02-25,0,554455
CAND-03645,2024-11-08,2024-12-08,0,1301984
CAND-03645,2024-11-08,2025-01-07,0,1205541
CAND-03645,2024-11-08,2025-02-06,0,1074027
CAND-03645,2024-11-08,2025-03-08,0,942514
CAND-03645,2024-11-08,2025-04-07,0,857417
CAND-03646,2024-12-12,2025-01-11,0,520899
CAND-03646,2024-12-12,2025-02-10,0,480591
CAND-03646,2024-12-12,2025-03-12,0,429290
CAND-03646,2024-12-12,2025-04-11,0,394021
CAND-03646,2024-12-12,2025-05-11,0,360827
CAND-03646,2024-12-12,2025-06-10,0,325558
CAND-03647,2024-12-02,2025-01-01,0,584120
CAND-03647,2024-12-02,2025-01-31,0,539615
CAND-03647,2024-12-02,2025-03-02,0,495111
CAND-03647,2024-12-02,2025-04-01,30,484551
CAND-03648,2024-12-21,2025-01-20,0,480611
CAND-03648,2024-12-21,2025-02-19,0,445900
CAND-03648,2024-12-21,2025-03-21,0,402512
CAND-03648,2024-12-21,2025-04-20,0,350446
CAND-03649,2024-12-23,2025-01-22,0,787733
CAND-03649,2024-12-23,2025-02-21,0,738307
CAND-03649,2024-12-23,2025-03-23,0,661921
CAND-03649,2024-12-23,2025-04-22,0,615240
CAND-03649,2024-12-23,2025-05-22,0,565814
CAND-03650,2024-12-30,2025-01-29,0,417631
CAND-03650,2024-12-30,2025-02-28,0,389665
CAND-03650,2024-12-30,2025-03-30,0,359834
CAND-03650,2024-12-30,2025-04-29,30,346673
CAND-03650,2024-12-30,2025-05-29,60,334244
CAND-03650,2024-12-30,2025-06-28,90,324074
CAND-03651,2024-11-11,2024-12-11,0,558541
CAND-03651,2024-11-11,2025-01-10,30,540558
CAND-03651,2024-11-11,2025-02-09,0,481213
CAND-03651,2024-11-11,2025-03-11,30,465174
CAND-03652,2024-12-21,2025-01-20,0,1234304
CAND-03652,2024-12-21,2025-02-19,0,1151650
CAND-03652,2024-12-21,2025-03-21,30,1123512
CAND-03653,2024-12-10,2025-01-09,0,740939
CAND-03653,2024-12-10,2025-02-08,0,691543
CAND-03653,2024-12-10,2025-03-10,0,625682
CAND-03654,2024-12-30,2025-01-29,0,2419660
CAND-03654,2024-12-30,2025-02-28,0,2236025
CAND-03654,2024-12-30,2025-03-30,0,2052390
CAND-03655,2024-10-15,2024-11-14,0,485207
CAND-03655,2024-10-15,2024-12-14,0,452986
CAND-03655,2024-10-15,2025-01-13,0,410025
CAND-03655,2024-10-15,2025-02-12,0,367064
CAND-03655,2024-10-15,2025-03-14,0,327408
CAND-03655,2024-10-15,2025-04-13,0,293039
CAND-03656,2024-12-23,2025-01-22,0,946524
CAND-03656,2024-12-23,2025-02-21,0,887366
CAND-03656,2024-12-23,2025-03-23,0,815532
CAND-03656,2024-12-23,2025-04-22,0,748487
CAND-03657,2024-12-29,2025-01-28,0,418660
CAND-03657,2024-12-29,2025-02-27,0,388603
CAND-03657,2024-12-29,2025-03-29,0,347615
CAND-03658,2025-01-01,2025-01-31,0,160176
CAND-03658,2025-01-01,2025-03-02,0,148526
CAND-03658,2025-01-01,2025-04-01,0,136877
CAND-03658,2025-01-01,2025-05-01,0,125956
CAND-03659,2024-10-23,2024-11-22,30,549935
CAND-03659,2024-10-23,2024-12-22,60,535945
CAND-03659,2024-10-23,2025-01-21,90,524287
CAND-03659,2024-10-23,2025-02-20,110,514803
CAND-03659,2024-10-23,2025-03-22,110,502638
CAND-03660,2024-11-03,2024-12-03,0,689991
CAND-03660,2024-11-03,2025-01-02,0,633376
CAND-03660,2024-11-03,2025-02-01,0,566468
CAND-03660,2024-11-03,2025-03-03,0,505135
CAND-03660,2024-11-03,2025-04-02,0,448521
CAND-03661,2024-12-18,2025-01-17,0,629558
CAND-03661,2024-12-18,2025-02-16,0,567556
CAND-03661,2024-12-18,2025-03-18,0,524930
CAND-03661,2024-12-18,2025-04-17,0,462928
CAND-03662,2024-11-26,2024-12-26,0,917852
CAND-03662,2024-11-26,2025-01-25,0,825140
CAND-03662,2024-11-26,2025-02-24,0,765150
CAND-03662,2024-11-26,2025-03-26,0,680163
CAND-03663,2024-10-27,2024-11-26,0,853558
CAND-03663,2024-10-27,2024-12-26,0,760442
CAND-03663,2024-10-27,2025-01-25,0,667327
CAND-03663,2024-10-27,2025-02-24,0,600816
CAND-03663,2024-10-27,2025-03-26,0,538739
CAND-03664,2025-01-12,2025-02-11,0,444597
CAND-03664,2025-01-12,2025-03-13,30,435270
CAND-03664,2025-01-12,2025-04-12,60,423440
CAND-03664,2025-01-12,2025-05-12,90,407273
CAND-03664,2025-01-12,2025-06-11,60,397763
CAND-03665,2024-11-25,2024-12-25,0,1217334
CAND-03665,2024-11-25,2025-01-24,0,1082074
CAND-03665,2024-11-25,2025-02-23,0,1002510
CAND-03665,2024-11-25,2025-03-25,0,927366
CAND-03665,2024-11-25,2025-04-24,0,837193
CAND-03666,2024-12-15,2025-01-14,0,641241
CAND-03666,2024-12-15,2025-02-13,0,601006
CAND-03666,2024-12-15,2025-03-15,0,538825
CAND-03666,2024-12-15,2025-04-14,0,486210
CAND-03667,2024-12-23,2025-01-22,0,232422
CAND-03667,2024-12-23,2025-02-21,0,207813
CAND-03667,2024-12-23,2025-03-23,0,185441
CAND-03667,2024-12-23,2025-04-22,0,169034
CAND-03667,2024-12-23,2025-05-22,30,164112
CAND-03667,2024-12-23,2025-06-21,60,158389
CAND-03668,2024-11-25,2024-12-25,0,1220770
CAND-03668,2024-11-25,2025-01-24,30,1188797
CAND-03668,2024-11-25,2025-02-23,60,1158278
CAND-03668,2024-11-25,2025-03-25,90,1118783
CAND-03669,2024-10-15,2024-11-14,0,398651
CAND-03669,2024-10-15,2024-12-14,0,368142
CAND-03669,2024-10-15,2025-01-13,0,335286
CAND-03669,2024-10-15,2025-02-12,0,299692
CAND-03669,2024-10-15,2025-03-14,0,275963
CAND-03670,2025-01-18,2025-02-17,0,844580
CAND-03670,2025-01-18,2025-03-19,0,775791
CAND-03670,2025-01-18,2025-04-18,0,726109
CAND-03671,2024-11-23,2024-12-23,0,391233
CAND-03671,2024-11-23,2025-01-22,30,382176
CAND-03671,2024-11-23,2025-02-21,0,345951
CAND-03672,2024-11-24,2024-12-24,0,1110960
CAND-03672,2024-11-24,2025-01-23,0,988754
CAND-03672,2024-11-24,2025-02-22,0,901465
CAND-03672,2024-11-24,2025-03-24,0,790369
CAND-03673,2025-01-15,2025-02-14,0,1414895
CAND-03673,2025-01-15,2025-03-16,0,1298283
CAND-03673,2025-01-15,2025-04-15,0,1160468
CAND-03673,2025-01-15,2025-05-15,0,1034138
CAND-03673,2025-01-15,2025-06-14,0,896324
CAND-03674,2024-12-14,2025-01-13,0,513852
CAND-03674,2024-12-14,2025-02-12,0,459255
CAND-03674,2024-12-14,2025-03-14,0,417258
CAND-03675,2024-11-27,2024-12-27,0,1871181
CAND-03675,2024-11-27,2025-01-26,0,1724160
CAND-03675,2024-11-27,2025-02-25,0,1518330
CAND-03675,2024-11-27,2025-03-27,0,1403980
CAND-03676,2024-12-21,2025-01-20,0,155109
CAND-03676,2024-12-21,2025-02-19,0,143292
CAND-03676,2024-12-21,2025-03-21,0,132262
CAND-03676,2024-12-21,2025-04-20,0,120444
CAND-03676,2024-12-21,2025-05-20,0,110103
CAND-03676,2024-12-21,2025-06-19,0,96316
CAND-03677,2024-12-14,2025-01-13,0,481491
CAND-03677,2024-12-14,2025-02-12,0,441367
CAND-03677,2024-12-14,2025-03-14,0,401242
CAND-03677,2024-12-14,2025-04-13,0,357774
CAND-03678,2025-01-12,2025-02-11,0,431760
CAND-03678,2025-01-12,2025-03-13,0,401057
CAND-03678,2025-01-12,2025-04-12,0,368161
CAND-03678,2025-01-12,2025-05-12,0,341070
CAND-03678,2025-01-12,2025-06-11,0,305644
CAND-03679,2024-11-03,2024-12-03,0,1418021
CAND-03679,2024-11-03,2025-01-02,0,1260463
CAND-03679,2024-11-03,2025-02-01,0,1129165
CAND-03679,2024-11-03,2025-03-03,0,1024126
CAND-03679,2024-11-03,2025-04-02,0,936594
CAND-03680,2025-01-01,2025-01-31,0,1019906
CAND-03680,2025-01-01,2025-03-02,0,911541
CAND-03680,2025-01-01,2025-04-01,0,847797
CAND-03680,2025-01-01,2025-05-01,0,780069
CAND-03681,2024-11-21,2024-12-21,0,717818
CAND-03681,2024-11-21,2025-01-20,0,659151
CAND-03681,2024-11-21,2025-02-19,30,643261
CAND-03682,2024-11-26,2024-12-26,0,1887169
CAND-03682,2024-11-26,2025-01-25,0,1763824
CAND-03682,2024-11-26,2025-02-24,30,1724994
CAND-03682,2024-11-26,2025-03-26,60,1683879
CAND-03682,2024-11-26,2025-04-25,30,1647726
CAND-03682,2024-11-26,2025-05-25,60,1595305
CAND-03683,2024-12-12,2025-01-11,0,254974
CAND-03683,2024-12-12,2025-02-10,0,235547
CAND-03683,2024-12-12,2025-03-12,0,219549
CAND-03684,2024-11-05,2024-12-05,0,584847
CAND-03684,2024-11-05,2025-01-04,0,522185
CAND-03684,2024-11-05,2025-02-03,0,485325
CAND-03684,2024-11-05,2025-03-05,30,471703
CAND-03685,2024-11-26,2024-12-26,30,535793
CAND-03685,2024-11-26,2025-01-25,60,524652
CAND-03685,2024-11-26,2025-02-24,90,511337
CAND-03685,2024-11-26,2025-03-26,60,500196
CAND-03685,2024-11-26,2025-04-25,90,487501
CAND-03686,2025-01-02,2025-02-01,0,229706
CAND-03686,2025-01-02,2025-03-03,0,204821
CAND-03686,2025-01-02,2025-04-02,0,184084
CAND-03686,2025-01-02,2025-05-02,0,170259
CAND-03686,2025-01-02,2025-06-01,30,164334
CAND-03687,2024-11-08,2024-12-08,30,1909791
CAND-03687,2024-11-08,2025-01-07,0,1746852
CAND-03687,2024-11-08,2025-02-06,0,1569101
CAND-03687,2024-11-08,2025-03-08,0,1373575
CAND-03687,2024-11-08,2025-04-07,0,1195824
CAND-03688,2024-12-14,2025-01-13,0,1249099
CAND-03688,2024-12-14,2025-02-12,0,1158887
CAND-03688,2024-12-14,2025-03-14,0,1068674
CAND-03688,2024-12-14,2025-04-13,0,964582
CAND-03688,2024-12-14,2025-05-13,0,841565
CAND-03688,2024-12-14,2025-06-12,0,751352
CAND-03689,2024-11-09,2024-12-09,0,1191934
CAND-03689,2024-11-09,2025-01-08,0,1112472
CAND-03689,2024-11-09,2025-02-07,0,1037684
CAND-03689,2024-11-09,2025-03-09,0,962896
CAND-03689,2024-11-09,2025-04-08,0,878136
CAND-03690,2024-10-23,2024-11-22,0,290789
CAND-03690,2024-10-23,2024-12-22,0,258802
CAND-03690,2024-10-23,2025-01-21,0,234197
CAND-03690,2024-10-23,2025-02-20,0,212873
CAND-03690,2024-10-23,2025-03-22,0,191548
CAND-03690,2024-10-23,2025-04-21,0,168700
CAND-03691,2025-01-20,2025-02-19,0,728148
CAND-03691,2025-01-20,2025-03-21,0,682257
CAND-03691,2025-01-20,2025-04-20,0,617243
CAND-03691,2025-01-20,2025-05-20,30,594953
CAND-03692,2024-12-15,2025-01-14,0,825338
CAND-03692,2024-12-15,2025-02-13,0,756967
CAND-03692,2024-12-15,2025-03-15,0,704683
CAND-03692,2024-12-15,2025-04-14,0,641196
CAND-03692,2024-12-15,2025-05-14,0,567127
CAND-03692,2024-12-15,2025-06-13,0,498756
CAND-03693,2024-10-26,2024-11-25,0,1080191
CAND-03693,2024-10-26,2024-12-25,0,1003378
CAND-03693,2024-10-26,2025-01-24,0,939366
CAND-03694,2024-10-20,2024-11-19,0,332460
CAND-03694,2024-10-20,2024-12-19,0,311600
CAND-03694,2024-10-20,2025-01-18,0,286269
CAND-03694,2024-10-20,2025-02-17,0,256717
CAND-03695,2024-12-28,2025-01-27,0,674896
CAND-03695,2024-12-28,2025-02-26,30,660889
CAND-03695,2024-12-28,2025-03-28,0,607862
CAND-03695,2024-12-28,2025-04-27,0,540372
CAND-03695,2024-12-28,2025-05-27,0,496702
CAND-03695,2024-12-28,2025-06-26,0,422464
CAND-03696,2024-12-23,2025-01-22,0,406369
CAND-03696,2024-12-23,2025-02-21,0,381059
CAND-03696,2024-12-23,2025-03-23,0,347961
CAND-03696,2024-12-23,2025-04-22,0,321069
CAND-03696,2024-12-23,2025-05-22,0,290335
CAND-03697,2024-11-21,2024-12-21,0,654072
CAND-03697,2024-11-21,2025-01-20,0,604433
CAND-03697,2024-11-21,2025-02-19,0,546520
CAND-03697,2024-11-21,2025-03-21,0,505641
CAND-03697,2024-11-21,2025-04-20,0,459311
CAND-03698,2024-12-10,2025-01-09,0,417842
CAND-03698,2024-12-10,2025-02-08,0,384680
CAND-03698,2024-12-10,2025-03-10,0,348967
CAND-03698,2024-12-10,2025-04-09,30,338650
CAND-03698,2024-12-10,2025-05-09,0,299961
CAND-03699,2024-10-15,2024-11-14,0,580652
CAND-03699,2024-10-15,2024-12-14,0,542701
CAND-03699,2024-10-15,2025-01-13,0,504750
CAND-03699,2024-10-15,2025-02-12,0,455121
CAND-03700,2024-11-05,2024-12-05,0,1442004
CAND-03700,2024-11-05,2025-01-04,0,1332137
CAND-03700,2024-11-05,2025-02-03,0,1203959
CAND-03701,2024-12-16,2025-01-15,0,353312
CAND-03701,2024-12-16,2025-02-14,0,330220
CAND-03701,2024-12-16,2025-03-16,0,305684
CAND-03701,2024-12-16,2025-04-15,0,279513
CAND-03702,2025-01-22,2025-02-21,0,845572
CAND-03702,2025-01-22,2025-03-23,0,770703
CAND-03702,2025-01-22,2025-04-22,0,717855
CAND-03702,2025-01-22,2025-05-22,0,628013
CAND-03702,2025-01-22,2025-06-21,0,546339
CAND-03702,2025-01-22,2025-07-21,0,471470
CAND-03703,2025-01-05,2025-02-04,0,690377
CAND-03703,2025-01-05,2025-03-06,0,614436
CAND-03703,2025-01-05,2025-04-05,0,569764
CAND-03703,2025-01-05,2025-05-05,0,506480
CAND-03703,2025-01-05,2025-06-04,30,493157
CAND-03703,2025-01-05,2025-07-04,60,478266
CAND-03704,2024-11-03,2024-12-03,0,790438
CAND-03704,2024-11-03,2025-01-02,30,773549
CAND-03704,2024-11-03,2025-02-01,60,749153
CAND-03705,2024-11-25,2024-12-25,0,823403
CAND-03705,2024-11-25,2025-01-24,0,753730
CAND-03705,2024-11-25,2025-02-23,30,736957
CAND-03706,2024-10-10,2024-11-09,0,1174657
CAND-03706,2024-10-10,2024-12-09,0,1089227
CAND-03706,2024-10-10,2025-01-08,0,1003798
CAND-03706,2024-10-10,2025-02-07,0,928419
CAND-03706,2024-10-10,2025-03-09,30,902267
CAND-03706,2024-10-10,2025-04-08,0,822177
CAND-03707,2024-12-11,2025-01-10,0,691516
CAND-03707,2024-12-11,2025-02-09,0,649257
CAND-03707,2024-12-11,2025-03-11,0,590744
CAND-03707,2024-12-11,2025-04-10,0,532231
CAND-03708,2024-11-04,2024-12-04,0,933903
CAND-03708,2024-11-04,2025-01-03,0,859784
CAND-03708,2024-11-04,2025-02-02,0,790606
CAND-03708,2024-11-04,2025-03-04,0,725751
CAND-03708,2024-11-04,2025-04-03,0,639279
CAND-03709,2024-12-22,2025-01-21,0,430623
CAND-03709,2024-12-22,2025-02-20,0,390750
CAND-03709,2024-12-22,2025-03-22,0,358852
CAND-03709,2024-12-22,2025-04-21,0,332271
CAND-03710,2024-12-26,2025-01-25,0,220849
CAND-03710,2024-12-26,2025-02-24,0,205512
CAND-03710,2024-12-26,2025-03-26,0,185063
CAND-03710,2024-12-26,2025-04-25,0,162755
CAND-03710,2024-12-26,2025-05-25,0,143879
CAND-03711,2024-11-05,2024-12-05,0,595428
CAND-03711,2024-11-05,2025-01-04,0,541298
CAND-03711,2024-11-05,2025-02-03,0,487168
CAND-03711,2024-11-05,2025-03-05,0,428118
CAND-03711,2024-11-05,2025-04-04,0,392031
CAND-03712,2024-11-16,2024-12-16,30,1176123
CAND-03712,2024-11-16,2025-01-15,60,1153086
CAND-03712,2024-11-16,2025-02-14,30,1126466
CAND-03713,2024-10-09,2024-11-08,0,940563
CAND-03713,2024-10-09,2024-12-08,0,847932
CAND-03713,2024-10-09,2025-01-07,0,787994
CAND-03714,2024-11-05,2024-12-05,0,906872
CAND-03714,2024-11-05,2025-01-04,0,836207
CAND-03714,2024-11-05,2025-02-03,0,778012
CAND-03714,2024-11-05,2025-03-05,0,679080
CAND-03714,2024-11-05,2025-04-04,0,580149
CAND-03715,2024-10-30,2024-11-29,0,1341799
CAND-03715,2024-10-30,2024-12-29,0,1232512
CAND-03715,2024-10-30,2025-01-28,0,1137797
CAND-03716,2024-12-19,2025-01-18,0,1188081
CAND-03716,2024-12-19,2025-02-17,30,1164346
CAND-03716,2024-12-19,2025-03-19,60,1131241
CAND-03716,2024-12-19,2025-04-18,90,1101986
CAND-03716,2024-12-19,2025-05-18,112,1069731
CAND-03716,2024-12-19,2025-06-17,112,1035731
CAND-03717,2024-12-17,2025-01-16,0,794854
CAND-03717,2024-12-17,2025-02-15,0,707420
CAND-03717,2024-12-17,2025-03-17,0,644967
CAND-03717,2024-12-17,2025-04-16,0,565482
CAND-03717,2024-12-17,2025-05-16,0,478048
CAND-03717,2024-12-17,2025-06-15,0,429473
CAND-03718,2024-12-28,2025-01-27,0,1314025
CAND-03718,2024-12-28,2025-02-26,30,1285683
CAND-03718,2024-12-28,2025-03-28,60,1261184
CAND-03718,2024-12-28,2025-04-27,90,1225048
CAND-03718,2024-12-28,2025-05-27,60,1185983
CAND-03719,22-01-2025,2025-02-21,30,190972
CAND-03719,22-01-2025,2025-03-23,60,184424
CAND-03719,22-01-2025,2025-04-22,30,178286
CAND-03719,22-01-2025,2025-05-22,0,158643
CAND-03719,22-01-2025,2025-06-21,30,154464
CAND-03720,2024-12-15,2025-01-14,0,595097
CAND-03720,2024-12-15,2025-02-13,0,552117
CAND-03720,2024-12-15,2025-03-15,0,506068
CAND-03721,2024-11-12,2024-12-12,30,443439
CAND-03721,2024-11-12,2025-01-11,60,434472
CAND-03721,2024-11-12,2025-02-10,90,425505
CAND-03722,2024-10-17,2024-11-16,0,1000364
CAND-03722,2024-10-17,2024-12-16,0,890324
CAND-03722,2024-10-17,2025-01-15,0,821549
CAND-03722,2024-10-17,2025-02-14,0,756819
CAND-03723,2024-11-08,2024-12-08,0,289776
CAND-03723,2024-11-08,2025-01-07,0,260505
CAND-03723,2024-11-08,2025-02-06,0,228308
CAND-03723,2024-11-08,2025-03-08,30,221600
CAND-03723,2024-11-08,2025-04-07,0,202661
CAND-03723,2024-11-08,2025-05-07,0,177894
CAND-03724,2025-01-12,2025-02-11,30,397578
CAND-03724,2025-01-12,2025-03-13,60,389947
CAND-03724,2025-01-12,2025-04-12,90,377692
CAND-03725,2025-01-03,2025-02-02,0,548132
CAND-03725,2025-01-03,2025-03-04,0,513739
CAND-03725,2025-01-03,2025-04-03,0,481257
CAND-03725,2025-01-03,2025-05-03,0,446865
CAND-03725,2025-01-03,2025-06-02,0,407887
CAND-03726,2024-11-16,2024-12-16,0,739678
CAND-03726,2024-11-16,2025-01-15,0,692212
CAND-03726,2024-11-16,2025-02-14,0,624969
CAND-03727,2024-11-01,2024-12-01,0,496192
CAND-03727,2024-11-01,2024-12-31,0,454842
CAND-03727,2024-11-01,2025-01-30,0,416447
CAND-03727,2024-11-01,2025-03-01,30,402663
CAND-03728,2024-12-08,2025-01-07,0,718456
CAND-03728,2024-12-08,2025-02-06,0,657049
CAND-03728,2024-12-08,2025-03-08,0,590525
CAND-03728,2024-12-08,2025-04-07,30,571055
CAND-03729,2025-01-14,2025-02-13,30,409355
CAND-03729,2025-01-14,2025-03-15,60,399304
CAND-03729,2025-01-14,2025-04-14,90,391339
CAND-03729,2025-01-14,2025-05-14,117,382161
CAND-03730,2024-12-17,2025-01-16,0,401697
CAND-03730,2024-12-17,2025-02-15,0,358658
CAND-03730,2024-12-17,2025-03-17,0,315619
CAND-03730,2024-12-17,2025-04-16,0,276493
CAND-03730,2024-12-17,2025-05-16,0,249594
CAND-03730,2024-12-17,2025-06-15,0,224277
CAND-03731,2024-11-20,2024-12-20,0,2227212
CAND-03731,2024-11-20,2025-01-19,0,2069998
CAND-03731,2024-11-20,2025-02-18,0,1912782
CAND-03732,2025-01-03,2025-02-02,0,291347
CAND-03732,2025-01-03,2025-03-04,0,260498
CAND-03732,2025-01-03,2025-04-03,0,232454
CAND-03733,2024-12-20,2025-01-19,0,486828
CAND-03733,2024-12-20,2025-02-18,0,443724
CAND-03733,2024-12-20,2025-03-20,0,391998
CAND-03733,2024-12-20,2025-04-19,0,352209
CAND-03733,2024-12-20,2025-05-19,0,323473
CAND-03734,2024-11-21,2024-12-21,0,529864
CAND-03734,2024-11-21,2025-01-20,0,472060
CAND-03734,2024-11-21,2025-02-19,0,419512
CAND-03735,2024-11-03,2024-12-03,0,300597
CAND-03735,2024-11-03,2025-01-02,0,280468
CAND-03735,2024-11-03,2025-02-01,0,258996
CAND-03735,2024-11-03,2025-03-03,0,241104
CAND-03736,2024-12-15,2025-01-14,0,690804
CAND-03736,2024-12-15,2025-02-13,0,616410
CAND-03736,2024-12-15,2025-03-15,0,554415
CAND-03736,2024-12-15,2025-04-14,0,497188
CAND-03737,2024-11-18,2024-12-18,0,855883
CAND-03737,2024-11-18,2025-01-17,0,793118
CAND-03737,2024-11-18,2025-02-16,0,720697
CAND-03737,2024-11-18,2025-03-18,30,702237
CAND-03737,2024-11-18,2025-04-17,60,679274
CAND-03738,2025-01-25,2025-02-24,0,525456
CAND-03738,2025-01-25,2025-03-26,0,485421
CAND-03738,2025-01-25,2025-04-25,0,452451
CAND-03739,2024-11-11,2024-12-11,0,493227
CAND-03739,2024-11-11,2025-01-10,0,440111
CAND-03739,2024-11-11,2025-02-09,0,386994
CAND-03739,2024-11-11,2025-03-11,0,353796
CAND-03739,2024-11-11,2025-04-10,0,312937
CAND-03740,2024-10-28,2024-11-27,0,972619
CAND-03740,2024-10-28,2024-12-27,0,907488
CAND-03740,2024-10-28,2025-01-26,0,849594
CAND-03740,2024-10-28,2025-02-25,0,754859
CAND-03740,2024-10-28,2025-03-27,0,689728
CAND-03740,2024-10-28,2025-04-26,0,620255
CAND-03741,2024-10-29,2024-11-28,0,807662
CAND-03741,2024-10-29,2024-12-28,30,780128
CAND-03741,2024-10-29,2025-01-27,0,692020
CAND-03741,2024-10-29,2025-02-26,0,640191
CAND-03741,2024-10-29,2025-03-28,0,560092
CAND-03741,2024-10-29,2025-04-27,0,497158
CAND-03742,2024-10-29,2024-11-28,0,427609
CAND-03742,2024-10-29,2024-12-28,0,400975
CAND-03742,2024-10-29,2025-01-27,0,374342
CAND-03742,2024-10-29,2025-02-26,0,346045
CAND-03742,2024-10-29,2025-03-28,0,308315
CAND-03742,2024-10-29,2025-04-27,0,263038
CAND-03743,2024-11-19,2024-12-19,0,1453728
CAND-03743,2024-11-19,2025-01-18,0,1356380
CAND-03743,2024-11-19,2025-02-17,0,1252543
CAND-03744,2024-12-03,2025-01-02,0,1272026
CAND-03744,2024-12-03,2025-02-01,0,1148127
CAND-03744,2024-12-03,2025-03-03,0,1067958
CAND-03744,2024-12-03,2025-04-02,0,931669
CAND-03745,2024-10-26,2024-11-25,30,1696191
CAND-03745,2024-10-26,2024-12-25,60,1658459
CAND-03745,2024-10-26,2025-01-24,30,1604221
CAND-03745,2024-10-26,2025-02-23,60,1551626
CAND-03746,2024-11-10,2024-12-10,0,570031
CAND-03746,2024-11-10,2025-01-09,0,514224
CAND-03746,2024-11-10,2025-02-08,0,452836
CAND-03746,2024-11-10,2025-03-10,30,441468
CAND-03746,2024-11-10,2025-04-09,60,429885
CAND-03746,2024-11-10,2025-05-09,90,418517
CAND-03747,2024-12-19,2025-01-18,0,855191
CAND-03747,2024-12-19,2025-02-17,0,770968
CAND-03747,2024-12-19,2025-03-19,30,741082
CAND-03747,2024-12-19,2025-04-18,0,683178
CAND-03747,2024-12-19,2025-05-18,0,590533
CAND-03747,2024-12-19,2025-06-17,0,519267
CAND-03748,2024-12-14,2025-01-13,0,719368
CAND-03748,2024-12-14,2025-02-12,0,659420
CAND-03748,2024-12-14,2025-03-14,30,644434
CAND-03748,2024-12-14,2025-04-13,0,598591
CAND-03748,2024-12-14,2025-05-13,0,546637
CAND-03748,2024-12-14,2025-06-12,0,497930
CAND-03749,2024-11-07,2024-12-07,0,338838
CAND-03749,2024-11-07,2025-01-06,0,317095
CAND-03749,2024-11-07,2025-02-05,30,305894
CAND-03749,2024-11-07,2025-03-07,0,277460
CAND-03749,2024-11-07,2025-04-06,0,252817
CAND-03750,2024-12-13,2025-01-12,0,514515
CAND-03750,2024-12-13,2025-02-11,0,480467
CAND-03750,2024-12-13,2025-03-13,0,450201
CAND-03750,2024-12-13,2025-04-12,0,411288
CAND-03751,2024-11-24,2024-12-24,0,1112650
CAND-03751,2024-11-24,2025-01-23,0,1028208
CAND-03751,2024-11-24,2025-02-22,0,937270
CAND-03752,2024-10-21,2024-11-20,0,254240
CAND-03752,2024-10-21,2024-12-20,30,247873
CAND-03752,2024-10-21,2025-01-19,60,241921
CAND-03753,2024-11-14,2024-12-14,30,403360
CAND-03753,2024-11-14,2025-01-13,60,396404
CAND-03753,2024-11-14,2025-02-12,90,383164
CAND-03753,2024-11-14,2025-03-14,110,375963
CAND-03753,2024-11-14,2025-04-13,110,366843
CAND-03753,2024-11-14,2025-05-13,110,359642
CAND-03754,2024-12-30,2025-01-29,0,723222
CAND-03754,2024-12-30,2025-02-28,30,705001
CAND-03754,2024-12-30,2025-03-30,0,661474
CAND-03754,2024-12-30,2025-04-29,0,612505
CAND-03755,2024-11-15,2024-12-15,0,339940
CAND-03755,2024-11-15,2025-01-14,0,306829
CAND-03755,2024-11-15,2025-02-13,30,297490
CAND-03755,2024-11-15,2025-03-15,0,271474
CAND-03755,2024-11-15,2025-04-14,0,248710
CAND-03756,15-01-2025,2025-02-14,30,614844
CAND-03756,15-01-2025,2025-03-16,60,602565
CAND-03756,15-01-2025,2025-04-15,90,586085
CAND-03756,15-01-2025,2025-05-15,91,574699
CAND-03757,2024-10-14,2024-11-13,0,940012
CAND-03757,2024-10-14,2024-12-13,0,880109
CAND-03757,2024-10-14,2025-01-12,0,787532
CAND-03758,2024-12-03,2025-01-02,0,268712
CAND-03758,2024-12-03,2025-02-01,0,247773
CAND-03758,2024-12-03,2025-03-03,0,231488
CAND-03758,2024-12-03,2025-04-02,0,215202
CAND-03758,2024-12-03,2025-05-02,0,195659
CAND-03758,2024-12-03,2025-06-01,0,177338
CAND-03759,2024-12-06,2025-01-05,0,215418
CAND-03759,2024-12-06,2025-02-04,0,198321
CAND-03759,2024-12-06,2025-03-06,0,178375
CAND-03760,2024-11-18,2024-12-18,0,310220
CAND-03760,2024-11-18,2025-01-17,0,291660
CAND-03760,2024-11-18,2025-02-16,0,272008
CAND-03760,2024-11-18,2025-03-18,30,265326
CAND-03760,2024-11-18,2025-04-17,60,256297
CAND-03760,2024-11-18,2025-05-17,90,249479
CAND-03761,2024-11-04,2024-12-04,0,567000
CAND-03761,2024-11-04,2025-01-03,0,530615
CAND-03761,2024-11-04,2025-02-02,30,516558
CAND-03761,2024-11-04,2025-03-04,60,500280
CAND-03761,2024-11-04,2025-04-03,90,489796
CAND-03761,2024-11-04,2025-05-03,102,473936
CAND-03762,2024-12-31,2025-01-30,0,562626
CAND-03762,2024-12-31,2025-03-01,0,522773
CAND-03762,2024-12-31,2025-03-31,0,482921
CAND-03762,2024-12-31,2025-04-30,0,445559
CAND-03763,2025-01-12,2025-02-11,0,455938
CAND-03763,2025-01-12,2025-03-13,0,418803
CAND-03763,2025-01-12,2025-04-12,30,407576
CAND-03763,2025-01-12,2025-05-12,60,392490
CAND-03763,2025-01-12,2025-06-11,90,376398
CAND-03763,2025-01-12,2025-07-11,105,362199
CAND-03764,2024-12-12,2025-01-11,0,2376844
CAND-03764,2024-12-12,2025-02-10,0,2213436
CAND-03764,2024-12-12,2025-03-12,0,1951983
CAND-03764,2024-12-12,2025-04-11,0,1714298
CAND-03764,2024-12-12,2025-05-11,0,1560503
CAND-03764,2024-12-12,2025-06-10,0,1322818
CAND-03765,2024-11-13,2024-12-13,0,289107
CAND-03765,2024-11-13,2025-01-12,0,257972
CAND-03765,2024-11-13,2025-02-11,0,238513
CAND-03765,2024-11-13,2025-03-13,0,216274
CAND-03766,2024-12-29,2025-01-28,0,1243789
CAND-03766,2024-12-29,2025-02-27,0,1163309
CAND-03766,2024-12-29,2025-03-29,0,1077798
CAND-03766,2024-12-29,2025-04-28,0,972554
CAND-03767,16-01-2025,2025-02-15,0,316022
CAND-03767,16-01-2025,2025-03-17,0,285241
CAND-03767,16-01-2025,2025-04-16,0,254459
CAND-03767,16-01-2025,2025-05-16,30,247948
CAND-03767,16-01-2025,2025-06-15,60,237687
CAND-03768,2024-11-29,2024-12-29,0,1730786
CAND-03768,2024-11-29,2025-01-28,0,1621703
CAND-03768,2024-11-29,2025-02-27,0,1453120
CAND-03769,2024-12-10,2025-01-09,0,520804
CAND-03769,2024-12-10,2025-02-08,30,509289
CAND-03769,2024-12-10,2025-03-10,0,477945
CAND-03769,2024-12-10,2025-04-09,0,421524
CAND-03769,2024-12-10,2025-05-09,0,365104
CAND-03769,2024-12-10,2025-06-08,0,308683
CAND-03770,2024-11-13,2024-12-13,30,936381
CAND-03770,2024-11-13,2025-01-12,60,913343
CAND-03770,2024-11-13,2025-02-11,90,895751
CAND-03771,2024-10-24,2024-11-23,0,675025
CAND-03771,2024-10-24,2024-12-23,0,621988
CAND-03771,2024-10-24,2025-01-22,0,547735
CAND-03771,2024-10-24,2025-02-21,0,501327
CAND-03771,2024-10-24,2025-03-23,0,444209
CAND-03771,2024-10-24,2025-04-22,0,387092
CAND-03772,2024-11-28,2024-12-28,0,341053
CAND-03772,2024-11-28,2025-01-27,0,312433
CAND-03772,2024-11-28,2025-02-26,0,289180
CAND-03772,2024-11-28,2025-03-28,0,251974
CAND-03772,2024-11-28,2025-04-27,0,223354
CAND-03773,2024-11-07,2024-12-07,0,409737
CAND-03773,2024-11-07,2025-01-06,0,378641
CAND-03773,2024-11-07,2025-02-05,0,342362
CAND-03773,2024-11-07,2025-03-07,0,318177
CAND-03773,2024-11-07,2025-04-06,0,284688
CAND-03774,2024-12-09,2025-01-08,0,264340
CAND-03774,2024-12-09,2025-02-07,0,245115
CAND-03774,2024-12-09,2025-03-09,0,225891
CAND-03774,2024-12-09,2025-04-08,0,199675
CAND-03774,2024-12-09,2025-05-08,0,177493
CAND-03775,2024-12-25,2025-01-24,0,694597
CAND-03775,2024-12-25,2025-02-23,0,641439
CAND-03775,2024-12-25,2025-03-25,0,579421
CAND-03777,2024-12-31,2025-01-30,0,171901
CAND-03777,2024-12-31,2025-03-01,0,155984
CAND-03777,2024-12-31,2025-03-31,0,143251
CAND-03777,2024-12-31,2025-04-30,0,125887
CAND-03777,2024-12-31,2025-05-30,0,114652
CAND-03777,2024-12-31,2025-06-29,0,99959
CAND-03778,2024-12-22,2025-01-21,0,508225
CAND-03778,2024-12-22,2025-02-20,30,496388
CAND-03778,2024-12-22,2025-03-22,0,462355
CAND-03778,2024-12-22,2025-04-21,0,420468
CAND-03779,2024-10-08,2024-11-07,0,443273
CAND-03779,2024-10-08,2024-12-07,30,427874
CAND-03779,2024-10-08,2025-01-06,0,401353
CAND-03779,2024-10-08,2025-02-05,0,364633
CAND-03779,2024-10-08,2025-03-07,0,332808
CAND-03779,2024-10-08,2025-04-06,0,289410
CAND-03780,2024-12-19,2025-01-18,0,436386
CAND-03780,2024-12-19,2025-02-17,0,393108
CAND-03780,2024-12-19,2025-03-19,0,359104
CAND-03780,2024-12-19,2025-04-18,0,311498
CAND-03780,2024-12-19,2025-05-18,0,268220
CAND-03781,2024-11-01,2024-12-01,30,674257
CAND-03781,2024-11-01,2024-12-31,0,611466
CAND-03781,2024-11-01,2025-01-30,30,598675
CAND-03781,2024-11-01,2025-03-01,60,586557
CAND-03781,2024-11-01,2025-03-31,90,570494
CAND-03781,2024-11-01,2025-04-30,111,550180
CAND-03782,2024-12-30,2025-01-29,0,2890781
CAND-03782,2024-12-30,2025-02-28,0,2582431
CAND-03782,2024-12-30,2025-03-30,0,2389712
CAND-03783,2024-12-10,2025-01-09,0,143561
CAND-03783,2024-12-10,2025-02-08,0,129640
CAND-03783,2024-12-10,2025-03-10,0,117861
CAND-03783,2024-12-10,2025-04-09,0,106923
CAND-03783,2024-12-10,2025-05-09,0,95143
CAND-03783,2024-12-10,2025-06-08,0,86636
CAND-03784,2024-12-05,2025-01-04,0,778297
CAND-03784,2024-12-05,2025-02-03,0,701110
CAND-03784,2024-12-05,2025-03-05,0,651166
CAND-03785,2024-12-10,2025-01-09,0,233750
CAND-03785,2024-12-10,2025-02-08,0,210375
CAND-03785,2024-12-10,2025-03-10,0,196090
CAND-03786,2025-01-19,2025-02-18,0,591792
CAND-03786,2025-01-19,2025-03-20,30,576247
CAND-03786,2025-01-19,2025-04-19,60,563501
CAND-03786,2025-01-19,2025-05-19,90,550495
CAND-03787,2024-11-24,2024-12-24,0,451323
CAND-03787,2024-11-24,2025-01-23,30,441854
CAND-03787,2024-11-24,2025-02-22,0,400825
CAND-03787,2024-11-24,2025-03-24,0,362952
CAND-03787,2024-11-24,2025-04-23,0,333990
CAND-03787,2024-11-24,2025-05-23,0,301166
CAND-03788,2024-12-17,2025-01-16,0,367979
CAND-03788,2024-12-17,2025-02-15,0,344890
CAND-03788,2024-12-17,2025-03-17,0,320358
CAND-03788,2024-12-17,2025-04-16,0,294191
CAND-03788,2024-12-17,2025-05-16,0,268023
CAND-03789,2024-11-12,2024-12-12,0,1025224
CAND-03789,2024-11-12,2025-01-11,0,944670
CAND-03789,2024-11-12,2025-02-10,0,850692
CAND-03789,2024-11-12,2025-03-12,0,756713
CAND-03789,2024-11-12,2025-04-11,0,694060
CAND-03789,2024-11-12,2025-05-11,0,607310
CAND-03790,2024-12-05,2025-01-04,0,208518
CAND-03790,2024-12-05,2025-02-03,0,194617
CAND-03790,2024-12-05,2025-03-05,0,176082
CAND-03790,2024-12-05,2025-04-04,0,162998
CAND-03790,2024-12-05,2025-05-04,0,145889
CAND-03790,2024-12-05,2025-06-03,0,127354
CAND-03791,2024-10-11,2024-11-10,0,756836
CAND-03791,2024-10-11,2024-12-10,0,693325
CAND-03791,2024-10-11,2025-01-09,0,618267
CAND-03791,2024-10-11,2025-02-08,0,563224
CAND-03791,2024-10-11,2025-03-10,0,488166
CAND-03791,2024-10-11,2025-04-09,0,429192
CAND-03792,2024-11-14,2024-12-14,0,211770
CAND-03792,2024-11-14,2025-01-13,0,195131
CAND-03792,2024-11-14,2025-02-12,0,177212
CAND-03792,2024-11-14,2025-03-14,0,163509
CAND-03792,2024-11-14,2025-04-13,0,146870
CAND-03793,2024-12-07,2025-01-06,0,913239
CAND-03793,2024-12-07,2025-02-05,0,851771
CAND-03793,2024-12-07,2025-03-07,0,776118
CAND-03794,2024-12-23,2025-01-22,0,859250
CAND-03794,2024-12-23,2025-02-21,0,804494
CAND-03794,2024-12-23,2025-03-23,0,749738
CAND-03794,2024-12-23,2025-04-22,0,698023
CAND-03794,2024-12-23,2025-05-22,0,604938
CAND-03795,2024-10-11,2024-11-10,0,654288
CAND-03795,2024-10-11,2024-12-10,0,610474
CAND-03795,2024-10-11,2025-01-09,0,569238
CAND-03795,2024-10-11,2025-02-08,0,528001
CAND-03795,2024-10-11,2025-03-10,0,474076
CAND-03795,2024-10-11,2025-04-09,0,403974
CAND-03796,2024-12-16,2025-01-15,0,355211
CAND-03796,2024-12-16,2025-02-14,0,323760
CAND-03796,2024-12-16,2025-03-16,0,302793
CAND-03796,2024-12-16,2025-04-15,0,273761
CAND-03797,2025-01-16,2025-02-15,30,409492
CAND-03797,2025-01-16,2025-03-17,60,397750
CAND-03797,2025-01-16,2025-04-16,90,388561
CAND-03798,2024-11-02,2024-12-02,0,639384
CAND-03798,2024-11-02,2025-01-01,0,571449
CAND-03798,2024-11-02,2025-01-31,0,533708
CAND-03798,2024-11-02,2025-03-02,0,471949
CAND-03799,2024-11-30,2024-12-30,30,784230
CAND-03799,2024-11-30,2025-01-29,60,769725
CAND-03799,2024-11-30,2025-02-28,90,749781
CAND-03801,2025-01-01,2025-01-31,0,555417
CAND-03801,2025-01-01,2025-03-02,0,506047
CAND-03801,2025-01-01,2025-04-01,0,469019
CAND-03801,2025-01-01,2025-05-01,0,415160
CAND-03801,2025-01-01,2025-05-31,0,372843
CAND-03801,2025-01-01,2025-06-30,0,339929
CAND-03802,2024-11-03,2024-12-03,0,676609
CAND-03802,2024-11-03,2025-01-02,0,633965
CAND-03802,2024-11-03,2025-02-01,0,578201
CAND-03802,2024-11-03,2025-03-03,0,522436
CAND-03802,2024-11-03,2025-04-02,0,466672
CAND-03802,2024-11-03,2025-05-02,0,424029
CAND-03803,2024-12-23,2025-01-22,0,222595
CAND-03803,2024-12-23,2025-02-21,0,200803
CAND-03803,2024-12-23,2025-03-23,0,185820
CAND-03803,2024-12-23,2025-04-22,0,172503
CAND-03803,2024-12-23,2025-05-22,0,150710
CAND-03804,2025-01-20,2025-02-19,0,412327
CAND-03804,2025-01-20,2025-03-21,0,382339
CAND-03804,2025-01-20,2025-04-20,0,350210
CAND-03805,2024-11-07,2024-12-07,0,258606
CAND-03805,2024-11-07,2025-01-06,0,241365
CAND-03805,2024-11-07,2025-02-05,0,218378
CAND-03806,2024-10-29,2024-11-28,0,306442
CAND-03806,2024-10-29,2024-12-28,0,283266
CAND-03806,2024-10-29,2025-01-27,0,250819
CAND-03806,2024-10-29,2025-02-26,0,227643
CAND-03806,2024-10-29,2025-03-28,0,204466
CAND-03807,2025-01-06,2025-02-05,30,479526
CAND-03807,2025-01-06,2025-03-07,60,470268
CAND-03807,2025-01-06,2025-04-06,90,457007
CAND-03808,2024-11-30,2024-12-30,30,358240
CAND-03808,2024-11-30,2025-01-29,60,352020
CAND-03808,2024-11-30,2025-02-28,90,343865
CAND-03808,2024-11-30,2025-03-30,100,334456
CAND-03808,2024-11-30,2025-04-29,100,325046
CAND-03809,2025-01-16,2025-02-15,0,396202
CAND-03809,2025-01-16,2025-03-17,0,371342
CAND-03809,2025-01-16,2025-04-16,0,329080
CAND-03810,2024-11-22,2024-12-22,0,778263
CAND-03810,2024-11-22,2025-01-21,0,711745
CAND-03810,2024-11-22,2025-02-20,30,688374
CAND-03810,2024-11-22,2025-03-22,60,672651
CAND-03811,2025-01-04,2025-02-03,30,617188
CAND-03811,2025-01-04,2025-03-05,0,568274
CAND-03811,2025-01-04,2025-04-04,30,550610
CAND-03811,2025-01-04,2025-05-04,60,536479
CAND-03811,2025-01-04,2025-06-03,30,522949
CAND-03811,2025-01-04,2025-07-03,0,480557
CAND-03812,2025-01-05,2025-02-04,0,587025
CAND-03812,2025-01-05,2025-03-06,0,551151
CAND-03812,2025-01-05,2025-04-05,0,497340
CAND-03812,2025-01-05,2025-05-05,0,456982
CAND-03812,2025-01-05,2025-06-04,30,445242
CAND-03812,2025-01-05,2025-07-04,60,433284
CAND-03813,2024-10-23,2024-11-22,0,1314572
CAND-03813,2024-10-23,2024-12-22,0,1186529
CAND-03813,2024-10-23,2025-01-21,0,1085924
CAND-03814,2024-10-20,2024-11-19,0,424514
CAND-03814,2024-10-20,2024-12-19,0,383349
CAND-03814,2024-10-20,2025-01-18,30,374805
CAND-03814,2024-10-20,2025-02-17,60,365927
CAND-03814,2024-10-20,2025-03-19,90,352609
CAND-03814,2024-10-20,2025-04-18,103,339671
CAND-03815,2024-12-09,2025-01-08,30,1213734
CAND-03815,2024-12-09,2025-02-07,0,1143979
CAND-03815,2024-12-09,2025-03-09,0,1054294
CAND-03815,2024-12-09,2025-04-08,0,964610
CAND-03815,2024-12-09,2025-05-08,0,890752
CAND-03816,2024-12-05,2025-01-04,0,491107
CAND-03816,2024-12-05,2025-02-03,30,481490
CAND-03816,2024-12-05,2025-03-05,0,452108
CAND-03816,2024-12-05,2025-04-04,0,416849
CAND-03817,2024-11-25,2024-12-25,30,393752
CAND-03817,2024-11-25,2025-01-24,0,364988
CAND-03817,2024-11-25,2025-02-23,0,341299
CAND-03817,2024-11-25,2025-03-25,0,301029
CAND-03817,2024-11-25,2025-04-24,0,275861
CAND-03817,2024-11-25,2025-05-24,0,242302
CAND-03818,2024-12-09,2025-01-08,30,1353124
CAND-03818,2024-12-09,2025-02-07,0,1261181
CAND-03818,2024-12-09,2025-03-09,30,1234659
CAND-03818,2024-12-09,2025-04-08,60,1204678
CAND-03819,08-11-2024,2024-12-08,30,380278
CAND-03819,08-11-2024,2025-01-07,60,373711
CAND-03819,08-11-2024,2025-02-06,90,365467
CAND-03820,2025-01-27,2025-02-26,0,222144
CAND-03820,2025-01-27,2025-03-28,0,201949
CAND-03820,2025-01-27,2025-04-27,30,197461
CAND-03821,2024-11-20,2024-12-20,30,355701
CAND-03821,2024-11-20,2025-01-19,0,319053
CAND-03821,2024-11-20,2025-02-18,0,298693
CAND-03822,2024-11-04,2024-12-04,0,300834
CAND-03822,2024-11-04,2025-01-03,0,273486
CAND-03822,2024-11-04,2025-02-02,0,252974
CAND-03823,2024-11-04,2024-12-04,0,877053
CAND-03823,2024-11-04,2025-01-03,0,783866
CAND-03823,2024-11-04,2025-02-02,0,721742
CAND-03823,2024-11-04,2025-03-04,0,650059
CAND-03823,2024-11-04,2025-04-03,30,630232
CAND-03824,2024-12-07,2025-01-06,0,248079
CAND-03824,2024-12-07,2025-02-05,0,228748
CAND-03824,2024-12-07,2025-03-07,30,219727
CAND-03824,2024-12-07,2025-04-06,60,212413
CAND-03824,2024-12-07,2025-05-06,90,205969
CAND-03825,2025-01-08,2025-02-07,30,1248107
CAND-03825,2025-01-08,2025-03-09,60,1221623
CAND-03825,2025-01-08,2025-04-08,90,1197638
CAND-03825,2025-01-08,2025-05-08,119,1157912
CAND-03825,2025-01-08,2025-06-07,119,1128349
CAND-03825,2025-01-08,2025-07-07,119,1085975
CAND-03826,2025-01-03,2025-02-02,0,295806
CAND-03826,2025-01-03,2025-03-04,0,276230
CAND-03826,2025-01-03,2025-04-03,30,270321
CAND-03827,2024-10-22,2024-11-21,0,599478
CAND-03827,2024-10-22,2024-12-21,30,587460
CAND-03827,2024-10-22,2025-01-20,60,573305
CAND-03827,2024-10-22,2025-02-19,90,558140
CAND-03828,2024-12-10,2025-01-09,0,568990
CAND-03828,2024-12-10,2025-02-08,0,528687
CAND-03828,2024-12-10,2025-03-10,0,482183
CAND-03828,2024-12-10,2025-04-09,30,465390
CAND-03829,2024-12-31,2025-01-30,0,934797
CAND-03829,2024-12-31,2025-03-01,0,862462
CAND-03829,2024-12-31,2025-03-31,0,784562
CAND-03829,2024-12-31,2025-04-30,0,721268
CAND-03829,2024-12-31,2025-05-30,0,653755
CAND-03830,2024-12-22,2025-01-21,0,192921
CAND-03830,2024-12-22,2025-02-20,0,180700
CAND-03830,2024-12-22,2025-03-22,0,168478
CAND-03831,2024-12-11,2025-01-10,0,392760
CAND-03831,2024-12-11,2025-02-09,0,368298
CAND-03831,2024-12-11,2025-03-11,0,340574
CAND-03831,2024-12-11,2025-04-10,30,330672
CAND-03831,2024-12-11,2025-05-10,0,296017
CAND-03831,2024-12-11,2025-06-09,0,271554
CAND-03832,2025-01-08,2025-02-07,0,289088
CAND-03832,2025-01-08,2025-03-09,0,268333
CAND-03832,2025-01-08,2025-04-08,0,247578
CAND-03832,2025-01-08,2025-05-08,30,238422
CAND-03832,2025-01-08,2025-06-07,0,214473
CAND-03833,2024-12-20,2025-01-19,0,1267009
CAND-03833,2024-12-20,2025-02-18,0,1168281
CAND-03833,2024-12-20,2025-03-20,0,1030062
CAND-03833,2024-12-20,2025-04-19,0,891843
CAND-03834,2024-10-31,2024-11-30,0,170240
CAND-03834,2024-10-31,2024-12-30,0,159731
CAND-03834,2024-10-31,2025-01-29,0,145181
CAND-03835,2025-01-14,2025-02-13,0,1081208
CAND-03835,2025-01-14,2025-03-15,0,1013867
CAND-03835,2025-01-14,2025-04-14,0,946525
CAND-03835,2025-01-14,2025-05-14,0,879183
CAND-03835,2025-01-14,2025-06-13,0,802863
CAND-03835,2025-01-14,2025-07-13,0,721091
CAND-03837,2024-10-23,2024-11-22,0,603026
CAND-03837,2024-10-23,2024-12-22,0,553547
CAND-03837,2024-10-23,2025-01-21,0,489224
CAND-03837,2024-10-23,2025-02-20,0,443280
CAND-03837,2024-10-23,2025-03-22,0,405443
CAND-03837,2024-10-23,2025-04-21,0,341120
CAND-03838,2024-12-19,2025-01-18,0,1383905
CAND-03838,2024-12-19,2025-02-17,30,1336286
CAND-03838,2024-12-19,2025-03-19,0,1237875
CAND-03840,2024-12-23,2025-01-22,0,376387
CAND-03840,2024-12-23,2025-02-21,30,365128
CAND-03840,2024-12-23,2025-03-23,60,353868
CAND-03840,2024-12-23,2025-04-22,90,345596
CAND-03841,2024-10-23,2024-11-22,0,826070
CAND-03841,2024-10-23,2024-12-22,0,766763
CAND-03841,2024-10-23,2025-01-21,0,711162
CAND-03842,2025-01-16,2025-02-15,0,1594636
CAND-03842,2025-01-16,2025-03-17,0,1493017
CAND-03842,2025-01-16,2025-04-16,30,1435433
CAND-03843,2024-12-22,2025-01-21,0,1665479
CAND-03843,2024-12-22,2025-02-20,0,1516013
CAND-03843,2024-12-22,2025-03-22,0,1403914
CAND-03843,2024-12-22,2025-04-21,0,1298408
CAND-03844,2024-12-12,2025-01-11,0,432312
CAND-03844,2024-12-12,2025-02-10,0,401432
CAND-03844,2024-12-12,2025-03-12,0,375699
CAND-03845,2024-12-14,2025-01-13,0,777364
CAND-03845,2024-12-14,2025-02-12,30,752237
CAND-03845,2024-12-14,2025-03-14,60,737430
CAND-03846,2025-01-20,2025-02-19,0,1983059
CAND-03846,2025-01-20,2025-03-21,0,1842592
CAND-03846,2025-01-20,2025-04-20,30,1784064
CAND-03846,2025-01-20,2025-05-20,0,1608481
CAND-03846,2025-01-20,2025-06-19,0,1491425
CAND-03847,2024-12-24,2025-01-23,0,280334
CAND-03847,2024-12-24,2025-02-22,0,253029
CAND-03847,2024-12-24,2025-03-24,0,229924
CAND-03847,2024-12-24,2025-04-23,30,219912
CAND-03849,2024-12-22,2025-01-21,0,938060
CAND-03849,2024-12-22,2025-02-20,0,871055
CAND-03849,2024-12-22,2025-03-22,0,779686
CAND-03849,2024-12-22,2025-04-21,0,679180
CAND-03849,2024-12-22,2025-05-21,30,657330
CAND-03850,2024-12-07,2025-01-06,0,851478
CAND-03850,2024-12-07,2025-02-05,0,788406
CAND-03850,2024-12-07,2025-03-07,30,768276
CAND-03850,2024-12-07,2025-04-06,0,673668
CAND-03850,2024-12-07,2025-05-06,30,644102
CAND-03851,2024-12-13,2025-01-12,0,427180
CAND-03851,2024-12-13,2025-02-11,0,398256
CAND-03851,2024-12-13,2025-03-13,0,351978
CAND-03851,2024-12-13,2025-04-12,30,342904
CAND-03852,2024-10-31,2024-11-30,0,377595
CAND-03852,2024-10-31,2024-12-30,0,340816
CAND-03852,2024-10-31,2025-01-29,0,307102
CAND-03852,2024-10-31,2025-02-28,30,299469
CAND-03852,2024-10-31,2025-03-30,0,275671
CAND-03852,2024-10-31,2025-04-29,0,250386
CAND-03853,2024-11-18,2024-12-18,0,560784
CAND-03853,2024-11-18,2025-01-17,0,512853
CAND-03853,2024-11-18,2025-02-16,0,456209
CAND-03853,2024-11-18,2025-03-18,0,399564
CAND-03854,2024-11-17,2024-12-17,30,557894
CAND-03854,2024-11-17,2025-01-16,0,505767
CAND-03854,2024-11-17,2025-02-15,0,448428
CAND-03854,2024-11-17,2025-03-17,0,407472
CAND-03854,2024-11-17,2025-04-16,0,366515
CAND-03855,2024-12-11,2025-01-10,0,783099
CAND-03855,2024-12-11,2025-02-09,0,720948
CAND-03855,2024-12-11,2025-03-11,0,654017
CAND-03855,2024-12-11,2025-04-10,0,602834
CAND-03855,2024-12-11,2025-05-10,0,540683
CAND-03855,2024-12-11,2025-06-09,0,468174
CAND-03856,2024-11-08,2024-12-08,0,1367186
CAND-03856,2024-11-08,2025-01-07,0,1286168
CAND-03856,2024-11-08,2025-02-06,0,1205149
CAND-03856,2024-11-08,2025-03-08,0,1083622
CAND-03856,2024-11-08,2025-04-07,0,971442
CAND-03856,2024-11-08,2025-05-07,0,849915
CAND-03857,2025-01-02,2025-02-01,0,247527
CAND-03857,2025-01-02,2025-03-03,0,232248
CAND-03857,2025-01-02,2025-04-02,0,216069
CAND-03857,2025-01-02,2025-05-02,0,191067
CAND-03857,2025-01-02,2025-06-01,0,173877
CAND-03857,2025-01-02,2025-07-01,0,154232
CAND-03858,2025-01-18,2025-02-17,0,461097
CAND-03858,2025-01-18,2025-03-19,0,430062
CAND-03858,2025-01-18,2025-04-18,0,396957
CAND-03858,2025-01-18,2025-05-18,0,365922
CAND-03859,2024-10-31,2024-11-30,0,1648649
CAND-03859,2024-10-31,2024-12-30,0,1551669
CAND-03859,2024-10-31,2025-01-29,0,1448985
CAND-03859,2024-10-31,2025-02-28,0,1324298
CAND-03859,2024-10-31,2025-03-30,30,1277118
CAND-03860,2024-10-17,2024-11-16,0,763625
CAND-03860,2024-10-17,2024-12-16,0,715711
CAND-03860,2024-10-17,2025-01-15,0,647833
CAND-03860,2024-10-17,2025-02-14,0,566380
CAND-03861,2024-11-15,2024-12-15,0,511940
CAND-03861,2024-11-15,2025-01-14,0,480054
CAND-03861,2024-11-15,2025-02-13,0,449940
CAND-03861,2024-11-15,2025-03-15,0,404769
CAND-03861,2024-11-15,2025-04-14,0,366051
CAND-03861,2024-11-15,2025-05-14,0,311846
CAND-03862,2025-01-09,2025-02-08,0,790236
CAND-03862,2025-01-09,2025-03-10,30,766152
CAND-03862,2025-01-09,2025-04-09,0,689523
CAND-03862,2025-01-09,2025-05-09,0,629315
CAND-03862,2025-01-09,2025-06-08,0,582486
CAND-03862,2025-01-09,2025-07-08,0,522278
CAND-03863,2025-01-01,2025-01-31,0,437671
CAND-03863,2025-01-01,2025-03-02,0,391329
CAND-03863,2025-01-01,2025-04-01,0,352711
CAND-03863,2025-01-01,2025-05-01,0,317064
CAND-03864,2024-11-10,2024-12-10,0,488265
CAND-03864,2024-11-10,2025-01-09,0,459202
CAND-03864,2024-11-10,2025-02-08,0,415606
CAND-03865,2025-01-10,2025-02-09,0,197387
CAND-03865,2025-01-10,2025-03-11,0,185776
CAND-03865,2025-01-10,2025-04-10,0,172714
CAND-03865,2025-01-10,2025-05-10,0,155297
CAND-03866,2024-12-15,2025-01-14,0,1567997
CAND-03866,2024-12-15,2025-02-13,0,1460197
CAND-03866,2024-12-15,2025-03-15,0,1287718
CAND-03867,2025-01-12,2025-02-11,0,306192
CAND-03867,2025-01-12,2025-03-13,30,300119
CAND-03867,2025-01-12,2025-04-12,0,269753
CAND-03867,2025-01-12,2025-05-12,0,245894
CAND-03867,2025-01-12,2025-06-11,0,212491
CAND-03868,2024-12-15,2025-01-14,0,224331
CAND-03868,2024-12-15,2025-02-13,30,219763
CAND-03868,2024-12-15,2025-03-15,0,196011
CAND-03868,2024-12-15,2025-04-14,30,191915
CAND-03868,2024-12-15,2025-05-14,60,187068
CAND-03869,2024-11-27,2024-12-27,0,861343
CAND-03869,2024-11-27,2025-01-26,0,784437
CAND-03869,2024-11-27,2025-02-25,0,700540
CAND-03869,2024-11-27,2025-03-27,0,642861
CAND-03870,2025-01-11,2025-02-10,0,1723607
CAND-03870,2025-01-11,2025-03-12,0,1557699
CAND-03870,2025-01-11,2025-04-11,0,1391790
CAND-03870,2025-01-11,2025-05-11,0,1209290
CAND-03871,2024-11-01,2024-12-01,0,286845
CAND-03871,2024-11-01,2024-12-31,0,261535
CAND-03871,2024-11-01,2025-01-30,0,238172
CAND-03872,2024-10-18,2024-11-17,30,1020769
CAND-03872,2024-10-18,2024-12-17,60,994500
CAND-03872,2024-10-18,2025-01-16,90,965311
CAND-03873,2024-12-19,2025-01-18,0,868240
CAND-03873,2024-12-19,2025-02-17,0,809801
CAND-03873,2024-12-19,2025-03-19,30,791100
CAND-03873,2024-12-19,2025-04-18,60,765829
CAND-03873,2024-12-19,2025-05-18,90,743567
CAND-03873,2024-12-19,2025-06-17,114,720761
CAND-03874,2024-12-10,2025-01-09,0,209146
CAND-03874,2024-12-10,2025-02-08,0,191449
CAND-03874,2024-12-10,2025-03-10,0,172278
CAND-03874,2024-12-10,2025-04-09,0,155845
CAND-03874,2024-12-10,2025-05-09,30,148176
CAND-03875,2024-12-06,2025-01-05,0,851516
CAND-03875,2024-12-06,2025-02-04,0,798480
CAND-03875,2024-12-06,2025-03-06,0,734080
CAND-03875,2024-12-06,2025-04-05,0,664726
CAND-03877,2024-12-22,2025-01-21,30,749755
CAND-03877,2024-12-22,2025-02-20,60,726541
CAND-03877,2024-12-22,2025-03-22,90,711809
CAND-03878,2024-11-06,2024-12-06,0,390188
CAND-03878,2024-11-06,2025-01-05,0,360327
CAND-03878,2024-11-06,2025-02-04,0,318521
CAND-03878,2024-11-06,2025-03-06,30,309812
CAND-03878,2024-11-06,2025-04-05,60,301614
CAND-03878,2024-11-06,2025-05-05,90,291418
CAND-03879,2025-01-12,2025-02-11,0,382519
CAND-03879,2025-01-12,2025-03-13,0,356904
CAND-03879,2025-01-12,2025-04-12,0,325378
CAND-03880,2024-10-28,2024-11-27,0,513469
CAND-03880,2024-10-28,2024-12-27,0,481488
CAND-03880,2024-10-28,2025-01-26,0,436182
CAND-03881,2024-11-25,2024-12-25,0,580936
CAND-03881,2024-11-25,2025-01-24,0,524061
CAND-03881,2024-11-25,2025-02-23,0,489304
CAND-03881,2024-11-25,2025-03-25,0,447596
CAND-03882,2025-01-27,2025-02-26,0,931644
CAND-03882,2025-01-27,2025-03-28,0,854466
CAND-03882,2025-01-27,2025-04-27,0,754136
CAND-03882,2025-01-27,2025-05-27,0,695117
CAND-03882,2025-01-27,2025-06-26,0,636099
CAND-03882,2025-01-27,2025-07-26,0,544889
CAND-03883,2024-10-31,2024-11-30,0,956016
CAND-03883,2024-10-31,2024-12-30,0,887379
CAND-03883,2024-10-31,2025-01-29,0,801583
CAND-03883,2024-10-31,2025-02-28,0,732946
CAND-03883,2024-10-31,2025-03-30,30,714227
CAND-03884,2024-11-24,2024-12-24,0,293820
CAND-03884,2024-11-24,2025-01-23,0,269806
CAND-03884,2024-11-24,2025-02-22,0,247507
CAND-03885,2024-10-24,2024-11-23,30,288898
CAND-03885,2024-10-24,2024-12-23,60,283210
CAND-03885,2024-10-24,2025-01-22,90,277733
CAND-03886,2025-01-01,2025-01-31,0,544858
CAND-03886,2025-01-01,2025-03-02,0,491198
CAND-03886,2025-01-01,2025-04-01,0,445793
CAND-03886,2025-01-01,2025-05-01,0,403631
CAND-03887,2025-01-23,2025-02-22,0,394042
CAND-03887,2025-01-23,2025-03-24,0,367773
CAND-03887,2025-01-23,2025-04-23,0,332747
CAND-03887,2025-01-23,2025-05-23,30,319189
CAND-03887,2025-01-23,2025-06-22,0,289166
CAND-03887,2025-01-23,2025-07-22,0,254140
CAND-03888,2024-11-02,2024-12-02,0,363114
CAND-03888,2024-11-02,2025-01-01,0,337898
CAND-03888,2024-11-02,2025-01-31,0,315483
CAND-03888,2024-11-02,2025-03-02,0,278805
CAND-03889,2024-11-12,2024-12-12,0,774105
CAND-03889,2024-11-12,2025-01-11,0,716764
CAND-03889,2024-11-12,2025-02-10,0,659423
CAND-03889,2024-11-12,2025-03-12,0,608828
CAND-03889,2024-11-12,2025-04-11,30,590909
CAND-03890,2024-11-26,2024-12-26,30,680290
CAND-03890,2024-11-26,2025-01-25,0,634048
CAND-03890,2024-11-26,2025-02-24,30,620961
CAND-03890,2024-11-26,2025-03-26,60,607873
CAND-03891,2025-01-01,2025-01-31,0,1186380
CAND-03891,2025-01-01,2025-03-02,30,1162679
CAND-03891,2025-01-01,2025-04-01,0,1057998
CAND-03891,2025-01-01,2025-05-01,0,988211
CAND-03891,2025-01-01,2025-05-31,0,891583
CAND-03891,2025-01-01,2025-06-30,0,786902
CAND-03892,2024-12-19,2025-01-18,0,1159084
CAND-03892,2024-12-19,2025-02-17,0,1056457
CAND-03892,2024-12-19,2025-03-19,0,984014
CAND-03892,2024-12-19,2025-04-18,0,872057
CAND-03892,2024-12-19,2025-05-18,0,748905
CAND-03893,2024-10-15,2024-11-14,0,1493290
CAND-03893,2024-10-15,2024-12-14,0,1399594
CAND-03893,2024-10-15,2025-01-13,0,1311102
CAND-03893,2024-10-15,2025-02-12,0,1204913
CAND-03894,2024-10-26,2024-11-25,0,245512
CAND-03894,2024-10-26,2024-12-25,0,224738
CAND-03894,2024-10-26,2025-01-24,0,206734
CAND-03895,2024-10-19,2024-11-18,30,446113
CAND-03895,2024-10-19,2024-12-18,0,408052
CAND-03895,2024-10-19,2025-01-17,0,381185
CAND-03895,2024-10-19,2025-02-16,0,339664
CAND-03895,2024-10-19,2025-03-18,0,307040
CAND-03896,2024-12-10,2025-01-09,0,862840
CAND-03896,2024-12-10,2025-02-08,30,841447
CAND-03896,2024-12-10,2025-03-10,0,782617
CAND-03896,2024-12-10,2025-04-09,0,715383
CAND-03897,2024-11-15,2024-12-15,0,556767
CAND-03897,2024-11-15,2025-01-14,0,516275
CAND-03897,2024-11-15,2025-02-13,0,478313
CAND-03898,2024-10-12,2024-11-11,0,1015955
CAND-03898,2024-10-12,2024-12-11,0,907586
CAND-03898,2024-10-12,2025-01-10,0,817279
CAND-03898,2024-10-12,2025-02-09,0,726972
CAND-03899,2024-11-27,2024-12-27,30,344162
CAND-03899,2024-11-27,2025-01-26,60,333862
CAND-03899,2024-11-27,2025-02-25,90,322918
CAND-03899,2024-11-27,2025-03-27,120,311622
CAND-03900,2024-12-17,2025-01-16,0,267112
CAND-03900,2024-12-17,2025-02-15,0,248258
CAND-03900,2024-12-17,2025-03-17,0,228056
CAND-03900,2024-12-17,2025-04-16,0,199773
CAND-03900,2024-12-17,2025-05-16,0,180918
CAND-03901,2024-11-02,2024-12-02,0,417516
CAND-03901,2024-11-02,2025-01-01,0,385705
CAND-03901,2024-11-02,2025-01-31,0,359508
CAND-03901,2024-11-02,2025-03-02,0,314973
CAND-03902,2025-01-14,2025-02-13,0,466659
CAND-03902,2025-01-14,2025-03-15,0,424993
CAND-03902,2025-01-14,2025-04-14,0,397216
CAND-03902,2025-01-14,2025-05-14,0,347217
CAND-03902,2025-01-14,2025-06-13,0,313884
CAND-03902,2025-01-14,2025-07-13,0,284473
CAND-03903,2024-12-26,2025-01-25,30,580732
CAND-03903,2024-12-26,2025-02-24,60,566989
CAND-03903,2024-12-26,2025-03-26,90,555626
CAND-03904,2024-10-26,2024-11-25,30,499988
CAND-03904,2024-10-26,2024-12-25,60,490847
CAND-03904,2024-10-26,2025-01-24,90,479213
CAND-03905,2025-01-04,2025-02-03,0,975920
CAND-03905,2025-01-04,2025-03-05,0,892508
CAND-03905,2025-01-04,2025-04-04,30,856362
CAND-03905,2025-01-04,2025-05-04,60,829915
CAND-03905,2025-01-04,2025-06-03,90,797055
CAND-03905,2025-01-04,2025-07-03,118,776596
CAND-03906,2024-11-04,2024-12-04,0,921525
CAND-03906,2024-11-04,2025-01-03,0,866063
CAND-03906,2024-11-04,2025-02-02,0,807338
CAND-03906,2024-11-04,2025-03-04,0,736030
CAND-03906,2024-11-04,2025-04-03,0,673635
CAND-03907,2024-10-27,2024-11-26,0,325977
CAND-03907,2024-10-27,2024-12-26,30,319458
CAND-03907,2024-10-27,2025-01-25,60,311663
CAND-03907,2024-10-27,2025-02-24,90,304033
CAND-03907,2024-10-27,2025-03-26,110,297851
CAND-03908,2025-01-24,2025-02-23,0,685702
CAND-03908,2025-01-24,2025-03-25,0,625199
CAND-03908,2025-01-24,2025-04-24,0,569350
CAND-03908,2025-01-24,2025-05-24,0,496746
CAND-03908,2025-01-24,2025-06-23,0,424142
CAND-03909,2024-12-04,2025-01-03,0,729993
CAND-03909,2024-12-04,2025-02-02,0,683985
CAND-03909,2024-12-04,2025-03-04,0,623820
CAND-03909,2024-12-04,2025-04-03,0,571678
CAND-03910,2024-11-18,2024-12-18,0,511498
CAND-03910,2024-11-18,2025-01-17,30,497002
CAND-03910,2024-11-18,2025-02-16,0,451098
CAND-03910,2024-11-18,2025-03-18,0,418696
CAND-03910,2024-11-18,2025-04-17,0,384268
CAND-03910,2024-11-18,2025-05-17,0,347545
CAND-03911,2024-11-28,2024-12-28,0,363581
CAND-03911,2024-11-28,2025-01-27,0,337611
CAND-03911,2024-11-28,2025-02-26,0,307645
CAND-03911,2024-11-28,2025-03-28,0,283298
CAND-03912,2025-01-18,2025-02-17,30,276641
CAND-03912,2025-01-18,2025-03-19,60,271592
CAND-03912,2025-01-18,2025-04-18,90,265015
CAND-03912,2025-01-18,2025-05-18,98,260054
CAND-03912,2025-01-18,2025-06-17,98,252411
CAND-03912,2025-01-18,2025-07-17,98,246127
CAND-03913,2024-11-22,2024-12-22,0,969137
CAND-03913,2024-11-22,2025-01-21,30,951134
CAND-03913,2024-11-22,2025-02-20,0,877838
CAND-03913,2024-11-22,2025-03-22,0,784552
CAND-03913,2024-11-22,2025-04-21,0,716143
CAND-03913,2024-11-22,2025-05-21,0,647733
CAND-03914,2024-11-10,2024-12-10,0,532034
CAND-03914,2024-11-10,2025-01-09,0,497608
CAND-03914,2024-11-10,2025-02-08,0,463182
CAND-03915,2024-12-30,2025-01-29,0,744001
CAND-03915,2024-12-30,2025-02-28,0,698910
CAND-03915,2024-12-30,2025-03-30,30,676364
CAND-03915,2024-12-30,2025-04-29,0,618390
CAND-03916,2024-12-23,2025-01-22,0,710335
CAND-03916,2024-12-23,2025-02-21,0,633837
CAND-03916,2024-12-23,2025-03-23,0,588839
CAND-03916,2024-12-23,2025-04-22,0,525091
CAND-03917,2024-11-04,2024-12-04,0,632867
CAND-03917,2024-11-04,2025-01-03,0,571224
CAND-03917,2024-11-04,2025-02-02,0,526019
CAND-03917,2024-11-04,2025-03-04,0,469513
CAND-03917,2024-11-04,2025-04-03,0,429627
CAND-03917,2024-11-04,2025-05-03,0,389740
CAND-03918,2024-10-26,2024-11-25,0,259144
CAND-03918,2024-10-26,2024-12-25,0,241701
CAND-03918,2024-10-26,2025-01-24,0,213794
CAND-03918,2024-10-26,2025-02-23,0,185886
CAND-03919,2024-11-19,2024-12-19,0,973471
CAND-03919,2024-11-19,2025-01-18,0,875140
CAND-03919,2024-11-19,2025-02-17,0,803031
CAND-03920,2025-01-01,2025-01-31,0,374195
CAND-03920,2025-01-01,2025-03-02,0,345240
CAND-03920,2025-01-01,2025-04-01,0,304702
CAND-03920,2025-01-01,2025-05-01,0,279366
CAND-03921,2024-11-01,2024-12-01,30,466650
CAND-03921,2024-11-01,2024-12-31,60,455576
CAND-03921,2024-11-01,2025-01-30,30,445444
CAND-03921,2024-11-01,2025-03-01,60,437374
CAND-03922,2024-11-19,2024-12-19,0,522566
CAND-03922,2024-11-19,2025-01-18,30,511947
CAND-03922,2024-11-19,2025-02-17,60,501715
CAND-03922,2024-11-19,2025-03-19,90,491294
CAND-03923,2024-12-29,2025-01-28,30,804785
CAND-03923,2024-12-29,2025-02-27,60,780589
CAND-03923,2024-12-29,2025-03-29,90,759495
CAND-03923,2024-12-29,2025-04-28,110,737260
CAND-03924,2024-12-21,2025-01-20,0,583098
CAND-03924,2024-12-21,2025-02-19,0,537283
CAND-03924,2024-12-21,2025-03-21,0,499553
CAND-03924,2024-12-21,2025-04-20,0,453739
CAND-03924,2024-12-21,2025-05-20,0,400288
CAND-03924,2024-12-21,2025-06-19,0,336147
CAND-03925,2025-01-12,2025-02-11,0,212872
CAND-03925,2025-01-12,2025-03-13,0,197498
CAND-03925,2025-01-12,2025-04-12,0,183932
CAND-03926,2024-11-22,2024-12-22,0,1059347
CAND-03926,2024-11-22,2025-01-21,0,968804
CAND-03926,2024-11-22,2025-02-20,0,890334
CAND-03926,2024-11-22,2025-03-22,0,811864
CAND-03927,2025-01-21,2025-02-20,0,537018
CAND-03927,2025-01-21,2025-03-22,0,501057
CAND-03927,2025-01-21,2025-04-21,0,443519
CAND-03927,2025-01-21,2025-05-21,30,432864
CAND-03927,2025-01-21,2025-06-20,0,388604
CAND-03927,2025-01-21,2025-07-20,30,374220
CAND-03928,2024-10-18,2024-11-17,0,366204
CAND-03928,2024-10-18,2024-12-17,0,333144
CAND-03928,2024-10-18,2025-01-16,0,304807
CAND-03928,2024-10-18,2025-02-15,30,295581
CAND-03928,2024-10-18,2025-03-17,0,259515
CAND-03928,2024-10-18,2025-04-16,0,236179
CAND-03929,2024-11-17,2024-12-17,0,753373
CAND-03929,2024-11-17,2025-01-16,0,699285
CAND-03929,2024-11-17,2025-02-15,30,679968
CAND-03929,2024-11-17,2025-03-17,0,634894
CAND-03929,2024-11-17,2025-04-16,30,618668
CAND-03929,2024-11-17,2025-05-16,0,573594
CAND-03930,2024-11-06,2024-12-06,0,579723
CAND-03930,2024-11-06,2025-01-05,30,567831
CAND-03930,2024-11-06,2025-02-04,0,526606
CAND-03930,2024-11-06,2025-03-06,30,514481
CAND-03930,2024-11-06,2025-04-05,0,462950
CAND-03931,2025-01-10,2025-02-09,0,399928
CAND-03931,2025-01-10,2025-03-11,0,369577
CAND-03931,2025-01-10,2025-04-10,0,330947
CAND-03931,2025-01-10,2025-05-10,0,300596
CAND-03932,2024-10-29,2024-11-28,0,579146
CAND-03932,2024-10-29,2024-12-28,0,529647
CAND-03932,2024-10-29,2025-01-27,0,486747
CAND-03932,2024-10-29,2025-02-26,30,474606
CAND-03933,2025-01-17,2025-02-16,0,449359
CAND-03933,2025-01-17,2025-03-18,0,419114
CAND-03933,2025-01-17,2025-04-17,0,388868
CAND-03933,2025-01-17,2025-05-17,0,340476
CAND-03934,2024-12-18,2025-01-17,0,402128
CAND-03934,2024-12-18,2025-02-16,0,378298
CAND-03934,2024-12-18,2025-03-18,0,347659
CAND-03934,2024-12-18,2025-04-17,0,320851
CAND-03935,2024-11-22,2024-12-22,0,1064436
CAND-03935,2024-11-22,2025-01-21,0,988742
CAND-03935,2024-11-22,2025-02-20,0,921954
CAND-03935,2024-11-22,2025-03-22,0,827338
CAND-03935,2024-11-22,2025-04-21,0,732721
CAND-03936,2024-12-23,2025-01-22,0,260184
CAND-03936,2024-12-23,2025-02-21,0,238168
CAND-03936,2024-12-23,2025-03-23,0,212150
CAND-03937,2024-12-15,2025-01-14,0,472361
CAND-03937,2024-12-15,2025-02-13,0,433603
CAND-03937,2024-12-15,2025-03-15,0,387799
CAND-03937,2024-12-15,2025-04-14,0,359807
CAND-03938,2024-11-21,2024-12-21,0,864946
CAND-03938,2024-11-21,2025-01-20,0,811074
CAND-03938,2024-11-21,2025-02-19,0,727817
CAND-03938,2024-11-21,2025-03-21,0,657369
CAND-03939,2024-12-20,2025-01-19,0,342643
CAND-03939,2024-12-20,2025-02-18,0,318168
CAND-03939,2024-12-20,2025-03-20,0,296573
CAND-03939,2024-12-20,2025-04-19,0,265980
CAND-03939,2024-12-20,2025-05-19,30,259181
CAND-03940,2024-10-18,2024-11-17,0,650000
CAND-03940,2024-10-18,2024-12-17,0,596154
CAND-03940,2024-10-18,2025-01-16,30,576709
CAND-03941,2024-10-26,2024-11-25,0,748259
CAND-03941,2024-10-26,2024-12-25,30,732762
CAND-03941,2024-10-26,2025-01-24,60,713576
CAND-03942,2025-01-03,2025-02-02,30,338861
CAND-03942,2025-01-03,2025-03-04,0,319597
CAND-03942,2025-01-03,2025-04-03,30,309690
CAND-03943,2024-11-18,2024-12-18,0,284626
CAND-03943,2024-11-18,2025-01-17,30,278425
CAND-03943,2024-11-18,2025-02-16,0,260855
CAND-03943,2024-11-18,2025-03-18,0,236528
CAND-03944,2024-10-12,2024-11-11,0,726588
CAND-03944,2024-10-12,2024-12-11,0,674422
CAND-03944,2024-10-12,2025-01-10,0,618531
CAND-03944,2024-10-12,2025-02-09,0,558340
CAND-03945,2024-12-25,2025-01-24,0,1186234
CAND-03945,2024-12-25,2025-02-23,0,1107734
CAND-03945,2024-12-25,2025-03-25,0,1003066
CAND-03945,2024-12-25,2025-04-24,30,974520
CAND-03945,2024-12-25,2025-05-24,60,934004
CAND-03945,2024-12-25,2025-06-23,90,912348
CAND-03946,2025-01-04,2025-02-03,0,255452
CAND-03946,2025-01-04,2025-03-05,0,234399
CAND-03946,2025-01-04,2025-04-04,0,216152
CAND-03946,2025-01-04,2025-05-04,0,191270
CAND-03946,2025-01-04,2025-06-03,0,166389
CAND-03946,2025-01-04,2025-07-03,0,143580
CAND-03947,2024-12-14,2025-01-13,0,712835
CAND-03947,2024-12-14,2025-02-12,0,649719
CAND-03947,2024-12-14,2025-03-14,0,573981
CAND-03948,2024-12-14,2025-01-13,30,603083
CAND-03948,2024-12-14,2025-02-12,60,585773
CAND-03948,2024-12-14,2025-03-14,90,566888
CAND-03948,2024-12-14,2025-04-13,96,549083
CAND-03948,2024-12-14,2025-05-13,96,534919
CAND-03949,2024-12-02,2025-01-01,0,677739
CAND-03949,2024-12-02,2025-01-31,0,634550
CAND-03949,2024-12-02,2025-03-02,0,567803
CAND-03950,2025-01-22,2025-02-21,0,233488
CAND-03950,2025-01-22,2025-03-23,0,217568
CAND-03950,2025-01-22,2025-04-22,0,203417
CAND-03950,2025-01-22,2025-05-22,0,177946
CAND-03950,2025-01-22,2025-06-21,0,158353
CAND-03951,2024-12-08,2025-01-07,0,530155
CAND-03951,2024-12-08,2025-02-06,0,477139
CAND-03951,2024-12-08,2025-03-08,0,418822
CAND-03951,2024-12-08,2025-04-07,0,365807
CAND-03952,2024-11-14,2024-12-14,0,539057
CAND-03952,2024-11-14,2025-01-13,0,497803
CAND-03952,2024-11-14,2025-02-12,0,440046
CAND-03952,2024-11-14,2025-03-14,0,387541
CAND-03952,2024-11-14,2025-04-13,0,349037
CAND-03952,2024-11-14,2025-05-13,0,296531
CAND-03953,2024-11-18,2024-12-18,0,381651
CAND-03953,2024-11-18,2025-01-17,0,357798
CAND-03953,2024-11-18,2025-02-16,0,330764
CAND-03953,2024-11-18,2025-03-18,0,303730
CAND-03954,2024-12-15,2025-01-14,0,1234091
CAND-03954,2024-12-15,2025-02-13,30,1198367
CAND-03954,2024-12-15,2025-03-15,0,1074958
CAND-03954,2024-12-15,2025-04-14,0,999541
CAND-03954,2024-12-15,2025-05-14,0,909041
CAND-03954,2024-12-15,2025-06-13,0,833625
CAND-03956,2024-11-22,2024-12-22,0,460023
CAND-03956,2024-11-22,2025-01-21,0,415216
CAND-03956,2024-11-22,2025-02-20,0,386223
CAND-03956,2024-11-22,2025-03-22,0,351017
CAND-03956,2024-11-22,2025-04-21,0,306209
CAND-03957,2024-11-18,2024-12-18,0,481065
CAND-03957,2024-11-18,2025-01-17,30,469403
CAND-03957,2024-11-18,2025-02-16,0,426641
CAND-03957,2024-11-18,2025-03-18,0,392432
CAND-03957,2024-11-18,2025-04-17,0,360361
CAND-03957,2024-11-18,2025-05-17,30,350300
CAND-03958,2024-10-22,2024-11-21,30,765722
CAND-03958,2024-10-22,2024-12-21,0,705511
CAND-03958,2024-10-22,2025-01-20,0,649601
CAND-03958,2024-10-22,2025-02-19,0,584373
CAND-03958,2024-10-22,2025-03-21,0,540888
CAND-03958,2024-10-22,2025-04-20,0,488705
CAND-03959,2024-12-14,2025-01-13,0,985948
CAND-03959,2024-12-14,2025-02-12,0,879769
CAND-03959,2024-12-14,2025-03-14,0,820781
CAND-03959,2024-12-14,2025-04-13,30,785388
CAND-03960,2024-12-01,2024-12-31,0,435669
CAND-03960,2024-12-01,2025-01-30,30,422357
CAND-03960,2024-12-01,2025-03-01,0,374433
CAND-03960,2024-12-01,2025-03-31,0,346243
CAND-03960,2024-12-01,2025-04-30,0,318053
CAND-03961,2024-12-06,2025-01-05,0,527247
CAND-03961,2024-12-06,2025-02-04,0,493846
CAND-03961,2024-12-06,2025-03-06,0,446529
CAND-03961,2024-12-06,2025-04-05,0,405972
CAND-03961,2024-12-06,2025-05-05,0,372572
CAND-03962,2024-12-31,2025-01-30,0,1088775
CAND-03962,2024-12-31,2025-03-01,30,1053582
CAND-03962,2024-12-31,2025-03-31,0,937446
CAND-03962,2024-12-31,2025-04-30,0,821310
CAND-03962,2024-12-31,2025-05-30,0,752995
CAND-03962,2024-12-31,2025-06-29,0,647417
CAND-03963,2024-12-23,2025-01-22,0,279133
CAND-03963,2024-12-23,2025-02-21,0,248894
CAND-03963,2024-12-23,2025-03-23,0,225632
CAND-03963,2024-12-23,2025-04-22,0,208833
CAND-03964,2025-01-01,2025-01-31,30,735684
CAND-03964,2025-01-01,2025-03-02,60,715990
CAND-03964,2025-01-01,2025-04-01,90,701870
CAND-03964,2025-01-01,2025-05-01,109,681082
CAND-03964,2025-01-01,2025-05-31,109,663263
CAND-03964,2025-01-01,2025-06-30,109,647991
CAND-03965,2024-11-27,2024-12-27,30,553413
CAND-03965,2024-11-27,2025-01-26,60,543271
CAND-03965,2024-11-27,2025-02-25,90,531438
CAND-03965,2024-11-27,2025-03-27,90,521811
CAND-03965,2024-11-27,2025-04-26,90,505106
CAND-03966,2024-12-03,2025-01-02,0,248626
CAND-03966,2024-12-03,2025-02-01,0,226023
CAND-03966,2024-12-03,2025-03-03,0,205160
CAND-03966,2024-12-03,2025-04-02,0,190091
CAND-03967,2024-12-17,2025-01-16,0,241646
CAND-03967,2024-12-17,2025-02-15,0,226730
CAND-03967,2024-12-17,2025-03-17,0,210936
CAND-03967,2024-12-17,2025-04-16,0,195142
CAND-03967,2024-12-17,2025-05-16,0,175964
CAND-03967,2024-12-17,2025-06-15,0,160170
CAND-03968,2024-10-31,2024-11-30,0,1335995
CAND-03968,2024-10-31,2024-12-30,0,1217240
CAND-03968,2024-10-31,2025-01-29,0,1128173
CAND-03968,2024-10-31,2025-02-28,0,1039107
CAND-03968,2024-10-31,2025-03-30,0,920352
CAND-03969,2024-11-12,2024-12-12,0,243870
CAND-03969,2024-11-12,2025-01-11,0,223548
CAND-03969,2024-11-12,2025-02-10,0,203225
CAND-03970,2024-12-27,2025-01-26,0,1023786
CAND-03970,2024-12-27,2025-02-25,0,958931
CAND-03970,2024-12-27,2025-03-27,0,894076
CAND-03970,2024-12-27,2025-04-26,0,809265
CAND-03971,2025-01-24,2025-02-23,0,625651
CAND-03971,2025-01-24,2025-03-25,30,612912
CAND-03971,2025-01-24,2025-04-24,60,600172
CAND-03971,2025-01-24,2025-05-24,90,581770
CAND-03971,2025-01-24,2025-06-23,107,570148
CAND-03972,2024-12-18,2025-01-17,0,366856
CAND-03972,2024-12-18,2025-02-16,0,342495
CAND-03972,2024-12-18,2025-03-18,0,316509
CAND-03972,2024-12-18,2025-04-17,0,288667
CAND-03972,2024-12-18,2025-05-17,0,264306
CAND-03973,2024-11-10,2024-12-10,0,221288
CAND-03973,2024-11-10,2025-01-09,0,206469
CAND-03973,2024-11-10,2025-02-08,0,190663
CAND-03974,2024-12-29,2025-01-28,0,1747990
CAND-03974,2024-12-29,2025-02-27,0,1614810
CAND-03974,2024-12-29,2025-03-29,0,1481630
CAND-03975,2024-12-25,2025-01-24,0,162419
CAND-03975,2024-12-25,2025-02-23,0,152865
CAND-03975,2024-12-25,2025-03-25,0,135668
CAND-03976,2024-10-24,2024-11-23,30,529993
CAND-03976,2024-10-24,2024-12-23,60,519389
CAND-03976,2024-10-24,2025-01-22,90,503937
CAND-03977,2024-12-30,2025-01-29,0,405896
CAND-03977,2024-12-30,2025-02-28,0,380615
CAND-03977,2024-12-30,2025-03-30,0,353754
CAND-03978,2024-10-26,2024-11-25,0,624704
CAND-03978,2024-10-26,2024-12-25,0,582110
CAND-03978,2024-10-26,2025-01-24,0,520156
CAND-03978,2024-10-26,2025-02-23,0,467734
CAND-03978,2024-10-26,2025-03-25,0,427646
CAND-03978,2024-10-26,2025-04-24,0,365691
CAND-03979,2024-11-26,2024-12-26,0,646947
CAND-03979,2024-11-26,2025-01-25,0,583933
CAND-03979,2024-11-26,2025-02-24,0,514617
CAND-03979,2024-11-26,2025-03-26,0,461297
CAND-03979,2024-11-26,2025-04-25,30,445544
CAND-03979,2024-11-26,2025-05-25,0,392224
CAND-03980,2024-12-20,2025-01-19,30,402880
CAND-03980,2024-12-20,2025-02-18,0,373539
CAND-03980,2024-12-20,2025-03-20,0,344198
CAND-03980,2024-12-20,2025-04-19,0,321376
CAND-03980,2024-12-20,2025-05-19,0,289778
CAND-03981,2024-11-18,2024-12-18,0,861674
CAND-03981,2024-11-18,2025-01-17,0,796279
CAND-03981,2024-11-18,2025-02-16,0,735244
CAND-03981,2024-11-18,2025-03-18,0,681390
CAND-03981,2024-11-18,2025-04-17,0,598160
CAND-03981,2024-11-18,2025-05-17,0,532765
CAND-03982,2025-01-09,2025-02-08,0,339353
CAND-03982,2025-01-09,2025-03-10,0,306130
CAND-03982,2025-01-09,2025-04-09,0,278017
CAND-03982,2025-01-09,2025-05-09,0,247563
CAND-03982,2025-01-09,2025-06-08,0,226065
CAND-03982,2025-01-09,2025-07-08,0,205762
CAND-03983,2024-10-12,2024-11-11,0,608261
CAND-03983,2024-10-12,2024-12-11,0,557218
CAND-03983,2024-10-12,2025-01-10,0,490862
CAND-03984,2025-01-15,2025-02-14,30,659704
CAND-03984,2025-01-15,2025-03-16,60,647266
CAND-03984,2025-01-15,2025-04-15,90,628074
CAND-03984,2025-01-15,2025-05-15,60,616079
CAND-03984,2025-01-15,2025-06-14,90,602909
CAND-03985,2024-11-24,2024-12-24,0,397824
CAND-03985,2024-11-24,2025-01-23,30,387563
CAND-03985,2024-11-24,2025-02-22,0,358831
CAND-03986,2024-11-17,2024-12-17,0,365525
CAND-03986,2024-11-17,2025-01-16,0,341156
CAND-03986,2024-11-17,2025-02-15,0,319496
CAND-03987,22-11-2024,2024-12-22,0,290122
CAND-03987,22-11-2024,2025-01-21,30,283574
CAND-03987,22-11-2024,2025-02-20,60,276887
CAND-03987,22-11-2024,2025-03-22,30,271468
CAND-03987,22-11-2024,2025-04-21,60,264484
CAND-03988,2024-11-02,2024-12-02,0,1490716
CAND-03988,2024-11-02,2025-01-01,0,1390379
CAND-03988,2024-11-02,2025-01-31,0,1283353
CAND-03988,2024-11-02,2025-03-02,0,1137409
CAND-03989,2024-11-26,2024-12-26,30,824833
CAND-03989,2024-11-26,2025-01-25,0,768722
CAND-03989,2024-11-26,2025-02-24,0,716117
CAND-03989,2024-11-26,2025-03-26,0,645979
CAND-03989,2024-11-26,2025-04-25,0,569464
CAND-03990,2024-12-01,2024-12-31,0,1047903
CAND-03990,2024-12-01,2025-01-30,0,934380
CAND-03990,2024-12-01,2025-03-01,0,867602
CAND-03990,2024-12-01,2025-03-31,0,764399
CAND-03990,2024-12-01,2025-04-30,0,688717
CAND-03991,2024-10-31,2024-11-30,0,625648
CAND-03991,2024-10-31,2024-12-30,0,564708
CAND-03991,2024-10-31,2025-01-29,0,497674
CAND-03992,2024-10-20,2024-11-19,0,1000614
CAND-03992,2024-10-20,2024-12-19,30,967766
CAND-03992,2024-10-20,2025-01-18,0,900016
CAND-03992,2024-10-20,2025-02-17,0,827749
CAND-03992,2024-10-20,2025-03-19,0,755483
CAND-03992,2024-10-20,2025-04-18,0,647083
CAND-03993,2024-12-26,2025-01-25,30,3785670
CAND-03993,2024-12-26,2025-02-24,0,3544031
CAND-03993,2024-12-26,2025-03-26,0,3302393
CAND-03993,2024-12-26,2025-04-25,0,2950919
CAND-03993,2024-12-26,2025-05-25,0,2599444
CAND-03994,2024-11-23,2024-12-23,0,548395
CAND-03994,2024-11-23,2025-01-22,0,512910
CAND-03994,2024-11-23,2025-02-21,0,472695
CAND-03994,2024-11-23,2025-03-23,0,437210
CAND-03994,2024-11-23,2025-04-22,0,394122
CAND-03995,2024-11-15,2024-12-15,0,353958
CAND-03995,2024-11-15,2025-01-14,30,345672
CAND-03995,2024-11-15,2025-02-13,60,338198
CAND-03995,2024-11-15,2025-03-15,90,329727
CAND-03995,2024-11-15,2025-04-14,60,320862
CAND-03996,2024-12-08,2025-01-07,0,1064590
CAND-03996,2024-12-08,2025-02-06,0,949260
CAND-03996,2024-12-08,2025-03-08,0,853151
CAND-03997,2024-12-08,2025-01-07,0,1071774
CAND-03997,2024-12-08,2025-02-06,0,952688
CAND-03997,2024-12-08,2025-03-08,0,844428
CAND-03997,2024-12-08,2025-04-07,30,814656
CAND-03998,2024-10-05,2024-11-04,0,667540
CAND-03998,2024-10-05,2024-12-04,0,618991
CAND-03998,2024-10-05,2025-01-03,0,552789
CAND-03998,2024-10-05,2025-02-02,0,507275
CAND-03999,2024-11-15,2024-12-15,0,1126666
CAND-03999,2024-11-15,2025-01-14,0,1040825
CAND-03999,2024-11-15,2025-02-13,0,974059
CAND-03999,2024-11-15,2025-03-15,0,881615
CAND-03999,2024-11-15,2025-04-14,0,772362
CAND-03999,2024-11-15,2025-05-14,0,679918
CAND-04000,2024-12-24,2025-01-23,0,1083256
CAND-04000,2024-12-24,2025-02-22,0,977203
CAND-04000,2024-12-24,2025-03-24,30,950073
CAND-04000,2024-12-24,2025-04-23,0,881450
CAND-PH0001,2024-07-16,2024-08-15,0,345264
CAND-PH0001,2024-07-16,2024-09-14,0,307285
CAND-PH0001,2024-07-16,2024-10-14,0,269306
CAND-PH0001,2024-07-16,2024-11-13,30,262524
CAND-PH0001,2024-07-16,2024-12-13,0,238787
CAND-PH0001,2024-07-16,2025-01-12,0,215050
CAND-PH0002,2024-04-19,2024-05-19,0,330584
CAND-PH0002,2024-04-19,2024-06-18,0,308545
CAND-PH0002,2024-04-19,2024-07-18,0,287803
CAND-PH0002,2024-04-19,2024-08-17,0,262615
CAND-PH0002,2024-04-19,2024-09-16,30,250861
CAND-PH0002,2024-04-19,2024-10-16,60,242046
CAND-PH0003,2024-05-01,2024-05-31,0,717903
CAND-PH0003,2024-05-01,2024-06-30,0,659228
CAND-PH0003,2024-05-01,2024-07-30,0,614359
CAND-PH0003,2024-05-01,2024-08-29,0,538082
CAND-PH0004,2024-08-10,2024-09-09,0,567350
CAND-PH0004,2024-08-10,2024-10-09,0,529805
CAND-PH0004,2024-08-10,2024-11-08,0,496432
CAND-PH0004,2024-08-10,2024-12-08,0,456383
CAND-PH0005,2025-01-12,2025-02-11,0,866266
CAND-PH0005,2025-01-12,2025-03-13,0,813765
CAND-PH0005,2025-01-12,2025-04-12,0,719263
CAND-PH0005,2025-01-12,2025-05-12,30,696214
CAND-PH0005,2025-01-12,2025-06-11,0,640625
CAND-PH0006,2024-07-02,2024-08-01,0,233090
CAND-PH0006,2024-07-02,2024-08-31,0,218522
CAND-PH0006,2024-07-02,2024-09-30,0,203954
CAND-PH0007,2024-10-06,2024-11-05,0,359774
CAND-PH0007,2024-10-06,2024-12-05,0,333390
CAND-PH0007,2024-10-06,2025-01-04,0,310111
CAND-PH0007,2024-10-06,2025-02-03,0,285376
CAND-PH0007,2024-10-06,2025-03-05,0,254934
CAND-PH0008,2024-12-19,2025-01-18,0,478503
CAND-PH0008,2024-12-19,2025-02-17,0,438628
CAND-PH0008,2024-12-19,2025-03-19,0,406229
CAND-PH0008,2024-12-19,2025-04-18,0,377430
CAND-PH0009,2024-07-18,2024-08-17,0,309893
CAND-PH0009,2024-07-18,2024-09-16,0,284068
CAND-PH0009,2024-07-18,2024-10-16,0,265417
CAND-PH0009,2024-07-18,2024-11-15,0,234898
CAND-PH0009,2024-07-18,2024-12-15,0,201326
CAND-PH0009,2024-07-18,2025-01-14,0,182675
CAND-PH0010,2024-05-16,2024-06-15,0,403051
CAND-PH0010,2024-05-16,2024-07-15,0,367224
CAND-PH0010,2024-05-16,2024-08-14,0,343340
CAND-PH0010,2024-05-16,2024-09-13,0,318050
CAND-PH0010,2024-05-16,2024-10-13,0,294166
CAND-PH0010,2024-05-16,2024-11-12,0,268876
CAND-PH0011,2024-05-28,2024-06-27,0,442366
CAND-PH0011,2024-05-28,2024-07-27,0,413743
CAND-PH0011,2024-05-28,2024-08-26,0,383330
CAND-PH0011,2024-05-28,2024-09-25,0,345899
CAND-PH0011,2024-05-28,2024-10-25,0,317275
CAND-PH0012,2024-02-24,2024-03-25,0,638966
CAND-PH0012,2024-02-24,2024-04-24,0,590641
CAND-PH0012,2024-02-24,2024-05-24,30,578559
CAND-PH0012,2024-02-24,2024-06-23,60,556008
CAND-PH0013,2024-02-15,2024-03-16,0,1469047
CAND-PH0013,2024-02-15,2024-04-15,0,1346627
CAND-PH0013,2024-02-15,2024-05-15,0,1247160
CAND-PH0013,2024-02-15,2024-06-14,0,1141062
CAND-PH0013,2024-02-15,2024-07-14,0,1041595
CAND-PH0014,2024-09-11,2024-10-11,0,885727
CAND-PH0014,2024-09-11,2024-11-10,0,828889
CAND-PH0014,2024-09-11,2024-12-10,0,775209
CAND-PH0014,2024-09-11,2025-01-09,0,714818
CAND-PH0014,2024-09-11,2025-02-08,0,654428
CAND-PH0015,2024-06-26,2024-07-26,0,318686
CAND-PH0015,2024-06-26,2024-08-25,0,289714
CAND-PH0015,2024-06-26,2024-09-24,0,270400
CAND-PH0016,2024-07-08,2024-08-07,0,192152
CAND-PH0016,2024-07-08,2024-09-06,0,177371
CAND-PH0016,2024-07-08,2024-10-06,0,165875
CAND-PH0017,2024-05-08,2024-06-07,0,414054
CAND-PH0017,2024-05-08,2024-07-07,0,375716
CAND-PH0017,2024-05-08,2024-08-06,0,350157
CAND-PH0017,2024-05-08,2024-09-05,0,308333
CAND-PH0017,2024-05-08,2024-10-05,0,266510
CAND-PH0017,2024-05-08,2024-11-04,0,237756
CAND-PH0018,2024-11-18,2024-12-18,0,518119
CAND-PH0018,2024-11-18,2025-01-17,0,481546
CAND-PH0018,2024-11-18,2025-02-16,0,442361
CAND-PH0018,2024-11-18,2025-03-18,0,392488
CAND-PH0018,2024-11-18,2025-04-17,0,337629
CAND-PH0019,2024-07-15,2024-08-14,0,120839
CAND-PH0019,2024-07-15,2024-09-13,0,107825
CAND-PH0019,2024-07-15,2024-10-13,0,100170
CAND-PH0019,2024-07-15,2024-11-12,0,90875
CAND-PH0019,2024-07-15,2024-12-12,0,80865
CAND-PH0020,2024-12-27,2025-01-26,0,175681
CAND-PH0020,2024-12-27,2025-02-25,0,163786
CAND-PH0020,2024-12-27,2025-03-27,0,151098
CAND-PH0021,2024-10-22,2024-11-21,0,787997
CAND-PH0021,2024-10-22,2024-12-21,0,710391
CAND-PH0021,2024-10-22,2025-01-20,0,644725
CAND-PH0022,2024-03-27,2024-04-26,0,536689
CAND-PH0022,2024-03-27,2024-05-26,0,501173
CAND-PH0022,2024-03-27,2024-06-25,30,484937
CAND-PH0022,2024-03-27,2024-07-25,0,433277
CAND-PH0022,2024-03-27,2024-08-24,0,392687
CAND-PH0022,2024-03-27,2024-09-23,0,345332
CAND-PH0023,2024-07-19,2024-08-18,0,171350
CAND-PH0023,2024-07-19,2024-09-17,0,153207
CAND-PH0023,2024-07-19,2024-10-17,0,138088
CAND-PH0023,2024-07-19,2024-11-16,0,125128
CAND-PH0023,2024-07-19,2024-12-16,30,119631
CAND-PH0023,2024-07-19,2025-01-15,60,116142
CAND-PH0024,2024-11-09,2024-12-09,0,422188
CAND-PH0024,2024-11-09,2025-01-08,0,376953
CAND-PH0024,2024-11-09,2025-02-07,30,366901
CAND-PH0024,2024-11-09,2025-03-09,0,321667
CAND-PH0024,2024-11-09,2025-04-08,30,311147
CAND-PH0025,2024-09-18,2024-10-18,0,1475489
CAND-PH0025,2024-09-18,2024-11-17,0,1373024
CAND-PH0025,2024-09-18,2024-12-17,0,1223985
CAND-PH0025,2024-09-18,2025-01-16,0,1114690
CAND-PH0025,2024-09-18,2025-02-15,0,950746
CAND-PH0026,2024-09-26,2024-10-26,0,472927
CAND-PH0026,2024-09-26,2024-11-25,0,434408
CAND-PH0026,2024-09-26,2024-12-25,30,421889
CAND-PH0026,2024-09-26,2025-01-24,60,406241
CAND-PH0026,2024-09-26,2025-02-23,90,394028
CAND-PH0026,2024-09-26,2025-03-25,98,379300
CAND-PH0027,2024-03-27,2024-04-26,0,706422
CAND-PH0027,2024-03-27,2024-05-26,0,662270
CAND-PH0027,2024-03-27,2024-06-25,0,594036
CAND-PH0028,2024-07-27,2024-08-26,0,631178
CAND-PH0028,2024-07-27,2024-09-25,0,592606
CAND-PH0028,2024-07-27,2024-10-25,0,523177
CAND-PH0028,2024-07-27,2024-11-24,0,465319
CAND-PH0029,2024-12-06,2025-01-05,0,596982
CAND-PH0029,2024-12-06,2025-02-04,0,557006
CAND-PH0029,2024-12-06,2025-03-06,0,503704
CAND-PH0029,2024-12-06,2025-04-05,0,466079
CAND-PH0029,2024-12-06,2025-05-05,0,428454
CAND-PH0029,2024-12-06,2025-06-04,0,390829
CAND-PH0030,2024-11-23,2024-12-23,30,513114
CAND-PH0030,2024-11-23,2025-01-22,60,502498
CAND-PH0030,2024-11-23,2025-02-21,90,493020
CAND-PH0030,2024-11-23,2025-03-23,113,482612
CAND-PH0031,2024-09-10,2024-10-10,0,874977
CAND-PH0031,2024-09-10,2024-11-09,0,800193
CAND-PH0031,2024-09-10,2024-12-09,0,730750
CAND-PH0031,2024-09-10,2025-01-08,0,661308
CAND-PH0031,2024-09-10,2025-02-07,30,642245
CAND-PH0031,2024-09-10,2025-03-09,0,585057
CAND-PH0032,2024-09-19,2024-10-19,0,943763
CAND-PH0032,2024-09-19,2024-11-18,0,866326
CAND-PH0032,2024-09-19,2024-12-18,0,799214
CAND-PH0032,2024-09-19,2025-01-17,0,732102
CAND-PH0032,2024-09-19,2025-02-16,0,640586
CAND-PH0033,2024-06-08,2024-07-08,0,684111
CAND-PH0033,2024-06-08,2024-08-07,0,641354
CAND-PH0033,2024-06-08,2024-09-06,0,575275
CAND-PH0033,2024-06-08,2024-10-06,0,502588
CAND-PH0034,2024-06-27,2024-07-27,0,249100
CAND-PH0034,2024-06-27,2024-08-26,0,226744
CAND-PH0034,2024-06-27,2024-09-25,0,207583
CAND-PH0034,2024-06-27,2024-10-25,0,189699
CAND-PH0034,2024-06-27,2024-11-24,0,173919
CAND-PH0035,2024-02-10,2024-03-11,0,787175
CAND-PH0035,2024-02-10,2024-04-10,0,710502
CAND-PH0035,2024-02-10,2024-05-10,0,640219
CAND-PH0035,2024-02-10,2024-06-09,0,583992
CAND-PH0035,2024-02-10,2024-07-09,0,537136
CAND-PH0035,2024-02-10,2024-08-08,0,484424
CAND-PH0036,2024-08-12,2024-09-11,0,314756
CAND-PH0036,2024-08-12,2024-10-11,0,286341
CAND-PH0036,2024-08-12,2024-11-10,0,252242
CAND-PH0037,2024-08-15,2024-09-14,0,378190
CAND-PH0037,2024-08-15,2024-10-14,0,348475
CAND-PH0037,2024-08-15,2024-11-13,0,322475
CAND-PH0037,2024-08-15,2024-12-13,0,290474
CAND-PH0037,2024-08-15,2025-01-12,30,281430
CAND-PH0038,2024-07-09,2024-08-08,0,843944
CAND-PH0038,2024-07-09,2024-09-07,30,821617
CAND-PH0038,2024-07-09,2024-10-07,60,790360
CAND-PH0038,2024-07-09,2024-11-06,90,759103
CAND-PH0038,2024-07-09,2024-12-06,90,739151
CAND-PH0038,2024-07-09,2025-01-05,90,722700
CAND-PH0039,2024-06-09,2024-07-09,0,2503699
CAND-PH0039,2024-06-09,2024-08-08,0,2238601
CAND-PH0039,2024-06-09,2024-09-07,0,2091325
CAND-PH0040,2024-07-31,2024-08-30,0,844587
CAND-PH0040,2024-07-31,2024-09-29,0,750744
CAND-PH0040,2024-07-31,2024-10-29,0,698609
CAND-PH0040,2024-07-31,2024-11-28,0,636047
CAND-PH0041,2024-11-12,2024-12-12,0,297021
CAND-PH0041,2024-11-12,2025-01-11,0,277131
CAND-PH0041,2024-11-12,2025-02-10,0,248201
CAND-PH0042,2024-11-07,2024-12-07,0,263488
CAND-PH0042,2024-11-07,2025-01-06,0,244166
CAND-PH0042,2024-11-07,2025-02-05,0,215182
CAND-PH0043,2024-08-30,2024-09-29,0,479729
CAND-PH0043,2024-08-30,2024-10-29,0,443447
CAND-PH0043,2024-08-30,2024-11-28,30,430080
CAND-PH0044,2024-09-03,2024-10-03,0,555241
CAND-PH0044,2024-09-03,2024-11-02,0,515378
CAND-PH0044,2024-09-03,2024-12-02,30,502090
CAND-PH0044,2024-09-03,2025-01-01,0,447731
CAND-PH0044,2024-09-03,2025-01-31,0,407867
CAND-PH0044,2024-09-03,2025-03-02,0,368004
CAND-PH0045,2024-06-26,2024-07-26,0,874382
CAND-PH0045,2024-06-26,2024-08-25,0,796659
CAND-PH0045,2024-06-26,2024-09-24,0,734481
CAND-PH0045,2024-06-26,2024-10-24,0,679618
CAND-PH0045,2024-06-26,2024-11-23,0,617439
CAND-PH0046,2024-07-11,2024-08-10,30,903365
CAND-PH0046,2024-07-11,2024-09-09,60,881417
CAND-PH0046,2024-07-11,2024-10-09,90,852611
CAND-PH0047,2024-11-21,2024-12-21,0,937748
CAND-PH0047,2024-11-21,2025-01-20,0,858400
CAND-PH0047,2024-11-21,2025-02-19,0,755248
CAND-PH0047,2024-11-21,2025-03-21,0,690778
CAND-PH0047,2024-11-21,2025-04-20,0,587625
CAND-PH0048,2024-05-06,2024-06-05,0,325039
CAND-PH0048,2024-05-06,2024-07-05,0,305340
CAND-PH0048,2024-05-06,2024-08-04,0,283178
CAND-PH0048,2024-05-06,2024-09-03,0,253629
CAND-PH0049,2024-03-08,2024-04-07,0,1104384
CAND-PH0049,2024-03-08,2024-05-07,0,983906
CAND-PH0049,2024-03-08,2024-06-06,0,903587
CAND-PH0049,2024-03-08,2024-07-06,30,878488
CAND-PH0049,2024-03-08,2024-08-05,60,858068
CAND-PH0049,2024-03-08,2024-09-04,90,817908
CAND-PH0050,2025-01-11,2025-02-10,0,384355
CAND-PH0050,2025-01-11,2025-03-12,0,350190
CAND-PH0050,2025-01-11,2025-04-11,0,316025
CAND-PH0050,2025-01-11,2025-05-11,0,293249
CAND-PH0050,2025-01-11,2025-06-10,0,267625
CAND-PH0051,2024-09-25,2024-10-25,30,699619
CAND-PH0051,2024-09-25,2024-11-24,60,684734
CAND-PH0051,2024-09-25,2024-12-24,90,668118
CAND-PH0051,2024-09-25,2025-01-23,100,651106
CAND-PH0051,2024-09-25,2025-02-22,100,632303
CAND-PH0052,2024-03-15,2024-04-14,0,576367
CAND-PH0052,2024-03-15,2024-05-14,30,560111
CAND-PH0052,2024-03-15,2024-06-13,60,546902
CAND-PH0052,2024-03-15,2024-07-13,90,527690
CAND-PH0052,2024-03-15,2024-08-12,116,513281
CAND-PH0053,2024-05-16,2024-06-15,0,729676
CAND-PH0053,2024-05-16,2024-07-15,0,662789
CAND-PH0053,2024-05-16,2024-08-14,0,609280
CAND-PH0053,2024-05-16,2024-09-13,0,564688
CAND-PH0053,2024-05-16,2024-10-13,0,484424
CAND-PH0054,2024-10-01,2024-10-31,0,587881
CAND-PH0054,2024-10-01,2024-11-30,0,541224
CAND-PH0054,2024-10-01,2024-12-30,30,520811
CAND-PH0054,2024-10-01,2025-01-29,0,470565
CAND-PH0055,2025-01-24,2025-02-23,0,432943
CAND-PH0055,2025-01-24,2025-03-25,0,390006
CAND-PH0055,2025-01-24,2025-04-24,0,342776
CAND-PH0055,2025-01-24,2025-05-24,0,316537
CAND-PH0056,2024-04-05,2024-05-05,0,251773
CAND-PH0056,2024-04-05,2024-06-04,0,225115
CAND-PH0056,2024-04-05,2024-07-04,0,210304
CAND-PH0056,2024-04-05,2024-08-03,30,202899
CAND-PH0056,2024-04-05,2024-09-02,0,187218
CAND-PH0057,2024-07-17,2024-08-16,0,215250
CAND-PH0057,2024-07-17,2024-09-15,0,197419
CAND-PH0057,2024-07-17,2024-10-15,0,179588
CAND-PH0057,2024-07-17,2024-11-14,0,165100
CAND-PH0058,2024-02-02,2024-03-03,0,146255
CAND-PH0058,2024-02-02,2024-04-02,0,136200
CAND-PH0058,2024-02-02,2024-05-02,0,121575
CAND-PH0058,2024-02-02,2024-06-01,0,105487
CAND-PH0059,2024-07-01,2024-07-31,0,433352
CAND-PH0059,2024-07-01,2024-08-30,0,396987
CAND-PH0059,2024-07-01,2024-09-29,0,354010
CAND-PH0059,2024-07-01,2024-10-29,0,320242
CAND-PH0060,2024-07-23,2024-08-22,0,1106032
CAND-PH0060,2024-07-23,2024-09-21,0,1040490
CAND-PH0060,2024-07-23,2024-10-21,0,971092
CAND-PH0060,2024-07-23,2024-11-20,0,905549
CAND-PH0060,2024-07-23,2024-12-20,0,826898
CAND-PH0060,2024-07-23,2025-01-19,0,748247
CAND-PH0061,2024-11-19,2024-12-19,0,717141
CAND-PH0061,2024-11-19,2025-01-18,0,671943
CAND-PH0061,2024-11-19,2025-02-17,0,629256
CAND-PH0061,2024-11-19,2025-03-19,0,584058
CAND-PH0062,2024-04-30,2024-05-30,0,492565
CAND-PH0062,2024-04-30,2024-06-29,30,477921
CAND-PH0062,2024-04-30,2024-07-29,60,467297
CAND-PH0062,2024-04-30,2024-08-28,90,453751
CAND-PH0062,2024-04-30,2024-09-27,106,437815
CAND-PH0063,2024-03-24,2024-04-23,0,680249
CAND-PH0063,2024-03-24,2024-05-23,0,638258
CAND-PH0063,2024-03-24,2024-06-22,30,622512
CAND-PH0063,2024-03-24,2024-07-22,0,568524
CAND-PH0063,2024-03-24,2024-08-21,0,524063
CAND-PH0064,2024-12-28,2025-01-27,0,483586
CAND-PH0064,2024-12-28,2025-02-26,0,447765
CAND-PH0064,2024-12-28,2025-03-28,0,402988
CAND-PH0065,2024-08-05,2024-09-04,30,485718
CAND-PH0065,2024-08-05,2024-10-04,60,476717
CAND-PH0065,2024-08-05,2024-11-03,90,467010
CAND-PH0065,2024-08-05,2024-12-03,107,455223
CAND-PH0065,2024-08-05,2025-01-02,107,443436
CAND-PH0065,2024-08-05,2025-02-01,107,434435
CAND-PH0066,2024-06-24,2024-07-24,30,1091197
CAND-PH0066,2024-06-24,2024-08-23,0,997128
CAND-PH0066,2024-06-24,2024-09-22,0,926576
CAND-PH0066,2024-06-24,2024-10-22,0,839744
CAND-PH0066,2024-06-24,2024-11-21,0,745675
CAND-PH0066,2024-06-24,2024-12-21,0,643055
CAND-PH0067,2024-10-02,2024-11-01,30,520020
CAND-PH0067,2024-10-02,2024-12-01,0,479278
CAND-PH0067,2024-10-02,2024-12-31,30,461623
CAND-PH0067,2024-10-02,2025-01-30,0,428520
CAND-PH0068,2024-08-11,2024-09-10,0,1990914
CAND-PH0068,2024-08-11,2024-10-10,30,1949146
CAND-PH0068,2024-08-11,2024-11-09,0,1804353
CAND-PH0069,2024-02-27,2024-03-28,0,982164
CAND-PH0069,2024-02-27,2024-04-27,0,901217
CAND-PH0069,2024-02-27,2024-05-27,30,874909
CAND-PH0069,2024-02-27,2024-06-26,0,809139
CAND-PH0070,2024-05-26,2024-06-25,0,1065998
CAND-PH0070,2024-05-26,2024-07-25,0,952292
CAND-PH0070,2024-05-26,2024-08-24,0,876488
CAND-PH0070,2024-05-26,2024-09-23,0,773118
CAND-PH0070,2024-05-26,2024-10-23,0,702051
CAND-PH0070,2024-05-26,2024-11-22,0,635165
CAND-PH0071,2024-09-20,2024-10-20,0,1106864
CAND-PH0071,2024-09-20,2024-11-19,0,1035835
CAND-PH0071,2024-09-20,2024-12-19,30,1009586
CAND-PH0071,2024-09-20,2025-01-18,60,987225
CAND-PH0071,2024-09-20,2025-02-17,90,954590
CAND-PH0071,2024-09-20,2025-03-19,112,924403
CAND-PH0072,2024-09-04,2024-10-04,0,422184
CAND-PH0072,2024-09-04,2024-11-03,0,395440
CAND-PH0072,2024-09-04,2024-12-03,0,354107
CAND-PH0072,2024-09-04,2025-01-02,0,323796
CAND-PH0072,2024-09-04,2025-02-01,0,285908
CAND-PH0073,2024-05-17,2024-06-16,0,494117
CAND-PH0073,2024-05-17,2024-07-16,0,449773
CAND-PH0073,2024-05-17,2024-08-15,0,405429
CAND-PH0073,2024-05-17,2024-09-14,0,374128
CAND-PH0073,2024-05-17,2024-10-14,0,320915
CAND-PH0073,2024-05-17,2024-11-13,0,285440
CAND-PH0074,2024-09-21,2024-10-21,0,179812
CAND-PH0074,2024-09-21,2024-11-20,0,167824
CAND-PH0074,2024-09-21,2024-12-20,30,163562
CAND-PH0074,2024-09-21,2025-01-19,0,147579
CAND-PH0075,2024-05-11,2024-06-10,0,299815
CAND-PH0075,2024-05-11,2024-07-10,0,270612
CAND-PH0075,2024-05-11,2024-08-09,0,250535
CAND-PH0075,2024-05-11,2024-09-08,0,229120
CAND-PH0075,2024-05-11,2024-10-08,30,221471
CAND-PH0076,2024-02-27,2024-03-28,0,261426
CAND-PH0076,2024-02-27,2024-04-27,0,242835
CAND-PH0076,2024-02-27,2024-05-27,0,226432
CAND-PH0076,2024-02-27,2024-06-26,0,203194
CAND-PH0076,2024-02-27,2024-07-26,0,186791
CAND-PH0076,2024-02-27,2024-08-25,0,161441
CAND-PH0077,2024-06-16,2024-07-16,0,298326
CAND-PH0077,2024-06-16,2024-08-15,0,276228
CAND-PH0077,2024-06-16,2024-09-14,0,252551
CAND-PH0077,2024-06-16,2024-10-14,0,224928
CAND-PH0077,2024-06-16,2024-11-13,30,216843
CAND-PH0078,2024-06-18,2024-07-18,0,2681684
CAND-PH0078,2024-06-18,2024-08-17,0,2497318
CAND-PH0078,2024-06-18,2024-09-16,0,2300661
CAND-PH0078,2024-06-18,2024-10-16,0,2005676
CAND-PH0078,2024-06-18,2024-11-15,0,1710691
CAND-PH0079,2024-04-01,2024-05-01,0,275947
CAND-PH0079,2024-04-01,2024-05-31,30,268735
CAND-PH0079,2024-04-01,2024-06-30,0,251344
CAND-PH0079,2024-04-01,2024-07-30,0,221778
CAND-PH0079,2024-04-01,2024-08-29,0,199035
CAND-PH0080,2024-05-16,2024-06-15,0,996622
CAND-PH0080,2024-05-16,2024-07-15,0,914848
CAND-PH0080,2024-05-16,2024-08-14,0,833074
CAND-PH0080,2024-05-16,2024-09-13,0,774015
CAND-PH0081,2024-07-23,2024-08-22,30,450405
CAND-PH0081,2024-07-23,2024-09-21,60,441733
CAND-PH0081,2024-07-23,2024-10-21,30,433809
CAND-PH0081,2024-07-23,2024-11-20,60,419882
CAND-PH0082,2024-03-30,2024-04-29,0,962741
CAND-PH0082,2024-03-30,2024-05-29,0,881278
CAND-PH0082,2024-03-30,2024-06-28,0,805634
CAND-PH0082,2024-03-30,2024-07-28,0,746800
CAND-PH0083,2024-07-01,2024-07-31,0,908701
CAND-PH0083,2024-07-01,2024-08-30,0,855248
CAND-PH0083,2024-07-01,2024-09-29,0,775068
CAND-PH0084,2024-05-01,2024-05-31,0,671983
CAND-PH0084,2024-05-01,2024-06-30,0,599985
CAND-PH0084,2024-05-01,2024-07-30,0,554986
CAND-PH0084,2024-05-01,2024-08-29,0,494988
CAND-PH0085,2024-04-15,2024-05-15,0,130651
CAND-PH0085,2024-04-15,2024-06-14,30,127507
CAND-PH0085,2024-04-15,2024-07-14,0,118284
CAND-PH0085,2024-04-15,2024-08-13,0,110147
CAND-PH0085,2024-04-15,2024-09-12,0,99506
CAND-PH0086,2024-12-30,2025-01-29,0,243930
CAND-PH0086,2024-12-30,2025-02-28,0,217504
CAND-PH0086,2024-12-30,2025-03-30,0,202823
CAND-PH0087,2024-11-13,2024-12-13,0,425989
CAND-PH0087,2024-11-13,2025-01-12,0,400633
CAND-PH0087,2024-11-13,2025-02-11,0,372107
CAND-PH0088,2024-12-13,2025-01-12,0,300685
CAND-PH0088,2024-12-13,2025-02-11,0,282696
CAND-PH0088,2024-12-13,2025-03-13,0,261108
CAND-PH0089,2024-03-18,2024-04-17,0,490998
CAND-PH0089,2024-03-18,2024-05-17,0,453588
CAND-PH0089,2024-03-18,2024-06-16,0,401215
CAND-PH0089,2024-03-18,2024-07-16,0,366300
CAND-PH0089,2024-03-18,2024-08-15,0,331385
CAND-PH0089,2024-03-18,2024-09-14,0,293975
CAND-PH0090,2024-09-26,2024-10-26,0,344264
CAND-PH0090,2024-09-26,2024-11-25,0,319548
CAND-PH0090,2024-09-26,2024-12-25,30,312927
CAND-PH0090,2024-09-26,2025-01-24,0,292330
CAND-PH0090,2024-09-26,2025-02-23,0,255256
CAND-PH0091,2024-08-07,2024-09-06,0,682231
CAND-PH0091,2024-08-07,2024-10-06,0,609460
CAND-PH0091,2024-08-07,2024-11-05,0,553482
CAND-PH0091,2024-08-07,2024-12-05,0,510675
CAND-PH0092,2024-10-30,2024-11-29,0,264178
CAND-PH0092,2024-10-30,2024-12-29,0,235358
CAND-PH0092,2024-10-30,2025-01-28,0,206539
CAND-PH0092,2024-10-30,2025-02-27,0,187326
CAND-PH0092,2024-10-30,2025-03-29,0,166741
CAND-PH0092,2024-10-30,2025-04-28,0,150730
CAND-PH0093,2024-02-07,2024-03-08,30,720995
CAND-PH0093,2024-02-07,2024-04-07,0,663685
CAND-PH0093,2024-02-07,2024-05-07,0,617121
CAND-PH0094,2024-02-02,2024-03-03,0,1129917
CAND-PH0094,2024-02-02,2024-04-02,0,1004370
CAND-PH0094,2024-02-02,2024-05-02,0,930520
CAND-PH0094,2024-02-02,2024-06-01,0,816387
CAND-PH0094,2024-02-02,2024-07-01,0,746639
CAND-PH0095,2024-09-08,2024-10-08,30,1032648
CAND-PH0095,2024-09-08,2024-11-07,0,973685
CAND-PH0095,2024-09-08,2024-12-07,0,885241
CAND-PH0095,2024-09-08,2025-01-06,0,822810
CAND-PH0096,2024-04-21,2024-05-21,0,303143
CAND-PH0096,2024-04-21,2024-06-20,0,282739
CAND-PH0096,2024-04-21,2024-07-20,0,255534
CAND-PH0096,2024-04-21,2024-08-19,0,230422
CAND-PH0097,2024-01-21,2024-02-20,0,715171
CAND-PH0097,2024-01-21,2024-03-21,0,656229
CAND-PH0097,2024-01-21,2024-04-20,0,605145
CAND-PH0097,2024-01-21,2024-05-20,0,560071
CAND-PH0098,2024-12-25,2025-01-24,0,756690
CAND-PH0098,2024-12-25,2025-02-23,0,682609
CAND-PH0098,2024-12-25,2025-03-25,30,663206
CAND-PH0098,2024-12-25,2025-04-24,0,600522
CAND-PH0098,2024-12-25,2025-05-24,30,585970
CAND-PH0098,2024-12-25,2025-06-23,60,562003
CAND-PH0099,2024-06-18,2024-07-18,0,888292
CAND-PH0099,2024-06-18,2024-08-17,0,792630
CAND-PH0099,2024-06-18,2024-09-16,0,719043
CAND-PH0100,2024-05-08,2024-06-07,0,647027
CAND-PH0100,2024-05-08,2024-07-07,0,588615
CAND-PH0100,2024-05-08,2024-08-06,0,544806
CAND-PH0100,2024-05-08,2024-09-05,0,494738
CAND-PH0100,2024-05-08,2024-10-05,0,450929
CAND-PH0100,2024-05-08,2024-11-04,0,392517
CAND-PH0101,2024-07-28,2024-08-27,0,2314590
CAND-PH0101,2024-07-28,2024-09-26,0,2087986
CAND-PH0101,2024-07-28,2024-10-26,0,1896245
CAND-PH0101,2024-07-28,2024-11-25,0,1740456
CAND-PH0101,2024-07-28,2024-12-25,0,1574280
CAND-PH0101,2024-07-28,2025-01-24,30,1498746
CAND-PH0102,2024-10-08,2024-11-07,30,554972
CAND-PH0102,2024-10-08,2024-12-07,60,538755
CAND-PH0102,2024-10-08,2025-01-06,90,523819
CAND-PH0102,2024-10-08,2025-02-05,112,509265
CAND-PH0103,2024-12-06,2025-01-05,30,524125
CAND-PH0103,2024-12-06,2025-02-04,0,488239
CAND-PH0103,2024-12-06,2025-03-06,0,452353
CAND-PH0103,2024-12-06,2025-04-05,30,434410
CAND-PH0103,2024-12-06,2025-05-05,60,423425
CAND-PH0104,2024-10-30,2024-11-29,0,525711
CAND-PH0104,2024-10-30,2024-12-29,30,514927
CAND-PH0104,2024-10-30,2025-01-28,60,496838
CAND-PH0104,2024-10-30,2025-02-27,90,483486
CAND-PH0104,2024-10-30,2025-03-29,112,466994
CAND-PH0104,2024-10-30,2025-04-28,112,452615
CAND-PH0105,2024-09-24,2024-10-24,0,300502
CAND-PH0105,2024-09-24,2024-11-23,0,275608
CAND-PH0105,2024-09-24,2024-12-23,30,269829
CAND-PH0106,2024-02-03,2024-03-04,0,984903
CAND-PH0106,2024-02-03,2024-04-03,0,918217
CAND-PH0106,2024-02-03,2024-05-03,0,858940
CAND-PH0107,2024-07-25,2024-08-24,0,618911
CAND-PH0107,2024-07-25,2024-09-23,0,562647
CAND-PH0107,2024-07-25,2024-10-23,0,495129
CAND-PH0107,2024-07-25,2024-11-22,0,443192
CAND-PH0107,2024-07-25,2024-12-22,0,381813
CAND-PH0107,2024-07-25,2025-01-21,0,339614
CAND-PH0108,2024-12-17,2025-01-16,0,281103
CAND-PH0108,2024-12-17,2025-02-15,0,262731
CAND-PH0108,2024-12-17,2025-03-17,0,241908
CAND-PH0108,2024-12-17,2025-04-16,30,234471
CAND-PH0108,2024-12-17,2025-05-16,0,217119
CAND-PH0109,2024-11-13,2024-12-13,0,780048
CAND-PH0109,2024-11-13,2025-01-12,0,709627
CAND-PH0109,2024-11-13,2025-02-11,0,659918
CAND-PH0110,2024-02-04,2024-03-05,0,866349
CAND-PH0110,2024-02-04,2024-04-04,0,788600
CAND-PH0110,2024-02-04,2024-05-04,0,733718
CAND-PH0111,2024-05-28,2024-06-27,0,1726425
CAND-PH0111,2024-05-28,2024-07-27,0,1590778
CAND-PH0111,2024-05-28,2024-08-26,0,1432522
CAND-PH0111,2024-05-28,2024-09-25,0,1274266
CAND-PH0111,2024-05-28,2024-10-25,0,1168763
CAND-PH0112,2024-05-23,2024-06-22,0,429220
CAND-PH0112,2024-05-23,2024-07-22,0,390200
CAND-PH0112,2024-05-23,2024-08-21,0,351180
CAND-PH0112,2024-05-23,2024-09-20,0,319964
CAND-PH0113,2024-06-30,2024-07-30,0,1284196
CAND-PH0113,2024-06-30,2024-08-29,0,1193547
CAND-PH0113,2024-06-30,2024-09-28,30,1151055
CAND-PH0114,2024-05-17,2024-06-16,0,529420
CAND-PH0114,2024-05-17,2024-07-16,30,518432
CAND-PH0114,2024-05-17,2024-08-15,0,482034
CAND-PH0115,2025-01-11,2025-02-10,0,246632
CAND-PH0115,2025-01-11,2025-03-12,30,241525
CAND-PH0115,2025-01-11,2025-04-11,60,234346
CAND-PH0116,2024-10-08,2024-11-07,0,771335
CAND-PH0116,2024-10-08,2024-12-07,30,754029
CAND-PH0116,2024-10-08,2025-01-06,0,705166
CAND-PH0117,2024-07-13,2024-08-12,0,1936758
CAND-PH0117,2024-07-13,2024-09-11,0,1818401
CAND-PH0117,2024-07-13,2024-10-11,0,1676372
CAND-PH0117,2024-07-13,2024-11-10,0,1551052
CAND-PH0117,2024-07-13,2024-12-10,0,1387173
CAND-PH0117,2024-07-13,2025-01-09,0,1174129
CAND-PH0118,2024-11-18,2024-12-18,0,552634
CAND-PH0118,2024-11-18,2025-01-17,0,516875
CAND-PH0118,2024-11-18,2025-02-16,0,483103
CAND-PH0118,2024-11-18,2025-03-18,0,436342
CAND-PH0119,2024-02-07,2024-03-08,0,389633
CAND-PH0119,2024-02-07,2024-04-07,0,363759
CAND-PH0119,2024-02-07,2024-05-07,0,339407
CAND-PH0119,2024-02-07,2024-06-06,0,298008
CAND-PH0119,2024-02-07,2024-07-06,0,263510
CAND-PH0120,2024-09-24,2024-10-24,0,525365
CAND-PH0120,2024-09-24,2024-11-23,0,490004
CAND-PH0120,2024-09-24,2024-12-23,0,454643
CAND-PH0121,2024-01-22,2024-02-21,0,678586
CAND-PH0121,2024-01-22,2024-03-22,0,626387
CAND-PH0121,2024-01-22,2024-04-21,30,608988
CAND-PH0121,2024-01-22,2024-05-21,0,568388
CAND-PH0122,2024-07-19,2024-08-18,0,496894
CAND-PH0122,2024-07-19,2024-09-17,0,465716
CAND-PH0122,2024-07-19,2024-10-17,30,450993
CAND-PH0122,2024-07-19,2024-11-16,60,434932
CAND-PH0122,2024-07-19,2024-12-16,90,422005