application_id,application_date,age,sexo,monthly_income_declared,app_tenure_months,avg_monthly_topups,num_transactions_last_90d,pct_p2p_transfers,device_price_tier,has_bureau_record,bureau_score,utility_payment_ontime_rate,telco_payment_ontime_rate,digital_engagement_score,monto_bono_referidos,requested_amount,product_type
CAND-00003,18/01/24,21,H,1140046,54,104253,37,0.615,1,False,,0.456,0.664,74.1,0,410278,avance_efectivo
CAND-00008,11/05/24,35,M,1108956,2,31347,2,0.194,4,False,,0.658,,28.7,0,513960,compra_cartera
CAND-00011,01/04/24,22,H,1052429,3,48431,0,0.499,4,False,,0.718,0.75,37.3,0,1059625,libre_inversion
CAND-00023,29/04/24,55,M,1024289,26,216882,15,0.53,2,True,675.0,,0.657,43.2,0,277973,libre_inversion
CAND-00027,28/05/24,29,M,996377,53,22521,29,0.431,2,True,597.0,0.705,0.729,94.0,0,413507,libre_inversion
CAND-00046,11/05/24,36,M,1735482,2,61107,0,0.378,1,False,,0.779,0.838,33.4,0,677731,libre_inversion
CAND-00050,25/08/24,49,M,1123640,10,37231,7,0.616,4,False,,0.592,0.713,51.8,0,1089403,avance_efectivo
CAND-00053,18/06/24,40,M,2444319,13,14867,4,0.494,2,False,,0.898,0.875,34.5,0,551225,avance_efectivo
CAND-00056,03/04/24,24,M,3099376,5,31696,4,0.129,2,True,582.0,0.861,0.938,35.3,0,635294,libre_inversion
CAND-00057,24/06/24,26,H,856095,22,29748,14,0.243,2,False,,0.532,0.826,56.7,0,529329,libre_inversion
CAND-00059,18/02/24,39,M,996508,12,9307,9,0.759,2,False,,0.765,0.76,45.7,0,427382,libre_inversion
CAND-00062,16/05/24,26,H,995863,33,42498,28,0.082,1,True,672.0,0.344,0.556,73.2,0,242555,libre_inversion
CAND-00065,29/03/24,51,M,980399,5,51915,3,0.09,5,True,648.0,0.861,0.877,47.6,0,525692,libre_inversion
CAND-00084,11/05/24,18,M,1069304,13,101607,10,0.223,2,False,,0.73,0.709,65.3,0,1405701,compra_cartera
CAND-00104,05/02/24,30,H,766707,14,60660,3,0.142,2,False,,0.854,0.565,38.8,0,327689,libre_inversion
CAND-00108,05/03/24,38,H,545992,5,69700,0,0.24,1,False,,0.809,0.699,61.1,0,487599,libre_inversion
CAND-00121,15/07/24,25,M,1936022,7,108664,2,0.471,4,True,706.0,0.871,0.782,59.2,0,529004,libre_inversion
CAND-00132,27/04/24,40,H,987868,6,3943,1,0.635,3,True,569.0,0.717,0.661,41.2,0,545703,libre_inversion
CAND-00137,06/07/24,36,H,740974,16,27960,7,0.57,2,True,705.0,0.909,,40.6,13273,263794,libre_inversion
CAND-00144,22/07/24,20,M,1200568,14,17115,7,0.274,4,False,,0.782,0.702,57.2,0,761810,libre_inversion
CAND-00156,15/08/24,24,M,1244565,1,78048,0,0.537,5,False,,0.656,0.739,56.3,0,514602,avance_efectivo
CAND-00157,27/04/24,31,M,958916,18,92498,9,0.423,3,True,676.0,0.589,0.714,45.3,0,1144964,libre_inversion
CAND-00166,29/01/24,38,M,570395,38,24792,14,0.797,5,False,,0.84,0.427,47.2,0,245263,avance_efectivo
CAND-00172,02/08/24,27,M,1983279,9,35979,3,0.358,2,False,,0.798,,66.5,0,1345768,libre_inversion
CAND-00175,14/09/24,30,M,860827,1,12106,1,0.558,1,False,,0.798,0.742,39.4,0,1470937,libre_inversion
CAND-00186,04/08/24,34,H,815686,6,23996,7,0.275,3,False,,0.711,0.7,47.1,0,376657,avance_efectivo
CAND-00191,15/04/24,20,M,1422960,2,27720,2,0.618,3,True,672.0,0.769,0.931,29.4,0,315606,libre_inversion
CAND-00192,05/08/24,29,H,1795251,3,106948,3,0.371,2,False,,0.837,0.76,28.2,0,474603,libre_inversion
CAND-00199,02/04/24,32,M,1227805,52,22930,22,0.385,2,True,645.0,0.49,0.758,34.6,0,381337,compra_cartera
CAND-00202,17/04/24,23,M,752138,8,22984,2,0.614,3,True,630.0,0.527,0.634,51.5,0,361949,libre_inversion
CAND-00204,01/04/24,23,H,547584,1,28592,1,0.68,3,True,664.0,0.92,0.551,44.7,0,469769,avance_efectivo
CAND-00207,18/06/24,37,H,1757581,20,177353,4,0.232,5,False,,0.941,0.86,67.7,0,1912426,libre_inversion
CAND-00219,18/02/24,43,H,787012,2,57082,1,0.595,3,False,,0.599,0.598,72.3,0,349107,compra_cartera
CAND-00227,27/02/24,50,NB,1187500,34,15238,14,0.199,1,False,,0.807,0.929,70.4,0,493112,compra_cartera
CAND-00235,22/01/24,37,M,665232,31,40533,11,0.328,3,True,722.0,0.833,0.757,29.8,0,468167,avance_efectivo
CAND-00241,26/06/24,28,H,1555603,21,92688,4,0.168,1,False,,0.786,,35.5,0,1534575,avance_efectivo
CAND-00242,31/07/24,50,H,1280924,9,55212,10,0.875,2,False,,0.739,0.885,42.0,0,465083,avance_efectivo
CAND-00243,15/08/24,37,H,649416,11,24674,8,0.505,2,False,,0.833,0.788,32.7,0,864271,libre_inversion
CAND-00249,30/09/24,40,H,1255372,2,141679,0,0.445,2,False,,0.416,0.827,49.6,0,1358004,avance_efectivo
CAND-00255,09/02/24,54,M,1858923,32,66416,22,0.419,1,True,760.0,0.68,0.724,39.9,0,430924,libre_inversion
CAND-00256,02/02/24,26,H,1488905,5,98380,1,0.252,2,False,,0.581,0.845,51.3,0,323114,avance_efectivo
CAND-00260,14/07/24,28,H,1367886,39,47402,17,0.68,3,False,,0.894,0.351,70.4,0,363811,compra_cartera
CAND-00264,13/06/24,37,M,968464,29,68780,11,0.273,1,True,659.0,0.829,0.882,42.4,0,390301,compra_cartera
CAND-00274,22/08/24,34,H,1597971,19,48031,8,0.259,5,False,,0.904,0.637,47.8,0,665542,libre_inversion
CAND-00283,02/05/24,35,M,1588181,21,10905,13,0.478,2,True,693.0,0.702,0.38,49.9,0,259006,libre_inversion
CAND-00284,13/02/24,51,H,1051534,21,15669,8,0.289,4,True,678.0,0.713,0.768,52.3,0,726238,compra_cartera
CAND-00297,19/09/24,30,M,1598625,5,54757,3,0.369,1,True,633.0,0.974,0.784,37.2,0,1236041,libre_inversion
CAND-00328,15/05/24,29,H,826044,17,12846,5,0.358,1,False,,0.625,0.573,24.6,0,148219,libre_inversion
CAND-00334,24/06/24,34,H,1025558,22,51285,6,0.226,2,True,522.0,0.455,0.7,65.9,0,578281,libre_inversion
CAND-00336,01/03/24,34,M,2991470,4,83777,5,0.285,2,True,627.0,0.813,0.432,34.8,0,684898,libre_inversion
CAND-00343,16/07/24,18,H,1042883,1,59836,1,0.865,3,True,573.0,0.393,0.935,21.8,0,850512,libre_inversion
CAND-00357,29/02/24,43,H,1629846,12,31776,4,0.439,1,True,620.0,0.649,0.979,58.8,0,649107,libre_inversion
CAND-00362,10/01/24,37,H,1908708,3,121979,2,0.259,2,False,,0.851,0.71,78.8,0,456652,compra_cartera
CAND-00379,22/03/24,35,M,1985377,1,41341,1,0.542,3,False,,0.921,0.706,49.9,0,738888,libre_inversion
CAND-00394,02/06/24,29,M,2160333,13,38915,5,0.676,3,False,,0.93,,79.9,0,647656,libre_inversion
CAND-00398,29/03/24,35,M,1879028,12,50965,10,0.623,3,False,,0.85,0.757,25.6,0,481287,libre_inversion
CAND-00400,30/08/24,30,H,628716,5,22909,3,0.289,1,False,,0.832,0.732,50.8,0,633179,libre_inversion
CAND-00403,09/06/24,29,M,2144280,10,98842,5,0.463,3,True,669.0,0.668,0.837,74.8,0,1037474,libre_inversion
CAND-00408,12/07/24,25,H,906228,17,44169,3,0.376,1,True,715.0,0.48,0.821,42.8,0,440586,libre_inversion
CAND-00431,23/05/24,37,H,2104447,24,11446,14,0.511,1,False,,0.767,0.794,25.9,0,810275,libre_inversion
CAND-00439,02/07/24,42,M,1047474,12,58991,6,0.411,5,False,,0.565,0.627,42.8,0,821768,libre_inversion
CAND-00444,16/08/24,25,H,1327544,6,24040,4,0.443,3,True,678.0,0.737,0.686,72.1,0,952120,libre_inversion
CAND-00446,23/04/24,36,H,2624319,2,68020,0,0.364,3,True,723.0,0.818,0.883,100.0,0,394606,libre_inversion
CAND-00453,03/07/24,23,H,1458280,11,49058,5,0.482,4,True,757.0,0.631,0.675,64.5,0,472875,libre_inversion
CAND-00461,18/02/24,34,M,939459,1,199640,2,0.186,2,False,,0.86,0.637,65.9,0,919853,compra_cartera
CAND-00462,28/04/24,25,M,1183542,16,62367,5,0.606,4,False,,0.886,0.736,61.2,0,1105959,libre_inversion
CAND-00464,20/01/24,49,H,951447,38,31000,13,0.732,1,True,646.0,0.907,0.805,47.1,0,271987,avance_efectivo
CAND-00469,24/04/24,35,M,2277226,11,39179,5,0.185,1,False,,0.83,0.885,59.7,0,1382759,avance_efectivo
CAND-00473,10/07/24,21,H,962661,14,41468,5,0.228,1,True,682.0,0.71,0.758,38.2,0,531980,libre_inversion
CAND-00479,11/08/24,34,H,1565165,4,63372,2,0.381,1,False,,0.71,0.803,22.7,0,2586910,libre_inversion
CAND-00480,01/05/24,62,H,1024041,7,49868,3,0.078,1,False,,0.524,0.821,32.8,0,948565,libre_inversion
CAND-00484,17/06/24,25,M,524510,24,51061,8,0.187,2,True,629.0,0.817,0.825,60.7,0,314550,libre_inversion
CAND-00489,23/03/24,38,H,639327,10,28786,7,0.164,2,False,,0.449,0.881,99.0,7377,465316,avance_efectivo
CAND-00501,21/03/24,19,M,2000608,31,61673,15,0.463,1,True,557.0,0.901,0.811,63.1,0,832677,compra_cartera
CAND-00504,13/08/24,44,H,1167027,8,110887,7,0.47,1,False,,0.881,0.864,42.4,0,910895,libre_inversion
CAND-00509,02/03/24,24,H,783299,11,9474,7,0.208,1,True,555.0,,0.85,80.9,0,1499629,libre_inversion
CAND-00512,12/03/24,36,H,2194034,36,17983,18,0.772,3,True,563.0,0.801,0.617,46.3,0,515944,avance_efectivo
CAND-00519,17/01/24,30,H,1006287,12,88328,12,0.955,4,False,,0.574,0.37,60.5,0,245404,avance_efectivo
CAND-00521,21/02/24,38,M,1585928,5,106989,6,0.615,1,True,673.0,0.52,0.905,40.3,0,333166,libre_inversion
CAND-00522,22/04/24,18,M,1999901,9,54027,5,0.388,2,True,664.0,0.633,0.802,65.7,0,2835230,libre_inversion
CAND-00523,06/01/24,26,H,2419635,7,49413,5,0.258,1,False,,,,39.7,0,388089,libre_inversion
CAND-00525,25/08/24,34,H,906172,3,63718,1,0.17,4,False,,0.928,0.482,36.8,0,1015082,libre_inversion
CAND-00526,14/05/24,37,M,484427,4,44190,0,0.622,3,False,,0.853,0.92,62.9,0,725266,libre_inversion
CAND-00534,22/08/24,45,H,2107388,5,134812,4,0.317,4,True,694.0,0.961,0.749,27.9,0,234968,libre_inversion
CAND-00540,03/09/24,21,H,1479729,32,55212,12,0.124,2,False,,0.737,0.827,33.1,0,243487,avance_efectivo
CAND-00541,06/01/24,34,H,1741218,6,21754,1,0.407,4,True,674.0,0.668,0.872,55.5,0,1009731,libre_inversion
CAND-00545,17/08/24,36,H,1409038,18,59803,5,0.666,3,True,606.0,,0.657,77.0,0,1784644,avance_efectivo
CAND-00553,03/03/24,40,H,695992,4,25953,1,0.19,3,True,545.0,0.63,0.835,29.3,0,102575,libre_inversion
CAND-00555,26/04/24,31,H,1351520,22,29566,12,0.396,3,True,507.0,0.729,0.624,48.4,0,519052,libre_inversion
CAND-00561,26/04/24,34,NB,898772,16,8818,7,0.485,2,False,,0.751,,37.3,0,405058,compra_cartera
CAND-00564,29/01/24,34,H,1260711,7,24582,2,0.441,2,True,606.0,0.853,0.817,82.8,0,320933,libre_inversion
CAND-00572,21/02/24,39,M,955758,24,105292,10,0.492,1,True,473.0,0.582,0.894,34.5,0,884991,libre_inversion
CAND-00575,25/04/24,40,M,973233,4,80527,1,0.873,5,True,617.0,0.871,0.341,29.7,0,287101,libre_inversion
CAND-00576,03/01/24,47,H,1543329,16,47974,7,0.613,1,True,760.0,0.456,0.613,86.9,0,2207363,compra_cartera
CAND-00577,04/06/24,51,H,755650,3,73391,1,0.361,3,True,690.0,0.331,0.943,34.4,0,932776,libre_inversion
CAND-00587,11/05/24,30,H,1621170,14,4128,8,0.48,5,True,590.0,0.83,0.861,62.5,0,612653,libre_inversion
CAND-00588,05/09/24,21,H,1590903,15,156572,13,0.684,3,True,571.0,0.74,0.925,64.2,0,389446,libre_inversion
CAND-00600,25/07/24,18,H,2325943,31,37191,15,0.348,1,True,724.0,0.964,0.916,40.3,0,891397,libre_inversion
CAND-00606,11/01/24,44,M,1934021,3,164369,4,0.33,2,True,818.0,0.885,0.766,6.6,0,1429404,libre_inversion
CAND-00610,26/06/24,25,H,1302520,13,16750,5,0.682,5,False,,0.955,0.785,22.6,0,293454,compra_cartera
CAND-00611,01/01/24,52,H,1138372,12,64233,6,0.3,2,False,,0.739,0.72,57.7,0,954515,libre_inversion
CAND-00620,09/03/24,26,M,1200604,7,50880,0,0.411,1,False,,0.782,0.813,32.6,0,815470,libre_inversion
CAND-00621,18/05/24,46,H,879555,58,44221,31,0.59,3,False,,0.695,0.79,65.9,0,270904,libre_inversion
CAND-00633,28/01/24,33,H,1088796,6,12148,2,0.455,4,True,637.0,,0.95,54.8,0,644106,compra_cartera
CAND-00642,25/03/24,31,H,774749,3,63587,1,0.398,1,False,,0.947,,59.8,0,234353,libre_inversion
CAND-00643,17/03/24,42,H,1160018,2,122052,2,0.509,1,False,,0.88,0.901,23.1,0,827459,libre_inversion
CAND-00644,21/03/24,34,M,1479200,1,4707,1,0.123,3,False,,0.883,0.707,27.4,0,820554,libre_inversion
CAND-00648,02/09/24,40,M,853828,10,26204,9,0.531,1,True,654.0,0.756,0.751,12.8,0,184066,libre_inversion
CAND-00651,23/04/24,35,M,689900,60,26146,34,0.209,3,True,627.0,0.916,0.824,42.1,0,819835,compra_cartera
CAND-00652,11/08/24,41,H,629808,8,73758,5,0.451,3,False,,0.724,0.698,35.5,0,566259,avance_efectivo
CAND-00653,03/01/24,30,H,1626809,26,25746,8,0.577,2,False,,0.554,,51.9,0,984754,compra_cartera
CAND-00658,18/02/24,49,NB,365866,6,36705,2,0.145,2,False,,0.4,0.56,67.4,0,1121010,libre_inversion
CAND-00662,28/09/24,40,H,1097920,28,118430,15,0.234,3,False,,,0.908,52.6,0,1406299,libre_inversion
CAND-00671,13/09/24,36,H,1791086,13,52779,7,0.393,2,False,,0.906,0.828,45.6,0,336881,compra_cartera
CAND-00679,31/01/24,44,M,2546707,8,27849,7,0.525,4,True,586.0,,0.65,44.6,0,1023638,libre_inversion
CAND-00682,17/03/24,42,H,2895608,2,13415,2,0.548,1,True,730.0,0.7,0.759,47.0,0,511188,avance_efectivo
CAND-00687,24/01/24,30,M,765412,25,56234,13,0.693,2,True,652.0,0.472,0.51,45.4,0,1166990,libre_inversion
CAND-00690,29/08/24,43,H,833113,20,33871,11,0.173,5,False,,0.786,0.962,60.1,0,161715,compra_cartera
CAND-00695,13/05/24,33,H,1291304,1,38758,0,0.481,2,False,,,0.967,66.1,0,1316980,avance_efectivo
CAND-00708,30/09/24,45,H,2101316,3,44294,2,0.016,3,False,,0.582,,62.3,0,1352596,libre_inversion
CAND-00715,17/02/24,32,M,1163819,3,45300,3,0.256,2,True,635.0,0.845,0.681,61.7,0,1034168,libre_inversion
CAND-00718,27/02/24,39,H,1588349,7,102963,4,0.342,1,False,,0.835,,49.1,0,544506,libre_inversion
CAND-00721,23/07/24,31,H,949479,19,20170,9,0.457,3,True,668.0,0.756,0.491,40.9,0,637107,libre_inversion
CAND-00727,25/04/24,45,H,3101451,6,82951,3,0.069,2,True,713.0,0.909,0.831,46.6,0,1943598,avance_efectivo
CAND-00739,22/04/24,28,M,1271868,20,143895,7,0.028,2,False,,,0.536,36.6,0,755704,libre_inversion
CAND-00741,18/05/24,33,H,1676808,16,25044,8,0.702,1,True,675.0,0.858,0.703,63.9,0,363784,compra_cartera
CAND-00742,05/06/24,28,M,1180305,11,24027,8,0.627,1,True,648.0,0.726,0.852,61.4,0,1520275,libre_inversion
CAND-00748,01/05/24,34,NB,1019535,3,43366,0,0.47,3,True,656.0,0.712,0.683,39.4,0,1135432,libre_inversion
CAND-00749,12/09/24,45,M,1721464,19,40263,8,0.338,4,True,660.0,0.799,0.849,68.4,0,699065,libre_inversion
CAND-00752,01/01/24,33,M,616023,11,51171,3,0.288,3,False,,0.822,0.938,50.3,0,273514,libre_inversion
CAND-00762,29/05/24,39,M,894553,2,12324,1,0.354,1,True,572.0,0.548,0.845,40.5,0,1493341,libre_inversion
CAND-00766,06/03/24,30,H,1711087,21,38589,10,0.063,2,False,,0.686,,37.1,0,1351016,avance_efectivo
CAND-00769,27/04/24,39,M,2417731,13,29836,4,0.473,3,False,,0.931,0.947,79.2,0,881700,libre_inversion
CAND-00776,26/08/24,48,H,1688241,51,134556,17,0.151,1,False,,0.869,0.791,49.5,0,821960,avance_efectivo
CAND-00782,16/03/24,39,M,1271523,9,17855,4,0.25,5,False,,0.892,,34.9,0,750141,libre_inversion
CAND-00786,27/06/24,34,H,1141521,16,8571,9,0.517,3,True,646.0,0.845,0.725,35.7,0,443547,libre_inversion
CAND-00809,23/02/24,31,H,1339089,1,30232,0,0.555,5,True,724.0,0.554,0.719,65.7,0,1007230,libre_inversion
CAND-00815,27/03/24,33,M,796524,14,109454,5,0.475,1,False,,0.757,0.544,17.8,0,522359,compra_cartera
CAND-00821,11/03/24,25,H,965830,21,15405,11,0.34,2,True,714.0,0.899,0.85,57.8,0,1024338,libre_inversion
CAND-00840,25/04/24,38,H,794995,18,26877,11,0.308,2,False,,0.91,0.453,41.5,0,347206,compra_cartera
CAND-00841,02/01/24,36,M,2083011,22,28737,12,0.357,1,False,,0.956,0.909,39.9,0,1057778,libre_inversion
CAND-00846,28/05/24,18,M,1021841,51,89529,31,0.313,4,False,,0.91,0.689,51.5,0,195600,avance_efectivo
CAND-00847,09/04/24,26,M,1540785,1,30007,0,0.207,2,False,,0.494,0.778,23.3,0,176431,avance_efectivo
CAND-00857,02/05/24,39,M,586596,39,17419,23,0.649,1,True,624.0,0.759,,67.1,0,244481,compra_cartera
CAND-00859,03/09/24,21,M,1128127,7,134126,3,0.256,1,True,782.0,0.832,0.926,40.5,0,297910,libre_inversion
CAND-00863,27/02/24,41,H,799871,9,51316,6,0.31,5,False,,0.901,0.864,20.2,0,1370710,compra_cartera
CAND-00868,12/05/24,31,M,2535690,9,59784,5,0.905,1,False,,0.779,0.843,51.0,0,123146,libre_inversion
CAND-00872,03/03/24,32,NB,1212447,1,89397,1,0.683,5,False,,0.811,0.899,56.9,0,193447,avance_efectivo
CAND-00877,17/02/24,22,H,1681750,3,8349,4,0.669,5,False,,0.78,0.745,37.1,0,902188,libre_inversion
CAND-00884,03/05/24,30,H,548725,8,30456,3,0.342,2,True,783.0,0.71,0.668,61.6,0,300814,avance_efectivo
CAND-00885,05/04/24,42,H,1314066,40,5710,17,0.354,2,True,672.0,0.756,0.685,56.0,0,694182,libre_inversion
CAND-00906,29/02/24,37,M,978603,10,77356,4,0.462,1,True,502.0,0.747,0.756,65.9,0,335156,compra_cartera
CAND-00908,04/06/24,43,H,777179,14,76236,7,0.473,3,False,,0.326,0.84,35.2,0,477752,libre_inversion
CAND-00914,13/09/24,20,M,1037390,9,19191,4,0.206,1,False,,0.668,0.708,42.9,19348,643997,libre_inversion
CAND-00925,05/03/24,25,M,1204012,1,20076,0,0.089,1,True,600.0,0.617,0.716,87.6,0,588092,avance_efectivo
CAND-00932,22/02/24,43,M,743323,5,25851,3,0.359,1,True,619.0,0.968,0.931,33.3,0,307352,libre_inversion
CAND-00943,29/06/24,48,H,3164009,3,8065,2,0.317,1,False,,0.923,0.576,60.8,0,375973,libre_inversion
CAND-00945,22/09/24,43,M,1868597,2,47016,0,0.188,2,True,573.0,0.842,0.663,47.3,0,295035,compra_cartera
CAND-00951,22/02/24,39,H,1315849,45,38703,33,0.365,4,True,783.0,0.86,0.844,28.6,0,398159,libre_inversion
CAND-00961,19/08/24,30,M,5.208.971.380.127.890,6,71332,3,0.392,4,False,,0.502,0.928,61.2,0,282544,compra_cartera
CAND-00965,26/04/24,31,H,1559619,16,24304,12,0.109,1,True,690.0,0.682,0.703,43.2,0,606438,avance_efectivo
CAND-00979,14/06/24,36,M,1247960,14,72419,4,0.184,4,False,,0.955,0.533,63.2,0,736047,libre_inversion
CAND-00985,06/09/24,40,M,1257232,24,176812,14,0.734,1,True,615.0,0.878,0.858,64.5,0,516552,compra_cartera
CAND-00998,22/01/24,41,H,1159213,10,78287,5,0.29,1,False,,0.74,0.706,60.1,9372,711870,compra_cartera
CAND-01010,27/09/24,33,H,878101,10,14217,10,0.563,2,False,,0.89,0.533,46.8,0,592776,libre_inversion
CAND-01013,11/02/24,30,H,1.924.125.405.490.580,10,71075,3,0.549,2,True,703.0,0.803,0.749,47.2,0,449269,libre_inversion
CAND-01014,19/06/24,39,M,1873568,1,23976,0,0.673,1,True,626.0,0.468,0.838,40.0,0,906877,avance_efectivo
CAND-01015,04/09/24,40,H,1386276,14,35381,7,0.256,4,True,590.0,0.593,0.864,33.6,0,599488,libre_inversion
CAND-01021,21/08/24,24,M,2184359,9,29409,2,0.234,1,False,,0.479,0.553,36.3,0,995709,avance_efectivo
CAND-01024,01/09/24,38,H,1039818,7,15916,3,0.463,1,False,,0.728,0.88,37.1,0,708567,libre_inversion
CAND-01034,20/02/24,27,H,1598702,18,47040,4,0.577,2,True,670.0,0.822,0.886,50.7,0,2288167,avance_efectivo
CAND-01053,04/06/24,44,H,488782,5,818,1,0.693,2,False,,0.594,0.914,56.2,0,912156,compra_cartera
CAND-01055,16/02/24,39,NB,952438,3,41781,2,0.373,2,False,,0.955,0.563,33.5,0,217139,avance_efectivo
CAND-01059,27/07/24,30,M,1231350,49,82414,19,0.271,1,False,,,,25.3,0,318615,libre_inversion
CAND-01062,07/07/24,34,H,902142,9,77868,8,0.617,3,True,659.0,0.722,0.547,61.2,0,375739,avance_efectivo
CAND-01068,28/01/24,34,NB,1504389,7,82103,2,0.482,1,True,613.0,0.519,0.84,15.5,0,416901,libre_inversion
CAND-01091,25/01/24,29,M,1729134,13,42239,5,0.325,2,True,677.0,0.556,0.931,48.9,0,549671,libre_inversion
CAND-01092,20/05/24,36,M,732618,3,11031,2,0.171,2,False,,0.88,0.929,36.1,0,153216,libre_inversion
CAND-01097,28/06/24,41,H,1743080,1,9454,3,0.29,3,False,,0.659,0.833,36.9,0,446313,libre_inversion
CAND-01100,27/08/24,19,H,1184537,12,68670,3,0.153,3,False,,0.681,0.905,23.7,0,2113066,libre_inversion
CAND-01107,29/06/24,38,M,1895718,23,11237,8,0.292,2,False,,0.757,0.506,33.1,0,899280,avance_efectivo
CAND-01109,10/04/24,34,H,2512725,12,32543,2,0.458,2,False,,0.839,0.62,49.9,0,499464,compra_cartera
CAND-01110,14/07/24,18,H,1023726,6,53061,5,0.634,3,True,566.0,0.745,0.693,37.7,0,742284,libre_inversion
CAND-01111,16/03/24,18,H,1653457,1,26451,0,0.563,1,True,515.0,0.687,0.654,50.0,0,441726,compra_cartera
CAND-01124,19/05/24,22,M,1949599,36,168894,11,0.68,1,False,,0.568,0.508,65.8,0,701670,avance_efectivo
CAND-01134,26/08/24,40,H,1096142,9,91154,5,0.67,4,False,,0.759,0.8,73.6,0,550585,libre_inversion
CAND-01154,05/09/24,25,H,703765,9,25995,7,0.195,3,True,554.0,0.872,0.891,55.3,0,267747,libre_inversion
CAND-01157,30/03/24,36,H,936.229.368.834.035,11,28511,4,0.445,1,True,653.0,0.626,0.74,51.3,0,835492,libre_inversion
CAND-01158,17/08/24,34,M,2054455,16,52856,13,0.285,1,True,600.0,0.65,0.575,50.2,0,583144,avance_efectivo
CAND-01169,29/08/24,27,H,535114,33,31019,12,0.459,1,False,,0.887,0.749,53.0,0,628441,libre_inversion
CAND-01179,05/04/24,53,M,1262279,8,52683,4,0.604,2,False,,0.626,0.661,21.3,0,455581,libre_inversion
CAND-01182,03/08/24,39,M,576149,6,108015,4,0.575,1,True,508.0,0.843,0.898,77.5,0,896119,libre_inversion
CAND-01184,10/04/24,23,M,1051766,16,15311,8,0.252,2,False,,0.425,0.505,0.0,0,739753,libre_inversion
CAND-01191,28/06/24,34,H,1225914,26,47042,14,0.415,3,False,,0.935,0.6,83.7,0,1226068,avance_efectivo
CAND-01197,05/06/24,46,M,1890452,19,57287,9,0.575,2,True,830.0,0.753,0.571,100.0,0,1308269,libre_inversion
CAND-01198,01/04/24,26,H,3210177,12,26546,9,0.084,4,True,691.0,0.856,0.488,61.7,0,1052240,compra_cartera
CAND-01209,18/03/24,30,M,1447340,6,50348,2,0.562,1,True,783.0,0.929,0.87,13.6,0,207191,libre_inversion
CAND-01212,13/05/24,41,M,1752411,13,86997,9,0.352,1,False,,0.631,,55.3,0,160831,avance_efectivo
CAND-01218,15/03/24,36,M,1198620,17,18857,10,0.226,2,False,,0.567,0.87,76.9,0,211645,libre_inversion
CAND-01229,09/07/24,32,H,1031203,7,137449,5,0.101,2,True,653.0,0.934,0.908,48.1,0,271662,libre_inversion
CAND-01230,27/08/24,35,M,1223717,14,54831,6,0.167,1,False,,0.646,0.971,43.0,0,1094749,compra_cartera
CAND-01236,26/02/24,48,H,685072,4,59209,0,0.404,1,False,,,0.88,26.9,0,945635,compra_cartera
CAND-01244,13/02/24,31,H,1571897,22,36892,18,0.184,3,False,,0.72,0.946,28.3,0,415380,libre_inversion
CAND-01250,05/06/24,30,H,1493148,4,102061,3,0.324,2,False,,0.821,0.749,45.6,0,1266558,avance_efectivo
CAND-01253,11/02/24,30,M,642690,10,24343,5,0.765,1,True,652.0,0.876,0.545,84.4,0,321065,libre_inversion
CAND-01263,30/08/24,18,H,2530011,1,143064,1,0.582,3,True,592.0,0.785,0.57,79.8,0,215721,compra_cartera
CAND-01264,30/04/24,33,H,875386,3,27560,1,0.142,2,True,657.0,0.794,0.718,42.4,0,865044,compra_cartera
CAND-01266,08/08/24,37,M,1445989,18,9766,9,0.157,5,False,,0.592,,62.0,0,667434,avance_efectivo
CAND-01275,15/08/24,22,M,903625,28,13643,14,0.77,2,True,537.0,0.802,0.81,50.1,0,2332029,libre_inversion
CAND-01279,30/04/24,41,M,2166501,20,158232,14,0.743,1,True,628.0,0.933,0.396,36.4,0,333180,libre_inversion
CAND-01282,17/09/24,24,H,873601,2,16472,1,0.184,1,True,623.0,0.915,0.837,30.9,0,770924,libre_inversion
CAND-01293,09/07/24,26,M,1198808,35,99616,19,0.713,3,True,660.0,0.869,0.58,58.5,0,656744,libre_inversion
CAND-01294,09/05/24,40,M,2165049,4,52971,4,0.806,4,True,778.0,0.893,,10.6,0,2128304,avance_efectivo
CAND-01302,12/08/24,36,M,932713,28,56555,17,0.577,1,False,,0.911,0.836,17.6,0,969488,compra_cartera
CAND-01306,14/06/24,18,H,1203622,13,26762,4,0.092,1,False,,0.639,0.823,76.5,0,724166,libre_inversion
CAND-01307,01/04/24,60,M,641407,40,11819,20,0.411,3,False,,0.868,0.733,86.1,0,490090,libre_inversion
CAND-01310,15/09/24,23,H,952789,11,45273,1,0.73,1,False,,0.715,0.79,21.8,16131,1460442,avance_efectivo
CAND-01316,07/08/24,34,NB,917064,8,89893,2,0.182,1,False,,0.809,0.768,51.8,0,293820,avance_efectivo
CAND-01327,12/05/24,20,NB,1969760,25,13378,17,0.16,1,False,,0.638,,60.0,0,160607,libre_inversion
CAND-01330,14/02/24,25,M,857615,2,34726,2,0.132,1,False,,0.94,0.951,34.2,0,2953145,avance_efectivo
CAND-01339,11/05/24,37,M,300000,9,37041,7,0.704,5,False,,0.593,0.791,49.7,0,1404647,libre_inversion
CAND-01340,17/04/24,29,H,902446,1,64430,2,0.252,3,False,,0.841,,23.4,0,626360,libre_inversion
CAND-01343,14/05/24,35,H,2237826,1,62718,0,0.451,2,False,,0.715,0.791,47.5,0,494963,avance_efectivo
CAND-01346,14/02/24,24,H,1169773,11,44088,6,0.614,2,True,581.0,0.726,0.811,35.3,0,737846,avance_efectivo
CAND-01350,23/02/24,37,M,824387,2,45157,1,0.151,4,False,,0.652,0.65,65.2,0,247080,libre_inversion
CAND-01364,28/01/24,30,H,1051707,29,34244,15,0.333,2,False,,0.797,0.748,40.4,0,753072,libre_inversion
CAND-01366,13/08/24,22,M,1198090,5,86249,3,0.228,3,True,732.0,0.656,0.923,72.3,0,1058482,libre_inversion
CAND-01367,09/07/24,18,M,2208070,60,44408,33,0.219,2,False,,0.654,0.726,39.6,0,787110,avance_efectivo
CAND-01378,11/06/24,31,H,1002211,1,91747,1,0.556,3,False,,0.728,0.94,49.2,0,588878,libre_inversion
CAND-01383,29/08/24,25,H,1828910,5,11372,2,0.741,4,True,590.0,0.787,0.599,33.5,0,489066,libre_inversion
CAND-01385,29/04/24,25,M,1518478,37,2842,20,0.476,2,False,,0.93,0.632,60.1,0,176989,avance_efectivo
CAND-01386,20/08/24,42,M,1190593,6,72282,0,0.274,2,True,631.0,0.811,,11.6,0,416671,libre_inversion
CAND-01387,27/02/24,42,H,1451816,4,32823,2,0.431,1,False,,0.967,0.918,63.2,0,371028,avance_efectivo
CAND-01390,21/04/24,35,M,791277,6,41760,3,0.175,4,False,,0.79,,35.5,0,347582,avance_efectivo
CAND-01400,25/05/24,43,M,988998,19,72926,14,0.419,2,True,603.0,0.749,0.649,69.1,15889,359664,compra_cartera
CAND-01402,23/05/24,41,H,562726,17,7800,6,0.507,1,True,716.0,0.906,0.845,50.5,0,754182,libre_inversion
CAND-01404,01/09/24,38,H,835596,9,45738,4,0.55,5,False,,,0.56,41.4,0,1097581,avance_efectivo
CAND-01415,16/01/24,40,H,1132332,18,107463,15,0.263,3,True,768.0,0.861,0.784,45.9,0,465421,libre_inversion
CAND-01426,21/02/24,51,M,891026,2,86017,1,0.31,2,False,,0.838,0.589,31.2,0,424881,compra_cartera
CAND-01440,06/08/24,32,H,894715,1,37661,1,0.353,1,False,,0.807,0.955,75.7,0,271075,compra_cartera
CAND-01441,13/02/24,22,M,1254539,1,24399,1,0.16,3,True,561.0,0.425,0.809,40.2,0,1379750,libre_inversion
CAND-01444,22/08/24,41,H,2241886,12,83742,8,0.32,3,True,575.0,0.67,0.627,61.7,0,657309,compra_cartera
CAND-01454,14/05/24,51,H,2753718,4,36778,2,0.461,2,True,541.0,0.718,0.594,16.5,0,617657,avance_efectivo
CAND-01459,13/08/24,47,M,1209014,13,96712,10,0.337,1,True,770.0,0.771,0.694,28.5,0,863197,compra_cartera
CAND-01468,27/09/24,36,H,1249139,26,56430,11,0.103,3,True,522.0,0.912,0.643,67.2,0,1442537,avance_efectivo
CAND-01470,15/01/24,23,M,489251,4,11745,0,0.385,2,True,681.0,0.614,0.507,60.8,0,368712,avance_efectivo
CAND-01492,08/04/24,32,M,2356983,11,40901,7,0.233,2,False,,0.863,0.76,57.4,0,730636,avance_efectivo
CAND-01495,11/01/24,60,H,2303154,10,49844,10,0.745,3,False,,0.552,0.81,38.8,0,388029,avance_efectivo
CAND-01500,28/07/24,28,M,1493118,5,26918,3,0.463,4,False,,0.472,0.81,55.6,0,499833,compra_cartera
CAND-01501,15/05/24,24,NB,1396134,12,16878,3,0.467,2,True,576.0,0.532,0.663,70.0,0,535264,compra_cartera
CAND-01503,17/04/24,26,H,492082,12,39198,10,0.329,3,False,,0.604,0.689,55.0,16457,371752,libre_inversion
CAND-01509,07/05/24,25,H,1195009,3,85827,0,0.28,1,False,,,0.909,55.7,0,2189516,avance_efectivo
CAND-01514,25/01/24,40,M,1186699,3,36841,0,0.441,1,False,,0.823,0.878,30.7,0,764130,libre_inversion
CAND-01518,04/05/24,54,H,1865489,2,19437,0,0.532,1,False,,0.883,0.726,35.2,0,428087,libre_inversion
CAND-01526,05/07/24,45,H,2070052,13,14623,7,0.303,3,False,,0.566,0.689,47.9,0,477218,avance_efectivo
CAND-01527,28/07/24,26,M,1401037,10,118029,7,0.18,2,False,,0.859,0.533,41.5,0,593043,libre_inversion
CAND-01533,18/08/24,34,H,2297845,20,20217,10,0.412,2,False,,0.923,0.58,26.6,0,471766,avance_efectivo
CAND-01535,02/05/24,31,H,1397635,9,14300,4,0.147,2,True,686.0,0.702,,100.0,0,691769,libre_inversion
CAND-01536,31/05/24,27,H,1925559,1,63755,0,0.685,5,False,,0.922,0.637,59.1,0,1708470,compra_cartera
CAND-01537,18/08/24,19,M,1165970,11,113568,4,0.106,5,True,713.0,0.523,0.728,62.3,0,620404,avance_efectivo
CAND-01551,08/09/24,55,M,1947108,23,24513,5,0.648,4,True,681.0,0.665,0.776,44.0,0,358552,avance_efectivo
CAND-01552,11/02/24,39,M,787469,22,15496,10,0.242,1,True,655.0,0.577,,52.2,0,794779,compra_cartera
CAND-01557,01/04/24,47,H,1727755,7,62330,5,0.747,3,True,626.0,0.54,0.887,1.2,0,628670,compra_cartera
CAND-01560,14/01/24,43,H,1745186,6,16513,4,0.347,1,True,795.0,0.887,0.826,28.9,0,332753,compra_cartera
CAND-01568,29/06/24,37,M,1041517,14,50159,7,0.539,2,False,,0.666,0.703,53.3,0,737621,compra_cartera
CAND-01571,20/08/24,36,H,1117235,17,23719,10,0.348,1,True,719.0,0.811,0.694,70.6,0,454680,libre_inversion
CAND-01576,15/07/24,29,H,902659,30,64751,9,0.464,2,True,818.0,0.642,0.543,27.4,0,519069,libre_inversion
CAND-01577,20/01/24,48,NB,5067733,5,11301,0,0.474,1,True,636.0,0.849,0.794,38.7,0,212460,libre_inversion
CAND-01578,07/05/24,32,H,1024716,1,53368,3,0.299,3,False,,0.675,0.809,26.9,0,1934,avance_efectivo
CAND-01579,25/05/24,18,H,1226996,23,35059,14,0.699,2,False,,0.858,0.981,58.3,0,200994,libre_inversion
CAND-01588,19/09/24,39,H,985597,31,99196,10,0.217,2,True,573.0,0.366,0.969,42.6,0,953076,libre_inversion
CAND-01591,19/07/24,35,H,1058647,28,52012,19,0.495,2,False,,0.924,0.563,74.6,0,697458,avance_efectivo
CAND-01592,16/07/24,52,M,878619,3,26702,1,0.647,1,False,,0.675,,43.5,0,412939,libre_inversion
CAND-01607,15/05/24,28,M,1530305,1,120994,3,0.652,2,False,,0.841,0.749,20.9,0,483132,avance_efectivo
CAND-01627,02/07/24,35,H,976393,2,15988,1,0.262,1,True,635.0,0.907,0.793,46.1,0,510463,libre_inversion
CAND-01630,26/06/24,23,H,1371742,2,101780,4,0.194,1,True,569.0,0.743,0.844,66.9,0,321123,libre_inversion
CAND-01647,04/05/24,26,H,904909,8,40617,9,0.627,1,False,,0.951,0.898,42.5,0,1268760,avance_efectivo
CAND-01652,12/04/24,32,M,1580349,9,7753,6,0.279,3,False,,0.941,0.826,54.0,0,1208899,libre_inversion
CAND-01667,02/09/24,36,M,817766,5,64371,4,0.441,1,False,,0.703,0.91,48.0,0,499758,libre_inversion
CAND-01675,03/02/24,41,M,1703501,21,21212,6,0.365,5,True,422.0,0.825,0.745,57.9,0,1530766,libre_inversion
CAND-01687,03/03/24,34,H,1548605,6,47057,2,0.199,5,True,695.0,0.466,0.474,36.1,0,206516,libre_inversion
CAND-01690,09/06/24,39,M,1622284,43,47761,26,0.44,3,False,,0.864,0.86,45.0,0,314038,avance_efectivo
CAND-01695,21/08/24,46,M,993405,36,12533,27,0.259,1,False,,0.885,0.76,62.3,0,334900,libre_inversion
CAND-01701,09/04/24,36,H,1916792,47,76390,26,0.662,2,False,,0.662,,67.8,0,538918,libre_inversion
CAND-01702,08/02/24,28,H,1049558,2,31517,4,0.622,2,False,,0.737,0.828,53.2,0,1660852,compra_cartera
CAND-01705,15/09/24,36,M,1750646,13,126080,6,0.369,2,False,,0.836,0.88,59.5,0,654336,libre_inversion
CAND-01708,08/04/24,30,H,753410,1,65895,1,0.693,1,True,776.0,0.747,0.769,45.2,0,379546,libre_inversion
CAND-01714,14/04/24,33,H,1345094,1,33878,2,0.456,5,True,690.0,0.665,,57.2,0,294958,libre_inversion
CAND-01717,21/05/24,34,H,1112178,18,22044,11,0.842,1,True,641.0,0.751,,31.0,0,1019047,avance_efectivo
CAND-01726,25/02/24,42,NB,1077707,6,25387,5,0.339,1,True,591.0,0.791,0.807,51.9,0,1661412,avance_efectivo
CAND-01727,01/08/24,41,H,1589321,4,47925,1,0.425,2,False,,0.862,0.573,60.0,0,197907,avance_efectivo
CAND-01730,25/02/24,43,M,1242549,60,15071,26,0.371,2,True,628.0,0.682,0.788,77.6,0,358828,avance_efectivo
CAND-01740,24/01/24,64,M,1047361,39,27970,25,0.669,3,False,,0.849,0.95,49.6,0,449685,libre_inversion
CAND-01745,14/09/24,42,M,2385509,15,3916,14,0.357,2,False,,0.702,0.816,37.3,0,537198,compra_cartera
CAND-01746,14/04/24,50,M,945808,4,75994,3,0.359,1,True,828.0,0.62,0.874,66.5,0,411089,avance_efectivo
CAND-01748,14/04/24,53,H,1916826,9,21558,3,0.112,4,True,649.0,0.933,0.877,47.0,0,752840,libre_inversion
CAND-01756,14/07/24,35,M,484368,8,39335,5,0.785,3,True,756.0,0.941,0.766,43.5,0,574732,libre_inversion
CAND-01772,08/06/24,44,H,1273342,6,69058,1,0.607,1,True,639.0,0.805,0.678,35.0,0,365113,libre_inversion
CAND-01773,11/05/24,39,M,5060819,14,37420,9,0.246,4,False,,0.936,0.869,23.5,0,142012,compra_cartera
CAND-01775,02/03/24,31,H,502846,20,12621,10,0.24,2,True,455.0,0.839,0.911,59.5,0,756386,libre_inversion
CAND-01778,29/01/24,36,M,3629436,6,9597,4,0.583,2,False,,0.775,0.808,76.0,0,463565,avance_efectivo
CAND-01797,09/06/24,42,M,854925,13,68239,8,0.297,4,False,,0.878,,26.4,0,858296,libre_inversion
CAND-01799,07/09/24,37,H,3099881,11,118718,4,0.22,4,False,,0.765,0.687,79.1,0,580360,libre_inversion
CAND-01817,03/09/24,36,M,1365257,1,14870,0,0.168,2,True,598.0,0.618,,36.7,0,167976,compra_cartera
CAND-01828,21/02/24,35,M,650343,31,57081,16,0.888,4,False,,,0.817,36.8,0,309856,avance_efectivo
CAND-01829,10/06/24,42,M,743036,3,22620,4,0.241,3,False,,0.566,0.579,43.6,0,485793,libre_inversion
CAND-01831,23/03/24,34,M,622094,11,175602,0,0.416,1,False,,0.872,0.689,41.4,0,620308,libre_inversion
CAND-01842,19/02/24,35,M,2218304,29,61141,15,0.267,1,True,572.0,0.983,0.746,53.6,0,216058,libre_inversion
CAND-01848,22/02/24,37,H,1313427,37,31869,15,0.574,4,True,472.0,0.769,0.785,43.3,0,1187061,avance_efectivo
CAND-01852,28/08/24,36,H,1387523,53,68542,26,0.366,3,False,,0.589,0.566,65.6,0,614043,libre_inversion
CAND-01860,15/02/24,40,H,858825,30,70938,12,0.274,2,True,872.0,0.98,0.898,38.8,0,508162,libre_inversion
CAND-01862,12/05/24,26,H,678464,1,10909,0,0.331,4,True,631.0,0.545,0.747,64.5,0,439301,libre_inversion
CAND-01867,17/06/24,27,H,707949,7,22403,1,0.411,1,True,654.0,0.856,0.859,54.9,0,760,compra_cartera
CAND-01875,30/01/24,43,M,817177,31,15703,17,0.26,1,True,685.0,0.633,0.761,63.0,0,900489,libre_inversion
CAND-01876,07/06/24,38,M,1801655,25,50670,5,0.066,1,True,566.0,0.315,0.842,68.7,0,227345,libre_inversion
CAND-01878,14/08/24,51,H,1609877,20,19211,7,0.438,1,True,748.0,0.776,0.635,65.4,0,458535,libre_inversion
CAND-01885,13/04/24,42,M,1045544,44,122614,20,0.166,2,True,640.0,0.779,0.733,69.0,0,753316,avance_efectivo
CAND-01888,27/03/24,47,M,2047462,17,92393,15,0.357,5,False,,0.692,,52.0,0,341072,avance_efectivo
CAND-01892,23/08/24,38,H,1030820,9,9191,9,0.192,2,False,,0.881,0.681,45.1,0,878014,avance_efectivo
CAND-01898,23/04/24,27,M,1100068,14,74151,7,0.153,1,True,657.0,0.887,0.941,33.0,0,2034797,libre_inversion
CAND-01899,14/05/24,24,H,556576,1,42763,1,0.406,2,False,,0.79,0.595,16.5,0,1346809,libre_inversion
CAND-01903,15/02/24,28,M,575946,32,83991,16,0.419,4,False,,0.757,0.631,59.0,0,728589,libre_inversion
CAND-01911,02/06/24,39,M,761837,22,41246,10,0.17,3,False,,0.717,0.762,74.9,0,238714,avance_efectivo
CAND-01915,31/03/24,37,M,1359724,16,92907,7,0.572,2,False,,0.793,0.917,27.0,8429,1175364,compra_cartera
CAND-01917,31/01/24,34,NB,1279717,2,62409,2,0.24,1,True,568.0,0.782,0.74,35.3,0,780985,libre_inversion
CAND-01928,30/08/24,23,M,778449,27,35156,18,0.266,2,True,635.0,0.693,0.952,63.4,0,1648746,libre_inversion
CAND-01931,30/05/24,55,H,711123,19,21335,9,0.629,2,False,,0.568,0.784,33.3,37251,232119,libre_inversion
CAND-01938,08/07/24,34,M,20.612.962.232.483.400,22,39971,11,0.526,1,False,,0.679,0.821,65.5,0,140815,avance_efectivo
CAND-01942,19/04/24,36,H,1573757,3,14624,2,0.228,2,False,,0.735,0.494,35.2,0,418790,compra_cartera
CAND-01947,09/09/24,42,M,1373436,12,115541,6,0.31,4,False,,0.9,0.68,34.4,0,316249,compra_cartera
CAND-01953,27/02/24,44,H,1265387,20,33356,6,0.427,3,True,524.0,0.704,0.894,62.2,0,367837,libre_inversion
CAND-01964,11/06/24,38,M,1227124,54,70919,30,0.55,1,True,742.0,0.64,0.752,59.2,0,164496,libre_inversion
CAND-01971,21/05/24,18,H,1196910,2,29200,0,0.68,3,False,,0.614,0.523,62.8,0,531483,libre_inversion
CAND-02005,13/05/24,39,H,1334282,6,30003,2,0.085,2,False,,0.931,0.703,17.0,0,481961,libre_inversion
CAND-02010,21/02/24,18,H,1244975,24,66039,10,0.36,1,False,,,0.786,69.7,0,396305,libre_inversion
CAND-02017,30/06/24,22,H,1308318,10,20302,2,0.842,1,True,653.0,0.924,,63.1,0,1026512,compra_cartera
CAND-02019,13/03/24,34,M,1379188,7,82010,4,0.301,3,True,570.0,0.682,0.94,45.5,0,635559,avance_efectivo
CAND-02020,14/02/24,37,M,830817,7,45183,4,0.647,5,True,707.0,0.658,0.694,63.0,0,568344,avance_efectivo
CAND-02023,29/04/24,39,M,726150,1,57387,1,0.087,1,False,,0.872,0.884,8.4,0,950548,avance_efectivo
CAND-02024,19/04/24,37,H,1901396,2,101929,1,0.23,5,False,,0.741,0.782,44.6,0,881966,libre_inversion
CAND-02026,31/01/24,52,H,1330979,3,6759,0,0.401,4,False,,0.931,0.754,90.4,0,1077124,libre_inversion
CAND-02028,03/01/24,45,H,1056151,8,56247,0,0.415,2,False,,0.524,0.927,66.4,0,559851,avance_efectivo
CAND-02056,31/07/24,18,M,1923916,1,30547,0,0.72,3,True,667.0,0.917,0.871,70.1,0,176972,libre_inversion
CAND-02057,21/03/24,44,M,2361371,37,108183,16,0.394,3,False,,0.804,0.874,80.8,0,894766,libre_inversion
CAND-02071,20/05/24,33,H,2581783,15,27536,11,0.149,1,False,,0.637,0.765,56.8,0,437801,libre_inversion
CAND-02073,21/02/24,41,H,1642922,8,18374,5,0.428,4,True,734.0,0.814,0.688,17.2,0,512564,avance_efectivo
CAND-02079,12/08/24,32,H,2354917,23,56762,13,0.213,5,True,827.0,0.685,0.604,64.3,0,255211,compra_cartera
CAND-02081,18/09/24,43,M,942573,3,47096,0,0.114,2,False,,0.604,0.521,37.3,0,300859,avance_efectivo
CAND-02090,05/04/24,42,H,1032327,47,22519,20,0.447,2,False,,0.765,0.635,46.0,0,525096,avance_efectivo
CAND-02093,20/05/24,29,H,999016,15,40565,9,0.399,2,False,,0.653,0.623,56.1,0,945606,libre_inversion
CAND-02094,02/03/24,26,M,885259,14,250214,7,0.404,3,False,,0.445,0.558,71.6,0,492365,compra_cartera
CAND-02095,19/06/24,30,NB,870870,10,13820,4,0.616,2,False,,,0.687,61.5,11672,961497,libre_inversion
CAND-02098,02/03/24,48,H,2445236,47,37761,23,0.728,2,False,,0.548,0.789,59.5,0,415573,libre_inversion
CAND-02102,03/01/24,32,H,1367693,4,37363,2,0.777,4,False,,0.8,0.697,27.9,0,1844593,libre_inversion
CAND-02117,02/03/24,18,H,1570981,31,67814,12,0.314,3,False,,0.703,0.674,2.3,0,2808297,libre_inversion
CAND-02127,04/09/24,43,H,1000751,21,129982,6,0.105,1,True,680.0,0.962,0.797,61.9,0,386389,libre_inversion
CAND-02135,23/01/24,18,M,967718,1,111056,1,0.892,3,True,790.0,0.877,0.741,22.8,0,495924,libre_inversion
CAND-02136,27/03/24,36,M,1204313,2,33470,1,0.495,1,False,,0.778,0.934,31.3,0,881162,libre_inversion
CAND-02142,28/02/24,37,H,853175,2,7429,0,0.169,2,False,,0.938,0.576,59.3,0,542497,avance_efectivo
CAND-02160,21/02/24,32,H,581676,38,50276,21,0.099,2,True,756.0,0.862,0.894,36.6,0,563070,avance_efectivo
CAND-02161,05/06/24,30,H,817685,21,24461,10,0.242,1,False,,0.927,0.486,39.6,0,565928,libre_inversion
CAND-02168,05/05/24,37,H,561524,1,34973,1,0.062,1,False,,0.759,0.814,58.7,0,772481,compra_cartera
CAND-02173,01/03/24,22,H,1503638,8,24331,4,0.251,4,False,,0.7,0.946,44.4,0,573414,libre_inversion
CAND-02183,13/06/24,29,M,829498,55,22861,26,0.139,5,False,,0.566,0.79,65.4,0,507184,avance_efectivo
CAND-02191,04/09/24,26,H,496637,5,75016,2,0.232,2,True,716.0,,0.579,30.4,0,672010,avance_efectivo
CAND-02199,26/08/24,47,H,1178173,46,39712,22,0.388,3,True,533.0,0.752,0.767,71.5,0,268380,libre_inversion
CAND-02202,01/08/24,32,H,2423804,2,67061,0,0.168,1,False,,,0.763,31.9,0,384329,compra_cartera
CAND-02227,30/01/24,49,H,724774,7,121464,0,0.766,1,True,749.0,0.754,0.657,35.5,0,917834,compra_cartera
CAND-02239,15/04/24,41,M,631832,1,182883,1,0.777,2,True,609.0,0.809,0.865,56.2,0,253315,libre_inversion
CAND-02247,12/01/24,29,M,1593827,19,32256,13,0.358,1,False,,0.727,0.802,79.4,0,306853,libre_inversion
CAND-02248,08/04/24,44,H,797948,3,19937,1,0.492,1,True,533.0,0.927,0.493,63.4,0,1319109,libre_inversion
CAND-02249,30/05/24,39,H,1395373,4,19407,3,0.151,1,True,646.0,0.802,0.564,56.6,0,677545,libre_inversion
CAND-02250,25/04/24,39,H,1867312,14,7082,8,0.75,3,True,638.0,0.623,0.602,54.4,0,413146,libre_inversion
CAND-02256,12/02/24,34,H,685215,33,12416,20,0.517,1,False,,0.804,0.823,50.1,0,592665,libre_inversion
CAND-02261,21/04/24,29,H,928061,13,8280,3,0.321,1,True,685.0,0.809,0.798,62.2,0,348346,avance_efectivo
CAND-02265,25/03/24,31,NB,1529334,17,14670,8,0.458,3,False,,0.774,0.827,32.3,0,1033039,compra_cartera
CAND-02275,28/07/24,37,H,1624461,8,34184,6,0.472,2,True,615.0,0.558,0.841,15.7,23487,720081,avance_efectivo
CAND-02277,21/01/24,18,M,1047296,16,92468,7,0.36,3,False,,0.646,0.774,41.2,0,956865,compra_cartera
CAND-02287,04/03/24,18,M,1077291,30,12939,12,0.336,4,True,590.0,0.594,0.716,55.8,0,673700,libre_inversion
CAND-02295,25/09/24,48,M,732598,8,52437,4,0.337,4,True,842.0,0.806,0.919,74.6,0,322995,libre_inversion
CAND-02296,22/05/24,40,H,1420953,1,28294,0,0.369,1,False,,0.708,0.703,79.9,0,656237,libre_inversion
CAND-02304,19/02/24,38,H,1339805,13,40320,4,0.05,4,False,,0.722,0.815,13.7,0,576660,libre_inversion
CAND-02306,23/03/24,32,H,2004235,5,22787,4,0.326,2,False,,0.795,0.61,62.4,0,829766,libre_inversion
CAND-02316,20/07/24,33,M,529226,5,71461,2,0.48,1,False,,0.713,0.801,35.5,0,999,libre_inversion
CAND-02317,11/06/24,28,M,503249,3,16676,0,0.499,3,False,,0.704,0.599,49.5,0,944002,libre_inversion
CAND-02327,23/03/24,24,M,888407,31,96165,17,0.701,5,True,751.0,0.704,0.943,69.1,0,432252,libre_inversion
CAND-02333,21/05/24,39,H,1061768,60,51360,37,0.275,3,False,,,0.668,38.6,0,1156838,libre_inversion
CAND-02340,08/03/24,45,H,1374043,2,67425,0,0.456,1,True,497.0,0.654,0.557,60.5,0,238162,libre_inversion
CAND-02345,02/05/24,40,H,1590696,10,154843,6,0.407,1,True,657.0,,0.676,56.0,0,437644,libre_inversion
CAND-02368,09/01/24,26,M,1060509,19,53302,11,0.08,1,True,706.0,0.815,0.602,41.1,0,423218,avance_efectivo
CAND-02375,08/05/24,31,M,1323733,33,93412,25,0.617,1,True,635.0,0.88,0.567,74.0,9278,793942,libre_inversion
CAND-02378,24/03/24,39,H,1393117,1,14895,2,0.496,3,True,575.0,0.835,,54.0,0,801614,compra_cartera
CAND-02380,23/07/24,33,H,1499519,14,51144,5,0.167,3,False,,0.853,0.31,67.2,0,497263,libre_inversion
CAND-02382,28/02/24,24,M,1757823,3,23681,2,0.163,3,True,638.0,0.73,0.705,29.9,0,305349,avance_efectivo
CAND-02388,23/01/24,59,H,1445602,1,118224,1,0.287,3,False,,0.739,0.885,21.6,0,806283,avance_efectivo
CAND-02389,25/03/24,36,M,2436989,11,133105,10,0.125,4,False,,0.711,0.806,46.7,0,910638,libre_inversion
CAND-02395,23/06/24,22,H,1430103,24,6359,8,0.352,1,False,,0.83,0.892,7.6,0,597518,libre_inversion
CAND-02409,23/05/24,30,M,4548794,11,81819,1,0.154,3,True,504.0,0.756,0.968,76.7,0,906241,libre_inversion
CAND-02415,05/01/24,23,H,676051,12,42286,6,0.744,5,False,,0.872,0.569,35.7,0,3876776,libre_inversion
CAND-02420,04/07/24,36,M,529633,6,68986,2,0.634,1,False,,0.79,0.841,58.8,0,793273,libre_inversion
CAND-02425,07/02/24,39,H,949999,3,106502,1,0.267,2,True,557.0,0.74,0.786,44.4,0,360547,libre_inversion
CAND-02438,28/01/24,43,H,2041466,1,11392,2,0.422,3,True,678.0,0.633,0.486,47.5,0,1635243,libre_inversion
CAND-02440,08/02/24,21,H,1130763,27,14915,16,0.182,3,True,655.0,0.907,0.809,34.6,0,1114562,libre_inversion
CAND-02444,24/03/24,39,M,1057211,2,49327,3,0.159,1,True,610.0,0.886,0.873,45.2,0,1252466,avance_efectivo
CAND-02445,19/09/24,34,M,1051066,13,46878,5,0.302,2,True,611.0,0.857,0.832,62.1,0,2780549,avance_efectivo
CAND-02447,07/06/24,45,H,1295988,53,89213,27,0.384,1,False,,0.643,0.665,71.4,0,826541,avance_efectivo
CAND-02448,11/06/24,35,M,3373518,60,85900,23,0.053,2,False,,0.683,0.875,50.1,12631,654982,libre_inversion
CAND-02463,05/03/24,35,M,1736397,8,134650,3,0.592,4,False,,0.903,0.62,13.6,0,729962,avance_efectivo
CAND-02468,30/06/24,53,H,523794,14,52736,5,0.424,3,True,737.0,0.907,0.258,22.5,0,204867,libre_inversion
CAND-02474,28/01/24,38,H,985750,3,73885,2,0.134,1,True,774.0,0.98,0.9,84.9,0,705899,avance_efectivo
CAND-02482,10/04/24,31,M,1972279,8,49485,3,0.803,1,True,602.0,0.361,0.603,66.8,0,805267,libre_inversion
CAND-02490,05/04/24,27,M,1130147,13,72927,7,0.262,1,False,,0.745,0.819,64.2,0,566449,libre_inversion
CAND-02500,25/09/24,33,M,1678515,1,72523,1,0.39,3,False,,0.968,0.864,63.2,0,716638,avance_efectivo
CAND-02513,04/07/24,38,M,1380189,19,40538,12,0.198,3,False,,0.563,0.66,73.4,0,429834,avance_efectivo
CAND-02526,12/03/24,52,H,1089266,41,57904,17,0.196,1,False,,0.82,0.908,30.8,0,712365,compra_cartera
CAND-02530,19/01/24,31,H,1926998,7,25321,3,0.319,1,True,826.0,0.822,0.591,52.8,0,604250,avance_efectivo
CAND-02532,13/05/24,33,H,455114,4,31129,1,0.515,3,False,,0.755,0.452,69.0,0,302879,libre_inversion
CAND-02543,18/04/24,35,M,794291,4,35414,4,0.436,3,False,,0.985,0.79,56.9,0,163850,compra_cartera
CAND-02544,08/05/24,23,H,1332555,10,14995,7,0.363,3,False,,0.59,0.631,25.9,0,2310414,libre_inversion
CAND-02552,15/05/24,27,M,1129236,14,55123,12,0.136,2,True,676.0,0.761,0.949,57.1,0,814398,avance_efectivo
CAND-02557,27/08/24,29,M,1006784,2,24027,1,0.178,1,False,,0.677,,13.4,0,233903,avance_efectivo
CAND-02559,14/03/24,35,H,2239970,8,66404,7,0.517,5,False,,0.445,0.587,31.6,0,658628,avance_efectivo
CAND-02562,19/01/24,18,H,953192,8,90829,2,0.852,4,True,701.0,0.597,0.885,63.1,0,200896,avance_efectivo
CAND-02568,24/02/24,51,H,1241296,41,29509,19,0.148,1,False,,0.836,0.75,60.7,0,1540070,avance_efectivo
CAND-02574,24/05/24,43,H,915295,4,113193,3,0.471,4,True,498.0,0.767,0.8,76.5,0,2610773,avance_efectivo
CAND-02587,05/05/24,35,H,1287325,9,66498,3,0.452,2,False,,0.355,0.834,57.9,0,1863432,compra_cartera
CAND-02595,17/04/24,28,NB,2678360,2,1997,1,0.747,1,True,572.0,0.567,0.854,77.7,0,867747,libre_inversion
CAND-02601,05/02/24,40,H,1344254,3,78198,0,0.146,2,False,,0.655,0.718,58.1,0,276324,compra_cartera
CAND-02603,27/06/24,30,H,10.825.871.812.540.200,8,15354,4,0.322,3,False,,0.497,0.729,68.4,0,1243311,compra_cartera
CAND-02606,02/03/24,18,NB,1045675,36,82320,11,0.614,1,False,,,0.813,39.6,0,1403,libre_inversion
CAND-02607,12/05/24,19,H,1219106,13,12860,4,0.637,1,False,,0.829,0.748,26.0,0,795214,libre_inversion
CAND-02608,31/08/24,53,M,2216090,5,40440,4,0.52,4,False,,0.791,0.842,36.8,0,600835,libre_inversion
CAND-02615,24/08/24,26,H,1673524,1,90992,1,0.059,1,True,691.0,0.876,0.633,49.1,0,720415,libre_inversion
CAND-02624,26/01/24,23,M,1201486,2,81528,1,0.188,4,True,695.0,0.893,,75.8,0,372672,compra_cartera
CAND-02627,30/08/24,34,H,976570,31,26511,17,0.68,1,True,657.0,0.828,0.602,10.1,0,1003346,avance_efectivo
CAND-02634,30/09/24,54,M,1445296,1,13129,0,0.175,1,False,,0.737,0.855,60.8,0,1286667,compra_cartera
CAND-02640,03/01/24,49,M,1763944,11,29664,8,0.28,3,True,710.0,0.805,0.844,31.1,0,716946,libre_inversion
CAND-02643,08/06/24,45,H,857381,13,62564,7,0.512,5,False,,0.887,0.843,57.5,0,1186931,libre_inversion
CAND-02650,09/06/24,29,H,1714950,10,10042,5,0.462,3,True,678.0,0.456,0.511,40.6,0,710576,avance_efectivo
CAND-02653,27/09/24,21,H,1417392,8,10286,8,0.212,5,False,,0.784,0.9,41.4,0,1147951,avance_efectivo
CAND-02661,04/05/24,65,M,1784598,39,62722,18,0.297,1,True,606.0,0.396,0.868,32.6,0,1287962,libre_inversion
CAND-02674,13/04/24,51,M,2378705,6,83211,3,0.508,1,False,,0.603,0.925,26.3,0,449489,libre_inversion
CAND-02683,18/07/24,19,M,825706,29,55660,17,0.605,3,False,,0.809,0.703,23.4,0,343287,compra_cartera
CAND-02685,23/07/24,44,H,1610254,9,51653,8,0.404,5,True,720.0,,0.793,58.2,0,1377869,avance_efectivo
CAND-02691,08/06/24,18,H,1519098,7,47897,8,0.551,1,True,755.0,0.905,0.682,77.7,0,634381,libre_inversion
CAND-02692,22/02/24,42,H,1550911,5,55036,3,0.818,2,False,,0.679,0.614,75.6,0,374690,libre_inversion
CAND-02696,12/03/24,23,H,906991,1,35432,0,0.462,1,True,648.0,0.578,0.593,50.2,0,592862,libre_inversion
CAND-02698,13/02/24,35,M,300000,20,34702,5,0.454,3,False,,0.665,0.956,49.4,0,603165,libre_inversion
CAND-02701,03/03/24,48,M,1726786,4,65411,3,0.224,1,True,554.0,0.631,0.603,44.5,0,1641153,libre_inversion
CAND-02705,26/03/24,61,H,578154,6,1899,3,0.322,1,True,661.0,0.723,0.695,44.8,0,288471,avance_efectivo
CAND-02719,22/05/24,25,H,1050458,8,102904,6,0.277,1,True,469.0,0.954,0.755,38.6,0,441321,libre_inversion
CAND-02721,13/05/24,38,NB,592147,8,13693,4,0.435,1,False,,0.876,0.715,61.6,0,665269,avance_efectivo
CAND-02730,11/05/24,41,H,761424,4,73117,3,0.202,2,False,,,0.822,51.1,0,644096,libre_inversion
CAND-02734,10/02/24,37,H,1925809,6,2200,6,0.333,1,True,649.0,0.671,0.945,74.3,0,1164668,libre_inversion
CAND-02758,30/01/24,18,M,1731439,7,34847,2,0.526,1,True,651.0,0.44,0.811,76.8,0,486880,compra_cartera
CAND-02761,12/03/24,36,M,665107,3,17950,0,0.672,1,False,,0.85,0.904,47.1,0,745670,libre_inversion
CAND-02762,03/08/24,25,M,476337,16,49073,7,0.486,3,True,893.0,0.512,0.686,51.3,0,416587,compra_cartera
CAND-02778,25/09/24,33,M,361149,36,17101,10,0.439,2,True,584.0,0.876,0.877,52.3,0,366451,libre_inversion
CAND-02782,25/02/24,36,H,945981,1,54830,0,0.236,3,False,,0.943,,34.9,0,475803,libre_inversion
CAND-02792,21/05/24,20,M,1033197,12,42461,6,0.398,2,True,643.0,0.819,0.815,47.9,0,286919,avance_efectivo
CAND-02817,11/07/24,30,H,1112852,12,35051,5,0.325,4,False,,,0.695,53.6,0,656506,compra_cartera
CAND-02825,01/01/24,30,M,879261,5,37064,2,0.544,4,True,530.0,0.697,0.738,19.5,0,167681,avance_efectivo
CAND-02829,29/07/24,30,M,571015,3,22006,4,0.679,4,False,,0.889,0.859,60.1,0,753340,avance_efectivo
CAND-02842,20/02/24,39,H,3416242,16,59159,11,0.672,5,False,,0.819,0.775,33.2,0,948185,libre_inversion
CAND-02851,22/01/24,27,H,617089,3,15776,5,0.481,3,False,,0.497,0.841,69.2,0,299428,libre_inversion
CAND-02853,30/09/24,21,H,930541,7,2401,4,0.67,1,True,699.0,0.886,0.65,47.3,0,933664,libre_inversion
CAND-02859,13/05/24,43,NB,1097475,12,46631,7,0.491,1,False,,0.933,0.879,44.9,0,3425041,avance_efectivo
CAND-02873,15/01/24,45,M,1575367,14,118104,4,0.091,4,False,,0.711,0.885,61.1,0,294532,avance_efectivo
CAND-02874,25/07/24,33,H,942335,20,31707,9,0.123,1,True,624.0,0.902,0.821,85.9,0,290535,avance_efectivo
CAND-02877,03/06/24,32,M,1715148,2,59492,2,0.217,1,True,610.0,0.648,0.426,50.3,0,1710723,avance_efectivo
CAND-02880,20/03/24,43,H,1349101,1,79629,0,0.644,1,True,579.0,0.904,0.691,21.2,0,455608,avance_efectivo
CAND-02882,08/09/24,45,H,1287578,2,8566,1,0.167,2,False,,,0.797,71.7,0,646932,libre_inversion
CAND-02884,18/09/24,47,M,2371270,1,88434,1,0.059,5,False,,0.716,0.83,19.7,0,649236,avance_efectivo
CAND-02885,20/07/24,43,H,1557805,1,13916,2,0.296,5,False,,0.895,0.502,64.6,0,823142,compra_cartera
CAND-02887,21/08/24,22,M,1125060,1,120194,0,0.105,1,False,,0.862,0.698,33.0,0,1080251,avance_efectivo
CAND-02889,29/01/24,18,M,1360310,10,77967,7,0.325,1,False,,0.78,0.883,63.1,0,1329239,libre_inversion
CAND-02891,20/07/24,31,H,2243391,2,32246,0,0.122,1,False,,0.892,0.523,63.6,0,538072,libre_inversion
CAND-02904,18/03/24,38,M,992042,27,75168,12,0.449,1,False,,0.496,0.495,34.4,0,764537,libre_inversion
CAND-02914,17/05/24,38,H,674280,4,78501,1,0.704,3,False,,0.771,0.776,57.7,0,134800,libre_inversion
CAND-02922,08/02/24,43,M,1210211,19,52154,14,0.38,3,False,,0.963,0.507,0.0,0,703121,libre_inversion
CAND-02928,27/02/24,30,H,926634,37,25089,13,0.593,3,True,563.0,0.755,0.736,31.9,0,1278179,libre_inversion
CAND-02930,06/08/24,23,M,1003618,11,54427,6,0.468,2,False,,0.826,0.888,48.5,8568,1433197,libre_inversion
CAND-02935,04/09/24,49,H,488729,21,69288,8,0.313,4,False,,0.612,0.711,48.0,0,684087,libre_inversion
CAND-02938,24/07/24,27,M,567519,12,59072,4,0.176,1,False,,0.542,0.826,56.1,0,528335,libre_inversion
CAND-02943,06/09/24,40,M,1060441,6,8653,3,0.45,1,False,,,0.922,47.3,0,363544,libre_inversion
CAND-02944,20/06/24,39,H,1400905,10,23860,5,0.557,2,False,,0.616,0.707,27.8,0,1745642,libre_inversion
CAND-02955,04/03/24,38,M,1969247,16,21236,14,0.266,3,False,,0.806,0.544,70.6,0,1239695,libre_inversion
CAND-02956,18/02/24,26,H,1735664,21,47456,7,0.365,4,False,,0.947,0.839,29.2,0,634431,libre_inversion
CAND-02963,25/06/24,18,M,2768282,11,68181,2,0.277,4,False,,,,69.4,0,949520,libre_inversion
CAND-02965,02/01/24,31,NB,885475,7,52610,2,0.311,3,True,799.0,0.542,0.8,77.9,0,1134938,libre_inversion
CAND-02968,13/02/24,18,M,897342,3,29672,0,0.361,3,False,,0.582,0.532,72.6,0,650595,libre_inversion
CAND-02969,26/01/24,32,M,1440964,7,30117,5,0.432,3,False,,0.717,0.671,52.4,0,226273,libre_inversion
CAND-03001,9/11/24,56,H,1047463,3,8905,0,0.447,1,True,640.0,0.768,0.697,51.8,0,681043,avance_efectivo
CAND-03003,30/11/24,41,H,1106875,28,74067,14,0.333,1,True,588.0,0.789,0.535,14.3,0,428512,libre_inversion
CAND-03004,8/11/24,40,M,1284443,9,67132,4,0.128,1,False,,0.773,0.625,77.1,0,382492,libre_inversion
CAND-03006,24/12/24,51,H,1646239,9,10500,5,0.023,5,True,645.0,,0.512,25.1,0,639,compra_cartera
CAND-03007,12/11/24,20,H,1587729,2,9840,0,0.119,3,True,418.0,0.645,0.544,100.0,0,472399,libre_inversion
CAND-03008,9/11/24,21,H,1127866,6,6479,1,0.428,2,False,,0.855,0.602,62.0,0,144814,compra_cartera
CAND-03010,9/11/24,34,M,1320617,17,41170,6,0.409,3,True,626.0,0.655,0.569,48.1,0,661734,libre_inversion
CAND-03013,17/11/24,32,M,1193244,18,25624,13,0.599,5,True,813.0,0.448,0.648,47.3,0,870689,avance_efectivo
CAND-03014,3/10/24,18,H,1358184,12,10960,6,0.171,1,False,,0.87,0.609,75.6,0,530316,libre_inversion
CAND-03016,13/12/24,35,H,1332729,12,69786,3,0.462,2,True,474.0,0.798,0.836,80.5,0,952167,libre_inversion
CAND-03018,29/12/24,34,H,188.460.920.093.132,46,98572,13,0.404,1,False,,0.65,0.685,73.8,0,552686,avance_efectivo
CAND-03020,11/11/24,33,M,936334,4,45889,2,0.082,2,False,,0.672,0.442,72.4,0,857821,avance_efectivo
CAND-03021,9/12/24,30,H,1826262,7,8460,2,0.218,2,False,,0.873,0.305,74.5,0,357119,libre_inversion
CAND-03022,27/12/24,44,M,853957,59,19406,22,0.289,2,True,743.0,0.764,0.356,9.9,0,545953,libre_inversion
CAND-03023,12/11/24,18,H,1371493,9,7769,4,0.75,1,False,,0.704,0.67,23.1,0,391722,compra_cartera
CAND-03025,16/12/24,42,H,960546,29,21530,11,0.585,3,False,,0.821,0.927,71.0,0,324673,libre_inversion
CAND-03027,28/11/24,48,M,937906,9,105419,7,0.383,4,False,,0.778,0.636,82.5,0,556910,avance_efectivo
CAND-03028,28/12/24,30,M,2608905,8,19244,6,0.204,2,True,642.0,0.637,0.632,47.8,0,376892,libre_inversion
CAND-03029,19/12/24,22,M,1356300,10,39474,6,0.081,1,True,679.0,0.547,0.849,66.2,0,468296,libre_inversion
CAND-03030,20/11/24,20,H,986067,6,51184,3,0.548,1,True,577.0,0.883,0.688,74.4,0,1272931,libre_inversion
CAND-03032,1/12/24,61,H,1662239,38,15660,17,0.385,1,True,664.0,0.758,0.775,21.3,0,268784,compra_cartera
CAND-03033,19/10/24,47,M,2229197,16,59174,6,0.696,2,True,606.0,0.807,0.852,62.3,0,864068,libre_inversion
CAND-03034,18/11/24,26,M,1014351,13,38575,3,0.444,1,False,,0.891,0.756,98.6,0,406924,avance_efectivo
CAND-03035,28/11/24,50,H,975239,9,21473,3,0.196,3,True,578.0,0.507,0.896,28.9,0,665293,libre_inversion
CAND-03037,10/11/24,33,M,2503863,2,58638,1,0.286,5,True,716.0,0.742,0.846,70.1,0,650692,libre_inversion
CAND-03039,31/12/24,60,M,693143,10,25025,3,0.523,5,False,,0.594,0.575,37.4,0,400027,libre_inversion
CAND-03040,9/12/24,18,H,1297594,1,65285,1,0.034,2,True,639.0,0.513,0.678,18.8,0,297822,compra_cartera
CAND-03042,4/12/24,51,M,1522292,7,39275,1,0.525,2,True,705.0,0.494,0.73,78.7,0,661341,avance_efectivo
CAND-03043,18/11/24,28,M,1108111,11,114200,4,0.227,1,False,,0.8,0.691,61.6,0,1082137,libre_inversion
CAND-03044,14/11/24,18,M,2308769,10,54020,11,0.599,1,True,568.0,0.799,0.776,66.3,0,821623,avance_efectivo
CAND-03045,27/11/24,45,H,1606224,32,19456,11,0.511,1,True,757.0,0.766,0.806,67.6,0,313154,avance_efectivo
CAND-03047,20/11/24,32,H,1795521,8,46019,4,0.803,2,True,703.0,0.561,0.761,40.2,0,569462,avance_efectivo
CAND-03048,28/11/24,34,M,1573559,8,24862,2,0.227,3,True,649.0,0.588,0.78,14.9,0,998489,libre_inversion
CAND-03049,27/12/24,35,H,511414,1,84692,1,0.423,2,False,,0.813,,82.8,0,868762,libre_inversion
CAND-03052,4/11/24,44,M,3267127,12,27184,4,0.46,1,True,600.0,0.635,0.514,61.3,0,1207777,libre_inversion
CAND-03053,23/12/24,35,H,1597976,37,22489,12,0.066,1,True,729.0,0.692,0.412,30.4,0,889238,avance_efectivo
CAND-03055,6/12/24,32,M,2105635,1,69985,3,0.16,3,False,,0.685,0.263,37.0,0,814268,libre_inversion
CAND-03056,8/12/24,42,H,1285738,21,45774,14,0.325,5,False,,0.599,0.847,70.7,0,230594,libre_inversion
CAND-03057,10/12/24,33,M,596377,15,84266,2,0.407,1,True,742.0,0.844,0.751,95.2,0,731047,libre_inversion
CAND-03058,21/12/24,29,H,1495776,14,11992,5,0.27,1,True,848.0,0.872,0.621,14.6,0,701112,avance_efectivo
CAND-03059,6/10/24,36,M,1498175,7,18694,1,0.781,3,False,,0.737,0.849,60.9,0,298865,libre_inversion
CAND-03062,3/10/24,33,H,754449,17,29154,9,0.452,2,False,,0.701,0.521,85.5,0,238333,avance_efectivo
CAND-03064,1/11/24,34,H,1179318,2,69020,0,0.269,3,False,,0.894,0.726,34.4,0,788752,compra_cartera
CAND-03065,8/11/24,22,H,1767216,10,16434,8,0.825,1,False,,,0.473,29.3,0,724316,compra_cartera
CAND-03068,16/12/24,34,H,2029647,6,56487,3,0.759,4,True,615.0,0.622,0.749,53.1,0,1484762,libre_inversion
CAND-03069,9/11/24,37,H,2094313,13,7385,8,0.171,2,False,,0.725,0.727,37.0,0,280792,avance_efectivo
CAND-03071,23/11/24,44,NB,714134,7,14993,3,0.511,3,True,610.0,0.466,0.614,35.7,0,103603,libre_inversion
CAND-03072,8/11/24,18,M,1169777,5,28101,1,0.685,1,False,,0.592,0.887,61.6,0,692014,libre_inversion
CAND-03073,11/12/24,52,M,1319243,13,14162,9,0.721,1,True,656.0,,0.77,37.7,0,269737,libre_inversion
CAND-03075,16/11/24,18,M,1568121,21,69420,12,0.835,4,False,,0.811,0.599,13.5,0,763455,libre_inversion
CAND-03076,25/10/24,33,M,1288056,28,8302,14,0.388,2,True,617.0,0.817,0.691,59.6,0,783896,avance_efectivo
CAND-03077,22/11/24,49,H,1868232,27,19769,15,0.511,5,True,513.0,0.577,0.543,94.6,0,1215057,compra_cartera
CAND-03079,8/12/24,52,M,783822,12,10072,10,0.755,1,True,740.0,0.643,0.48,72.6,0,311698,avance_efectivo
CAND-03080,6/12/24,55,M,1501878,4,34567,3,0.581,4,False,,0.576,0.606,75.0,0,755802,libre_inversion
CAND-03081,28/12/24,46,M,2421525,15,27962,11,0.677,3,False,,0.464,0.794,74.2,0,698851,compra_cartera
CAND-03082,7/11/24,40,H,1125085,11,37760,7,0.694,3,False,,0.406,,57.6,0,1230480,libre_inversion
CAND-03083,15/12/24,30,H,721106,33,111887,14,0.725,1,True,658.0,0.681,0.432,40.9,0,1409455,compra_cartera
CAND-03084,14/11/24,30,H,916195,24,26533,13,0.789,3,True,462.0,0.705,0.374,72.9,0,184907,libre_inversion
CAND-03085,9/12/24,20,H,1207021,7,36205,2,0.206,2,True,677.0,0.536,0.81,60.5,0,408690,avance_efectivo
CAND-03086,30/11/24,33,H,1342328,2,22913,2,0.165,3,True,578.0,0.455,0.353,47.3,0,986105,avance_efectivo
CAND-03087,31/12/24,29,H,887347,5,63897,3,0.424,3,False,,,0.659,46.6,0,350775,libre_inversion
CAND-03089,10/12/24,33,H,1522489,1,102777,0,0.498,2,False,,0.7,0.767,75.1,0,738486,libre_inversion
CAND-03090,21/12/24,19,H,541099,10,13239,7,0.243,1,True,709.0,0.917,0.848,57.2,0,592572,compra_cartera
CAND-03091,10/11/24,28,H,1751324,9,29369,3,0.158,2,False,,0.736,0.536,42.6,0,472222,avance_efectivo
CAND-03092,24/11/24,29,M,410575,17,33960,10,0.341,2,False,,0.67,0.728,24.3,0,852845,compra_cartera
CAND-03094,14/10/24,34,H,787294,16,125404,3,0.279,2,False,,0.796,0.835,60.1,0,1335062,libre_inversion
CAND-03095,29/11/24,31,M,579597,7,36150,2,0.303,2,True,519.0,0.405,0.877,70.1,0,305730,libre_inversion
CAND-03096,3/12/24,45,M,1439609,1,41178,3,0.286,3,True,617.0,0.708,0.499,40.0,0,506005,libre_inversion
CAND-03098,9/12/24,30,M,2380793,2,60563,0,0.386,1,False,,0.734,0.813,34.0,0,551983,avance_efectivo
CAND-03100,1/11/24,22,M,1623984,2,64688,0,0.109,3,False,,0.695,0.729,84.6,0,689454,compra_cartera
CAND-03101,3/11/24,43,M,602404,18,12898,5,0.577,2,False,,0.696,0.361,32.9,0,510574,compra_cartera
CAND-03102,31/12/24,46,H,1476467,10,28158,6,0.32,3,True,620.0,0.227,0.791,42.3,0,964137,libre_inversion
CAND-03103,11/12/24,55,M,1423920,1,15072,0,0.424,4,True,594.0,0.806,0.685,33.3,0,727478,compra_cartera
CAND-03104,1/12/24,27,NB,560411,4,13017,4,0.221,5,True,826.0,0.559,0.736,65.9,0,689973,libre_inversion
CAND-03108,2/11/24,34,M,1376279,2,65892,0,0.306,1,False,,0.659,0.651,56.1,0,812521,avance_efectivo
CAND-03112,26/11/24,44,H,1838553,21,27228,9,0.515,1,True,485.0,0.691,0.803,36.1,0,306140,libre_inversion
CAND-03114,15/12/24,45,H,928458,23,12316,15,0.182,2,True,478.0,0.528,0.652,47.5,13778,246883,avance_efectivo
CAND-03115,21/11/24,29,M,733859,27,24926,13,0.104,1,False,,0.538,0.742,73.5,0,331063,libre_inversion
CAND-03116,26/12/24,27,M,1065015,30,16439,20,0.293,2,True,580.0,0.643,0.788,74.3,0,404309,libre_inversion
CAND-03118,11/10/24,48,M,2417896,32,133254,11,0.579,1,False,,0.547,0.438,60.3,0,1192920,libre_inversion
CAND-03121,17/11/24,35,H,934520,3,108077,2,0.633,1,True,744.0,0.732,0.834,51.4,0,1927598,avance_efectivo
CAND-03122,18/11/24,34,H,955221,17,21895,10,0.114,1,True,797.0,0.813,0.785,47.3,0,365741,libre_inversion
CAND-03123,16/11/24,39,H,1405214,2,16768,2,0.522,2,True,586.0,0.84,0.721,37.6,0,336180,libre_inversion
CAND-03124,21/11/24,47,H,984013,6,56218,1,0.535,3,True,681.0,0.69,0.723,31.5,0,905807,avance_efectivo
CAND-03125,21/12/24,34,M,1745328,3,15823,1,0.545,2,True,465.0,0.324,0.522,41.7,0,753844,avance_efectivo
CAND-03126,6/12/24,37,H,1585722,10,15503,6,0.269,3,True,616.0,0.528,0.779,28.7,0,637681,libre_inversion
CAND-03127,26/11/24,19,H,895867,12,74927,6,0.034,5,False,,0.674,0.599,42.5,0,1137988,libre_inversion
CAND-03128,24/11/24,49,H,994636,6,83117,1,0.343,3,False,,0.821,0.749,57.6,0,221705,libre_inversion
CAND-03130,7/12/24,31,H,1440476,3,90774,1,0.518,3,False,,0.699,0.807,43.8,0,1066983,libre_inversion
CAND-03131,6/11/24,40,M,1274903,5,15153,2,0.514,1,True,582.0,,,55.4,0,686837,libre_inversion
CAND-03132,30/12/24,24,M,2004155,1,31167,0,0.451,3,False,,0.748,0.885,59.1,0,1669336,libre_inversion
CAND-03135,26/12/24,34,M,976835,14,15161,12,0.835,2,True,679.0,0.613,0.798,43.6,0,694223,avance_efectivo
CAND-03137,26/11/24,53,M,1668195,1,99445,0,0.061,1,False,,0.786,0.823,16.3,0,579015,avance_efectivo
CAND-03138,15/11/24,33,H,725596,2,54400,2,0.296,2,False,,0.288,0.771,65.0,0,1039680,avance_efectivo
CAND-03139,4/12/24,20,M,727319,1,13698,0,0.662,3,True,688.0,0.816,0.861,59.5,0,750291,avance_efectivo
CAND-03141,20/12/24,54,M,853934,52,18204,35,0.421,4,False,,0.583,0.762,33.3,0,194896,compra_cartera
CAND-03143,31/10/24,34,M,949944,24,86795,20,0.555,2,False,,0.538,0.833,69.3,0,673308,libre_inversion
CAND-03145,26/12/24,39,H,1830299,16,40425,7,0.265,2,False,,0.454,0.765,65.3,0,313403,compra_cartera
CAND-03148,11/12/24,32,M,863621,15,37033,7,0.128,1,False,,0.77,0.801,42.3,0,569457,libre_inversion
CAND-03151,29/11/24,34,H,628332,40,40520,20,0.228,2,False,,0.715,0.575,25.3,0,1175271,compra_cartera
CAND-03152,6/10/24,53,M,1031794,19,63584,6,0.045,2,False,,0.436,0.775,28.5,0,847799,compra_cartera
CAND-03153,14/11/24,39,H,1085900,1,48133,2,0.753,2,True,727.0,0.784,0.749,29.4,0,1040768,libre_inversion
CAND-03154,30/12/24,40,M,689879,8,6012,2,0.265,3,False,,,0.769,34.8,0,641190,libre_inversion
CAND-03155,20/11/24,30,M,783751,5,36151,1,0.571,4,True,642.0,0.606,0.642,33.4,0,1222978,compra_cartera
CAND-03157,17/11/24,50,H,1342313,4,82434,2,0.5,3,False,,0.587,0.624,86.5,0,378424,compra_cartera
CAND-03158,6/10/24,50,H,1767279,11,115696,9,0.522,2,True,540.0,0.646,0.603,23.6,0,285851,libre_inversion
CAND-03159,4/11/24,60,H,777160,4,6488,1,0.62,2,True,649.0,,0.459,100.0,0,361946,libre_inversion
CAND-03161,21/12/24,37,M,641475,10,66491,6,0.561,2,False,,0.633,,52.8,0,314248,libre_inversion
CAND-03163,7/11/24,25,M,1397365,1,26781,1,0.614,3,True,675.0,0.287,0.759,61.3,0,354989,libre_inversion
CAND-03164,9/12/24,46,H,2349957,3,22563,2,0.055,2,True,607.0,0.652,0.801,65.5,0,431943,libre_inversion
CAND-03165,8/11/24,18,M,4117383,5,54004,4,0.714,4,False,,0.853,0.584,33.2,0,288920,avance_efectivo
CAND-03166,24/11/24,31,M,767621,2,9048,1,0.435,2,True,547.0,0.671,0.541,57.4,0,742098,compra_cartera
CAND-03169,28/12/24,30,H,1322568,11,9756,5,0.568,4,True,694.0,0.571,0.589,42.4,0,1280455,avance_efectivo
CAND-03170,3/10/24,34,M,1412588,21,31466,15,0.189,3,False,,0.759,0.842,25.4,0,1123841,avance_efectivo
CAND-03171,6/12/24,39,M,983070,11,30621,10,0.269,1,False,,0.744,0.689,60.4,0,1041515,compra_cartera
CAND-03173,2/11/24,32,H,917144,4,67164,2,0.373,1,True,635.0,0.738,0.842,46.1,0,755008,libre_inversion
CAND-03175,17/12/24,24,H,2796306,6,40563,3,0.271,1,False,,0.55,0.507,38.9,0,745696,avance_efectivo
CAND-03176,20/11/24,49,H,1089154,38,44185,23,0.433,1,True,615.0,0.731,0.467,27.1,0,788939,libre_inversion
CAND-03177,11/12/24,32,H,905465,1,32184,1,0.427,1,False,,0.562,0.87,50.7,0,1103044,libre_inversion
CAND-03178,16/12/24,43,H,744933,1,49307,1,0.822,3,True,612.0,0.539,0.825,52.2,0,648191,libre_inversion
CAND-03179,10/11/24,28,H,674400,20,20716,14,0.203,1,False,,0.652,0.632,50.0,0,255059,avance_efectivo
CAND-03180,19/12/24,47,H,2646103,2,23754,1,0.425,3,True,611.0,0.385,0.639,48.0,0,435414,libre_inversion
CAND-03181,18/12/24,32,H,1315093,1,79995,1,0.406,1,True,816.0,0.59,0.743,29.9,0,542695,libre_inversion
CAND-03182,5/12/24,23,H,1102154,15,21632,7,0.483,2,True,440.0,0.913,,46.8,0,916842,libre_inversion
CAND-03183,27/12/24,37,H,2100688,13,259976,10,0.393,3,True,604.0,0.649,0.653,22.0,0,1918569,libre_inversion
CAND-03184,17/11/24,38,H,835692,17,10940,8,0.188,1,False,,0.858,0.772,55.4,0,3356743,libre_inversion
CAND-03185,30/11/24,34,M,1558974,12,32381,8,0.565,3,True,615.0,0.828,0.527,44.8,0,656736,libre_inversion
CAND-03186,15/12/24,18,NB,1106320,5,24111,0,0.283,3,False,,0.853,0.882,23.6,0,1083890,libre_inversion
CAND-03188,16/11/24,18,H,568310,2,23018,0,0.835,2,True,807.0,0.851,0.879,30.6,0,885838,libre_inversion
CAND-03190,30/10/24,46,M,1944226,13,39673,9,0.16,4,True,508.0,0.751,0.674,50.1,0,1879,libre_inversion
CAND-03191,31/12/24,54,M,1372875,1,25275,1,0.627,3,False,,0.599,0.578,41.9,0,1496147,avance_efectivo
CAND-03192,8/11/24,24,M,1227254,41,30119,20,0.179,4,False,,0.493,0.793,26.5,0,218757,avance_efectivo
CAND-03193,10/12/24,40,H,1309749,4,120397,1,0.524,4,False,,0.734,,23.0,0,477522,libre_inversion
CAND-03195,13/10/24,47,H,1153767,24,41653,11,0.232,2,False,,,0.741,69.4,0,552146,libre_inversion
CAND-03197,21/12/24,43,H,692820,2,40456,0,0.255,3,False,,0.836,0.556,18.5,0,925865,libre_inversion
CAND-03199,9/12/24,30,H,1761671,1,10516,1,0.225,5,True,662.0,0.571,0.862,60.3,0,450926,avance_efectivo
CAND-03200,5/11/24,44,M,884709,26,143708,16,0.055,1,False,,0.673,0.693,42.8,0,581408,libre_inversion
CAND-03201,4/11/24,37,M,750014,7,25242,6,0.427,5,True,657.0,0.814,0.532,33.0,0,883568,libre_inversion
CAND-03203,17/12/24,32,H,1549826,3,41508,1,0.223,2,True,586.0,0.849,0.888,43.8,0,429972,compra_cartera
CAND-03205,7/12/24,29,M,1864864,6,84945,1,0.688,2,False,,0.626,0.755,89.6,0,143015,compra_cartera
CAND-03206,17/11/24,29,M,2592519,19,151897,9,0.172,4,False,,0.459,0.884,58.4,0,189685,libre_inversion
CAND-03207,15/12/24,47,NB,1469281,10,33376,1,0.223,2,False,,0.745,0.642,58.8,0,1052387,compra_cartera
CAND-03209,10/12/24,46,H,935666,8,43539,5,0.453,4,True,567.0,,0.657,65.0,0,337580,compra_cartera
CAND-03211,12/11/24,55,H,911431,8,83300,5,0.207,2,False,,0.736,0.59,45.7,0,899229,libre_inversion
CAND-03212,21/11/24,31,H,2052443,7,25964,1,0.796,1,False,,0.868,0.688,41.6,0,667302,compra_cartera
CAND-03213,13/11/24,36,M,544239,2,60879,1,0.248,3,True,622.0,0.555,0.803,50.8,0,309902,libre_inversion
CAND-03215,19/10/24,31,H,1220005,39,28475,14,0.207,1,False,,0.683,0.583,44.0,0,956651,avance_efectivo
CAND-03216,13/11/24,57,H,1050009,11,45424,3,0.089,3,False,,0.662,0.782,29.6,0,604435,libre_inversion
CAND-03217,31/12/24,21,M,664791,12,55265,7,0.242,1,True,653.0,0.703,0.427,57.5,0,651272,libre_inversion
CAND-03219,7/12/24,47,NB,1372805,4,78747,1,0.395,2,True,496.0,,0.715,58.2,0,235226,libre_inversion
CAND-03221,26/11/24,44,H,1295864,9,59817,4,0.557,2,False,,0.583,0.68,53.3,0,554280,libre_inversion
CAND-03222,16/11/24,42,H,1972386,15,64216,7,0.216,3,False,,0.66,0.639,36.6,0,290972,avance_efectivo
CAND-03223,26/11/24,37,H,1697382,11,64364,7,0.608,1,False,,0.484,0.675,57.5,0,550714,libre_inversion
CAND-03225,13/11/24,44,NB,630914,29,22803,14,0.465,2,False,,0.757,0.656,57.6,0,1001581,libre_inversion
CAND-03226,4/11/24,33,M,1724456,12,24272,5,0.173,1,False,,0.731,0.849,56.6,0,355127,compra_cartera
CAND-03227,11/11/24,38,H,1812903,5,32296,1,0.145,1,True,586.0,0.72,0.705,0.3,0,235639,avance_efectivo
CAND-03228,1/12/24,25,M,1341063,7,24063,5,0.098,1,True,686.0,0.767,0.479,24.2,0,100000,compra_cartera
CAND-03229,10/12/24,45,H,1254274,24,52098,12,0.255,3,True,409.0,0.751,0.494,45.0,0,831443,libre_inversion
CAND-03232,23/12/24,18,M,1840572,11,20128,6,0.454,3,False,,0.77,0.717,24.5,0,437157,compra_cartera
CAND-03234,7/11/24,20,M,733615,1,27804,1,0.192,2,False,,0.889,0.474,57.5,0,465857,libre_inversion
CAND-03235,26/11/24,41,H,1076566,40,11067,14,0.307,3,False,,0.642,0.814,36.6,0,2114605,libre_inversion
CAND-03236,16/11/24,27,M,3394095,6,27921,3,0.634,1,False,,0.584,0.885,34.5,0,940227,avance_efectivo
CAND-03237,25/12/24,20,H,697818,7,16764,4,0.296,4,False,,,0.824,40.3,10631,900532,avance_efectivo
CAND-03238,8/11/24,33,H,1090796,6,66336,1,0.597,4,True,801.0,0.788,0.736,37.7,0,185268,libre_inversion
CAND-03240,12/11/24,28,H,491699,48,14402,27,0.423,2,False,,,0.716,71.5,0,581712,libre_inversion
CAND-03241,22/11/24,40,M,1383224,7,31398,1,0.394,1,False,,0.809,0.535,50.5,0,377697,libre_inversion
CAND-03242,22/12/24,24,H,1307940,33,84934,13,0.352,3,False,,0.529,0.835,20.0,0,357797,libre_inversion
CAND-03243,25/11/24,30,NB,1039188,9,99711,3,0.361,1,False,,0.828,0.858,59.8,0,259720,libre_inversion
CAND-03246,28/12/24,41,NB,1037274,1,29655,2,0.824,3,True,599.0,,0.709,50.3,0,767517,libre_inversion
CAND-03248,4/12/24,47,H,4005815,17,68033,3,0.667,3,False,,0.639,0.853,0.0,0,700624,compra_cartera
CAND-03250,24/11/24,53,M,902519,1,68606,0,0.589,3,False,,0.664,0.919,19.9,0,811739,libre_inversion
CAND-03251,7/12/24,53,M,972185,1,57252,1,0.64,2,False,,0.526,0.673,42.6,0,1425466,libre_inversion
CAND-03252,10/11/24,48,M,1736771,5,31138,1,0.215,1,False,,0.662,0.793,70.0,0,806539,compra_cartera
CAND-03253,11/12/24,36,H,968346,1,110781,3,0.488,3,False,,0.604,0.793,43.7,0,308449,avance_efectivo
CAND-03256,5/12/24,34,H,1137446,11,36195,6,0.148,2,True,670.0,,0.652,69.3,0,1187059,compra_cartera
CAND-03257,20/11/24,24,M,1075080,8,46834,5,0.247,5,True,738.0,0.868,,44.1,0,383105,avance_efectivo
CAND-03258,1/12/24,34,H,2284682,4,100643,1,0.424,1,True,622.0,0.721,0.834,41.6,0,318486,libre_inversion
CAND-03259,3/11/24,18,H,838061,20,48362,9,0.591,3,False,,0.165,0.415,55.7,0,329390,compra_cartera
CAND-03260,17/11/24,30,M,811722,2,59703,2,0.368,2,False,,0.751,0.569,7.6,0,516933,avance_efectivo
CAND-03263,20/11/24,32,H,900041,1,20324,0,0.631,2,True,616.0,0.518,0.841,57.7,0,473608,avance_efectivo
CAND-03264,13/11/24,45,M,807648,14,60949,8,0.195,4,True,550.0,0.806,0.806,35.6,0,1843158,libre_inversion
CAND-03266,16/11/24,51,M,1237379,7,32022,3,0.458,5,True,644.0,,0.568,8.5,0,1508439,compra_cartera
CAND-03267,16/12/24,27,H,3258108,6,27898,3,0.267,1,False,,0.621,0.65,30.3,0,222871,libre_inversion
CAND-03268,9/12/24,28,H,1256757,3,26712,0,0.448,1,True,643.0,0.606,0.683,14.0,0,736606,libre_inversion
CAND-03271,15/11/24,49,H,1051220,40,27052,15,0.415,5,False,,0.884,0.801,44.2,0,348944,avance_efectivo
CAND-03272,4/12/24,32,M,1348889,12,10926,4,0.446,4,False,,0.775,,64.0,0,347984,compra_cartera
CAND-03273,7/10/24,36,H,1274324,11,12943,5,0.651,1,False,,0.527,,60.1,0,930093,compra_cartera
CAND-03274,17/12/24,37,H,914457,2,17202,1,0.324,2,True,527.0,0.587,0.834,81.3,0,421676,libre_inversion
CAND-03275,13/12/24,39,M,571536,22,77962,10,0.658,1,True,507.0,0.511,0.573,47.7,0,1548715,libre_inversion
CAND-03276,20/11/24,41,M,810007,14,39471,5,0.779,2,True,700.0,0.609,0.448,48.3,0,356980,libre_inversion
CAND-03277,18/12/24,41,H,1588978,3,22574,1,0.2,1,False,,,0.89,54.4,0,884280,libre_inversion
CAND-03278,28/11/24,18,H,505333,26,65401,8,0.343,2,False,,0.531,0.793,70.1,0,122412,compra_cartera
CAND-03279,18/10/24,32,M,1220491,3,33353,0,0.374,4,True,633.0,0.814,0.846,80.0,0,1437646,compra_cartera
CAND-03281,1/11/24,32,H,1710720,21,85721,12,0.584,1,True,641.0,0.641,0.739,55.3,0,1176113,compra_cartera
CAND-03282,10/11/24,18,H,1903190,15,25302,6,0.268,2,False,,0.847,0.667,42.0,0,1263141,libre_inversion
CAND-03283,30/11/24,48,M,1230009,8,49938,3,0.197,2,False,,,0.616,56.7,0,432782,avance_efectivo
CAND-03284,12/11/24,18,H,440669,1,86310,0,0.1,5,False,,0.525,0.653,45.5,0,586412,compra_cartera
CAND-03285,17/10/24,46,M,1154343,19,38255,10,0.053,4,True,623.0,,0.804,69.9,0,835082,libre_inversion
CAND-03286,5/11/24,43,H,1530256,14,137380,7,0.24,2,True,513.0,0.792,0.821,55.3,0,653547,compra_cartera
CAND-03287,4/12/24,26,M,1135081,25,35450,18,0.032,1,False,,0.397,0.652,56.9,0,200672,libre_inversion
CAND-03288,23/11/24,46,M,546711,4,63931,4,0.467,2,True,695.0,0.573,0.584,8.7,0,353178,libre_inversion
CAND-03289,28/12/24,40,NB,1308470,26,91384,13,0.445,1,True,729.0,0.799,0.749,57.0,0,283037,libre_inversion
CAND-03291,28/11/24,43,M,598937,5,32174,3,0.756,1,True,600.0,0.879,0.679,71.1,0,702505,libre_inversion
CAND-03292,13/11/24,27,H,870489,16,38928,9,0.312,5,False,,,0.783,38.2,0,416821,libre_inversion
CAND-03293,14/11/24,31,M,2189631,37,53584,22,0.086,3,False,,0.912,0.693,71.5,0,1629350,avance_efectivo
CAND-03295,30/12/24,33,M,660326,4,34967,3,0.557,1,False,,0.537,0.849,32.4,0,201944,libre_inversion
CAND-03299,1/11/24,42,M,486596,15,128220,6,0.524,3,False,,0.777,0.738,42.4,0,698936,libre_inversion
CAND-03300,24/10/24,42,H,912381,10,79996,4,0.266,2,True,625.0,0.486,0.84,47.5,0,419762,libre_inversion
CAND-03301,28/12/24,35,M,643917,13,22165,7,0.428,3,True,618.0,0.417,0.743,30.1,0,678439,libre_inversion
CAND-03302,7/12/24,18,H,586094,5,3369,1,0.145,4,False,,0.692,0.632,37.3,0,800587,compra_cartera
CAND-03303,2/11/24,37,H,1048759,13,25132,6,0.721,3,True,556.0,0.824,0.473,63.1,0,1266958,libre_inversion
CAND-03305,21/11/24,33,H,1479923,1,41157,0,0.469,2,False,,0.614,0.667,16.1,0,1635491,libre_inversion
CAND-03306,4/12/24,31,NB,1546298,1,86059,2,0.603,2,True,579.0,0.562,0.595,58.1,0,342564,libre_inversion
CAND-03307,26/11/24,34,M,489503,16,9530,7,0.334,1,True,679.0,0.587,0.652,90.7,0,326611,libre_inversion
CAND-03308,13/12/24,39,H,1558119,35,83317,23,0.552,1,False,,,0.507,50.8,0,361962,libre_inversion
CAND-03309,4/12/24,22,H,2015987,1,12067,2,0.473,2,False,,0.569,0.723,27.3,0,816821,compra_cartera
CAND-03310,8/12/24,28,H,2050175,30,38856,18,0.256,2,True,564.0,0.854,0.587,68.3,0,525965,libre_inversion
CAND-03311,30/11/24,26,M,3228074,17,22492,6,0.195,5,False,,0.84,0.642,48.1,0,1175806,compra_cartera
CAND-03313,24/11/24,23,M,732090,36,32375,16,0.204,1,False,,0.664,0.634,64.7,0,2074960,compra_cartera
CAND-03314,30/11/24,46,M,1033857,11,34255,6,0.558,1,True,639.0,0.53,0.804,24.5,0,296311,libre_inversion
CAND-03315,19/11/24,34,M,2464817,29,106014,15,0.772,1,False,,0.621,0.749,47.6,0,286366,avance_efectivo
CAND-03316,25/12/24,57,M,2020228,27,18233,14,0.58,3,True,686.0,0.607,0.718,31.0,0,185040,libre_inversion
CAND-03317,10/12/24,42,M,969792,3,29770,1,0.16,4,False,,0.889,0.629,62.1,0,589805,libre_inversion
CAND-03318,1/12/24,25,H,1443654,35,130939,18,0.505,2,True,481.0,0.778,0.56,63.2,0,466213,compra_cartera
CAND-03319,28/11/24,50,H,1075085,29,28330,15,0.157,5,True,646.0,0.732,0.619,45.6,34072,868589,avance_efectivo
CAND-03322,4/10/24,35,M,1230465,20,74101,15,0.476,2,True,748.0,0.862,0.746,23.5,19151,439077,libre_inversion
CAND-03323,9/12/24,40,M,680390,10,124428,4,0.513,3,False,,0.787,0.75,56.9,0,1190458,libre_inversion
CAND-03324,9/12/24,41,NB,1277433,2,61416,0,0.454,2,True,669.0,0.589,0.44,90.2,0,1678612,avance_efectivo
CAND-03325,11/11/24,31,M,959996,6,10145,3,0.508,1,False,,0.367,0.643,52.3,0,595556,libre_inversion
CAND-03326,27/12/24,43,M,891556,1,59660,2,0.398,2,True,676.0,0.57,0.871,27.3,0,513365,libre_inversion
CAND-03327,23/12/24,31,H,1307243,1,59187,1,0.553,3,False,,0.728,0.739,70.7,0,1354291,compra_cartera
CAND-03330,10/12/24,35,M,1997279,1,26892,1,0.186,4,True,604.0,0.893,0.489,77.4,0,293907,compra_cartera
CAND-03331,26/11/24,30,M,1365148,5,35530,1,0.645,4,True,804.0,0.652,0.613,56.3,0,465104,libre_inversion
CAND-03334,26/12/24,21,H,1350417,2,18236,0,0.527,4,False,,0.75,0.364,51.9,0,666210,libre_inversion
CAND-03336,16/12/24,45,M,964007,10,12471,9,0.391,2,False,,0.452,0.555,35.5,0,466841,libre_inversion
CAND-03337,12/11/24,48,H,2.007.747.577.690.800,6,40770,2,0.513,1,False,,0.765,,51.9,0,1146029,avance_efectivo
CAND-03338,2/12/24,45,H,892174,1,15604,1,0.374,5,False,,0.599,0.711,43.0,0,685543,libre_inversion
CAND-03339,26/12/24,33,H,999429,11,43195,13,0.797,1,True,579.0,0.794,0.845,64.4,0,253600,libre_inversion
CAND-03340,23/12/24,26,H,1490908,4,21091,2,0.754,4,True,730.0,0.887,0.886,56.1,0,1056244,compra_cartera
CAND-03342,15/12/24,23,M,1559987,6,52810,3,0.402,2,False,,0.77,0.648,63.3,0,602993,compra_cartera
CAND-03344,17/12/24,18,M,884485,13,64748,8,0.085,2,True,794.0,0.761,0.771,42.6,0,834241,libre_inversion
CAND-03345,27/11/24,53,M,1444096,32,92059,18,0.383,2,False,,0.402,,46.6,0,372448,avance_efectivo
CAND-03346,17/11/24,41,M,1492087,25,34575,18,0.385,3,True,618.0,0.42,0.502,7.6,0,2494596,compra_cartera
CAND-03347,23/11/24,34,H,1818644,3,43306,1,0.207,1,False,,0.446,0.861,29.0,0,331759,libre_inversion
CAND-03348,16/11/24,56,M,1265684,20,85620,16,0.517,5,True,595.0,0.769,0.592,25.1,0,582654,compra_cartera
CAND-03349,7/12/24,40,M,475972,2,10734,1,0.136,3,True,706.0,0.672,0.58,52.3,0,546431,compra_cartera
CAND-03352,27/12/24,43,NB,2150371,11,263585,2,0.379,2,False,,,0.649,57.0,0,350421,compra_cartera
CAND-03354,28/10/24,27,H,1361559,2,28494,0,0.113,2,False,,0.692,,52.8,0,450883,libre_inversion
CAND-03355,27/11/24,43,M,1588642,9,54415,8,0.836,1,True,547.0,0.497,0.501,59.0,0,426426,libre_inversion
CAND-03356,10/11/24,39,M,1344302,4,74879,6,0.538,1,False,,0.731,0.758,0.0,0,506185,libre_inversion
CAND-03361,16/12/24,19,H,1089742,21,23993,5,0.423,5,True,660.0,0.741,0.77,56.8,0,306025,compra_cartera
CAND-03362,10/11/24,42,M,707199,35,156021,25,0.382,2,False,,,0.635,65.1,0,936896,libre_inversion
CAND-03363,13/12/24,37,H,1261765,18,29924,4,0.1,5,True,507.0,0.746,0.749,65.6,0,528446,libre_inversion
CAND-03365,3/11/24,33,H,990873,42,50100,25,0.646,1,True,650.0,0.484,0.782,30.7,0,1071775,avance_efectivo
CAND-03366,7/12/24,38,M,1974744,14,54186,8,0.617,3,True,717.0,0.722,0.745,61.9,0,1609636,avance_efectivo
CAND-03367,6/11/24,37,H,1168772,4,45643,2,0.528,3,False,,0.677,0.769,45.5,0,1108965,compra_cartera
CAND-03368,17/11/24,40,M,1035347,23,27031,15,0.335,1,False,,0.85,0.796,73.5,0,1077974,avance_efectivo
CAND-03370,3/12/24,46,M,731817,22,43153,7,0.197,2,False,,0.734,0.737,53.9,0,473733,compra_cartera
CAND-03371,21/11/24,34,H,724848,28,17456,10,0.538,2,True,727.0,,0.828,40.6,0,658855,libre_inversion
CAND-03372,30/11/24,48,M,1857182,6,41566,2,0.093,2,False,,0.501,0.388,42.1,0,738065,avance_efectivo
CAND-03373,16/11/24,40,H,1137345,28,42003,10,0.081,4,True,685.0,0.473,0.812,27.8,0,322798,libre_inversion
CAND-03374,15/12/24,37,H,2463030,41,24777,20,0.315,2,False,,0.698,0.453,25.5,0,453974,libre_inversion
CAND-03375,27/11/24,48,M,1248481,19,1632,10,0.316,1,True,483.0,0.395,0.418,73.1,0,578081,libre_inversion
CAND-03377,13/11/24,45,M,1158431,17,16724,8,0.226,2,True,560.0,0.833,0.626,37.8,0,480734,avance_efectivo
CAND-03383,1/12/24,41,H,814650,5,51252,3,0.143,1,False,,,0.787,84.0,0,1311350,libre_inversion
CAND-03385,18/11/24,35,H,1093051,42,57325,14,0.157,1,False,,,0.826,74.0,17349,186185,libre_inversion
CAND-03386,24/12/24,20,M,1928335,4,83507,1,0.374,3,True,652.0,0.661,0.744,48.8,0,1170995,avance_efectivo
CAND-03387,2/12/24,33,H,1371384,8,39526,4,0.458,2,False,,0.614,0.796,42.6,0,1033374,avance_efectivo
CAND-03389,1/12/24,35,H,1371298,45,48602,33,0.305,1,False,,0.594,0.497,76.0,0,801753,compra_cartera
CAND-03392,3/11/24,22,M,3373640,1,66696,0,0.249,2,True,832.0,0.429,0.765,32.5,0,375756,libre_inversion
CAND-03393,5/12/24,38,M,3443676,38,3541,22,0.364,1,True,597.0,0.855,0.756,34.1,0,450265,avance_efectivo
CAND-03394,11/12/24,34,H,1232170,8,42549,8,0.192,1,True,570.0,0.629,0.764,56.3,0,1123814,libre_inversion
CAND-03395,7/12/24,37,M,1737333,24,8550,11,0.794,4,False,,0.619,,38.6,0,679554,libre_inversion
CAND-03397,30/10/24,51,H,1083857,7,3788,4,0.4,1,True,610.0,,0.855,82.9,0,372979,libre_inversion
CAND-03399,24/11/24,27,H,1402432,19,61985,7,0.558,1,False,,0.387,0.828,24.1,0,533508,libre_inversion
CAND-03401,4/12/24,26,H,1776322,10,66741,6,0.174,4,False,,0.351,0.467,53.9,0,1483423,avance_efectivo
CAND-03402,14/11/24,28,M,1677703,30,47873,7,0.196,3,False,,0.504,0.644,28.6,0,842273,avance_efectivo
CAND-03403,28/11/24,31,M,2305591,8,93857,5,0.334,2,True,530.0,0.572,0.488,47.7,0,708863,compra_cartera
CAND-03404,3/12/24,18,H,1757878,12,31310,6,0.064,1,True,745.0,0.615,0.873,40.1,0,429678,libre_inversion
CAND-03405,5/10/24,25,M,2418939,15,21603,4,0.588,2,True,667.0,0.899,0.653,73.9,0,421497,compra_cartera
CAND-03406,4/12/24,30,M,1151801,3,9596,1,0.791,2,False,,0.735,0.654,38.9,0,368721,compra_cartera
CAND-03408,15/10/24,18,H,1299072,5,40393,3,0.657,2,False,,0.831,0.836,69.0,0,355544,avance_efectivo
CAND-03409,15/12/24,44,H,1443247,18,60331,8,0.275,3,False,,0.67,0.826,76.6,0,1002424,avance_efectivo
CAND-03410,28/12/24,20,M,1330452,36,11325,18,0.647,2,True,755.0,0.809,0.837,31.8,0,285887,libre_inversion
CAND-03411,20/12/24,27,H,1950246,10,86737,6,0.295,4,False,,0.736,0.823,79.5,0,1454753,libre_inversion
CAND-03412,31/12/24,32,M,1173126,10,38957,5,0.395,2,False,,0.854,0.599,60.9,0,777024,avance_efectivo
CAND-03413,9/11/24,46,H,1051563,1,103718,0,0.85,2,True,702.0,0.684,0.819,40.6,0,2588282,avance_efectivo
CAND-03415,3/12/24,44,H,1195904,21,51429,13,0.609,4,True,574.0,0.593,0.723,47.7,0,309705,avance_efectivo
CAND-03416,27/10/24,34,M,2056727,1,21395,1,0.356,2,False,,0.546,0.574,39.0,0,543264,avance_efectivo
CAND-03417,15/11/24,53,H,789969,16,46365,6,0.58,4,True,582.0,0.819,0.906,75.4,0,478037,compra_cartera
CAND-03422,18/10/24,29,H,667651,20,58730,11,0.301,1,True,672.0,0.461,0.412,55.7,0,502109,compra_cartera
CAND-03423,11/12/24,37,M,1675916,29,32920,15,0.556,2,False,,0.742,0.767,99.2,0,531008,libre_inversion
CAND-03425,19/10/24,32,H,2681588,1,169244,2,0.521,3,False,,0.56,0.425,13.9,0,941474,libre_inversion
CAND-03430,18/10/24,37,M,1315565,22,57594,14,0.22,1,False,,0.687,0.485,28.1,0,1928539,libre_inversion
CAND-03431,23/12/24,45,H,726426,1,17979,0,0.589,1,False,,0.727,0.551,61.4,0,216261,libre_inversion
CAND-03437,1/12/24,27,H,1624325,1,39446,1,0.082,1,True,757.0,0.578,0.598,19.1,0,727441,libre_inversion
CAND-03439,15/11/24,40,H,586642,18,25345,7,0.431,3,True,687.0,0.693,0.725,32.3,0,236993,compra_cartera
CAND-03440,9/11/24,25,M,309002,4,14788,2,0.515,3,False,,0.597,0.586,77.8,0,417206,libre_inversion
CAND-03443,30/12/24,22,M,1757906,28,80893,16,0.575,1,False,,0.577,0.681,56.0,0,326379,libre_inversion
CAND-03444,25/11/24,41,M,1069034,2,18763,2,0.528,1,False,,0.644,,63.8,0,1122288,avance_efectivo
CAND-03445,25/12/24,34,H,552964,31,62698,19,0.204,4,False,,0.71,,67.1,0,280009,compra_cartera
CAND-03446,27/11/24,43,NB,948508,12,8250,6,0.163,3,False,,0.716,0.594,68.0,0,576153,libre_inversion
CAND-03447,12/11/24,29,M,931894,25,7234,19,0.273,4,True,761.0,0.916,0.661,41.2,0,152572,libre_inversion
CAND-03448,24/12/24,39,M,559305,46,33288,18,0.231,5,True,672.0,0.501,0.766,51.0,0,354804,compra_cartera
CAND-03449,19/12/24,37,M,1526842,25,31418,9,0.27,2,True,682.0,0.45,0.748,75.6,0,1535733,libre_inversion
CAND-03450,21/12/24,36,H,1162139,3,31739,2,0.438,1,True,705.0,0.558,0.728,48.3,0,434196,avance_efectivo
CAND-03452,5/11/24,18,M,2702283,4,7487,4,0.072,3,False,,0.731,0.844,52.4,0,436932,libre_inversion
CAND-03453,1/12/24,47,H,1572895,3,45772,0,0.564,4,True,740.0,0.501,,0.0,0,619589,libre_inversion
CAND-03454,24/12/24,47,H,11.244.004.820.438.900,25,18460,13,0.463,4,False,,0.856,0.868,68.4,0,638791,libre_inversion
CAND-03456,15/11/24,18,H,514999,7,18324,2,0.174,4,True,709.0,0.846,0.585,53.7,0,558823,avance_efectivo
CAND-03458,28/11/24,37,H,975677,10,26976,4,0.669,1,False,,,0.851,31.1,0,525647,libre_inversion
CAND-03459,2/12/24,35,H,1533869,25,69192,18,0.264,1,True,785.0,0.683,0.764,20.5,0,3324179,libre_inversion
CAND-03460,8/11/24,31,H,724418,12,56635,7,0.175,2,True,717.0,0.446,0.708,34.1,0,915467,libre_inversion
CAND-03461,10/11/24,47,H,1560249,16,120568,4,0.04,4,True,611.0,0.816,0.842,11.0,0,310147,avance_efectivo
CAND-03464,20/12/24,18,M,3310123,11,58964,3,0.459,3,False,,0.338,0.648,36.1,0,735812,compra_cartera
CAND-03467,12/11/24,29,H,2261947,31,31012,15,0.392,3,False,,0.68,0.927,61.8,0,791323,compra_cartera
CAND-03468,7/11/24,43,H,1060140,8,47838,1,0.344,2,True,766.0,0.9,0.506,44.1,0,1314724,avance_efectivo
CAND-03469,16/11/24,46,M,1188961,12,9561,5,0.615,2,False,,0.434,0.385,56.5,0,498846,compra_cartera
CAND-03472,16/11/24,27,M,1193557,13,35193,5,0.707,4,False,,0.897,0.295,34.5,0,231039,libre_inversion
CAND-03473,9/12/24,44,H,1755769,4,54619,3,0.604,3,False,,0.528,0.64,54.4,0,348289,libre_inversion
CAND-03474,17/12/24,42,M,1350292,7,39879,1,0.257,2,False,,0.68,0.663,40.2,0,1530388,libre_inversion
CAND-03475,24/11/24,36,M,815375,31,41715,22,0.446,4,True,789.0,0.401,0.584,56.7,0,999848,avance_efectivo
CAND-03476,15/11/24,20,M,1358254,27,78677,14,0.159,1,False,,0.802,0.839,46.2,0,104554,libre_inversion
CAND-03477,1/11/24,40,H,1061681,2,36198,0,0.169,2,True,731.0,0.47,0.631,73.9,0,384553,compra_cartera
CAND-03478,20/11/24,36,H,1268769,19,77672,9,0.143,3,False,,0.686,0.781,43.0,0,1377179,libre_inversion
CAND-03481,26/11/24,24,M,683813,9,21004,4,0.371,5,False,,0.759,0.686,33.5,0,589208,libre_inversion
CAND-03483,3/11/24,36,H,2270765,34,13024,17,0.629,1,False,,0.781,0.72,33.0,0,523647,libre_inversion
CAND-03484,9/11/24,43,H,967565,1,24538,0,0.272,2,True,656.0,0.829,0.638,76.4,0,1421383,libre_inversion
CAND-03486,14/12/24,27,H,1033980,2,66018,0,0.493,3,False,,0.769,0.891,44.0,0,1792425,compra_cartera
CAND-03487,25/11/24,43,M,1638127,7,92366,2,0.33,3,False,,0.841,0.692,47.8,0,508478,avance_efectivo
CAND-03488,14/11/24,49,M,2162130,1,9646,2,0.507,4,False,,0.695,0.781,49.3,0,182422,libre_inversion
CAND-03489,20/10/24,48,H,1554583,3,41535,0,0.448,5,False,,0.479,,50.2,0,375355,libre_inversion
CAND-03490,12/12/24,18,M,346295,29,47971,19,0.554,1,True,524.0,0.773,0.473,19.9,0,161324,compra_cartera
CAND-03494,19/11/24,39,H,1036404,2,44735,3,0.546,1,False,,0.758,0.622,57.7,22869,216859,libre_inversion
CAND-03495,23/12/24,49,M,1354831,15,47689,11,0.293,4,False,,0.43,0.632,44.3,0,227218,libre_inversion
CAND-03498,13/12/24,18,H,1495484,17,71732,7,0.418,2,True,647.0,0.724,0.678,75.4,0,1052443,libre_inversion
CAND-03500,16/11/24,18,H,366718,7,40171,4,0.313,3,True,694.0,0.858,0.782,44.7,0,268659,libre_inversion
CAND-03501,15/11/24,27,M,1296602,41,16900,20,0.235,4,False,,0.769,0.593,56.4,0,1824785,avance_efectivo
CAND-03502,18/12/24,46,H,1306294,5,27868,3,0.447,2,True,646.0,0.775,0.599,82.7,0,1067455,libre_inversion
CAND-03503,23/12/24,34,M,966472,16,106331,7,0.799,1,False,,,0.69,27.6,0,585910,compra_cartera
CAND-03504,17/12/24,58,H,770479,22,32133,9,0.399,2,True,635.0,0.745,0.698,93.0,0,231303,libre_inversion
CAND-03505,11/12/24,19,M,1409646,27,4466,6,0.786,1,False,,0.767,0.667,60.8,0,335982,libre_inversion
CAND-03506,23/11/24,30,M,1420539,24,122642,9,0.506,3,False,,0.647,0.801,40.2,0,780728,avance_efectivo
CAND-03509,28/12/24,42,H,643078,1,78192,0,0.39,5,True,699.0,0.513,0.661,44.5,0,440066,libre_inversion
CAND-03510,30/11/24,40,H,1053212,34,107137,18,0.847,1,False,,0.536,0.727,64.7,0,422945,compra_cartera
CAND-03511,11/12/24,38,M,660590,21,59040,11,0.051,1,False,,0.907,0.837,55.4,0,1995866,libre_inversion
CAND-03512,3/11/24,25,M,1079545,6,18518,0,0.467,2,True,515.0,0.596,0.788,60.8,0,761004,avance_efectivo
CAND-03513,15/12/24,30,M,1145362,16,13299,13,0.387,3,False,,0.585,0.476,59.4,0,467756,libre_inversion
CAND-03514,4/11/24,28,H,9.153.316.398.616.890,28,3537,15,0.456,1,False,,0.81,0.665,52.6,0,1329632,avance_efectivo
CAND-03515,21/12/24,29,H,810544,7,70799,5,0.046,1,False,,0.854,0.457,33.8,0,779789,libre_inversion
CAND-03516,27/12/24,27,M,1006264,9,22623,4,0.279,3,True,570.0,0.705,0.77,91.5,0,1387876,libre_inversion
CAND-03520,23/12/24,53,H,1088070,37,90171,18,0.739,2,False,,0.68,0.929,80.1,0,884569,libre_inversion
CAND-03521,1/11/24,37,H,575242,3,31610,4,0.719,5,True,765.0,0.567,0.848,55.1,0,531305,libre_inversion
CAND-03522,29/12/24,33,H,1133393,3,58319,1,0.732,3,False,,,0.745,52.4,0,687671,libre_inversion
CAND-03523,17/11/24,27,H,1318307,14,17860,9,0.109,2,True,687.0,0.881,0.825,25.9,0,1226103,libre_inversion
CAND-03524,5/12/24,41,M,1052429,15,43469,6,0.274,2,False,,0.614,0.733,57.7,0,831713,libre_inversion
CAND-03525,13/12/24,31,M,1685410,42,26079,18,0.378,2,False,,0.744,0.491,58.5,0,329408,libre_inversion
CAND-03526,14/12/24,44,M,676795,12,13990,5,0.283,1,True,594.0,0.758,0.914,71.7,0,710830,avance_efectivo
CAND-03527,27/11/24,18,H,3132892,16,60466,8,0.37,2,False,,0.822,0.872,70.7,0,1560083,libre_inversion
CAND-03528,19/12/24,58,H,1615821,19,101572,5,0.365,2,False,,0.518,0.656,32.8,0,1209670,avance_efectivo
CAND-03529,23/11/24,31,H,2866542,24,18338,13,0.33,2,False,,0.648,0.776,41.7,0,1054030,compra_cartera
CAND-03530,9/12/24,36,H,774258,6,58981,2,0.662,3,False,,0.827,0.819,36.6,0,438962,avance_efectivo
CAND-03531,31/12/24,25,M,946024,21,19460,11,0.235,2,False,,0.8,0.556,81.2,0,918812,libre_inversion
CAND-03533,7/12/24,18,M,1376106,14,86562,9,0.127,1,True,684.0,0.586,,100.0,0,1539423,libre_inversion
CAND-03534,24/12/24,35,M,664575,18,81253,10,0.231,4,True,676.0,0.647,0.569,56.5,0,869180,avance_efectivo
CAND-03535,17/11/24,20,H,1211233,50,25226,29,0.353,3,False,,0.821,0.588,75.1,0,1282992,libre_inversion
CAND-03536,29/12/24,34,H,881922,32,10051,10,0.172,4,True,798.0,0.786,0.59,38.1,0,399190,avance_efectivo
CAND-03537,25/11/24,46,M,864804,17,28107,5,0.295,1,True,530.0,0.846,0.737,18.8,0,458999,libre_inversion
CAND-03538,6/11/24,49,H,2040114,25,36764,18,0.298,2,False,,0.902,0.914,74.2,0,636863,libre_inversion
CAND-03540,13/12/24,37,M,1840823,6,58863,5,0.536,1,True,548.0,0.797,0.91,34.2,0,267350,libre_inversion
CAND-03541,17/10/24,29,M,754801,11,19243,7,0.021,2,True,605.0,0.82,,28.4,0,1035468,avance_efectivo
CAND-03542,17/12/24,30,H,1158979,5,147978,3,0.239,1,True,563.0,0.343,0.798,74.4,0,617951,libre_inversion
CAND-03543,14/11/24,31,M,1968231,15,34961,7,0.177,4,False,,0.561,0.481,79.9,0,279905,libre_inversion
CAND-03544,7/12/24,54,H,2779631,7,57545,5,0.563,3,False,,0.817,0.802,37.2,0,492034,avance_efectivo
CAND-03545,31/12/24,38,H,839889,27,85899,10,0.319,4,False,,0.429,0.423,51.6,0,740963,libre_inversion
CAND-03546,5/12/24,32,H,1377340,5,92369,1,0.369,2,True,586.0,0.632,0.728,56.1,0,777272,libre_inversion
CAND-03547,1/11/24,40,H,1371743,32,51698,13,0.429,2,False,,,0.791,34.2,0,636683,compra_cartera
CAND-03548,27/12/24,27,NB,1412385,18,65147,14,0.365,4,True,705.0,0.807,0.773,54.4,0,746241,avance_efectivo
CAND-03550,25/11/24,30,M,844577,36,82047,21,0.543,3,True,605.0,0.739,0.641,44.0,0,999513,compra_cartera
CAND-03553,20/11/24,34,M,1414174,31,60556,15,0.298,2,False,,0.859,0.742,69.5,0,521905,libre_inversion
CAND-03556,26/12/24,33,M,564349,1,111029,0,0.642,2,True,733.0,0.882,0.747,26.1,0,416860,libre_inversion
CAND-03558,1/12/24,34,H,1893153,2,71547,1,0.669,1,False,,0.681,,60.4,0,460360,avance_efectivo
CAND-03559,23/11/24,27,M,1188263,4,234918,2,0.41,1,True,682.0,0.751,0.458,39.7,0,863656,avance_efectivo
CAND-03560,1/12/24,47,M,964287,57,38975,30,0.418,4,False,,0.705,,75.1,9288,656354,compra_cartera
CAND-03561,4/11/24,18,M,1675626,4,52583,2,0.149,1,True,613.0,0.612,0.721,60.5,0,801271,libre_inversion
CAND-03562,7/10/24,28,M,845037,13,111975,7,0.454,4,True,598.0,0.766,0.652,11.6,0,288251,compra_cartera
CAND-03566,10/10/24,34,M,883472,35,50134,16,0.523,2,False,,0.833,0.628,37.2,0,282662,avance_efectivo
CAND-03569,13/11/24,39,M,734790,4,112178,2,0.138,2,False,,0.74,0.625,12.5,0,983064,libre_inversion
CAND-03572,7/11/24,38,H,1263637,29,12112,13,0.667,2,True,642.0,0.888,0.819,32.6,0,1000320,libre_inversion
CAND-03573,5/11/24,28,M,2603783,31,22947,20,0.742,4,True,516.0,0.64,0.623,43.9,0,564718,libre_inversion
CAND-03574,20/11/24,29,M,1432428,12,71476,7,0.515,3,True,645.0,0.894,0.725,20.8,0,1399942,compra_cartera
CAND-03575,21/11/24,29,H,1019754,5,50379,1,0.631,4,True,604.0,0.805,0.653,67.6,0,673230,libre_inversion
CAND-03576,10/12/24,23,H,1154320,1,32093,0,0.158,2,True,794.0,0.574,,75.5,0,299669,libre_inversion
CAND-03577,1/10/24,33,NB,1632246,8,33495,5,0.084,1,False,,0.695,0.52,28.6,0,1366344,avance_efectivo
CAND-03578,19/11/24,25,H,797786,1,23600,2,0.436,3,True,621.0,0.777,0.573,54.4,0,672377,libre_inversion
CAND-03580,31/12/24,49,H,1868891,1,81049,1,0.454,1,False,,0.689,0.26,55.3,0,905038,compra_cartera
CAND-03582,7/12/24,30,H,943860,5,43112,0,0.553,3,True,576.0,0.768,0.811,32.1,0,880174,compra_cartera
CAND-03583,16/11/24,37,M,1059621,18,11061,12,0.368,4,False,,0.769,0.509,66.3,0,190021,compra_cartera
CAND-03585,30/11/24,28,H,2253400,19,15275,8,0.302,3,True,650.0,0.714,0.615,52.9,0,679546,avance_efectivo
CAND-03586,17/12/24,59,H,1220272,6,25592,2,0.686,2,True,687.0,0.864,0.421,56.6,0,1214747,libre_inversion
CAND-03587,24/12/24,29,NB,867965,12,30525,5,0.343,3,False,,0.814,0.528,38.1,0,907551,libre_inversion
CAND-03588,7/11/24,31,M,1166700,16,19190,4,0.058,1,False,,0.614,0.655,56.8,0,787894,libre_inversion
CAND-03589,21/12/24,24,NB,1618657,1,40057,2,0.3,1,False,,0.71,0.704,44.5,0,511861,compra_cartera
CAND-03591,14/12/24,42,H,927211,6,70612,2,0.686,2,False,,0.787,0.711,27.8,0,458153,avance_efectivo
CAND-03592,6/11/24,39,H,1125125,1,68883,0,0.108,3,False,,0.747,0.643,41.7,0,661278,compra_cartera
CAND-03594,4/12/24,18,H,1038652,6,17933,2,0.142,1,False,,,0.706,35.1,0,620958,libre_inversion
CAND-03595,10/11/24,18,M,1050521,12,66282,3,0.179,3,False,,0.557,0.731,49.9,0,694763,avance_efectivo
CAND-03597,27/12/24,54,M,756138,10,51313,7,0.918,2,False,,0.786,0.749,87.4,0,354812,compra_cartera
CAND-03598,20/12/24,23,M,986750,26,41212,11,0.355,4,False,,0.909,0.647,70.8,0,157969,libre_inversion
CAND-03599,4/12/24,41,M,806282,6,58778,4,0.583,5,False,,0.861,0.849,61.7,0,441543,avance_efectivo
CAND-03600,22/11/24,39,M,864167,4,69207,2,0.669,2,False,,0.675,0.822,28.4,0,178659,avance_efectivo
CAND-03601,14/12/24,18,H,451691,17,32375,5,0.028,2,True,505.0,0.722,0.435,58.8,0,958929,libre_inversion
CAND-03604,6/10/24,31,H,640048,60,64355,38,0.303,3,False,,0.717,0.907,69.7,0,448841,libre_inversion
CAND-03605,20/11/24,56,M,1029000,9,50250,2,0.672,3,False,,0.577,0.638,20.4,0,508035,libre_inversion
CAND-03606,9/11/24,37,M,559211,25,47576,12,0.422,1,False,,0.477,0.766,53.1,0,518,avance_efectivo
CAND-03607,15/11/24,31,M,1288708,1,9235,1,0.451,5,False,,0.699,0.536,52.1,0,383788,avance_efectivo
CAND-03608,2/11/24,21,M,1017410,9,57932,1,0.632,3,True,555.0,0.65,0.815,39.6,0,279533,avance_efectivo
CAND-03609,3/11/24,30,M,2543514,22,21995,11,0.326,5,True,671.0,0.74,0.756,68.4,0,873242,libre_inversion
CAND-03610,1/11/24,21,H,975839,1,42937,1,0.484,1,False,,0.626,0.603,16.6,0,456044,avance_efectivo
CAND-03611,9/11/24,55,H,942620,2,17315,1,0.676,1,False,,0.704,0.566,44.3,0,439442,avance_efectivo
CAND-03612,6/12/24,38,H,2363251,1,70283,0,0.285,3,True,656.0,0.663,0.769,51.4,0,1005629,avance_efectivo
CAND-03613,8/11/24,35,H,1339675,37,12722,18,0.129,2,False,,0.393,0.62,31.9,0,381776,libre_inversion
CAND-03614,6/12/24,48,H,917306,13,70888,3,0.469,5,True,566.0,0.722,0.739,50.4,0,1768187,libre_inversion
CAND-03615,9/11/24,36,M,3708342,4,38941,1,0.454,1,True,699.0,0.681,0.522,44.7,0,537079,libre_inversion
CAND-03616,5/12/24,22,M,1529434,3,23874,0,0.029,2,True,471.0,0.747,0.654,60.0,14188,562961,libre_inversion
CAND-03617,6/11/24,30,H,1248265,2,31859,0,0.709,1,False,,0.871,0.661,90.7,0,709459,libre_inversion
CAND-03618,9/11/24,48,H,698805,11,6513,6,0.257,2,False,,0.754,0.728,42.3,0,487863,libre_inversion
CAND-03619,20/10/24,47,M,2081164,14,19260,6,0.436,3,False,,,0.6,58.9,0,810474,avance_efectivo
CAND-03620,31/12/24,35,NB,856366,7,16320,2,0.225,3,True,651.0,0.699,0.644,27.9,0,1129268,libre_inversion
CAND-03621,26/12/24,34,H,2019369,10,71346,5,0.668,1,True,706.0,0.628,0.681,68.9,0,669177,avance_efectivo
CAND-03622,20/11/24,24,M,1583148,52,48334,23,0.366,2,True,632.0,0.457,0.704,50.3,0,513349,avance_efectivo
CAND-03623,28/11/24,31,H,1704203,55,24600,27,0.729,1,True,536.0,0.808,0.522,63.9,0,964981,compra_cartera
CAND-03624,9/12/24,19,M,889302,2,65585,0,0.339,1,True,631.0,0.861,0.635,83.2,0,604210,avance_efectivo
CAND-03625,17/11/24,28,M,1737871,23,49796,16,0.257,5,False,,0.597,0.512,62.6,0,690977,avance_efectivo
CAND-03626,4/11/24,38,NB,316785,10,80529,4,0.64,1,True,739.0,0.873,0.53,41.8,0,546370,avance_efectivo
CAND-03627,7/11/24,31,M,822356,11,54724,6,0.169,5,True,699.0,0.604,0.919,44.3,0,828741,compra_cartera
CAND-03628,15/11/24,41,H,1954676,27,116491,15,0.666,1,True,596.0,0.559,0.595,0.0,0,532492,compra_cartera
CAND-03631,15/11/24,30,H,1624323,12,18643,5,0.456,2,False,,0.781,0.794,34.9,0,2265667,compra_cartera
CAND-03633,28/12/24,37,H,1264620,15,86630,5,0.408,2,False,,0.859,,0.0,0,462814,avance_efectivo
CAND-03634,10/12/24,29,M,1012436,30,20686,10,0.297,5,True,692.0,0.224,0.511,30.5,0,637960,avance_efectivo
CAND-03637,10/12/24,28,H,3749751,3,15627,3,0.78,4,False,,0.879,0.869,25.3,0,330207,avance_efectivo
CAND-03638,24/11/24,55,H,1906124,29,37654,17,0.405,1,True,684.0,0.696,0.793,58.6,0,494786,libre_inversion
CAND-03639,16/12/24,32,M,742595,4,43718,3,0.724,3,True,690.0,0.702,0.713,78.9,0,614000,libre_inversion
CAND-03642,10/10/24,33,M,1652936,17,98927,13,0.695,5,False,,0.386,0.793,60.8,0,974445,libre_inversion
CAND-03643,5/10/24,40,M,839050,28,136384,10,0.124,2,True,827.0,0.765,0.749,54.1,0,593788,libre_inversion
CAND-03645,29/10/24,25,H,533635,3,54880,3,0.235,1,False,,0.802,0.85,52.6,0,595895,libre_inversion
CAND-03646,30/11/24,20,H,1524679,10,43269,3,0.419,4,True,629.0,0.579,0.874,35.9,0,267187,compra_cartera
CAND-03647,3/11/24,38,H,1016706,31,27431,18,0.236,1,False,,0.498,0.779,16.7,0,395677,libre_inversion
CAND-03648,19/12/24,21,H,2452460,3,44685,0,0.652,5,False,,0.711,0.707,63.6,0,600732,compra_cartera
CAND-03649,12/12/24,46,M,1179582,46,45378,27,0.735,1,True,567.0,0.764,0.556,72.5,0,492846,compra_cartera
CAND-03650,9/12/24,37,H,1155917,60,35830,31,0.11,1,True,569.0,0.635,0.66,67.1,0,636672,libre_inversion
CAND-03651,4/11/24,27,M,667248,15,26269,9,0.152,1,True,726.0,0.529,0.74,38.5,0,322711,libre_inversion
CAND-03652,12/12/24,34,M,1300769,15,27490,9,0.298,3,False,,0.686,0.789,62.7,0,1467535,libre_inversion
CAND-03653,3/12/24,27,H,712002,15,107799,4,0.319,5,True,642.0,0.83,0.427,64.9,0,656222,libre_inversion
CAND-03654,27/12/24,22,H,1933150,1,89195,1,0.36,2,True,600.0,0.854,0.705,74.6,0,435223,compra_cartera
CAND-03655,8/10/24,30,H,792254,5,46861,4,0.617,1,True,625.0,0.688,0.668,35.6,0,375451,libre_inversion
CAND-03656,23/12/24,45,H,1086331,48,38590,28,0.265,1,False,,0.885,0.752,73.3,0,712163,libre_inversion
CAND-03657,29/12/24,37,H,1124690,9,58103,4,0.43,2,False,,0.667,0.761,84.4,0,403055,compra_cartera
CAND-03658,26/12/24,36,M,1530404,1,28897,0,0.32,2,False,,0.49,0.559,31.8,0,788447,libre_inversion
CAND-03661,25/11/24,45,H,1958524,5,21356,1,0.369,3,False,,0.626,0.637,44.0,0,251964,libre_inversion
CAND-03662,17/11/24,40,H,2477152,22,78933,13,0.624,5,True,848.0,0.832,0.648,36.6,0,993608,libre_inversion
CAND-03664,30/12/24,40,M,1460905,3,42158,0,0.362,3,True,664.0,0.57,0.488,48.0,0,804191,libre_inversion
CAND-03666,27/11/24,39,M,997966,10,24138,4,0.314,5,False,,0.62,0.9,45.0,0,662305,libre_inversion
CAND-03667,20/12/24,43,M,1806101,43,12265,17,0.228,3,True,704.0,0.767,0.777,46.4,0,1714506,avance_efectivo
CAND-03668,20/11/24,18,M,651781,60,19450,30,0.522,1,True,708.0,0.741,0.39,50.0,0,1436298,avance_efectivo
CAND-03670,30/12/24,42,M,818117,11,62877,2,0.472,1,False,,0.169,0.74,32.0,0,1964732,libre_inversion
CAND-03671,27/10/24,50,H,608608,4,95526,1,0.427,1,False,,0.717,0.695,79.7,0,529128,libre_inversion
CAND-03672,1/11/24,26,M,3967978,18,51415,12,0.456,1,False,,0.697,0.807,73.7,0,483077,avance_efectivo
CAND-03673,17/12/24,51,M,1727068,6,43840,6,0.158,4,False,,0.769,0.742,44.6,0,906217,compra_cartera
CAND-03674,22/11/24,23,H,1800815,2,41335,1,0.076,1,False,,0.724,0.589,83.7,0,169740,libre_inversion
CAND-03675,7/11/24,23,NB,1077499,34,84133,13,0.126,2,True,631.0,0.51,0.874,74.9,0,468513,libre_inversion
CAND-03676,13/12/24,39,H,1119268,12,65747,9,0.576,2,True,703.0,0.499,0.682,25.0,0,532893,libre_inversion
CAND-03677,26/11/24,47,NB,1103617,12,26559,2,0.604,3,False,,,,31.1,0,1312219,libre_inversion
CAND-03678,27/12/24,37,M,1592012,1,15411,0,0.184,5,True,660.0,0.463,0.874,30.1,0,831758,libre_inversion
CAND-03680,5/12/24,37,M,1348352,10,21634,3,0.444,5,True,515.0,0.613,0.812,49.9,0,1029291,libre_inversion
CAND-03682,17/11/24,36,H,874455,2,24521,1,0.622,1,True,611.0,0.649,0.8,45.6,0,631917,libre_inversion
CAND-03683,11/12/24,28,H,2081248,4,22173,2,0.429,1,False,,0.627,0.802,50.5,0,1073114,libre_inversion
CAND-03685,10/11/24,35,H,2564251,19,25619,9,0.725,5,True,658.0,0.721,0.633,13.3,0,706014,libre_inversion
CAND-03686,19/12/24,40,H,505029,8,41144,5,0.515,1,True,628.0,,0.54,92.4,0,445314,libre_inversion
CAND-03687,8/11/24,36,H,1053000,9,55661,3,0.436,3,True,599.0,0.477,0.814,59.4,0,1724643,avance_efectivo
CAND-03688,24/11/24,18,M,897992,4,7171,2,0.339,3,False,,0.356,0.665,53.4,0,212306,avance_efectivo
CAND-03690,23/10/24,47,H,1029517,17,40747,11,0.282,3,False,,0.788,,61.8,0,285726,compra_cartera
CAND-03691,27/12/24,48,M,1901671,1,44459,1,0.608,4,True,532.0,0.856,0.844,75.3,0,966409,libre_inversion
CAND-03692,18/11/24,51,M,976928,8,76701,3,0.094,1,False,,0.711,0.778,35.2,0,583880,libre_inversion
CAND-03695,20/12/24,39,H,694008,5,37363,4,0.289,4,True,699.0,0.561,0.766,46.4,0,1525904,libre_inversion
CAND-03696,2/12/24,40,M,2115182,14,17479,4,0.525,2,True,560.0,0.894,0.762,73.3,0,1653511,libre_inversion
CAND-03697,16/11/24,47,H,1414000,22,17999,12,0.438,4,False,,0.675,0.506,56.0,0,540816,compra_cartera
CAND-03698,4/12/24,36,M,504960,33,23586,23,0.586,1,True,597.0,0.308,0.478,16.4,0,4225433,avance_efectivo
CAND-03700,30/10/24,24,H,1002448,2,59422,0,0.46,3,False,,0.465,0.6,47.2,0,533125,avance_efectivo
CAND-03701,22/11/24,37,M,1186668,6,51007,5,0.176,4,True,560.0,0.838,0.686,70.0,0,692516,libre_inversion
CAND-03702,23/12/24,32,H,1487526,7,29269,3,0.344,2,False,,0.769,0.537,9.4,0,457296,avance_efectivo
CAND-03703,17/12/24,37,H,761305,16,34127,8,0.348,1,True,617.0,0.752,0.488,52.0,0,609433,libre_inversion
CAND-03705,5/11/24,24,M,1331297,26,1330,17,0.482,1,True,682.0,0.791,0.787,58.1,0,138703,libre_inversion
CAND-03707,4/12/24,28,H,2318501,14,46815,8,0.23,3,False,,0.637,0.671,33.7,0,359087,libre_inversion
CAND-03709,26/11/24,43,H,1456410,25,88537,17,0.084,4,True,715.0,0.821,0.803,68.8,0,397114,libre_inversion
CAND-03710,9/12/24,38,M,751304,14,63075,2,0.513,3,True,676.0,0.439,0.752,75.6,0,1339884,libre_inversion
CAND-03711,27/10/24,37,M,1004246,17,65485,7,0.397,4,False,,0.684,0.891,48.1,0,385043,libre_inversion
CAND-03712,8/11/24,28,H,1037041,23,28251,13,0.564,1,False,,0.489,,54.7,0,571107,avance_efectivo
CAND-03716,9/12/24,29,H,1503699,1,7471,1,0.089,3,True,620.0,0.891,0.764,48.3,0,888099,libre_inversion
CAND-03717,8/12/24,20,H,2586227,9,72826,2,0.715,1,False,,0.701,,58.7,0,453852,compra_cartera
CAND-03718,2/12/24,42,H,910931,5,19463,1,0.504,2,True,718.0,0.748,0.64,46.6,0,998708,avance_efectivo
CAND-03719,30/12/24,37,M,1390652,3,37441,2,0.407,2,True,647.0,0.753,0.589,68.0,0,1025184,libre_inversion
CAND-03720,26/11/24,19,M,3636931,23,43001,8,0.317,1,False,,0.754,0.852,50.5,0,832705,libre_inversion
CAND-03721,7/11/24,51,H,1809731,15,6554,10,0.141,3,True,570.0,0.408,0.627,65.2,0,973877,libre_inversion
CAND-03723,3/11/24,39,M,1063412,40,40774,9,0.091,3,True,669.0,0.379,0.78,99.8,0,281791,avance_efectivo
CAND-03724,21/12/24,35,M,1047447,1,2559,1,0.223,3,True,522.0,0.816,0.716,26.1,0,469218,compra_cartera
CAND-03725,15/12/24,43,H,683526,6,62038,2,0.169,2,False,,0.704,0.816,50.6,0,503425,libre_inversion
CAND-03726,5/11/24,41,M,1597036,20,135326,10,0.251,1,False,,0.51,0.842,20.8,0,710013,libre_inversion
CAND-03728,28/11/24,48,H,966617,7,18540,3,0.19,3,True,643.0,0.812,0.904,69.5,0,476142,libre_inversion
CAND-03729,25/12/24,33,M,1037647,2,28965,1,0.175,4,True,684.0,0.825,0.567,45.9,0,598686,libre_inversion
CAND-03730,26/11/24,38,M,524124,7,32891,0,0.171,2,False,,0.851,0.63,28.2,0,225751,compra_cartera
CAND-03732,28/12/24,39,H,2161969,2,10621,0,0.293,3,True,701.0,0.803,0.774,32.3,0,359776,compra_cartera
CAND-03733,20/12/24,44,H,1051541,2,22983,2,0.229,2,True,729.0,0.714,0.727,41.6,0,368769,avance_efectivo
CAND-03736,8/12/24,35,H,1754900,21,193953,16,0.248,1,False,,0.807,0.931,44.9,0,671331,libre_inversion
CAND-03737,1/11/24,27,M,1148037,9,86359,4,0.408,2,False,,0.33,,90.0,0,992144,compra_cartera
CAND-03738,29/12/24,37,M,1347725,8,18227,7,0.403,1,False,,0.841,0.771,31.3,0,505545,avance_efectivo
CAND-03739,9/11/24,23,H,11.642.890.837.044.700,1,28661,2,0.166,1,True,643.0,0.797,0.843,34.2,0,181114,avance_efectivo
CAND-03744,5/11/24,38,H,750300,4,61855,1,0.496,2,False,,0.461,0.632,44.3,0,358446,libre_inversion
CAND-03747,18/12/24,38,H,902367,48,15557,26,0.289,3,False,,0.574,0.75,43.1,0,397588,libre_inversion
CAND-03748,15/11/24,26,H,2121908,17,65509,8,0.192,3,True,825.0,0.787,0.584,63.5,0,596282,libre_inversion
CAND-03749,13/10/24,33,M,1652577,10,147418,4,0.29,1,False,,0.539,0.682,64.3,0,288280,libre_inversion
CAND-03750,7/12/24,23,H,1021093,60,131033,33,0.795,4,False,,0.658,,81.5,0,638012,avance_efectivo
CAND-03751,11/11/24,28,M,734023,6,152147,4,0.507,2,False,,0.877,0.802,51.1,0,638518,avance_efectivo
CAND-03754,27/12/24,33,M,636686,39,46457,22,0.354,3,False,,0.735,0.743,35.6,0,479557,compra_cartera
CAND-03755,9/11/24,43,M,1675807,13,74590,15,0.543,5,True,746.0,0.536,0.767,45.4,0,469868,compra_cartera
CAND-03756,31/12/24,30,H,611602,4,12844,1,0.484,3,True,721.0,0.717,0.853,83.8,0,865622,libre_inversion
CAND-03758,11/11/24,24,M,1655838,34,155772,11,0.394,1,False,,0.545,0.895,80.0,0,499170,compra_cartera
CAND-03759,5/12/24,49,H,1608799,7,26235,1,0.255,3,False,,0.607,,8.4,0,395920,compra_cartera
CAND-03760,7/11/24,31,H,567307,60,61744,38,0.396,2,True,597.0,0.593,0.466,61.8,0,362891,compra_cartera
CAND-03761,1/11/24,27,M,1049448,10,21830,9,0.314,4,False,,0.831,0.804,47.5,0,479025,libre_inversion
CAND-03762,29/12/24,44,H,863958,1,16852,2,0.189,1,False,,0.725,0.592,44.1,0,840300,libre_inversion
CAND-03763,17/12/24,33,M,1190432,3,33082,5,0.261,2,True,598.0,0.606,0.644,78.1,8633,414422,libre_inversion
CAND-03764,8/12/24,50,H,1776292,58,101005,26,0.358,3,False,,0.519,0.402,66.6,0,385074,libre_inversion
CAND-03765,12/11/24,26,H,1253972,9,47712,4,0.16,2,True,594.0,0.462,0.833,43.0,0,618624,avance_efectivo
CAND-03766,6/12/24,59,M,9.101.048.054.918.660,3,31686,2,0.545,1,True,584.0,0.839,0.387,32.0,0,218794,libre_inversion
CAND-03767,25/12/24,31,H,834712,29,2280,10,0.383,2,False,,0.498,0.59,29.8,0,345994,avance_efectivo
CAND-03768,14/11/24,18,M,641746,13,23950,7,0.373,3,False,,0.535,0.713,47.8,0,484606,libre_inversion
CAND-03769,13/11/24,32,H,621267,2,18709,1,0.03,4,False,,0.864,0.783,76.8,0,146215,libre_inversion
CAND-03771,6/10/24,18,M,1400855,28,52771,11,0.403,4,False,,0.503,0.762,75.7,0,946191,avance_efectivo
CAND-03772,12/11/24,34,H,883917,36,91101,17,0.426,2,False,,0.565,0.423,57.8,0,907458,compra_cartera
CAND-03773,8/10/24,37,H,1167280,6,65937,4,0.12,1,False,,0.656,0.78,70.7,0,510360,libre_inversion
CAND-03774,2/12/24,34,M,1198416,43,23293,20,0.498,2,False,,0.811,0.77,40.1,0,690551,libre_inversion
CAND-03775,28/11/24,29,M,1111263,11,17789,4,0.18,2,False,,0.754,0.471,19.7,0,470022,avance_efectivo
CAND-03777,6/12/24,39,M,1252177,7,47008,5,0.382,2,True,752.0,0.871,0.576,39.5,0,500678,libre_inversion
CAND-03778,24/11/24,23,NB,930216,4,52695,3,0.081,5,True,714.0,0.725,0.722,11.5,0,507673,avance_efectivo
CAND-03780,5/12/24,20,M,1027690,3,30719,0,0.329,1,False,,0.91,0.89,63.1,0,694872,avance_efectivo
CAND-03782,14/12/24,39,M,900054,22,104781,14,0.222,4,True,551.0,0.509,0.677,51.2,0,536947,avance_efectivo
CAND-03783,6/12/24,32,H,2339284,3,40967,1,0.502,1,False,,0.766,0.705,61.2,0,1970566,libre_inversion
CAND-03784,11/11/24,29,H,2572875,23,30783,18,0.236,1,False,,0.768,0.695,45.6,0,100000,libre_inversion
CAND-03785,22/11/24,35,M,551174,22,81982,14,0.501,2,False,,0.62,0.721,38.0,0,650720,libre_inversion
CAND-03786,25/12/24,31,H,724525,1,33526,0,0.594,2,True,654.0,0.707,0.792,43.2,0,733712,libre_inversion
CAND-03787,9/11/24,38,H,776278,39,47118,10,0.423,3,False,,0.645,0.787,55.4,0,1088176,avance_efectivo
CAND-03788,25/11/24,29,M,1204138,15,45827,4,0.705,3,True,745.0,0.858,0.548,35.5,0,435714,compra_cartera
CAND-03790,21/11/24,35,H,856125,2,153516,0,0.264,3,True,760.0,0.841,0.76,42.7,0,233234,compra_cartera
CAND-03792,25/10/24,28,NB,753046,22,72696,9,0.072,1,False,,,0.52,74.3,0,419522,libre_inversion
CAND-03793,18/11/24,36,H,1444466,8,41403,6,0.629,3,False,,0.652,0.756,39.6,0,363987,libre_inversion
CAND-03794,2/12/24,25,H,1980582,49,43111,23,0.481,4,True,651.0,0.372,0.625,69.5,0,1141722,compra_cartera
CAND-03796,26/11/24,25,H,672941,1,64276,1,0.782,2,True,561.0,0.789,0.753,37.3,0,1626558,avance_efectivo
CAND-03797,21/12/24,31,M,1297219,40,16108,25,0.292,3,True,649.0,,0.637,57.3,0,413886,avance_efectivo
CAND-03799,9/11/24,52,H,875755,18,15631,15,0.268,1,True,728.0,0.729,0.936,22.8,0,1534085,avance_efectivo
CAND-03801,30/12/24,29,H,459773,1,122124,0,0.45,5,True,649.0,0.721,0.615,75.0,0,172737,avance_efectivo
CAND-03803,2/12/24,37,H,1270735,14,18315,8,0.167,2,False,,0.743,,78.8,0,756515,libre_inversion
CAND-03804,30/12/24,36,H,1341386,14,142568,4,0.329,1,True,649.0,0.723,0.839,42.3,0,359279,compra_cartera
CAND-03805,9/10/24,26,H,1541788,24,40725,12,0.33,2,False,,0.7,,49.7,0,784884,avance_efectivo
CAND-03807,25/12/24,45,H,1053641,14,18763,5,0.345,3,True,708.0,0.755,0.381,55.8,0,192266,libre_inversion
CAND-03808,24/11/24,46,M,826021,37,10729,21,0.253,2,True,653.0,0.805,0.511,73.0,0,927345,avance_efectivo
CAND-03809,17/12/24,43,H,2228090,5,19148,3,0.361,4,False,,0.806,,39.8,0,361548,compra_cartera
CAND-03810,9/11/24,26,H,1070194,22,13946,10,0.5,4,False,,0.707,0.731,4.1,0,550667,libre_inversion
CAND-03811,27/12/24,40,M,956451,13,20404,7,0.425,2,True,750.0,0.853,0.313,26.6,0,716933,avance_efectivo
CAND-03812,17/12/24,39,M,1171007,28,17626,17,0.755,5,True,533.0,0.723,0.388,58.1,0,329276,libre_inversion
CAND-03815,25/11/24,41,H,1466173,13,76135,9,0.134,4,False,,,0.677,41.8,0,442179,compra_cartera
CAND-03816,24/11/24,40,M,2820642,20,58322,15,0.202,1,False,,0.859,0.77,49.1,0,351786,avance_efectivo
CAND-03817,6/11/24,22,M,1157593,23,138897,12,0.451,2,True,559.0,0.689,0.857,13.0,0,215866,libre_inversion
CAND-03818,10/11/24,37,M,1531526,9,36585,4,0.166,1,False,,0.598,0.144,59.2,0,602127,libre_inversion
CAND-03820,30/12/24,38,M,902101,25,29456,11,0.197,4,False,,0.671,0.902,100.0,0,557276,libre_inversion
CAND-03821,16/11/24,38,M,684542,4,80139,1,0.736,3,False,,0.778,0.786,46.7,0,671496,libre_inversion
CAND-03823,29/10/24,37,M,1457049,1,87341,0,0.416,1,True,680.0,0.421,0.743,37.6,0,515332,compra_cartera
CAND-03824,28/11/24,18,M,4177437,1,36455,1,0.556,2,True,597.0,0.757,,61.8,0,307464,compra_cartera
CAND-03825,28/12/24,32,M,1348600,7,10656,1,0.649,1,True,798.0,0.664,0.619,57.4,0,173504,libre_inversion
CAND-03826,14/12/24,26,M,1222896,20,29065,11,0.486,3,True,765.0,0.653,,43.7,0,756413,avance_efectivo
CAND-03828,25/11/24,22,M,975886,6,31391,2,0.356,2,True,548.0,0.589,0.506,50.6,0,606608,compra_cartera
CAND-03829,6/12/24,27,M,863238,14,33027,5,0.674,1,True,659.0,0.58,0.66,74.5,0,869401,libre_inversion
CAND-03830,13/12/24,45,M,1350247,6,100358,3,0.463,1,False,,0.703,0.858,39.7,0,2348724,libre_inversion
CAND-03831,27/11/24,44,H,917839,38,49567,15,0.412,2,True,689.0,0.893,0.541,54.5,0,968767,avance_efectivo
CAND-03832,21/12/24,43,M,1211151,39,56776,19,0.547,4,False,,0.538,0.594,67.8,0,1573316,libre_inversion
CAND-03833,18/12/24,38,M,1664659,10,40567,4,0.777,4,False,,0.574,0.747,100.0,0,1018208,compra_cartera
CAND-03835,22/12/24,23,NB,1815172,8,191484,6,0.445,4,True,824.0,0.804,0.727,19.9,0,447048,libre_inversion
CAND-03838,12/12/24,32,H,1353716,6,16059,1,0.428,3,True,701.0,0.837,0.492,74.9,0,1070716,libre_inversion
CAND-03840,2/12/24,18,M,1821446,46,17572,23,0.813,3,False,,0.541,0.815,15.4,8193,383795,libre_inversion
CAND-03842,30/12/24,37,M,1578529,10,79517,8,0.18,5,True,635.0,0.551,0.422,53.2,0,435326,compra_cartera
CAND-03843,8/12/24,34,M,2027883,1,18539,1,0.598,3,True,654.0,0.686,0.903,74.3,0,534085,libre_inversion
CAND-03844,12/12/24,37,M,753348,8,18937,1,0.467,3,False,,0.833,0.553,60.9,0,268136,libre_inversion
CAND-03845,25/11/24,25,M,583816,11,16338,7,0.86,1,True,723.0,,0.765,85.8,0,416725,compra_cartera
CAND-03846,31/12/24,40,H,1866581,14,34791,6,0.298,1,False,,0.902,0.748,30.3,0,1276104,libre_inversion
CAND-03847,25/11/24,44,M,1013117,14,25190,12,0.253,2,False,,0.532,0.735,39.1,0,898820,compra_cartera
CAND-03849,11/12/24,41,M,514585,2,10115,4,0.242,2,False,,0.916,0.683,31.9,0,405480,avance_efectivo
CAND-03850,30/11/24,54,M,536815,1,24857,1,0.574,2,True,751.0,0.785,0.723,61.6,0,928837,libre_inversion
CAND-03851,19/11/24,31,M,593101,1,56815,2,0.506,1,True,615.0,0.851,0.804,36.1,0,614679,libre_inversion
CAND-03853,23/10/24,32,M,1079876,2,138474,0,0.123,4,True,688.0,0.805,0.775,94.9,0,550556,libre_inversion
CAND-03854,3/11/24,37,M,1493137,5,96607,0,0.699,1,True,778.0,0.544,0.79,72.4,0,462910,avance_efectivo
CAND-03855,7/12/24,34,H,837024,5,53001,3,0.557,4,False,,0.459,0.834,48.2,0,461410,avance_efectivo
CAND-03857,7/12/24,24,M,1779859,2,17113,2,0.744,4,False,,0.653,0.371,59.7,0,1182336,avance_efectivo
CAND-03858,19/12/24,44,H,1020269,7,85898,4,0.163,2,False,,0.87,0.835,29.9,0,720731,avance_efectivo
CAND-03861,11/11/24,36,M,1310768,10,52013,6,0.53,3,True,709.0,0.444,0.795,55.9,0,465996,libre_inversion
CAND-03862,27/12/24,54,M,1021712,24,110482,9,0.134,2,True,679.0,0.817,0.535,86.9,0,342472,libre_inversion
CAND-03863,30/12/24,32,M,1892558,12,21109,8,0.419,4,True,752.0,0.614,0.76,35.9,0,1331711,avance_efectivo
CAND-03865,19/12/24,35,M,2814101,1,24904,0,0.621,3,False,,0.705,,56.2,0,694455,compra_cartera
CAND-03866,16/11/24,25,H,741872,44,60913,24,0.436,1,True,432.0,0.56,0.857,83.2,0,2434285,libre_inversion
CAND-03867,21/12/24,26,H,2086133,6,68301,1,0.396,4,False,,0.844,0.828,29.6,0,666375,libre_inversion
CAND-03868,3/12/24,38,M,719955,28,44389,12,0.138,4,False,,0.713,0.469,53.8,0,873672,libre_inversion
CAND-03869,27/11/24,30,M,2072810,35,8786,19,0.228,4,False,,0.623,0.645,41.4,0,914476,libre_inversion
CAND-03870,19/12/24,47,H,2017124,60,56717,30,0.383,2,False,,0.613,0.754,76.4,0,1416228,compra_cartera
CAND-03873,27/11/24,37,M,1612876,60,23454,34,0.315,1,True,589.0,0.302,0.698,60.1,0,235715,libre_inversion
CAND-03874,21/11/24,27,H,1563643,43,27325,15,0.407,4,True,679.0,0.466,0.372,64.0,0,666834,libre_inversion
CAND-03875,29/11/24,38,H,1314375,13,89977,8,0.324,5,True,710.0,0.731,0.886,88.9,0,330537,libre_inversion
CAND-03877,6/12/24,38,H,1756606,19,98550,5,0.344,4,False,,0.596,0.805,19.9,0,978368,libre_inversion
CAND-03879,28/12/24,35,M,1199918,27,29522,11,0.267,1,False,,0.661,0.774,50.0,0,620347,libre_inversion
CAND-03882,31/12/24,38,M,1895527,5,70055,1,0.456,1,False,,0.721,0.559,50.5,0,436196,compra_cartera
CAND-03884,12/11/24,41,H,25.955.865.051.818.500,35,51578,15,0.383,1,False,,0.3,0.648,94.5,0,1249534,libre_inversion
CAND-03885,20/10/24,58,M,1425733,4,20389,2,0.63,2,True,650.0,0.836,0.803,43.4,0,1159909,avance_efectivo
CAND-03886,2/12/24,18,H,514542,15,92815,6,0.688,1,True,602.0,0.678,,91.1,0,836760,libre_inversion
CAND-03887,28/12/24,46,H,673342,1,100398,0,0.22,1,False,,0.733,0.635,59.7,0,190738,avance_efectivo
CAND-03889,22/10/24,38,M,1510168,12,73390,11,0.437,1,True,530.0,0.563,0.72,42.5,0,1299030,libre_inversion
CAND-03890,2/11/24,43,H,3838573,4,33802,2,0.624,3,True,748.0,0.753,0.773,43.3,0,784469,avance_efectivo
CAND-03891,2/12/24,49,H,1627411,2,16421,1,0.413,2,False,,0.753,0.541,73.5,0,523623,libre_inversion
CAND-03892,19/11/24,22,H,1773943,52,16196,16,0.614,1,True,588.0,0.441,0.79,87.0,0,243842,libre_inversion
CAND-03896,7/12/24,41,H,1495882,6,64181,5,0.259,1,False,,0.745,0.772,63.2,0,280931,libre_inversion
CAND-03899,23/11/24,45,H,1322909,6,83834,0,0.327,4,True,760.0,0.916,0.546,47.0,0,2482525,libre_inversion
CAND-03900,28/11/24,37,H,2426807,1,83579,0,0.478,1,True,618.0,0.532,0.685,50.5,0,425541,libre_inversion
CAND-03902,20/12/24,50,M,1209761,9,86898,2,0.885,4,False,,,0.422,49.2,0,1038813,libre_inversion
CAND-03903,16/12/24,38,M,891012,9,44472,4,0.404,3,True,663.0,0.638,0.406,52.8,0,510859,libre_inversion
CAND-03905,14/12/24,36,M,999921,1,20998,4,0.452,1,True,651.0,0.737,0.613,69.5,0,1897083,libre_inversion
CAND-03907,15/10/24,53,M,1394356,7,22327,4,0.136,2,True,636.0,0.792,0.539,32.6,0,1097235,libre_inversion
CAND-03908,31/12/24,44,H,927812,19,46026,9,0.47,1,True,519.0,0.706,0.682,18.0,0,2102800,compra_cartera
CAND-03909,10/11/24,34,H,1035984,6,61015,6,0.306,1,False,,0.397,0.364,60.4,0,799710,libre_inversion
CAND-03910,8/11/24,47,M,482215,1,70976,1,0.454,3,False,,0.594,0.631,37.9,0,513350,libre_inversion
CAND-03911,11/11/24,24,M,650168,1,36473,0,0.368,1,True,605.0,0.733,0.901,61.7,0,469173,compra_cartera
CAND-03912,26/12/24,53,H,796241,31,8699,15,0.636,3,False,,0.841,,61.0,0,361835,libre_inversion
CAND-03913,15/11/24,39,NB,1134426,3,59199,3,0.439,1,False,,0.717,0.833,65.0,0,787651,avance_efectivo
CAND-03915,7/12/24,38,H,907163,1,25188,1,0.297,2,False,,0.751,0.798,67.6,0,160606,avance_efectivo
CAND-03916,17/12/24,38,M,1782667,10,14283,7,0.253,3,True,647.0,0.845,0.778,21.2,0,1071967,libre_inversion
CAND-03918,26/10/24,39,H,727565,3,57739,2,0.161,3,True,711.0,0.83,0.491,69.0,0,345967,libre_inversion
CAND-03920,17/12/24,18,H,1187829,41,25041,22,0.484,5,True,641.0,0.546,0.714,37.2,0,1353226,libre_inversion
CAND-03923,19/12/24,18,NB,2087764,4,6619,3,0.558,1,True,520.0,0.618,0.808,84.1,0,488869,compra_cartera
CAND-03924,30/11/24,32,M,1247483,1,36355,0,0.624,1,False,,0.383,0.718,33.3,0,820493,libre_inversion
CAND-03925,22/12/24,18,H,1679976,12,137541,7,0.441,1,False,,0.638,0.781,25.1,0,1110836,avance_efectivo
CAND-03926,15/11/24,30,H,1156194,26,107039,16,0.148,5,False,,0.694,0.663,40.5,0,486551,libre_inversion
CAND-03927,26/12/24,37,M,1121367,22,30497,14,0.565,1,False,,0.634,0.539,48.5,0,1157570,avance_efectivo
CAND-03929,31/10/24,34,H,1552104,4,41660,0,0.355,1,False,,0.736,0.904,66.8,0,523397,libre_inversion
CAND-03931,31/12/24,31,H,1690130,50,36080,35,0.155,3,False,,0.476,0.905,43.1,0,250603,libre_inversion
CAND-03932,1/10/24,45,H,568444,1,72345,0,0.265,1,True,552.0,0.658,0.659,15.0,0,298790,avance_efectivo
CAND-03933,28/12/24,45,M,606206,14,83345,5,0.624,2,True,670.0,0.732,0.854,76.8,0,602388,avance_efectivo
CAND-03934,11/12/24,29,M,2291077,23,51273,16,0.139,2,True,706.0,0.707,0.628,71.0,0,302336,libre_inversion
CAND-03935,14/11/24,42,M,604458,5,10064,3,0.407,4,False,,0.81,0.886,63.1,0,369821,avance_efectivo
CAND-03936,5/12/24,37,H,799257,11,40838,1,0.576,3,False,,0.417,0.904,64.2,0,370629,libre_inversion
CAND-03937,29/11/24,34,NB,570131,14,101027,2,0.525,3,True,627.0,0.744,0.856,56.1,0,313253,libre_inversion
CAND-03938,4/11/24,55,M,1143441,8,82483,4,0.539,1,False,,0.482,0.825,63.5,0,797869,libre_inversion
CAND-03939,7/12/24,64,H,2337162,14,27133,7,0.359,3,True,766.0,0.723,0.756,61.7,0,1406,libre_inversion
CAND-03941,16/10/24,45,M,799487,11,43631,5,0.506,5,True,675.0,0.402,0.724,58.8,0,654897,compra_cartera
CAND-03942,14/12/24,26,H,1177867,8,103217,3,0.346,2,True,560.0,0.49,0.796,68.5,0,627766,libre_inversion
CAND-03945,8/12/24,34,M,867854,8,36662,9,0.155,4,True,680.0,0.677,0.637,35.2,0,994062,avance_efectivo
CAND-03946,29/12/24,53,H,1020876,10,72060,10,0.614,4,True,757.0,0.86,0.718,25.4,0,275260,libre_inversion
CAND-03947,21/11/24,38,H,2882092,3,26400,0,0.802,3,True,639.0,0.838,0.678,44.3,0,286627,libre_inversion
CAND-03948,13/12/24,31,NB,603485,7,20514,0,0.293,1,False,,0.672,0.531,72.8,0,144632,libre_inversion
CAND-03949,5/11/24,27,M,1378916,23,14967,10,0.321,1,False,,0.852,0.87,65.6,0,100000,libre_inversion
CAND-03950,27/12/24,34,M,640540,30,52497,14,0.328,2,True,593.0,0.688,0.542,84.2,0,396644,compra_cartera
CAND-03951,9/11/24,18,NB,2354880,57,33206,27,0.081,2,False,,0.617,0.424,100.0,0,1839016,compra_cartera
CAND-03952,15/10/24,32,M,911185,12,121634,5,0.445,4,False,,,0.585,47.2,0,244722,libre_inversion
CAND-03953,1/11/24,24,H,744274,8,35147,3,0.153,2,False,,0.475,0.893,26.1,0,1759474,libre_inversion
CAND-03954,17/11/24,50,H,817377,26,47381,19,0.438,4,True,616.0,0.826,0.48,27.0,0,349682,libre_inversion
CAND-03956,1/11/24,58,H,2712172,3,193807,2,0.588,4,False,,0.248,0.803,73.5,0,617521,libre_inversion
CAND-03957,9/11/24,24,M,1229424,60,22237,29,0.732,1,False,,0.667,0.462,5.6,0,513135,avance_efectivo
CAND-03959,14/11/24,35,M,1016880,15,12367,9,0.281,3,True,658.0,0.501,0.78,48.0,0,1175479,avance_efectivo
CAND-03960,4/11/24,34,H,988638,15,26025,8,0.145,5,False,,0.721,0.707,74.1,0,1040477,avance_efectivo
CAND-03961,13/11/24,47,H,1015793,3,8216,0,0.132,4,True,641.0,0.851,,30.5,0,399240,libre_inversion
CAND-03962,1/12/24,44,H,1135135,11,72042,5,0.238,3,False,,0.611,0.592,47.2,0,2267752,compra_cartera
CAND-03963,12/12/24,49,M,2616822,7,59957,2,0.629,1,False,,0.871,0.871,55.3,0,610906,compra_cartera
CAND-03964,20/12/24,18,M,784651,5,35204,5,0.523,5,True,651.0,0.675,0.445,58.7,0,577677,libre_inversion
CAND-03965,26/11/24,37,H,1904128,14,61672,5,0.323,1,True,667.0,0.693,0.924,45.3,0,713769,libre_inversion
CAND-03966,22/11/24,38,H,908204,14,124671,6,0.295,2,False,,0.828,0.732,39.4,0,528076,libre_inversion
CAND-03967,26/11/24,46,H,2183860,7,45488,5,0.511,4,False,,0.838,0.766,60.9,0,859946,compra_cartera
CAND-03969,2/11/24,49,H,988487,18,20967,12,0.394,2,False,,0.612,0.698,36.4,0,310012,compra_cartera
CAND-03970,17/12/24,34,H,1093546,1,102772,1,0.336,4,False,,0.536,0.592,59.5,0,754233,compra_cartera
CAND-03971,27/12/24,34,NB,740842,12,22000,4,0.455,3,True,676.0,0.47,,79.1,0,331988,compra_cartera
CAND-03972,17/12/24,31,M,1415888,13,78549,6,0.397,1,True,620.0,0.909,0.705,43.6,0,553034,libre_inversion
CAND-03973,28/10/24,49,M,1397854,1,21950,0,0.478,2,False,,0.747,0.529,15.7,0,302676,libre_inversion
CAND-03974,6/12/24,36,M,1740397,5,17153,4,0.213,1,False,,0.667,0.807,19.9,0,405544,libre_inversion
CAND-03975,8/12/24,23,M,704285,1,36610,3,0.516,2,False,,0.608,0.534,49.7,0,443800,compra_cartera
CAND-03977,21/12/24,25,M,1937927,24,137150,15,0.425,3,True,677.0,0.697,0.623,66.5,0,927920,libre_inversion
CAND-03978,10/10/24,46,H,1936646,33,41529,12,0.194,1,False,,0.836,0.693,80.6,0,948737,compra_cartera
CAND-03979,18/11/24,31,M,1566687,2,87143,1,0.425,1,False,,0.615,0.586,74.5,0,1898548,compra_cartera
CAND-03980,4/12/24,35,H,908590,4,57840,1,0.778,1,True,647.0,0.685,0.84,85.2,0,244365,libre_inversion
CAND-03981,10/11/24,50,M,1084914,9,41901,3,0.429,4,False,,0.819,0.809,28.2,0,816070,avance_efectivo
CAND-03982,22/12/24,51,H,632806,16,71895,10,0.743,3,False,,0.835,0.704,37.7,0,495895,libre_inversion
CAND-03984,20/12/24,39,M,1443543,24,8183,11,0.57,5,True,704.0,0.588,0.811,74.9,0,685323,libre_inversion
CAND-03985,16/11/24,25,M,1127376,17,16656,8,0.379,1,False,,0.865,0.715,72.9,0,825887,compra_cartera
CAND-03986,17/11/24,18,M,998965,13,11183,13,0.32,1,False,,0.766,0.882,70.2,0,376575,avance_efectivo
CAND-03987,21/11/24,42,M,1085445,4,61281,0,0.416,1,True,560.0,0.634,0.486,88.3,0,711395,compra_cartera
CAND-03989,25/11/24,35,H,493167,18,45279,12,0.348,1,True,666.0,,0.78,53.3,0,653681,compra_cartera
CAND-03990,1/12/24,26,M,609477,7,40039,3,0.039,1,False,,0.617,0.725,5.9,0,558783,libre_inversion
CAND-03991,5/10/24,38,H,2543543,5,36362,3,0.255,2,True,607.0,0.428,0.696,86.1,0,1161574,libre_inversion
CAND-03993,6/12/24,37,H,383318,20,51331,10,0.343,2,False,,0.775,0.729,74.5,0,287529,compra_cartera
CAND-03994,13/11/24,36,M,1109565,43,39471,23,0.14,1,False,,0.789,0.838,25.1,0,732134,libre_inversion
CAND-03995,12/11/24,29,H,810525,21,14829,7,0.286,1,True,576.0,0.804,,37.9,0,861875,libre_inversion
CAND-03996,20/11/24,35,H,1256494,5,64552,3,0.193,3,False,,0.429,0.438,66.8,0,600684,avance_efectivo
CAND-03997,6/12/24,21,H,952553,10,26195,10,0.095,1,True,695.0,0.715,0.526,29.3,0,320809,libre_inversion
CAND-03999,10/11/24,31,H,1602129,4,62655,1,0.27,2,False,,0.585,0.833,57.2,0,605015,libre_inversion
CAND-04000,9/12/24,27,H,758228,2,31774,1,0.396,3,False,,0.867,0.822,50.8,0,407798,libre_inversion
