application_id,application_date,age,sexo,monthly_income_declared,app_tenure_months,avg_monthly_topups,num_transactions_last_90d,pct_p2p_transfers,device_price_tier,has_bureau_record,bureau_score,utility_payment_ontime_rate,telco_payment_ontime_rate,digital_engagement_score,monto_bono_referidos,requested_amount,product_type,disbursed_flag
CAND-02052,01/01/24,22,M,1149897,7,14838,2,0.712,3,FALSE,,0.524,0.728,52.7,0,1160359,compra_cartera,TRUE
CAND-00752,01/01/24,33,M,616023,11,51171,3,0.288,3,FALSE,,0.822,0.938,50.3,0,273514,libre_inversion,TRUE
CAND-00542,01/01/24,43,M,3064570,7,31961,6,0.36,1,FALSE,,0.547,0.915,81.2,0,283447,libre_inversion,TRUE
CAND-01204,01/01/24,34,H,1817355,7,43710,3,0.515,2,FALSE,,0.501,0.922,59.6,0,741165,libre_inversion,TRUE
CAND-02825,01/01/24,30,M,879261,5,37064,2,0.544,4,TRUE,530,0.697,0.738,19.5,0,167681,avance_efectivo,TRUE
CAND-00041,01/01/24,33,M,1058109,10,94087,5,0.29,3,TRUE,671,0.882,0.785,71.9,0,450975,avance_efectivo,TRUE
CAND-02119,01/01/24,30,M,1666860,7,47544,2,0.362,2,TRUE,608,0.652,0.562,59.4,0,1943117,libre_inversion,TRUE
CAND-01906,01/01/24,26,H,612921,11,43080,3,0.401,3,FALSE,,0.722,0.821,81.4,0,217470,libre_inversion,TRUE
CAND-00216,01/01/24,44,M,1116303,2,39277,3,0.566,3,FALSE,,0.906,0.432,38.3,0,948963,compra_cartera,TRUE
CAND-00900,01/01/24,18,H,1710183,6,19957,3,0.423,2,TRUE,547,0.662,0.701,69.6,0,560432,compra_cartera,TRUE
CAND-00611,01/01/24,52,H,1138372,12,64233,6,0.3,2,FALSE,,0.739,0.72,57.7,0,954515,libre_inversion,TRUE
CAND-01966,01/01/24,23,M,948986,7,89729,2,0.26,4,TRUE,729,,0.719,76.4,0,1487092,avance_efectivo,TRUE
CAND-01433,01/01/24,45,H,1373462,1,63814,2,0.568,2,FALSE,,0.637,0.717,34.7,0,1358436,compra_cartera,TRUE
CAND-00139,02/01/24,38,H,711816,12,12348,6,0.493,1,FALSE,,0.697,,32.8,0,508978,avance_efectivo,TRUE
CAND-01203,02/01/24,27,H,575284,4,45156,4,0.367,2,FALSE,,0.882,0.695,45.5,0,583882,avance_efectivo,TRUE
CAND-02965,02/01/24,31,NB,885475,7,52610,2,0.311,3,TRUE,799,0.542,0.8,77.9,0,1134938,libre_inversion,TRUE
CAND-00941,02/01/24,41,H,1566378,15,30012,9,0.28,2,FALSE,,0.955,0.63,32,0,306144,libre_inversion,TRUE
CAND-00841,02/01/24,36,M,2083011,22,28737,12,0.357,1,FALSE,,0.956,0.909,39.9,0,1057778,libre_inversion,TRUE
CAND-02808,02/01/24,37,M,1534142,6,15431,1,0.734,3,FALSE,,,0.908,41.7,0,451621,libre_inversion,TRUE
CAND-02996,02/01/24,24,H,883507,20,83700,6,0.763,1,TRUE,838,0.442,0.593,76.6,0,501687,libre_inversion,TRUE
CAND-00685,02/01/24,31,M,1367716,4,17577,0,0.148,3,FALSE,,,0.848,35.1,0,998227,avance_efectivo,FALSE
CAND-02186,02/01/24,46,H,434014,10,57079,9,0.624,3,FALSE,,0.84,0.907,38.4,0,1649418,libre_inversion,TRUE
CAND-02901,03/01/24,48,M,1714773,2,14201,2,0.092,5,FALSE,,0.706,0.893,42,0,412404,libre_inversion,TRUE
CAND-00576,03/01/24,47,H,1543329,16,47974,7,0.613,1,TRUE,760,0.456,0.613,86.9,0,2207363,compra_cartera,TRUE
CAND-02102,03/01/24,32,H,1367693,4,37363,2,0.777,4,FALSE,,0.8,0.697,27.9,0,1844593,libre_inversion,TRUE
CAND-01201,03/01/24,29,M,2017745,29,57025,14,0.424,3,FALSE,,0.957,,67.4,0,1352506,libre_inversion,TRUE
CAND-02767,03/01/24,35,M,1926277,12,36831,6,0.302,1,FALSE,,0.673,0.602,29.6,0,787611,avance_efectivo,TRUE
CAND-02270,03/01/24,24,H,1072830,11,129788,7,0.289,3,TRUE,632,0.681,0.887,62.5,0,256490,compra_cartera,TRUE
CAND-02702,03/01/24,51,H,1696442,20,3811,10,0.47,4,FALSE,,0.933,0.909,22.1,0,379416,libre_inversion,TRUE
CAND-00426,03/01/24,36,H,1682456,5,67489,2,0.109,2,TRUE,650,0.788,0.361,64.5,0,2698698,avance_efectivo,TRUE
CAND-01789,03/01/24,35,H,885891,12,4456,10,0.434,1,TRUE,633,0.869,0.619,49.8,0,1544428,compra_cartera,TRUE
CAND-02640,03/01/24,49,M,1763944,11,29664,8,0.28,3,TRUE,710,0.805,0.844,31.1,0,716946,libre_inversion,TRUE
CAND-01863,03/01/24,29,H,1586948,30,71022,14,0.289,3,TRUE,591,0.591,0.642,69.6,0,282336,libre_inversion,TRUE
CAND-02927,03/01/24,45,M,596247,7,10120,5,0.414,1,TRUE,640,0.94,0.692,40.3,0,846965,compra_cartera,TRUE
CAND-00653,03/01/24,30,H,1626809,26,25746,8,0.577,2,FALSE,,0.554,,51.9,0,984754,compra_cartera,TRUE
CAND-01566,03/01/24,32,M,1142335,15,61112,8,0.261,1,TRUE,555,0.715,,37.3,0,470246,compra_cartera,TRUE
CAND-00999,03/01/24,18,NB,663358,17,66127,3,0.273,1,TRUE,697,0.865,0.739,72.7,0,568563,libre_inversion,TRUE
CAND-01008,03/01/24,42,H,3242342,9,81943,2,0.182,4,FALSE,,0.897,0.339,47.7,0,2576964,libre_inversion,TRUE
CAND-01060,03/01/24,52,H,1312358,2,34438,0,0.302,1,FALSE,,0.973,0.711,84,0,534012,libre_inversion,TRUE
CAND-00993,03/01/24,24,H,1214624,18,41025,7,0.271,2,FALSE,,0.92,0.892,69.2,0,349534,avance_efectivo,TRUE
CAND-02028,03/01/24,45,H,1056151,8,56247,0,0.415,2,FALSE,,0.524,0.927,66.4,0,559851,avance_efectivo,TRUE
CAND-02004,04/01/24,20,M,1283784,6,29122,1,0.558,2,FALSE,,0.891,0.634,58.9,0,642467,libre_inversion,TRUE
CAND-01476,04/01/24,23,M,1531868,6,37576,7,0.353,2,TRUE,491,0.682,0.811,91.1,0,842076,libre_inversion,TRUE
CAND-00330,04/01/24,26,M,1653234,1,17658,1,0.248,3,TRUE,646,0.774,0.736,32.2,0,598591,compra_cartera,TRUE
CAND-00387,04/01/24,39,M,595531,37,107209,21,0.285,1,TRUE,590,,0.884,36.8,0,305892,libre_inversion,TRUE
CAND-00271,04/01/24,20,M,1273125,12,35262,4,0.447,3,TRUE,873,0.686,,21.4,0,245343,avance_efectivo,TRUE
CAND-02666,04/01/24,41,M,1510839,2,34764,1,0.162,2,TRUE,787,0.673,0.753,59.7,0,294155,libre_inversion,TRUE
CAND-00020,04/01/24,36,H,1047159,9,21234,3,0.229,3,FALSE,,0.637,0.607,0,0,1015232,libre_inversion,TRUE
CAND-00557,05/01/24,27,H,1429832,6,18968,2,0.393,4,FALSE,,0.914,0.776,49.5,20070,697460,avance_efectivo,TRUE
CAND-02487,05/01/24,31,M,561241,1,52116,1,0.266,1,TRUE,597,0.74,0.657,36.1,0,159899,avance_efectivo,TRUE
CAND-02415,05/01/24,23,H,676051,12,42286,6,0.744,5,FALSE,,0.872,0.569,35.7,0,3876776,libre_inversion,TRUE
CAND-00942,05/01/24,28,H,689547,21,118011,12,0.348,3,FALSE,,0.775,,83.8,0,402751,libre_inversion,TRUE
CAND-02858,05/01/24,46,M,1002292,4,15341,3,0.62,2,FALSE,,0.732,0.651,49.4,0,1022416,libre_inversion,TRUE
CAND-01519,05/01/24,34,M,2836974,6,23273,7,0.458,1,FALSE,,0.895,,70.2,0,529629,libre_inversion,TRUE
CAND-01698,05/01/24,36,H,1819606,12,50355,2,0.679,2,FALSE,,0.791,0.734,79.2,0,1777687,compra_cartera,TRUE
CAND-01974,05/01/24,43,M,875541,20,66921,5,0.695,1,FALSE,,0.914,,67.1,0,1042141,avance_efectivo,TRUE
CAND-01221,05/01/24,18,H,540173,6,20675,5,0.278,5,FALSE,,,0.879,48.2,0,532404,avance_efectivo,TRUE
CAND-02707,05/01/24,18,H,1419078,58,127470,33,0.426,3,TRUE,602,0.902,0.799,58.3,0,1509346,avance_efectivo,TRUE
CAND-01420,05/01/24,34,M,1596783,11,6438,3,0.425,1,FALSE,,0.896,0.638,49.4,0,420750,libre_inversion,TRUE
CAND-02130,05/01/24,37,H,1130066,2,94737,1,0.178,1,TRUE,730,0.877,0.621,49.6,0,1212026,libre_inversion,TRUE
CAND-01175,05/01/24,30,H,885583,11,21091,7,0.565,3,FALSE,,0.814,0.835,83.4,0,933215,libre_inversion,TRUE
CAND-02748,06/01/24,46,H,1249158,23,44244,14,0.067,5,TRUE,617,0.28,0.797,66.3,0,1098955,libre_inversion,TRUE
CAND-02150,06/01/24,18,M,1598273,44,53274,21,0.51,3,FALSE,,0.648,0.289,52.2,0,620838,libre_inversion,TRUE
CAND-02457,06/01/24,56,M,1799206,31,3770,19,0.542,4,TRUE,738,0.7,0.858,48.8,0,243229,avance_efectivo,TRUE
CAND-01841,06/01/24,28,H,2327623,4,33917,3,0.577,2,FALSE,,0.819,0.699,41.8,16702,838119,libre_inversion,TRUE
CAND-00174,06/01/24,23,M,1460892,17,14101,9,0.64,1,TRUE,556,,0.809,72.7,0,826051,compra_cartera,TRUE
CAND-00158,06/01/24,30,H,1512374,26,82458,15,0.475,3,FALSE,,0.957,0.848,49.1,0,1179316,libre_inversion,TRUE
CAND-01970,06/01/24,38,M,1344741,22,18291,11,0.272,1,FALSE,,0.896,0.754,43.7,0,352958,libre_inversion,TRUE
CAND-00743,06/01/24,34,M,1655357,8,35715,3,0.229,1,FALSE,,0.664,0.864,41.8,0,538332,avance_efectivo,TRUE
CAND-02892,06/01/24,40,M,2078615,4,17119,0,0.557,4,FALSE,,0.772,0.365,34,0,603263,libre_inversion,TRUE
CAND-00699,06/01/24,36,NB,912991,18,42154,12,0.19,2,TRUE,742,0.656,0.91,52.1,0,846223,compra_cartera,TRUE
CAND-00523,06/01/24,26,H,2419635,7,49413,5,0.258,1,FALSE,,,,39.7,0,388089,libre_inversion,TRUE
CAND-00541,06/01/24,34,H,1741218,6,21754,1,0.407,4,TRUE,674,0.668,0.872,55.5,0,1009731,libre_inversion,TRUE
CAND-01538,06/01/24,39,NB,1793384,17,71766,8,0.277,5,FALSE,,0.943,0.968,11.2,0,233754,libre_inversion,TRUE
CAND-01649,06/01/24,44,M,722726,10,20176,4,0.169,1,FALSE,,,0.951,55.2,0,633408,compra_cartera,TRUE
CAND-02869,06/01/24,43,M,1929532,23,81919,16,0.255,1,FALSE,,0.87,0.634,54.4,0,1053815,avance_efectivo,TRUE
CAND-00259,07/01/24,54,M,1695886,7,52596,8,0.636,2,FALSE,,0.794,0.605,65.4,0,864386,libre_inversion,TRUE
CAND-01680,07/01/24,25,H,1705965,7,11844,6,0.254,2,TRUE,606,0.524,0.817,31.9,0,1155267,libre_inversion,TRUE
CAND-01856,07/01/24,38,H,1220639,6,87985,2,0.678,4,FALSE,,0.455,0.646,65.5,0,721564,avance_efectivo,TRUE
CAND-00129,07/01/24,28,M,2836646,9,132173,6,0.528,3,FALSE,,0.77,0.589,41.2,0,486419,compra_cartera,TRUE
CAND-02906,07/01/24,46,M,802209,52,61640,31,0.536,2,TRUE,576,0.381,0.758,55.2,0,715636,compra_cartera,TRUE
CAND-00176,07/01/24,40,H,1613391,1,9735,0,0.508,3,TRUE,762,0.814,0.955,0,0,1213788,compra_cartera,TRUE
CAND-02979,07/01/24,28,H,2044696,26,69948,14,0.763,1,TRUE,764,0.758,0.721,62.6,0,649006,compra_cartera,TRUE
CAND-00451,07/01/24,27,M,2602587,29,97579,14,0.082,2,FALSE,,0.821,,51.2,0,1095717,libre_inversion,TRUE
CAND-00310,07/01/24,35,H,1933349,11,19989,4,0.217,2,TRUE,620,0.833,0.726,20.8,0,431201,avance_efectivo,TRUE
CAND-02209,07/01/24,25,H,1453832,49,44720,24,0.174,5,TRUE,561,0.692,0.892,66.4,0,598802,compra_cartera,TRUE
CAND-02165,08/01/24,32,M,965702,16,22179,14,0.264,1,TRUE,547,0.718,0.971,54.7,0,735080,libre_inversion,TRUE
CAND-00258,08/01/24,53,M,1496919,2,59752,3,0.198,1,TRUE,722,0.858,0.674,33.2,0,165285,libre_inversion,TRUE
CAND-02408,08/01/24,33,M,937917,6,95905,3,0.477,3,TRUE,524,0.446,,18.3,0,313223,avance_efectivo,TRUE
CAND-01634,08/01/24,18,M,1537290,51,37148,20,0.836,3,FALSE,,0.807,0.807,29.9,0,1281970,libre_inversion,TRUE
CAND-00076,08/01/24,40,H,1974303,53,43768,20,0.534,4,FALSE,,0.833,0.905,48.1,0,1184405,avance_efectivo,TRUE
CAND-02501,08/01/24,45,H,1310560,5,46486,4,0.675,3,FALSE,,0.743,0.93,59.2,0,1168456,libre_inversion,TRUE
CAND-02407,08/01/24,42,M,2370705,1,103640,2,0.359,1,TRUE,707,0.556,0.86,49.1,0,217150,libre_inversion,TRUE
CAND-02368,09/01/24,26,M,1060509,19,53302,11,0.08,1,TRUE,706,0.815,0.602,41.1,0,423218,avance_efectivo,TRUE
CAND-00854,09/01/24,39,M,1679155,3,99786,2,0.401,3,TRUE,768,,0.724,78,0,746303,libre_inversion,TRUE
CAND-02477,09/01/24,36,H,3702669,2,11750,0,0.428,1,FALSE,,0.701,0.78,45,0,760650,libre_inversion,TRUE
CAND-00806,09/01/24,42,H,873652,36,71939,17,0.029,5,FALSE,,0.886,0.517,68.4,0,406082,avance_efectivo,TRUE
CAND-02502,09/01/24,38,M,760523,1,38106,0,0.046,1,FALSE,,0.508,0.762,59.2,0,3102803,libre_inversion,TRUE
CAND-02897,09/01/24,30,M,2636367,3,52321,3,0.302,1,TRUE,791,0.882,0.591,81.4,0,1664036,libre_inversion,TRUE
CAND-02815,09/01/24,47,H,1638556,44,37595,24,0.619,3,FALSE,,0.549,0.874,54.5,0,376683,avance_efectivo,TRUE
CAND-02162,09/01/24,35,M,707623,7,76316,5,0.488,1,TRUE,610,0.909,0.799,46.1,0,314130,libre_inversion,TRUE
CAND-02774,09/01/24,37,M,437164,43,74568,21,0.302,2,FALSE,,0.804,0.763,16.7,0,798349,compra_cartera,TRUE
CAND-02836,09/01/24,49,H,676253,21,28873,10,0.405,1,FALSE,,0.515,,36.7,0,651552,avance_efectivo,TRUE
CAND-00647,10/01/24,44,M,1008525,18,91717,7,0.594,1,TRUE,746,0.666,0.809,26,0,190797,libre_inversion,TRUE
CAND-01303,10/01/24,41,H,1128620,14,40179,7,0.042,4,FALSE,,0.679,0.49,53.3,0,418008,libre_inversion,TRUE
CAND-00362,10/01/24,37,H,1908708,3,121979,2,0.259,2,FALSE,,0.851,0.71,78.8,0,456652,compra_cartera,TRUE
CAND-00252,10/01/24,52,H,1135365,7,61848,4,0.296,2,FALSE,,0.507,0.798,47.3,0,1920057,libre_inversion,TRUE
CAND-00616,10/01/24,38,M,678589,23,38614,12,0.25,2,FALSE,,,0.914,38.6,0,725422,avance_efectivo,TRUE
CAND-00697,10/01/24,38,NB,2400148,1,26328,0,0.475,1,TRUE,624,0.535,0.76,67.1,0,931215,libre_inversion,TRUE
CAND-01304,10/01/24,29,M,1170017,1,75868,1,0.103,1,FALSE,,0.581,0.603,37.1,0,221677,compra_cartera,TRUE
CAND-02589,10/01/24,18,H,1141643,6,36284,2,0.299,1,FALSE,,,0.862,45.1,0,469687,libre_inversion,TRUE
CAND-01233,11/01/24,33,M,938185,11,11445,8,0.254,1,TRUE,639,0.856,0.789,61.2,0,1396998,compra_cartera,TRUE
CAND-02831,11/01/24,21,H,772103,22,77352,13,0.304,4,TRUE,688,,,100,0,1052590,avance_efectivo,TRUE
CAND-01636,11/01/24,44,M,1792945,8,37093,2,0.527,3,FALSE,,0.568,0.846,63.2,0,732020,libre_inversion,TRUE
CAND-02001,11/01/24,37,H,1891785,16,11599,6,0.568,2,TRUE,599,0.605,0.815,56.7,0,318743,libre_inversion,TRUE
CAND-02849,11/01/24,35,M,1549105,5,14035,3,0.539,2,FALSE,,0.69,0.605,36.3,0,1003831,libre_inversion,TRUE
CAND-02410,11/01/24,46,H,1803168,36,28533,13,0.476,2,FALSE,,0.773,0.673,74.3,0,604957,avance_efectivo,TRUE
CAND-02053,11/01/24,28,M,2517385,40,59064,19,0.357,1,FALSE,,0.824,0.822,79.8,0,464182,avance_efectivo,TRUE
CAND-01495,11/01/24,60,H,2303154,10,49844,10,0.745,3,FALSE,,0.552,0.81,38.8,0,388029,avance_efectivo,TRUE
CAND-00606,11/01/24,44,M,1934021,3,164369,4,0.33,2,TRUE,818,0.885,0.766,6.6,0,1429404,libre_inversion,TRUE
CAND-02226,11/01/24,49,H,860036,11,25985,5,0.339,2,FALSE,,0.893,0.837,53.4,0,372891,compra_cartera,TRUE
CAND-00147,12/01/24,28,M,1394382,6,19726,2,0.146,1,TRUE,665,,0.859,57.9,0,638434,libre_inversion,FALSE
CAND-01881,12/01/24,20,H,1059668,21,59426,15,0.412,2,FALSE,,,,21.5,0,361390,libre_inversion,TRUE
CAND-01762,12/01/24,44,H,1369699,4,51752,0,0.312,3,TRUE,781,0.731,0.794,35.5,0,1775533,compra_cartera,TRUE
CAND-02356,12/01/24,44,H,1800649,35,56697,18,0.529,1,FALSE,,0.846,0.938,21.8,0,1085884,libre_inversion,TRUE
CAND-00623,12/01/24,31,M,1078597,12,24943,7,0.578,1,TRUE,643,0.796,0.859,24.4,0,620244,libre_inversion,TRUE
CAND-02247,12/01/24,29,M,1593827,19,32256,13,0.358,1,FALSE,,0.727,0.802,79.4,0,306853,libre_inversion,TRUE
CAND-02881,12/01/24,45,H,2244233,7,85596,1,0.319,1,FALSE,,0.798,0.874,56.1,0,452828,avance_efectivo,TRUE
CAND-01312,12/01/24,39,H,400282,18,44658,8,0.298,2,FALSE,,0.656,0.754,85.7,0,621383,compra_cartera,TRUE
CAND-01257,12/01/24,41,H,2615889,5,31306,2,0.263,2,FALSE,,0.851,0.806,50.9,0,683550,compra_cartera,TRUE
CAND-02713,12/01/24,27,M,619698,13,55121,7,0.436,2,FALSE,,0.743,0.535,42.2,0,743315,avance_efectivo,FALSE
CAND-01926,13/01/24,34,M,1153191,7,8010,3,0.728,4,TRUE,657,0.528,0.605,36.6,0,310078,avance_efectivo,TRUE
CAND-01767,13/01/24,57,M,1366943,31,193299,15,0.576,1,TRUE,687,0.59,,53.5,0,831826,avance_efectivo,TRUE
CAND-01765,13/01/24,35,H,2276238,5,43176,5,0.693,5,FALSE,,0.976,0.384,41.8,0,677429,libre_inversion,TRUE
CAND-00795,13/01/24,40,H,1528147,2,5644,1,0.518,2,FALSE,,0.918,0.59,33.6,0,720919,avance_efectivo,TRUE
CAND-00736,13/01/24,23,M,1700774,22,17380,4,0.485,3,TRUE,741,0.492,0.882,39.8,0,247541,libre_inversion,TRUE
CAND-01982,13/01/24,30,H,541088,1,12381,1,0.49,3,FALSE,,0.543,0.776,49.6,0,2279504,libre_inversion,TRUE
CAND-02062,13/01/24,38,M,652021,2,16201,1,0.137,3,FALSE,,0.595,0.912,69.9,0,555438,libre_inversion,TRUE
CAND-02000,13/01/24,46,M,1145144,21,67572,7,0.234,4,FALSE,,,0.856,100,0,528714,avance_efectivo,TRUE
CAND-00049,13/01/24,18,H,1529811,21,38732,10,0.197,2,TRUE,669,0.761,0.613,56,0,459548,libre_inversion,TRUE
CAND-00014,13/01/24,46,H,1297601,12,39068,7,0.537,5,FALSE,,,0.718,47.7,0,426795,compra_cartera,TRUE
CAND-01560,14/01/24,43,H,1745186,6,16513,4,0.347,1,TRUE,795,0.887,0.826,28.9,0,332753,compra_cartera,TRUE
CAND-00829,14/01/24,18,M,1142034,12,67878,5,0.47,2,TRUE,534,0.935,0.523,60.4,0,781044,compra_cartera,TRUE
CAND-01207,14/01/24,41,M,1253166,2,47486,1,0.34,3,TRUE,498,0.797,0.548,57.5,0,633160,avance_efectivo,TRUE
CAND-01662,14/01/24,20,M,804453,2,47338,0,0.452,3,TRUE,529,0.473,0.755,36.9,0,809790,compra_cartera,TRUE
CAND-02540,14/01/24,41,H,919986,4,98069,2,0.271,1,FALSE,,0.902,0.818,34.6,0,553981,libre_inversion,TRUE
CAND-02807,14/01/24,33,M,524590,3,132458,1,0.204,2,FALSE,,0.896,0.836,69.6,0,610805,libre_inversion,TRUE
CAND-00240,14/01/24,25,M,2532457,1,28131,2,0.319,1,FALSE,,0.782,0.585,43.1,0,923734,libre_inversion,TRUE
CAND-02012,14/01/24,19,M,1069701,1,14379,0,0.645,3,FALSE,,0.856,0.639,20.8,0,645386,libre_inversion,TRUE
CAND-02176,15/01/24,30,NB,969453,8,20860,2,0.559,4,TRUE,625,0.694,0.873,68.5,0,281130,avance_efectivo,TRUE
CAND-00871,15/01/24,47,M,1107017,5,28199,1,0.117,4,FALSE,,0.576,0.524,29.5,0,158458,avance_efectivo,TRUE
CAND-02873,15/01/24,45,M,1575367,14,118104,4,0.091,4,FALSE,,0.711,0.885,61.1,0,294532,avance_efectivo,TRUE
CAND-00707,15/01/24,46,H,2539427,13,53635,5,0.753,2,TRUE,611,0.47,0.878,60.4,0,760709,libre_inversion,TRUE
CAND-02357,15/01/24,28,NB,1335865,4,31836,3,0.197,5,TRUE,841,0.53,0.735,61.4,0,176673,libre_inversion,TRUE
CAND-02652,15/01/24,37,M,2706409,15,25975,5,0.383,2,FALSE,,0.615,0.899,51.3,0,1270149,avance_efectivo,TRUE
CAND-01703,15/01/24,18,H,3907641,1,35194,2,0.245,1,FALSE,,0.86,0.93,7.5,0,434233,libre_inversion,TRUE
CAND-01351,15/01/24,31,H,1339306,18,25592,8,0.478,2,TRUE,600,0.726,0.974,63,0,845080,libre_inversion,TRUE
CAND-00071,15/01/24,32,M,1025500,27,39349,21,0.196,2,TRUE,693,0.54,0.652,12.7,0,1650181,compra_cartera,TRUE
CAND-02765,15/01/24,47,M,667964,7,30991,3,0.528,2,TRUE,659,0.676,0.796,70.5,0,1374413,compra_cartera,TRUE
CAND-01470,15/01/24,23,M,489251,4,11745,0,0.385,2,TRUE,681,0.614,0.507,60.8,0,368712,avance_efectivo,TRUE
CAND-00317,15/01/24,18,M,1638008,4,51207,5,0.03,2,TRUE,679,0.716,0.86,74.4,0,498429,libre_inversion,TRUE
CAND-01872,15/01/24,44,H,688268,11,77845,10,0.155,1,TRUE,750,0.757,0.789,50.9,0,230345,libre_inversion,TRUE
CAND-01869,15/01/24,30,H,1430190,6,29476,3,0.452,1,TRUE,746,0.942,0.967,30,0,758670,libre_inversion,TRUE
CAND-02580,15/01/24,20,M,13.760.566.878.899.200,17,9032,12,0.196,2,FALSE,,0.87,0.272,68.3,0,900625,libre_inversion,TRUE
CAND-00115,15/01/24,45,H,1653569,1,119025,3,0.26,3,FALSE,,0.801,0.955,41.3,0,2508118,libre_inversion,TRUE
CAND-01883,16/01/24,27,H,3461468,10,19591,6,0.513,5,FALSE,,0.768,0.962,42.2,0,621151,libre_inversion,TRUE
CAND-01790,16/01/24,35,M,963298,5,33814,2,0.355,1,FALSE,,0.343,0.924,51,0,413183,libre_inversion,TRUE
CAND-02886,16/01/24,40,M,923775,13,35989,5,0.292,4,FALSE,,0.827,0.694,63.5,0,412847,avance_efectivo,TRUE
CAND-01976,16/01/24,40,M,2108803,5,23073,4,0.539,2,FALSE,,0.774,0.898,91.9,0,1300947,avance_efectivo,TRUE
CAND-00007,16/01/24,39,H,904443,16,60403,12,0.362,4,FALSE,,0.85,0.767,70.8,0,848827,compra_cartera,TRUE
CAND-02503,16/01/24,26,H,1697839,8,20381,5,0.038,3,TRUE,659,0.758,0.718,0,0,189779,compra_cartera,TRUE
CAND-00955,16/01/24,28,M,893501,5,60092,4,0.489,3,TRUE,588,0.898,0.625,48.1,0,178905,libre_inversion,TRUE
CAND-01415,16/01/24,40,H,1132332,18,107463,15,0.263,3,TRUE,768,0.861,0.784,45.9,0,465421,libre_inversion,TRUE
CAND-00784,16/01/24,38,M,1098488,2,17422,4,0.355,4,TRUE,644,0.803,0.811,73.3,0,910539,libre_inversion,TRUE
CAND-02009,16/01/24,28,NB,866802,1,21397,1,0.578,2,FALSE,,0.871,0.912,60.1,19211,587225,libre_inversion,TRUE
CAND-01710,16/01/24,27,M,800253,10,29540,5,0.323,3,TRUE,799,0.831,0.724,63.2,0,215274,compra_cartera,TRUE
CAND-02243,17/01/24,44,M,983376,2,84027,0,0.045,1,FALSE,,0.658,0.781,65.2,0,726468,compra_cartera,TRUE
CAND-01744,17/01/24,58,H,1444464,2,28821,1,0.37,2,FALSE,,0.782,0.759,35.2,0,287389,avance_efectivo,TRUE
CAND-00518,17/01/24,33,M,13.777.722.536.049.300,12,35559,3,0.445,1,FALSE,,0.708,0.963,45.5,0,1140,compra_cartera,TRUE
CAND-01553,17/01/24,38,M,790350,17,74764,10,0.35,3,FALSE,,0.891,0.759,47.1,0,228043,avance_efectivo,TRUE
CAND-01479,17/01/24,18,H,1728034,1,12292,2,0.161,2,FALSE,,,0.858,76.4,0,363971,libre_inversion,TRUE
CAND-00128,17/01/24,33,M,1605713,14,103456,7,0.185,1,FALSE,,0.866,0.807,69.5,0,619512,avance_efectivo,TRUE
CAND-00519,17/01/24,30,H,1006287,12,88328,12,0.955,4,FALSE,,0.574,0.37,60.5,0,245404,avance_efectivo,TRUE
CAND-02126,17/01/24,35,H,1802367,2,60318,2,0.337,5,FALSE,,0.739,0.792,51.6,0,1249559,libre_inversion,TRUE
CAND-00409,18/01/24,18,M,1020594,14,25403,7,0.339,1,FALSE,,0.97,0.605,86.6,0,1047776,libre_inversion,TRUE
CAND-00003,18/01/24,21,H,1140046,54,104253,37,0.615,1,FALSE,,0.456,0.664,74.1,0,410278,avance_efectivo,TRUE
CAND-02353,18/01/24,38,M,1577279,25,5792,19,0.304,2,FALSE,,0.811,,52.9,0,1150278,libre_inversion,FALSE
CAND-02522,18/01/24,33,H,1032107,2,65308,1,0.488,2,TRUE,728,0.868,0.924,29.4,0,468414,avance_efectivo,TRUE
CAND-01808,18/01/24,41,M,1748649,1,41263,0,0.28,1,FALSE,,0.775,0.656,45,0,696917,libre_inversion,TRUE
CAND-00359,18/01/24,29,NB,1855858,11,21679,5,0.123,3,FALSE,,0.816,0.77,68.8,0,484061,libre_inversion,TRUE
CAND-02743,18/01/24,22,H,986529,7,66063,2,0.756,1,FALSE,,0.94,0.83,55.4,0,259120,libre_inversion,TRUE
CAND-02195,18/01/24,46,H,1215490,13,31056,4,0.211,2,FALSE,,0.598,0.787,70.9,0,311129,avance_efectivo,TRUE
CAND-02794,19/01/24,22,H,1263344,10,75709,5,0.505,4,TRUE,758,0.733,0.715,35.3,0,517985,compra_cartera,TRUE
CAND-02562,19/01/24,18,H,953192,8,90829,2,0.852,4,TRUE,701,0.597,0.885,63.1,0,200896,avance_efectivo,TRUE
CAND-00980,19/01/24,40,H,2079578,8,57177,5,0.778,4,FALSE,,0.797,0.929,58.2,0,217733,libre_inversion,TRUE
CAND-00126,19/01/24,41,M,1828478,27,90039,17,0.329,1,FALSE,,0.527,0.652,54.7,0,681946,libre_inversion,TRUE
CAND-02530,19/01/24,31,H,1926998,7,25321,3,0.319,1,TRUE,826,0.822,0.591,52.8,0,604250,avance_efectivo,TRUE
CAND-02092,19/01/24,23,M,1565621,2,30909,0,0.179,3,TRUE,629,0.735,0.79,47.9,0,727941,avance_efectivo,TRUE
CAND-00548,20/01/24,44,M,999741,8,32224,6,0.129,2,FALSE,,0.819,0.572,26,0,322504,avance_efectivo,TRUE
CAND-01577,20/01/24,48,NB,5067733,5,11301,0,0.474,1,TRUE,636,0.849,0.794,38.7,0,212460,libre_inversion,TRUE
CAND-00464,20/01/24,49,H,951447,38,31000,13,0.732,1,TRUE,646,0.907,0.805,47.1,0,271987,avance_efectivo,TRUE
CAND-01318,20/01/24,35,M,2953818,4,100959,5,0.406,1,FALSE,,0.491,0.79,45.6,0,1087071,libre_inversion,TRUE
CAND-01718,20/01/24,21,M,966353,7,19467,2,0.434,2,TRUE,699,0.253,0.436,51.6,0,743288,libre_inversion,TRUE
CAND-01505,20/01/24,50,H,1705210,10,51362,6,0.504,2,FALSE,,0.821,0.858,0,0,817972,compra_cartera,TRUE
CAND-01913,21/01/24,35,M,1367219,18,47772,5,0.28,1,FALSE,,0.528,0.936,27.8,0,494349,libre_inversion,TRUE
CAND-01064,21/01/24,41,H,657741,33,18086,11,0.188,4,TRUE,757,0.764,0.9,50.4,0,1043576,libre_inversion,TRUE
CAND-02277,21/01/24,18,M,1047296,16,92468,7,0.36,3,FALSE,,0.646,0.774,41.2,0,956865,compra_cartera,TRUE
CAND-00117,21/01/24,25,M,1271059,10,220068,10,0.834,2,FALSE,,0.514,0.961,72.3,0,589312,avance_efectivo,TRUE
CAND-02278,21/01/24,43,M,672419,12,7557,6,0.539,3,TRUE,600,0.878,0.761,37.6,0,1758103,libre_inversion,TRUE
CAND-00894,21/01/24,32,H,1158196,23,20346,12,0.428,1,FALSE,,0.915,,29.5,0,453290,libre_inversion,TRUE
CAND-02870,21/01/24,33,H,1854535,36,11595,19,0.874,2,FALSE,,0.692,0.273,53.5,0,1299470,libre_inversion,TRUE
CAND-01941,21/01/24,35,H,714783,3,23262,0,0.234,3,FALSE,,0.539,0.71,65.8,0,1143581,libre_inversion,TRUE
CAND-02629,21/01/24,40,H,1677233,7,64090,2,0.137,1,FALSE,,0.722,0.546,9,0,254482,libre_inversion,TRUE
CAND-02563,21/01/24,48,M,2077212,1,67751,2,0.259,1,FALSE,,0.734,0.83,71.5,0,454435,libre_inversion,TRUE
CAND-01742,22/01/24,40,M,873522,3,35284,2,0.525,2,TRUE,664,0.672,0.759,71.1,0,284622,avance_efectivo,TRUE
CAND-00235,22/01/24,37,M,665232,31,40533,11,0.328,3,TRUE,722,0.833,0.757,29.8,0,468167,avance_efectivo,TRUE
CAND-00728,22/01/24,59,M,1189606,2,25537,2,0.451,5,FALSE,,0.756,0.494,10.8,0,441672,avance_efectivo,TRUE
CAND-02793,22/01/24,31,H,821910,1,31059,0,0.523,2,TRUE,589,0.544,0.893,20,0,260273,libre_inversion,TRUE
CAND-01193,22/01/24,35,H,1124703,6,112530,3,0.411,2,FALSE,,0.809,0.58,68.6,0,512790,libre_inversion,TRUE
CAND-01181,22/01/24,24,M,1338393,60,52277,29,0.634,3,TRUE,765,0.721,0.843,38.5,0,294356,libre_inversion,TRUE
CAND-00702,22/01/24,27,H,1248957,3,63501,1,0.608,2,FALSE,,0.696,0.529,72.1,0,258305,libre_inversion,TRUE
CAND-00998,22/01/24,41,H,1159213,10,78287,5,0.29,1,FALSE,,0.74,0.706,60.1,9372,711870,compra_cartera,TRUE
CAND-02851,22/01/24,27,H,617089,3,15776,5,0.481,3,FALSE,,0.497,0.841,69.2,0,299428,libre_inversion,TRUE
CAND-02752,22/01/24,29,H,1301662,39,38988,21,0.214,2,FALSE,,,0.948,36,0,217855,libre_inversion,TRUE
CAND-00459,22/01/24,24,M,1055187,2,48464,1,0.645,1,TRUE,763,0.814,0.897,37.8,0,697947,avance_efectivo,TRUE
CAND-02236,23/01/24,35,M,1429056,6,62358,2,0.562,5,FALSE,,0.47,0.769,48.9,0,812024,compra_cartera,TRUE
CAND-00905,23/01/24,49,H,1271714,23,14884,7,0.319,2,TRUE,569,0.756,0.849,52.7,0,383965,compra_cartera,TRUE
CAND-00924,23/01/24,53,H,1111267,3,52328,0,0.203,1,FALSE,,0.848,,55.3,0,351986,libre_inversion,TRUE
CAND-02135,23/01/24,18,M,967718,1,111056,1,0.892,3,TRUE,790,0.877,0.741,22.8,0,495924,libre_inversion,TRUE
CAND-01722,23/01/24,47,M,2089462,19,46854,11,0.542,1,TRUE,689,0.84,0.882,36.4,0,183936,libre_inversion,TRUE
CAND-00601,23/01/24,50,M,1103020,13,60618,6,0.362,3,TRUE,709,0.675,0.854,73.9,0,931021,compra_cartera,TRUE
CAND-02388,23/01/24,59,H,1445602,1,118224,1,0.287,3,FALSE,,0.739,0.885,21.6,0,806283,avance_efectivo,TRUE
CAND-00684,23/01/24,20,H,1081946,6,25946,6,0.343,2,TRUE,519,0.539,0.622,40.7,0,1122878,compra_cartera,TRUE
CAND-00701,23/01/24,37,NB,1534001,1,56892,0,0.777,4,FALSE,,0.528,0.789,57.5,0,957581,libre_inversion,TRUE
CAND-01643,23/01/24,32,H,741942,3,49772,0,0.919,4,TRUE,728,0.809,0.565,32.3,0,999182,avance_efectivo,TRUE
CAND-00401,24/01/24,34,H,1131407,12,57708,10,0.31,3,FALSE,,0.645,0.824,79.2,0,1064252,libre_inversion,TRUE
CAND-00560,24/01/24,62,H,768970,9,25875,5,0.294,3,FALSE,,0.925,0.902,55.4,0,282080,compra_cartera,TRUE
CAND-01072,24/01/24,34,H,1153249,49,28091,30,0.473,3,FALSE,,0.959,0.811,69.8,0,780636,avance_efectivo,TRUE
CAND-01740,24/01/24,64,M,1047361,39,27970,25,0.669,3,FALSE,,0.849,0.95,49.6,0,449685,libre_inversion,TRUE
CAND-01177,24/01/24,37,H,1366853,14,71538,7,0.08,2,FALSE,,0.82,0.728,59.4,0,1700802,libre_inversion,TRUE
CAND-01115,24/01/24,23,H,1630435,15,10188,7,0.44,2,FALSE,,0.542,0.421,51.9,0,2007692,libre_inversion,TRUE
CAND-00275,24/01/24,55,M,1098130,2,24783,1,0.212,4,TRUE,640,0.759,0.715,49.6,0,523870,libre_inversion,TRUE
CAND-02911,24/01/24,38,H,1017976,14,23681,6,0.542,5,TRUE,629,0.572,0.823,50.3,0,187676,libre_inversion,TRUE
CAND-01908,24/01/24,28,NB,7.071.149.473.249.980,12,38792,10,0.082,2,FALSE,,0.832,0.79,79,0,531905,libre_inversion,TRUE
CAND-01399,24/01/24,41,M,1132945,13,67999,8,0.458,1,FALSE,,0.897,0.454,87.5,0,404117,compra_cartera,TRUE
CAND-01289,24/01/24,31,H,1350582,18,62256,9,0.147,4,TRUE,740,0.627,0.898,48.9,0,828215,compra_cartera,TRUE
CAND-00844,24/01/24,41,M,2307890,16,103463,8,0.018,2,FALSE,,0.774,0.848,82,0,442088,libre_inversion,TRUE
CAND-02631,24/01/24,43,NB,1217508,2,57105,0,0.671,4,FALSE,,,0.737,5.2,0,263690,avance_efectivo,TRUE
CAND-02818,24/01/24,45,H,1718829,28,88751,18,0.211,4,TRUE,663,0.893,0.747,65.8,0,435691,avance_efectivo,TRUE
CAND-00170,24/01/24,32,H,1265891,6,59710,1,0.352,1,FALSE,,0.733,0.812,56.1,0,606544,avance_efectivo,TRUE
CAND-00167,24/01/24,47,M,591296,1,126234,1,0.767,2,FALSE,,0.79,0.791,36.2,0,801977,avance_efectivo,TRUE
CAND-00150,24/01/24,41,H,1320751,1,90652,4,0.249,2,FALSE,,0.887,0.861,48.8,0,534313,compra_cartera,TRUE
CAND-00687,24/01/24,30,M,765412,25,56234,13,0.693,2,TRUE,652,0.472,0.51,45.4,0,1166990,libre_inversion,TRUE
CAND-02618,24/01/24,21,H,1138730,1,9150,0,0.19,1,TRUE,504,0.564,0.755,30.4,0,658664,compra_cartera,TRUE
CAND-00239,24/01/24,46,M,1450704,1,59741,0,0.568,1,FALSE,,0.835,0.51,26.2,0,2913766,avance_efectivo,TRUE
CAND-00233,24/01/24,20,M,537898,23,43305,10,0.337,1,TRUE,626,,0.89,39.5,0,2247786,libre_inversion,TRUE
CAND-01091,25/01/24,29,M,1729134,13,42239,5,0.325,2,TRUE,677,0.556,0.931,48.9,0,549671,libre_inversion,TRUE
CAND-01514,25/01/24,40,M,1186699,3,36841,0,0.441,1,FALSE,,0.823,0.878,30.7,0,764130,libre_inversion,TRUE
CAND-01949,25/01/24,22,M,1202908,30,22197,18,0.282,1,FALSE,,0.568,0.819,56,0,847575,libre_inversion,TRUE
CAND-00498,25/01/24,35,H,971227,13,65032,6,0.296,1,FALSE,,0.99,0.853,73,0,383181,libre_inversion,TRUE
CAND-01664,25/01/24,45,H,2246110,14,24347,15,0.323,2,FALSE,,0.801,0.733,63.2,0,378702,compra_cartera,TRUE
CAND-02682,25/01/24,18,M,523709,2,106438,1,0.513,1,TRUE,718,0.907,0.955,47.1,0,294253,avance_efectivo,TRUE
CAND-00918,25/01/24,28,H,518701,9,30941,3,0.767,4,TRUE,661,0.846,0.788,38.1,0,1100842,libre_inversion,TRUE
CAND-01836,25/01/24,35,M,1471471,7,10800,4,0.36,3,TRUE,620,0.722,0.692,46.9,0,587302,compra_cartera,TRUE
CAND-01932,25/01/24,36,H,1918563,2,167233,1,0.503,5,FALSE,,0.989,0.882,100,0,840652,avance_efectivo,TRUE
CAND-02766,25/01/24,27,M,824812,4,33677,2,0.763,3,TRUE,655,0.612,0.665,57.4,0,1239819,libre_inversion,TRUE
CAND-01262,26/01/24,44,M,499798,21,10367,9,0.12,3,FALSE,,0.632,0.744,62.6,0,410404,libre_inversion,TRUE
CAND-02624,26/01/24,23,M,1201486,2,81528,1,0.188,4,TRUE,695,0.893,,75.8,0,372672,compra_cartera,TRUE
CAND-01119,26/01/24,39,NB,2616872,4,32028,0,0.294,3,TRUE,563,0.753,0.915,48.6,0,587771,libre_inversion,TRUE
CAND-00514,26/01/24,27,H,2555872,8,48990,5,0.537,3,FALSE,,0.428,0.583,29.8,0,891177,compra_cartera,TRUE
CAND-02594,26/01/24,37,H,1649006,11,18431,5,0.216,2,TRUE,772,,0.751,31.3,0,693128,libre_inversion,TRUE
CAND-00432,26/01/24,37,M,2983023,19,194367,16,0.747,5,FALSE,,0.477,0.897,62.6,0,325455,compra_cartera,TRUE
CAND-01139,26/01/24,41,H,1189412,7,84525,1,0.312,4,TRUE,658,0.862,0.911,45.3,0,1297243,libre_inversion,TRUE
CAND-01542,26/01/24,38,M,553176,20,49215,13,0.124,4,FALSE,,0.774,0.86,63.4,0,626184,avance_efectivo,TRUE
CAND-00691,26/01/24,45,M,1109146,16,72439,7,0.009,2,FALSE,,0.859,,59.9,0,439082,libre_inversion,TRUE
CAND-00042,26/01/24,27,H,1668358,10,9732,5,0.387,2,TRUE,626,0.674,0.588,42.1,0,494841,libre_inversion,TRUE
CAND-01825,26/01/24,42,H,1370527,1,53489,2,0.557,2,FALSE,,0.563,0.944,43.5,0,876099,compra_cartera,TRUE
CAND-02451,26/01/24,25,M,1371954,54,110366,27,0.316,4,FALSE,,0.934,0.992,72.9,0,613199,libre_inversion,TRUE
CAND-00407,26/01/24,22,H,1408056,29,68170,16,0.238,2,FALSE,,0.697,0.799,39.8,0,193416,avance_efectivo,TRUE
CAND-01061,26/01/24,24,NB,501315,1,33001,0,0.273,3,TRUE,617,0.873,0.694,68.2,0,601989,libre_inversion,TRUE
CAND-02969,26/01/24,32,M,1440964,7,30117,5,0.432,3,FALSE,,0.717,0.671,52.4,0,226273,libre_inversion,TRUE
CAND-02649,26/01/24,20,M,1651273,21,127701,13,0.536,3,FALSE,,0.828,0.758,71.8,0,652799,compra_cartera,TRUE
CAND-00631,26/01/24,23,M,1276693,3,40258,0,0.3,5,TRUE,660,0.618,0.848,88.3,0,312967,libre_inversion,TRUE
CAND-01604,27/01/24,18,M,921708,5,66678,2,0.434,5,TRUE,606,0.499,0.943,44.5,0,687735,libre_inversion,TRUE
CAND-01547,27/01/24,27,M,967475,18,45750,9,0.519,1,TRUE,699,0.59,0.73,55.8,0,589804,compra_cartera,TRUE
CAND-01211,27/01/24,45,NB,1750904,23,49754,12,0.48,1,FALSE,,0.634,0.778,27.7,0,795381,libre_inversion,TRUE
CAND-02364,27/01/24,37,M,1116592,9,22934,4,0.557,1,TRUE,561,0.709,0.721,46,0,705865,avance_efectivo,TRUE
CAND-02504,27/01/24,25,M,1505766,6,132632,3,0.197,2,FALSE,,0.627,0.782,21.3,0,137085,libre_inversion,TRUE
CAND-00640,27/01/24,31,M,1004085,11,75193,7,0.34,1,FALSE,,0.649,0.689,33.3,0,478045,libre_inversion,TRUE
CAND-02978,27/01/24,18,M,1073857,3,21371,0,0.53,3,FALSE,,,0.652,65.4,0,1466113,avance_efectivo,TRUE
CAND-02300,27/01/24,32,H,805738,5,44681,3,0.119,1,FALSE,,0.682,0.79,59.7,0,1099851,avance_efectivo,TRUE
CAND-01215,27/01/24,40,M,1460438,18,24797,7,0.204,3,FALSE,,0.801,0.825,36.2,0,473313,libre_inversion,TRUE
CAND-01998,28/01/24,26,M,1975132,18,17411,7,0.388,2,FALSE,,0.914,0.605,41,0,602002,compra_cartera,TRUE
CAND-01364,28/01/24,30,H,1051707,29,34244,15,0.333,2,FALSE,,0.797,0.748,40.4,0,753072,libre_inversion,TRUE
CAND-00633,28/01/24,33,H,1088796,6,12148,2,0.455,4,TRUE,637,,0.95,54.8,0,644106,compra_cartera,TRUE
CAND-01453,28/01/24,21,M,880172,10,20363,3,0.172,3,TRUE,674,0.619,0.708,41,0,664906,libre_inversion,TRUE
CAND-02728,28/01/24,27,M,14.990.568.150.977.100,7,15880,7,0.35,2,FALSE,,0.713,0.742,28.7,0,346497,compra_cartera,TRUE
CAND-01632,28/01/24,40,H,3013413,3,35817,2,0.345,2,FALSE,,0.863,0.803,33.4,0,1135986,libre_inversion,TRUE
CAND-00710,28/01/24,37,M,3406301,25,15231,8,0.641,1,FALSE,,0.956,0.782,52.6,9438,353407,compra_cartera,TRUE
CAND-01068,28/01/24,34,NB,1504389,7,82103,2,0.482,1,TRUE,613,0.519,0.84,15.5,0,416901,libre_inversion,TRUE
CAND-02474,28/01/24,38,H,985750,3,73885,2,0.134,1,TRUE,774,0.98,0.9,84.9,0,705899,avance_efectivo,TRUE
CAND-01094,28/01/24,37,H,1153027,1,10765,1,0.277,2,FALSE,,0.705,,14.1,0,887525,libre_inversion,TRUE
CAND-02438,28/01/24,43,H,2041466,1,11392,2,0.422,3,TRUE,678,0.633,0.486,47.5,0,1635243,libre_inversion,TRUE
CAND-02565,28/01/24,29,M,1156135,1,73626,1,0.14,4,FALSE,,0.593,0.71,22.5,0,565850,libre_inversion,TRUE
CAND-02289,28/01/24,29,M,900777,60,87822,49,0.248,2,FALSE,,0.613,0.942,30,0,330009,libre_inversion,TRUE
CAND-01955,29/01/24,26,M,1012692,3,35192,3,0.448,2,FALSE,,,0.692,34.9,0,199480,libre_inversion,TRUE
CAND-02889,29/01/24,18,M,1360310,10,77967,7,0.325,1,FALSE,,0.78,0.883,63.1,0,1329239,libre_inversion,TRUE
CAND-02031,29/01/24,21,H,728445,39,10918,24,0.756,1,TRUE,653,0.684,0.828,82.9,22760,277899,libre_inversion,TRUE
CAND-01606,29/01/24,30,H,504910,24,51349,15,0.72,3,FALSE,,0.865,0.469,59.3,0,6258154,avance_efectivo,TRUE
CAND-00564,29/01/24,34,H,1260711,7,24582,2,0.441,2,TRUE,606,0.853,0.817,82.8,0,320933,libre_inversion,TRUE
CAND-01778,29/01/24,36,M,3629436,6,9597,4,0.583,2,FALSE,,0.775,0.808,76,0,463565,avance_efectivo,TRUE
CAND-02469,29/01/24,48,H,1858497,12,54668,3,0.144,3,TRUE,560,0.6,0.78,59.2,0,550368,compra_cartera,TRUE
CAND-02483,29/01/24,42,M,566366,2,76847,0,0.273,1,FALSE,,0.775,,29.3,0,923199,avance_efectivo,TRUE
CAND-02498,29/01/24,18,M,1435147,20,51235,11,0.51,1,TRUE,595,0.743,0.721,58.5,0,838222,libre_inversion,TRUE
CAND-00930,29/01/24,18,H,1005836,1,1902,1,0.537,4,TRUE,655,0.774,0.928,41.1,0,949668,libre_inversion,TRUE
CAND-00166,29/01/24,38,M,570395,38,24792,14,0.797,5,FALSE,,0.84,0.427,47.2,0,245263,avance_efectivo,TRUE
CAND-00750,29/01/24,38,M,24.123.345.785.788.900,34,71303,26,0.497,4,TRUE,648,0.594,0.715,41.4,0,987838,libre_inversion,TRUE
CAND-01384,30/01/24,29,M,1275188,3,38475,1,0.419,3,FALSE,,0.889,0.98,33.6,0,493048,avance_efectivo,TRUE
CAND-02575,30/01/24,32,M,1132839,7,36672,3,0.186,5,TRUE,577,0.908,0.917,83.5,0,841578,libre_inversion,TRUE
CAND-01574,30/01/24,36,H,1141902,1,18513,2,0.273,1,FALSE,,0.934,0.832,35.6,0,258302,libre_inversion,TRUE
CAND-02227,30/01/24,49,H,724774,7,121464,0,0.766,1,TRUE,749,0.754,0.657,35.5,0,917834,compra_cartera,TRUE
CAND-02758,30/01/24,18,M,1731439,7,34847,2,0.526,1,TRUE,651,0.44,0.811,76.8,0,486880,compra_cartera,TRUE
CAND-01572,30/01/24,40,H,1167020,9,54237,8,0.405,3,FALSE,,0.821,0.634,49.2,0,1157169,compra_cartera,TRUE
CAND-02787,30/01/24,23,M,921605,9,71303,5,0.405,1,TRUE,518,0.846,0.819,63,0,1068342,libre_inversion,TRUE
CAND-02077,30/01/24,34,M,1464885,18,42552,12,0.509,5,FALSE,,0.593,0.376,60,0,316934,libre_inversion,TRUE
CAND-02155,30/01/24,25,M,366949,1,77258,1,0.711,3,FALSE,,0.798,0.745,80.8,0,656674,libre_inversion,TRUE
CAND-01875,30/01/24,43,M,817177,31,15703,17,0.26,1,TRUE,685,0.633,0.761,63,0,900489,libre_inversion,TRUE
CAND-01919,30/01/24,35,H,1116560,9,106332,1,0.423,4,TRUE,591,0.922,0.7,45.2,0,457878,libre_inversion,TRUE
CAND-01972,30/01/24,18,NB,1334995,23,85201,12,0.277,1,FALSE,,0.883,0.802,44.2,0,735544,avance_efectivo,TRUE
CAND-01287,30/01/24,20,H,907509,7,30457,3,0.457,1,FALSE,,,0.727,23.8,0,1144475,compra_cartera,TRUE
CAND-00793,30/01/24,44,M,1263604,1,122627,1,0.238,3,FALSE,,0.646,0.343,67,0,755007,libre_inversion,TRUE
CAND-00811,31/01/24,56,H,1006949,5,58096,3,0.87,4,TRUE,779,0.735,0.695,90.4,0,854917,libre_inversion,TRUE
CAND-00655,31/01/24,55,H,2435177,1,15852,1,0.921,2,FALSE,,0.532,0.72,27.2,0,450961,libre_inversion,TRUE
CAND-02586,31/01/24,32,H,1098377,1,6189,0,0.161,5,FALSE,,0.947,0.876,38,0,550482,avance_efectivo,TRUE
CAND-02026,31/01/24,52,H,1330979,3,6759,0,0.401,4,FALSE,,0.931,0.754,90.4,0,1077124,libre_inversion,TRUE
CAND-02744,31/01/24,32,NB,1966398,42,55690,22,0.751,1,FALSE,,0.83,0.508,52.2,0,387480,libre_inversion,TRUE
CAND-02114,31/01/24,23,H,1327452,3,40572,3,0.432,2,FALSE,,0.93,0.824,59.1,0,807728,libre_inversion,TRUE
CAND-01917,31/01/24,34,NB,1279717,2,62409,2,0.24,1,TRUE,568,0.782,0.74,35.3,0,780985,libre_inversion,TRUE
CAND-00303,31/01/24,36,H,1334280,3,34022,2,0.641,4,FALSE,,0.749,0.685,60.5,0,649421,libre_inversion,TRUE
CAND-01534,31/01/24,50,H,980869,2,40069,0,0.266,3,FALSE,,0.885,0.594,57.4,0,478810,libre_inversion,TRUE
CAND-02064,31/01/24,29,M,1454396,26,17375,10,0.489,1,FALSE,,0.795,0.826,51.1,0,219442,libre_inversion,TRUE
CAND-00051,31/01/24,40,H,1045590,11,103410,4,0.737,2,TRUE,710,0.723,0.957,60.8,0,918846,compra_cartera,TRUE
CAND-00679,31/01/24,44,M,2546707,8,27849,7,0.525,4,TRUE,586,,0.65,44.6,0,1023638,libre_inversion,TRUE
CAND-02999,01/02/24,46,M,564368,1,14229,1,0.455,5,FALSE,,0.946,0.877,46.5,0,503161,libre_inversion,TRUE
CAND-00435,01/02/24,41,M,689760,60,44060,28,0.352,4,FALSE,,0.787,0.93,56.3,0,410020,libre_inversion,TRUE
CAND-00140,01/02/24,32,M,1127720,1,153227,0,0.435,2,TRUE,834,0.792,0.972,44.2,0,469120,libre_inversion,TRUE
CAND-01857,01/02/24,21,H,906332,8,81963,7,0.195,3,FALSE,,0.752,0.864,42.6,0,567544,avance_efectivo,TRUE
CAND-01531,01/02/24,43,M,2198253,9,34123,1,0.242,3,FALSE,,0.729,0.624,43,0,879947,compra_cartera,TRUE
CAND-01095,01/02/24,18,H,832173,5,117264,4,0.194,1,FALSE,,,0.538,64.8,0,571045,compra_cartera,TRUE
CAND-01348,01/02/24,26,H,887475,19,72867,11,0.355,3,FALSE,,,0.88,76.4,0,477744,libre_inversion,TRUE
CAND-00261,01/02/24,42,M,1178373,37,91232,13,0.322,3,FALSE,,,0.669,55.2,0,548023,libre_inversion,TRUE
CAND-00205,02/02/24,18,H,1183517,3,72726,1,0.562,1,FALSE,,0.754,0.753,31.5,0,748169,libre_inversion,TRUE
CAND-01541,02/02/24,20,H,2830060,3,36548,1,0.29,3,FALSE,,0.662,0.633,23,0,715717,libre_inversion,TRUE
CAND-01344,02/02/24,45,H,695637,9,30134,3,0.403,1,TRUE,702,0.666,0.563,35.9,0,475558,libre_inversion,TRUE
CAND-00738,02/02/24,36,H,849912,2,51393,2,0.365,2,FALSE,,0.914,0.83,56.6,0,625583,avance_efectivo,TRUE
CAND-02358,02/02/24,49,M,965800,1,79229,1,0.121,2,FALSE,,0.877,0.672,70.2,0,4169261,compra_cartera,TRUE
CAND-00256,02/02/24,26,H,1488905,5,98380,1,0.252,2,FALSE,,0.581,0.845,51.3,0,323114,avance_efectivo,TRUE
CAND-00061,02/02/24,34,M,820584,17,33712,13,0.548,5,FALSE,,0.675,,75.2,0,543062,libre_inversion,TRUE
CAND-01884,02/02/24,28,H,2096420,18,43289,5,0.216,1,TRUE,656,0.963,0.793,0,0,268859,libre_inversion,TRUE
CAND-00427,02/02/24,40,H,1240173,34,73520,19,0.725,5,TRUE,414,0.71,0.798,48.2,0,378227,libre_inversion,TRUE
CAND-00118,02/02/24,43,H,827288,21,13576,9,0.261,2,FALSE,,0.715,0.845,68.2,0,806852,libre_inversion,TRUE
CAND-02753,02/02/24,18,M,1156813,12,50298,4,0.593,3,FALSE,,0.74,0.883,36.9,0,941162,libre_inversion,TRUE
CAND-01827,03/02/24,50,H,1200909,9,37628,4,0.323,1,TRUE,751,0.886,0.951,62.4,0,535727,compra_cartera,TRUE
CAND-00395,03/02/24,25,M,894810,1,19103,3,0.268,3,FALSE,,0.9,0.888,50.1,0,971532,compra_cartera,TRUE
CAND-01811,03/02/24,18,H,628937,1,16132,1,0.327,2,FALSE,,0.803,0.683,25.7,0,631879,compra_cartera,TRUE
CAND-01675,03/02/24,41,M,1703501,21,21212,6,0.365,5,TRUE,422,0.825,0.745,57.9,0,1530766,libre_inversion,TRUE
CAND-02854,03/02/24,39,M,2290483,11,25538,3,0.578,2,FALSE,,0.742,0.74,74.7,0,624232,avance_efectivo,TRUE
CAND-01737,03/02/24,33,M,867764,30,45963,18,0.453,4,FALSE,,0.789,0.92,47.6,0,484348,avance_efectivo,TRUE
CAND-02302,03/02/24,30,H,1464200,20,90950,9,0.219,2,FALSE,,0.504,0.764,2.9,0,1047863,libre_inversion,TRUE
CAND-00758,03/02/24,43,H,1535537,18,48642,12,0.571,1,FALSE,,0.642,0.958,46,0,752756,avance_efectivo,TRUE
CAND-01960,03/02/24,29,H,1130262,3,80956,2,0.135,1,FALSE,,0.792,0.808,23.3,0,720236,libre_inversion,TRUE
CAND-01388,03/02/24,25,M,1241479,3,20727,0,0.615,4,TRUE,606,0.875,0.468,27.5,0,841599,avance_efectivo,TRUE
CAND-02303,03/02/24,36,M,856935,20,72002,14,0.552,2,TRUE,663,0.84,0.687,79.6,0,488632,libre_inversion,TRUE
CAND-02686,03/02/24,58,H,1241184,13,23937,11,0.502,4,FALSE,,,0.864,34.9,0,783115,libre_inversion,FALSE
CAND-01138,03/02/24,35,H,2201440,1,21822,0,0.387,5,FALSE,,,0.979,38.8,0,1137,avance_efectivo,TRUE
CAND-02145,03/02/24,33,H,493267,11,67438,10,0.184,2,TRUE,641,0.908,0.751,23.4,0,2171050,libre_inversion,TRUE
CAND-02621,04/02/24,29,M,891833,15,138126,6,0.421,3,FALSE,,0.883,0.773,59.3,0,298833,avance_efectivo,TRUE
CAND-02506,04/02/24,23,M,821008,5,13978,4,0.345,1,TRUE,834,,0.846,47.4,0,853972,avance_efectivo,TRUE
CAND-02810,04/02/24,39,M,1712911,6,79204,6,0.621,2,FALSE,,0.81,0.521,71.2,0,920535,compra_cartera,TRUE
CAND-02828,04/02/24,27,M,1282490,6,63812,2,0.408,1,TRUE,709,0.618,0.48,46.4,0,286083,compra_cartera,TRUE
CAND-00911,04/02/24,30,M,1110220,20,152522,7,0.137,2,FALSE,,0.855,0.819,7.6,0,316548,libre_inversion,TRUE
CAND-02244,04/02/24,49,M,2947057,4,95608,0,0.492,1,FALSE,,0.573,0.811,66.1,0,245834,libre_inversion,TRUE
CAND-00393,04/02/24,49,H,1001400,5,65256,3,0.487,1,TRUE,793,0.63,0.881,68,0,1485432,avance_efectivo,TRUE
CAND-02872,04/02/24,40,H,928731,37,54666,25,0.219,1,FALSE,,0.676,0.637,65.8,0,519805,libre_inversion,TRUE
CAND-02115,05/02/24,29,H,616052,11,66651,3,0.545,1,FALSE,,0.763,0.403,73.1,0,1126269,libre_inversion,TRUE
CAND-02601,05/02/24,40,H,1344254,3,78198,0,0.146,2,FALSE,,0.655,0.718,58.1,0,276324,compra_cartera,TRUE
CAND-00954,05/02/24,46,H,1479238,1,70233,1,0.064,1,TRUE,634,0.775,0.881,51.4,0,415602,avance_efectivo,TRUE
CAND-01248,05/02/24,23,M,1706046,8,29455,1,0.536,1,TRUE,660,0.818,0.969,60.6,0,414021,libre_inversion,TRUE
CAND-02146,05/02/24,43,M,1175222,9,37619,2,0.315,1,FALSE,,0.514,0.96,28.6,0,552924,avance_efectivo,TRUE
CAND-01237,05/02/24,46,H,3826359,9,222076,3,0.773,2,TRUE,755,0.671,0.721,37.2,0,1384522,libre_inversion,TRUE
CAND-00104,05/02/24,30,H,766707,14,60660,3,0.142,2,FALSE,,0.854,0.565,38.8,0,327689,libre_inversion,TRUE
CAND-02768,05/02/24,44,NB,1161291,31,27322,10,0.675,4,TRUE,636,0.592,0.632,42.5,0,967022,libre_inversion,TRUE
CAND-00119,05/02/24,28,M,1155765,1,32006,2,0.654,1,TRUE,620,0.801,0.803,80.6,0,739313,libre_inversion,TRUE
CAND-02330,05/02/24,51,M,790041,3,24562,1,0.166,1,TRUE,606,0.845,0.71,51.8,0,503515,compra_cartera,TRUE
CAND-00420,05/02/24,34,M,761243,7,120259,2,0.173,2,TRUE,718,0.91,0.228,29.5,0,442157,libre_inversion,TRUE
CAND-00677,05/02/24,37,NB,823211,13,44216,8,0.111,2,FALSE,,0.636,0.828,50.5,0,1102581,libre_inversion,TRUE
CAND-02059,05/02/24,41,H,3335105,11,26599,11,0.799,4,FALSE,,0.905,,32.9,0,365725,libre_inversion,TRUE
CAND-01809,06/02/24,36,M,827932,1,40535,2,0.402,3,FALSE,,0.686,,5.4,0,483449,avance_efectivo,TRUE
CAND-02399,06/02/24,24,H,1472346,1,12647,0,0.519,4,FALSE,,0.777,0.611,48.1,0,523554,avance_efectivo,TRUE
CAND-00913,06/02/24,36,H,1959834,3,84630,0,0.144,2,FALSE,,0.724,0.464,61.2,0,170882,libre_inversion,TRUE
CAND-00948,06/02/24,22,M,1050307,7,86407,2,0.218,3,FALSE,,0.647,0.866,67.6,0,394335,compra_cartera,TRUE
CAND-01089,06/02/24,36,H,1544900,15,44057,6,0.113,4,FALSE,,0.755,0.678,30.2,0,1272016,avance_efectivo,TRUE
CAND-00028,06/02/24,31,H,727734,6,46253,1,0.105,1,FALSE,,0.819,0.814,56.8,0,660848,libre_inversion,FALSE
CAND-01421,06/02/24,20,M,1629917,2,27338,0,0.133,3,TRUE,552,0.826,0.9,67.4,0,1726450,libre_inversion,TRUE
CAND-00984,06/02/24,47,M,1836328,17,39995,8,0.264,3,FALSE,,0.927,0.923,54.5,0,865760,avance_efectivo,TRUE
CAND-02425,07/02/24,39,H,949999,3,106502,1,0.267,2,TRUE,557,0.74,0.786,44.4,0,360547,libre_inversion,TRUE
CAND-02821,07/02/24,38,M,1441550,30,47464,18,0.309,3,TRUE,748,0.617,0.363,42.9,0,322148,avance_efectivo,TRUE
CAND-01419,07/02/24,45,M,363605,3,20490,2,0.344,1,FALSE,,0.724,0.74,72.9,0,370474,compra_cartera,TRUE
CAND-02609,07/02/24,34,M,2076650,1,15469,2,0.585,3,FALSE,,0.877,0.612,65.2,0,1631202,libre_inversion,TRUE
CAND-01377,07/02/24,37,M,1973990,11,37282,8,0.343,1,FALSE,,0.56,0.721,48.8,0,528328,libre_inversion,TRUE
CAND-00947,07/02/24,18,H,1115995,45,67068,28,0.852,3,FALSE,,0.578,0.452,63.8,0,1085250,avance_efectivo,TRUE
CAND-02913,07/02/24,23,M,678235,30,81205,18,0.748,3,FALSE,,0.854,0.673,76.9,0,1571108,libre_inversion,TRUE
CAND-02132,07/02/24,28,M,2118975,30,5875,15,0.43,4,FALSE,,,0.627,25.8,0,555999,compra_cartera,TRUE
CAND-01555,07/02/24,21,H,1490898,3,80541,3,0.375,3,TRUE,756,0.526,0.921,47.7,0,1292514,libre_inversion,TRUE
CAND-01028,07/02/24,29,H,1044887,1,22753,1,0.524,5,FALSE,,0.895,0.614,35,0,632642,avance_efectivo,TRUE
CAND-02305,07/02/24,64,H,1188267,2,85936,0,0.345,1,FALSE,,0.774,0.861,8.1,0,1740419,compra_cartera,TRUE
CAND-01702,08/02/24,28,H,1049558,2,31517,4,0.622,2,FALSE,,0.737,0.828,53.2,0,1660852,compra_cartera,TRUE
CAND-02620,08/02/24,29,M,550643,9,15270,7,0.505,1,FALSE,,0.332,0.833,65.6,0,266186,libre_inversion,TRUE
CAND-02909,08/02/24,44,H,561647,5,56418,0,0.108,3,FALSE,,0.87,0.607,37.7,0,246966,libre_inversion,TRUE
CAND-00828,08/02/24,31,H,2008844,26,38412,11,0.263,1,FALSE,,0.888,0.646,45.3,0,275161,compra_cartera,TRUE
CAND-02082,08/02/24,39,H,1559578,14,17532,7,0.51,2,FALSE,,0.701,0.472,39.8,0,340619,libre_inversion,TRUE
CAND-02505,08/02/24,54,M,668387,1,15372,3,0.263,4,TRUE,743,0.713,0.68,53.2,17373,943167,compra_cartera,TRUE
CAND-02472,08/02/24,42,NB,741790,4,33845,4,0.316,2,TRUE,693,0.848,0.783,39.3,0,352115,libre_inversion,TRUE
CAND-00698,08/02/24,29,M,2268313,35,59487,17,0.432,3,FALSE,,0.688,0.763,67.6,0,305753,compra_cartera,TRUE
CAND-02922,08/02/24,43,M,1210211,19,52154,14,0.38,3,FALSE,,0.963,0.507,0,0,703121,libre_inversion,TRUE
CAND-02233,08/02/24,35,H,878105,22,17412,7,0.39,5,FALSE,,0.677,0.791,49.9,0,726576,avance_efectivo,TRUE
CAND-01689,08/02/24,32,H,918401,15,69581,7,0.549,2,FALSE,,0.613,0.905,47.8,0,673992,avance_efectivo,TRUE
CAND-01018,08/02/24,36,H,1607366,1,4684,1,0.179,1,TRUE,557,0.888,0.71,63.2,0,542157,avance_efectivo,TRUE
CAND-02440,08/02/24,21,H,1130763,27,14915,16,0.182,3,TRUE,655,0.907,0.809,34.6,0,1114562,libre_inversion,TRUE
CAND-02045,08/02/24,22,H,2448945,11,95244,7,0.639,2,TRUE,672,0.222,0.734,49.6,0,847771,libre_inversion,TRUE
CAND-01309,08/02/24,47,H,460069,14,26236,7,0.072,4,TRUE,669,0.877,0.766,56.6,0,282194,libre_inversion,TRUE
CAND-02387,08/02/24,18,M,2897640,20,58187,8,0.237,2,FALSE,,0.636,0.8,72.4,0,291429,libre_inversion,TRUE
CAND-01988,08/02/24,32,M,1635008,4,55556,1,0.381,2,FALSE,,0.934,0.606,45.3,0,876901,compra_cartera,TRUE
CAND-00559,09/02/24,18,M,1585920,1,77474,1,0.45,3,FALSE,,0.814,0.536,18.6,0,402943,libre_inversion,TRUE
CAND-00777,09/02/24,39,H,1526229,3,8223,2,0.06,1,TRUE,576,0.831,0.838,0.6,0,1347185,libre_inversion,TRUE
CAND-00975,09/02/24,33,M,1935975,20,57606,10,0.336,3,FALSE,,0.582,0.921,71.6,0,953484,avance_efectivo,TRUE
CAND-01458,09/02/24,43,M,1288846,1,99210,1,0.258,5,FALSE,,0.681,0.537,86.7,0,765846,avance_efectivo,TRUE
CAND-00656,09/02/24,41,M,2389007,11,32681,4,0.289,4,TRUE,688,0.562,0.836,52.1,0,440936,libre_inversion,TRUE
CAND-00371,09/02/24,45,H,1731691,3,24523,0,0.62,1,FALSE,,0.897,0.765,55.3,0,305788,compra_cartera,TRUE
CAND-00416,09/02/24,31,M,1759302,3,30940,3,0.3,2,TRUE,586,0.528,0.686,39,0,1296364,libre_inversion,TRUE
CAND-00325,09/02/24,27,H,989078,29,66159,16,0.16,4,FALSE,,0.819,0.717,43.1,0,1084982,avance_efectivo,TRUE
CAND-02614,09/02/24,41,H,1091562,5,9203,2,0.624,2,FALSE,,0.573,0.781,84.2,0,1032227,avance_efectivo,TRUE
CAND-00255,09/02/24,54,M,1858923,32,66416,22,0.419,1,TRUE,760,0.68,0.724,39.9,0,430924,libre_inversion,TRUE
CAND-00414,09/02/24,55,H,530025,10,26597,5,0.11,2,TRUE,669,0.718,0.625,63.8,0,632542,libre_inversion,TRUE
CAND-01655,10/02/24,37,M,638022,7,32950,2,0.41,2,FALSE,,0.879,0.817,96.6,0,454689,libre_inversion,TRUE
CAND-00874,10/02/24,48,M,1906762,2,84055,1,0.417,4,FALSE,,0.623,0.69,14.8,0,661913,avance_efectivo,TRUE
CAND-01086,10/02/24,33,M,1217763,14,32736,8,0.824,3,TRUE,504,0.624,0.788,51.5,0,841716,libre_inversion,TRUE
CAND-01973,10/02/24,52,M,1117831,3,40162,2,0.299,3,TRUE,610,0.732,0.616,77.9,0,262783,libre_inversion,TRUE
CAND-02460,10/02/24,31,M,786884,5,7117,0,0.797,1,FALSE,,0.718,0.516,42.4,0,518880,libre_inversion,TRUE
CAND-01517,10/02/24,22,M,1652998,3,35380,3,0.502,3,FALSE,,0.542,0.882,40.6,0,428874,compra_cartera,TRUE
CAND-01447,10/02/24,30,H,754315,12,33190,9,0.71,2,TRUE,746,0.635,0.839,59.5,0,543664,libre_inversion,TRUE
CAND-00836,10/02/24,46,H,1168947,3,26316,2,0.122,2,FALSE,,0.525,0.666,44.8,0,494229,libre_inversion,TRUE
CAND-02623,10/02/24,35,H,1018663,20,35636,4,0.287,1,FALSE,,0.42,0.585,40.1,0,1041278,compra_cartera,TRUE
CAND-02863,10/02/24,54,H,1560956,29,40050,14,0.393,5,FALSE,,0.588,0.735,92.8,0,1179653,compra_cartera,TRUE
CAND-00383,10/02/24,44,H,754927,3,54494,1,0.448,3,TRUE,644,0.747,0.749,45,0,937948,libre_inversion,TRUE
CAND-02184,10/02/24,27,H,1181641,18,37149,12,0.397,1,FALSE,,0.886,0.729,41,0,485986,avance_efectivo,TRUE
CAND-02166,10/02/24,31,M,1828991,10,147232,4,0.434,2,TRUE,644,0.874,0.564,57.9,0,1406999,compra_cartera,TRUE
CAND-02002,10/02/24,29,H,1854768,3,42371,1,0.443,4,FALSE,,0.738,0.826,19.5,0,1006126,avance_efectivo,TRUE
CAND-00456,10/02/24,56,M,1058541,8,21510,5,0.115,1,TRUE,627,0.778,0.674,94.9,0,1254756,libre_inversion,TRUE
CAND-02734,10/02/24,37,H,1925809,6,2200,6,0.333,1,TRUE,649,0.671,0.945,74.3,0,1164668,libre_inversion,TRUE
CAND-02551,10/02/24,42,H,878605,18,42290,7,0.37,2,TRUE,523,0.754,0.91,80.5,0,951490,libre_inversion,TRUE
CAND-00209,10/02/24,46,M,1248566,18,18970,4,0.429,2,FALSE,,0.568,0.53,80.6,0,1200772,compra_cartera,TRUE
CAND-00755,10/02/24,28,M,1823593,2,48989,1,0.368,3,TRUE,708,0.685,0.932,85.6,0,1298080,libre_inversion,TRUE
CAND-02560,10/02/24,37,H,898058,15,98159,6,0.285,1,FALSE,,0.555,0.555,78.9,0,157769,avance_efectivo,TRUE
CAND-00890,11/02/24,32,M,2357969,1,62191,0,0.053,4,FALSE,,0.807,0.458,26.7,0,632426,libre_inversion,TRUE
CAND-01893,11/02/24,49,H,1217823,56,12630,33,0.665,1,FALSE,,,0.858,65.6,0,566094,libre_inversion,TRUE
CAND-02240,11/02/24,20,H,1246999,9,37253,5,0.223,3,FALSE,,0.772,0.782,8.1,0,486048,libre_inversion,TRUE
CAND-01552,11/02/24,39,M,787469,22,15496,10,0.242,1,TRUE,655,0.577,,52.2,0,794779,compra_cartera,TRUE
CAND-00305,11/02/24,56,M,1572724,5,49790,4,0.411,4,TRUE,646,0.741,0.34,58.9,0,366720,libre_inversion,TRUE
CAND-01013,11/02/24,30,H,1.924.125.405.490.580,10,71075,3,0.549,2,TRUE,703,0.803,0.749,47.2,0,449269,libre_inversion,TRUE
CAND-02467,11/02/24,41,H,1510778,51,17960,25,0.417,3,FALSE,,0.952,0.422,17.1,0,827711,avance_efectivo,TRUE
CAND-01253,11/02/24,30,M,642690,10,24343,5,0.765,1,TRUE,652,0.876,0.545,84.4,0,321065,libre_inversion,TRUE
CAND-01771,11/02/24,42,H,386930,26,11291,12,0.243,5,FALSE,,0.9,0.905,54,0,1440102,libre_inversion,TRUE
CAND-00737,11/02/24,35,M,1217958,1,25651,2,0.144,1,TRUE,654,0.794,0.681,43.1,0,758333,avance_efectivo,TRUE
CAND-01413,11/02/24,35,H,1452656,13,61261,7,0.248,5,FALSE,,0.849,0.714,96.7,0,323502,avance_efectivo,TRUE
CAND-00465,11/02/24,24,H,2339867,22,48086,3,0.22,4,FALSE,,0.733,0.811,55.5,0,233609,avance_efectivo,TRUE
CAND-01009,11/02/24,45,H,1256459,1,31035,0,0.074,3,FALSE,,0.772,0.83,59.8,0,755417,libre_inversion,TRUE
CAND-01991,11/02/24,22,H,2505654,2,36481,2,0.247,1,FALSE,,0.699,0.452,16.6,0,231070,avance_efectivo,TRUE
CAND-02256,12/02/24,34,H,685215,33,12416,20,0.517,1,FALSE,,0.804,0.823,50.1,0,592665,libre_inversion,TRUE
CAND-02550,12/02/24,28,H,1282165,5,20494,5,0.408,1,FALSE,,0.475,0.85,46,0,1077011,libre_inversion,TRUE
CAND-01522,12/02/24,40,M,768621,13,80927,4,0.391,2,TRUE,598,0.667,0.637,100,0,457432,libre_inversion,TRUE
CAND-02742,12/02/24,31,H,756791,5,64134,1,0.386,5,FALSE,,0.884,0.862,46.8,0,206104,compra_cartera,TRUE
CAND-01871,12/02/24,36,H,930546,27,41617,13,0.115,3,FALSE,,0.842,0.736,84.3,0,687098,libre_inversion,TRUE
CAND-01493,12/02/24,44,M,1060487,13,64699,2,0.772,1,TRUE,657,0.848,0.338,86.2,0,340581,compra_cartera,TRUE
CAND-02983,12/02/24,33,H,3222958,9,41902,5,0.796,1,FALSE,,0.534,0.978,75.3,0,255103,libre_inversion,TRUE
CAND-00291,13/02/24,49,M,745321,2,31306,0,0.389,2,FALSE,,0.77,0.891,47.2,0,350237,libre_inversion,TRUE
CAND-00284,13/02/24,51,H,1051534,21,15669,8,0.289,4,TRUE,678,0.713,0.768,52.3,0,726238,compra_cartera,TRUE
CAND-00938,13/02/24,25,M,671027,1,121635,1,0.597,3,TRUE,595,0.591,0.657,64.6,0,634335,compra_cartera,TRUE
CAND-01441,13/02/24,22,M,1254539,1,24399,1,0.16,3,TRUE,561,0.425,0.809,40.2,0,1379750,libre_inversion,TRUE
CAND-02968,13/02/24,18,M,897342,3,29672,0,0.361,3,FALSE,,0.582,0.532,72.6,0,650595,libre_inversion,TRUE
CAND-02046,13/02/24,37,M,2284639,15,71272,7,0.591,1,TRUE,589,0.763,0.656,78.4,0,672872,compra_cartera,TRUE
CAND-01244,13/02/24,31,H,1571897,22,36892,18,0.184,3,FALSE,,0.72,0.946,28.3,0,415380,libre_inversion,TRUE
CAND-00496,13/02/24,47,H,995174,4,23432,3,0.701,2,FALSE,,,,32.7,0,610235,avance_efectivo,TRUE
CAND-01180,13/02/24,28,M,930155,27,44610,12,0.508,3,TRUE,701,0.792,0.676,63.7,0,1654572,compra_cartera,TRUE
CAND-02418,13/02/24,38,M,979558,16,50849,17,0.233,1,TRUE,647,0.705,0.405,34.5,0,500678,libre_inversion,TRUE
CAND-02698,13/02/24,35,M,300000,20,34702,5,0.454,3,FALSE,,0.665,0.956,49.4,0,603165,libre_inversion,TRUE
CAND-01711,13/02/24,31,H,1425303,58,13126,29,0.41,1,TRUE,815,0.893,0.857,53.4,0,410022,libre_inversion,TRUE
CAND-01544,13/02/24,24,M,1507149,11,34757,3,0.295,2,FALSE,,0.858,0.8,61.9,0,917554,libre_inversion,TRUE
CAND-01843,13/02/24,36,H,1314444,1,43683,0,0.489,1,TRUE,657,,0.785,77,0,336985,avance_efectivo,TRUE
CAND-02803,13/02/24,45,M,1798929,6,23623,2,0.479,4,FALSE,,,0.784,62,0,1384576,avance_efectivo,TRUE
CAND-01622,13/02/24,42,NB,2517981,1,53070,1,0.555,1,TRUE,771,0.411,0.655,78,0,937313,avance_efectivo,TRUE
CAND-00921,14/02/24,40,M,1720853,7,57583,5,0.467,3,FALSE,,0.929,0.831,59.4,0,903423,libre_inversion,TRUE
CAND-02020,14/02/24,37,M,830817,7,45183,4,0.647,5,TRUE,707,0.658,0.694,63,0,568344,avance_efectivo,TRUE
CAND-01105,14/02/24,33,M,1933506,40,17784,21,0.298,2,FALSE,,0.78,0.938,43.3,8985,498018,avance_efectivo,TRUE
CAND-02398,14/02/24,40,M,1666621,60,12072,23,0.294,4,TRUE,796,0.752,0.644,57.9,0,461455,libre_inversion,TRUE
CAND-01346,14/02/24,24,H,1169773,11,44088,6,0.614,2,TRUE,581,0.726,0.811,35.3,0,737846,avance_efectivo,TRUE
CAND-01512,14/02/24,37,H,949580,3,45666,1,0.529,4,TRUE,592,0.814,0.876,65.7,0,584194,libre_inversion,TRUE
CAND-01330,14/02/24,25,M,857615,2,34726,2,0.132,1,FALSE,,0.94,0.951,34.2,0,2953145,avance_efectivo,TRUE
CAND-02791,14/02/24,42,M,759362,5,12002,2,0.168,3,FALSE,,0.953,0.555,57.2,0,617087,libre_inversion,TRUE
CAND-00818,14/02/24,46,M,1398102,9,71870,6,0.532,4,TRUE,473,0.895,0.911,57.6,0,350742,avance_efectivo,TRUE
CAND-01252,15/02/24,18,M,575982,17,55673,11,0.118,2,TRUE,761,0.707,0.922,39,0,306455,libre_inversion,TRUE
CAND-00865,15/02/24,37,M,1209253,2,123096,1,0.024,2,FALSE,,0.696,0.878,34.2,0,288662,compra_cartera,TRUE
CAND-02109,15/02/24,42,H,1256039,10,114558,7,0.059,1,TRUE,528,0.734,0.778,100,0,1012622,libre_inversion,TRUE
CAND-00045,15/02/24,41,H,1602945,3,41335,2,0.234,2,FALSE,,0.629,0.689,46.7,0,1150169,avance_efectivo,TRUE
CAND-02523,15/02/24,18,H,1055539,15,4566,10,0.599,4,TRUE,526,0.754,0.894,53.2,0,454945,compra_cartera,TRUE
CAND-01783,15/02/24,38,H,1342251,3,51486,1,0.458,3,FALSE,,0.369,0.888,55.6,0,383693,avance_efectivo,TRUE
CAND-00581,15/02/24,27,M,545973,30,31408,14,0.506,2,FALSE,,0.435,0.662,27.6,0,553711,avance_efectivo,TRUE
CAND-02671,15/02/24,47,M,1173455,16,24071,5,0.149,2,FALSE,,0.895,0.774,43.2,0,338824,compra_cartera,TRUE
CAND-01178,15/02/24,38,M,1322114,13,34895,3,0.061,4,TRUE,622,0.731,0.797,56.9,0,961854,libre_inversion,TRUE
CAND-01897,15/02/24,30,H,1939343,1,34527,2,0.221,2,FALSE,,0.628,0.854,53.4,0,433471,libre_inversion,TRUE
CAND-01903,15/02/24,28,M,575946,32,83991,16,0.419,4,FALSE,,0.757,0.631,59,0,728589,libre_inversion,TRUE
CAND-01894,15/02/24,44,M,804227,10,19619,8,0.454,3,FALSE,,,0.582,37.6,0,608292,avance_efectivo,TRUE
CAND-00505,15/02/24,45,H,1001503,8,60055,2,0.534,1,FALSE,,0.705,,14.9,0,398627,avance_efectivo,TRUE
CAND-01860,15/02/24,40,H,858825,30,70938,12,0.274,2,TRUE,872,0.98,0.898,38.8,0,508162,libre_inversion,TRUE
CAND-00733,16/02/24,25,H,808003,17,9485,9,0.275,3,FALSE,,0.769,0.753,55,0,1291814,libre_inversion,TRUE
CAND-00862,16/02/24,35,H,2234087,4,106310,4,0.449,2,TRUE,595,0.791,0.858,42,0,1321886,libre_inversion,TRUE
CAND-01055,16/02/24,39,NB,952438,3,41781,2,0.373,2,FALSE,,0.955,0.563,33.5,0,217139,avance_efectivo,TRUE
CAND-01874,16/02/24,38,M,1285059,30,90350,7,0.24,1,FALSE,,0.836,0.877,65.6,0,1052333,avance_efectivo,TRUE
CAND-01864,16/02/24,33,H,1774434,5,67903,1,0.491,2,TRUE,685,0.949,0.675,44.8,0,540940,avance_efectivo,TRUE
CAND-00319,16/02/24,48,H,702707,27,86486,15,0.097,1,FALSE,,0.84,0.715,25.4,0,912159,avance_efectivo,TRUE
CAND-01313,16/02/24,43,H,2143947,3,31740,3,0.047,5,TRUE,649,0.466,,76.7,0,589006,libre_inversion,TRUE
CAND-01923,16/02/24,22,M,2015945,18,26162,5,0.293,1,FALSE,,0.521,0.713,31.1,0,1610,libre_inversion,TRUE
CAND-00877,17/02/24,22,H,1681750,3,8349,4,0.669,5,FALSE,,0.78,0.745,37.1,0,902188,libre_inversion,TRUE
CAND-00636,17/02/24,33,H,1575000,20,187438,5,0.432,2,FALSE,,0.916,0.787,73,0,402997,avance_efectivo,FALSE
CAND-00715,17/02/24,32,M,1163819,3,45300,3,0.256,2,TRUE,635,0.845,0.681,61.7,0,1034168,libre_inversion,TRUE
CAND-02308,17/02/24,31,NB,709120,4,76835,1,0.136,2,FALSE,,0.68,,65.6,0,741022,avance_efectivo,TRUE
CAND-00054,17/02/24,53,H,1548891,2,35991,1,0.292,3,TRUE,680,0.833,0.687,7.1,0,1085819,avance_efectivo,TRUE
CAND-01269,18/02/24,50,H,999147,17,30366,11,0.331,4,TRUE,586,0.649,0.85,57.7,0,665577,compra_cartera,TRUE
CAND-00461,18/02/24,34,M,939459,1,199640,2,0.186,2,FALSE,,0.86,0.637,65.9,0,919853,compra_cartera,TRUE
CAND-01658,18/02/24,46,M,3457238,9,36855,2,0.351,2,TRUE,648,0.841,0.376,33.7,0,650571,libre_inversion,TRUE
CAND-00658,18/02/24,49,NB,365866,6,36705,2,0.145,2,FALSE,,0.4,0.56,67.4,0,1121010,libre_inversion,TRUE
CAND-02519,18/02/24,29,M,731079,5,28519,4,0.689,5,TRUE,745,0.666,0.766,58,0,388362,libre_inversion,TRUE
CAND-00614,18/02/24,52,H,1782970,5,57427,2,0.602,2,FALSE,,0.928,0.757,21.3,0,263724,libre_inversion,TRUE
CAND-01185,18/02/24,35,H,985852,1,7711,1,0.371,2,TRUE,640,0.872,0.553,30.1,0,696783,avance_efectivo,TRUE
CAND-02952,18/02/24,32,M,825428,10,2075,9,0.356,2,FALSE,,0.83,,41.9,0,782422,avance_efectivo,TRUE
CAND-00059,18/02/24,39,M,996508,12,9307,9,0.759,2,FALSE,,0.765,0.76,45.7,0,427382,libre_inversion,TRUE
CAND-00597,18/02/24,47,H,1028041,2,121416,1,0.651,3,TRUE,670,0.526,0.766,17.5,0,1258696,libre_inversion,TRUE
CAND-01186,18/02/24,21,M,1334701,8,87199,4,0.155,3,FALSE,,0.558,0.63,45.4,0,365697,compra_cartera,TRUE
CAND-02956,18/02/24,26,H,1735664,21,47456,7,0.365,4,FALSE,,0.947,0.839,29.2,0,634431,libre_inversion,TRUE
CAND-02636,18/02/24,43,M,426737,12,71417,9,0.192,3,TRUE,698,0.88,0.707,46.9,0,286732,libre_inversion,TRUE
CAND-00219,18/02/24,43,H,787012,2,57082,1,0.595,3,FALSE,,0.599,0.598,72.3,0,349107,compra_cartera,TRUE
CAND-01456,19/02/24,29,M,2886444,2,32013,0,0.321,2,TRUE,622,0.72,0.56,73,0,1248174,libre_inversion,TRUE
CAND-01842,19/02/24,35,M,2218304,29,61141,15,0.267,1,TRUE,572,0.983,0.746,53.6,0,216058,libre_inversion,TRUE
CAND-00047,19/02/24,28,M,1002000,6,51878,1,0.75,2,TRUE,706,0.95,0.894,32,0,966875,libre_inversion,TRUE
CAND-02538,19/02/24,49,H,484175,39,14293,18,0.601,2,TRUE,684,0.888,0.873,75.5,0,304022,libre_inversion,TRUE
CAND-02304,19/02/24,38,H,1339805,13,40320,4,0.05,4,FALSE,,0.722,0.815,13.7,0,576660,libre_inversion,TRUE
CAND-00103,19/02/24,26,NB,419148,1,17311,0,0.052,1,FALSE,,0.678,0.692,42.4,0,1059492,libre_inversion,TRUE
CAND-01608,19/02/24,46,M,1610916,3,44760,1,0.171,2,TRUE,653,0.838,0.854,42.4,0,142066,libre_inversion,TRUE
CAND-01978,19/02/24,43,H,1362178,14,47717,7,0.256,1,FALSE,,0.878,0.531,59.9,0,368580,avance_efectivo,FALSE
CAND-01071,20/02/24,35,H,1494759,34,21096,11,0.282,1,FALSE,,0.958,0.746,48.4,0,731151,compra_cartera,FALSE
CAND-02912,20/02/24,37,H,3023022,15,29466,7,0.11,3,FALSE,,0.616,,74.8,0,785851,compra_cartera,TRUE
CAND-00533,20/02/24,45,H,1742438,2,68148,3,0.559,1,TRUE,718,0.962,0.758,39.1,0,272117,libre_inversion,TRUE
CAND-01034,20/02/24,27,H,1598702,18,47040,4,0.577,2,TRUE,670,0.822,0.886,50.7,0,2288167,avance_efectivo,TRUE
CAND-02461,20/02/24,18,M,1706251,17,78584,9,0.692,2,FALSE,,0.311,,69.4,0,448113,compra_cartera,TRUE
CAND-00823,20/02/24,41,H,2378707,7,4229,4,0.555,1,FALSE,,0.861,0.727,47.9,0,481622,libre_inversion,TRUE
CAND-00800,20/02/24,28,H,1669136,10,93058,8,0.325,5,TRUE,672,0.85,0.688,43.2,0,1371721,libre_inversion,TRUE
CAND-00392,20/02/24,41,H,602778,12,17905,7,0.531,1,FALSE,,0.964,0.822,27.6,0,806699,libre_inversion,TRUE
CAND-02432,20/02/24,29,M,1611518,4,10470,3,0.036,2,FALSE,,0.78,0.89,31.1,0,591475,avance_efectivo,TRUE
CAND-02842,20/02/24,39,H,3416242,16,59159,11,0.672,5,FALSE,,0.819,0.775,33.2,0,948185,libre_inversion,TRUE
CAND-01395,20/02/24,32,H,1114295,17,84151,3,0.123,3,TRUE,755,0.783,,58.9,0,354214,compra_cartera,TRUE
CAND-01750,21/02/24,19,M,888505,8,14930,7,0.424,1,TRUE,712,0.549,0.633,28.7,0,861130,avance_efectivo,TRUE
CAND-01828,21/02/24,35,M,650343,31,57081,16,0.888,4,FALSE,,,0.817,36.8,0,309856,avance_efectivo,TRUE
CAND-00608,21/02/24,47,M,1200521,2,46624,4,0.287,2,FALSE,,0.683,0.852,30.5,0,645596,compra_cartera,TRUE
CAND-02770,21/02/24,49,H,1375278,28,33299,17,0.292,1,FALSE,,,0.737,62.9,0,1034171,compra_cartera,TRUE
CAND-02160,21/02/24,32,H,581676,38,50276,21,0.099,2,TRUE,756,0.862,0.894,36.6,0,563070,avance_efectivo,TRUE
CAND-02462,21/02/24,33,NB,1386944,29,80551,17,0.46,1,TRUE,766,0.754,0.9,41.2,0,408073,libre_inversion,TRUE
CAND-00521,21/02/24,38,M,1585928,5,106989,6,0.615,1,TRUE,673,0.52,0.905,40.3,0,333166,libre_inversion,TRUE
CAND-01720,21/02/24,38,H,2312023,7,50444,8,0.234,2,TRUE,529,0.681,0.917,33.6,0,515697,libre_inversion,TRUE
CAND-01426,21/02/24,51,M,891026,2,86017,1,0.31,2,FALSE,,0.838,0.589,31.2,0,424881,compra_cartera,TRUE
CAND-02073,21/02/24,41,H,1642922,8,18374,5,0.428,4,TRUE,734,0.814,0.688,17.2,0,512564,avance_efectivo,TRUE
CAND-02103,21/02/24,41,M,329396,35,39740,17,0.195,2,FALSE,,0.745,0.727,48.3,0,467364,avance_efectivo,TRUE
CAND-02010,21/02/24,18,H,1244975,24,66039,10,0.36,1,FALSE,,,0.786,69.7,0,396305,libre_inversion,TRUE
CAND-02676,21/02/24,44,H,879544,10,56703,6,0.22,5,FALSE,,0.817,0.979,46.5,0,163214,avance_efectivo,TRUE
CAND-01347,21/02/24,47,H,1752309,13,56075,6,0.464,1,TRUE,636,0.864,0.729,75,40189,716003,compra_cartera,TRUE
CAND-00572,21/02/24,39,M,955758,24,105292,10,0.492,1,TRUE,473,0.582,0.894,34.5,0,884991,libre_inversion,TRUE
CAND-00951,22/02/24,39,H,1315849,45,38703,33,0.365,4,TRUE,783,0.86,0.844,28.6,0,398159,libre_inversion,TRUE
CAND-00010,22/02/24,18,H,1442117,12,36897,8,0.064,1,TRUE,789,0.651,0.692,45.9,0,549944,libre_inversion,TRUE
CAND-00932,22/02/24,43,M,743323,5,25851,3,0.359,1,TRUE,619,0.968,0.931,33.3,0,307352,libre_inversion,TRUE
CAND-00615,22/02/24,43,H,1069751,4,89109,4,0.78,1,TRUE,670,0.766,0.766,31.4,0,1295640,avance_efectivo,TRUE
CAND-01587,22/02/24,24,H,1296454,16,56373,6,0.259,5,FALSE,,,0.821,60.5,0,634286,libre_inversion,TRUE
CAND-02692,22/02/24,42,H,1550911,5,55036,3,0.818,2,FALSE,,0.679,0.614,75.6,0,374690,libre_inversion,TRUE
CAND-01848,22/02/24,37,H,1313427,37,31869,15,0.574,4,TRUE,472,0.769,0.785,43.3,0,1187061,avance_efectivo,TRUE
CAND-00940,22/02/24,20,H,2036824,14,30885,9,0.643,3,TRUE,809,0.739,0.906,55.1,0,1323205,libre_inversion,TRUE
CAND-00891,22/02/24,48,H,1489005,10,23747,6,0.505,4,FALSE,,,0.676,33.7,0,868661,avance_efectivo,TRUE
CAND-01853,22/02/24,42,H,1436058,1,20979,5,0.219,2,TRUE,491,0.832,0.772,55.1,0,242311,libre_inversion,TRUE
CAND-01749,22/02/24,18,H,1692785,1,13760,1,0.355,3,TRUE,900,0.84,0.804,14.1,0,546584,compra_cartera,TRUE
CAND-01350,23/02/24,37,M,824387,2,45157,1,0.151,4,FALSE,,0.652,0.65,65.2,0,247080,libre_inversion,TRUE
CAND-00613,23/02/24,40,M,1618158,2,51825,0,0.331,4,TRUE,632,0.852,0.528,35.4,0,693844,libre_inversion,TRUE
CAND-00809,23/02/24,31,H,1339089,1,30232,0,0.555,5,TRUE,724,0.554,0.719,65.7,0,1007230,libre_inversion,TRUE
CAND-02967,23/02/24,31,NB,786537,1,136121,0,0.07,2,TRUE,777,0.942,0.839,87,0,1270618,avance_efectivo,TRUE
CAND-01709,23/02/24,30,NB,1016934,8,27610,2,0.273,1,TRUE,733,0.842,0.911,58.1,0,246012,libre_inversion,TRUE
CAND-02421,23/02/24,33,H,817210,10,12427,4,0.757,2,FALSE,,0.612,0.461,68.2,0,1024574,libre_inversion,TRUE
CAND-01920,23/02/24,30,M,462625,13,5555,4,0.424,1,TRUE,479,0.747,0.84,63.3,0,647161,avance_efectivo,TRUE
CAND-00927,23/02/24,47,H,470584,25,33574,14,0.136,1,TRUE,621,,0.748,60.8,0,1627035,libre_inversion,TRUE
CAND-02722,23/02/24,34,M,1253704,3,16870,3,0.302,1,FALSE,,0.712,,33.3,0,396254,compra_cartera,TRUE
CAND-02933,23/02/24,37,M,2094853,3,17854,3,0.046,2,FALSE,,0.736,0.755,23.7,0,341899,avance_efectivo,TRUE
CAND-00138,23/02/24,21,M,1155731,5,52984,2,0.47,2,FALSE,,0.661,0.866,49.3,20867,2037603,libre_inversion,TRUE
CAND-02286,23/02/24,24,M,2195781,4,43766,3,0.118,1,FALSE,,,0.882,74.6,0,508870,avance_efectivo,TRUE
CAND-02568,24/02/24,51,H,1241296,41,29509,19,0.148,1,FALSE,,0.836,0.75,60.7,0,1540070,avance_efectivo,TRUE
CAND-01777,24/02/24,41,H,828279,1,95658,0,0.739,3,FALSE,,0.78,0.785,44.2,0,374802,avance_efectivo,TRUE
CAND-00404,24/02/24,19,M,1208604,13,55001,8,0.154,1,TRUE,566,0.546,0.904,78.7,0,508932,libre_inversion,TRUE
CAND-01583,24/02/24,45,H,724026,9,56886,3,0.315,3,TRUE,678,0.879,0.877,20.7,0,1625748,avance_efectivo,TRUE
CAND-02706,24/02/24,50,H,1431646,40,13163,16,0.125,2,FALSE,,0.791,0.848,59.8,0,515164,avance_efectivo,TRUE
CAND-00197,24/02/24,36,H,2065883,12,24095,4,0.614,4,FALSE,,0.564,0.612,86.7,0,295259,libre_inversion,TRUE
CAND-01123,24/02/24,30,M,821868,4,60924,1,0.214,2,TRUE,638,,0.955,48.6,0,327992,avance_efectivo,FALSE
CAND-00099,24/02/24,31,M,2550589,15,26430,7,0.301,4,FALSE,,0.526,0.751,55.3,0,737588,avance_efectivo,TRUE
CAND-00832,24/02/24,28,M,700606,7,20457,2,0.365,4,TRUE,630,0.95,,39.8,0,2346364,libre_inversion,TRUE
CAND-01472,24/02/24,37,M,1317110,3,14638,0,0.477,1,FALSE,,0.636,0.672,22,0,405873,libre_inversion,TRUE
CAND-02910,24/02/24,44,M,1536484,3,78349,1,0.096,2,TRUE,611,0.881,0.804,50.6,0,526658,avance_efectivo,TRUE
CAND-00352,24/02/24,52,H,1516571,8,2909,5,0.241,1,TRUE,721,0.681,0.77,44.2,0,1059948,libre_inversion,TRUE
CAND-00830,24/02/24,47,H,1322231,24,112243,15,0.371,2,FALSE,,0.608,0.785,84.9,0,905332,libre_inversion,TRUE
CAND-02254,25/02/24,38,H,1465327,26,44878,12,0.277,4,TRUE,670,0.702,0.842,46.5,0,596676,libre_inversion,TRUE
CAND-00641,25/02/24,32,H,1660721,7,35969,4,0.548,2,TRUE,692,0.866,0.834,40.5,0,2381518,libre_inversion,TRUE
CAND-02434,25/02/24,40,M,1217145,17,22750,4,0.371,1,FALSE,,0.869,0.835,84.4,0,713042,libre_inversion,TRUE
CAND-02458,25/02/24,33,M,1019705,4,63007,3,0.485,2,TRUE,810,0.799,0.84,54.5,0,653127,libre_inversion,TRUE
CAND-00638,25/02/24,46,M,813514,19,50895,11,0.317,3,TRUE,611,,0.793,58.1,0,161585,libre_inversion,TRUE
CAND-01726,25/02/24,42,NB,1077707,6,25387,5,0.339,1,TRUE,591,0.791,0.807,51.9,0,1661412,avance_efectivo,TRUE
CAND-00481,25/02/24,30,M,526258,28,34119,11,0.266,3,FALSE,,0.724,0.596,22.8,0,809645,libre_inversion,TRUE
CAND-01730,25/02/24,43,M,1242549,60,15071,26,0.371,2,TRUE,628,0.682,0.788,77.6,0,358828,avance_efectivo,TRUE
CAND-02780,25/02/24,44,M,1101773,10,43333,4,0.365,3,FALSE,,0.456,0.854,9.3,0,602858,compra_cartera,TRUE
CAND-01807,25/02/24,44,H,404664,3,37152,1,0.255,2,FALSE,,0.716,0.934,29.1,0,868137,libre_inversion,TRUE
CAND-02782,25/02/24,36,H,945981,1,54830,0,0.236,3,FALSE,,0.943,,34.9,0,475803,libre_inversion,TRUE
CAND-00430,25/02/24,39,H,921527,14,78587,8,0.31,4,FALSE,,0.729,0.793,27.5,0,708992,avance_efectivo,TRUE
CAND-02700,25/02/24,40,M,1109753,9,10511,5,0.144,1,FALSE,,0.817,0.764,7.5,0,1583713,avance_efectivo,TRUE
CAND-00751,26/02/24,47,H,1551363,8,53439,6,0.739,4,FALSE,,0.549,0.598,49.4,0,375066,avance_efectivo,TRUE
CAND-00976,26/02/24,45,NB,1769077,2,64651,0,0.657,2,TRUE,609,0.79,0.921,56.4,0,788178,compra_cartera,TRUE
CAND-00669,26/02/24,35,H,1305778,10,27656,7,0.442,3,FALSE,,0.545,0.516,49.3,0,653685,libre_inversion,TRUE
CAND-02812,26/02/24,32,H,610317,9,16309,7,0.255,1,TRUE,630,0.906,0.791,38.5,0,860624,compra_cartera,TRUE
CAND-01236,26/02/24,48,H,685072,4,59209,0,0.404,1,FALSE,,,0.88,26.9,0,945635,compra_cartera,TRUE
CAND-02777,26/02/24,35,M,723629,1,5390,1,0.341,1,TRUE,665,0.722,0.89,28.2,0,718674,libre_inversion,TRUE
CAND-02980,26/02/24,33,M,777624,13,13281,9,0.093,4,FALSE,,0.876,0.498,62.6,0,2063137,compra_cartera,TRUE
CAND-01763,26/02/24,35,H,844386,40,112581,21,0.23,3,FALSE,,0.649,0.709,34.5,0,300260,libre_inversion,TRUE
CAND-01353,27/02/24,38,H,2976899,21,8196,10,0.472,3,FALSE,,0.905,0.877,57.6,0,541736,avance_efectivo,TRUE
CAND-00231,27/02/24,37,H,1619356,11,72164,4,0.679,1,FALSE,,0.807,0.827,54.3,0,1549494,libre_inversion,TRUE
CAND-01387,27/02/24,42,H,1451816,4,32823,2,0.431,1,FALSE,,0.967,0.918,63.2,0,371028,avance_efectivo,TRUE
CAND-00863,27/02/24,41,H,799871,9,51316,6,0.31,5,FALSE,,0.901,0.864,20.2,0,1370710,compra_cartera,TRUE
CAND-01277,27/02/24,29,M,799142,10,17116,9,0.496,5,TRUE,607,0.787,0.554,65.2,0,362402,compra_cartera,TRUE
CAND-00814,27/02/24,37,H,914350,2,39782,1,0.556,1,TRUE,648,0.827,0.688,48.8,0,628329,avance_efectivo,TRUE
CAND-01953,27/02/24,44,H,1265387,20,33356,6,0.427,3,TRUE,524,0.704,0.894,62.2,0,367837,libre_inversion,TRUE
CAND-02727,27/02/24,31,H,1049702,16,91624,9,0.418,1,TRUE,682,0.441,0.742,60.8,0,302397,avance_efectivo,TRUE
CAND-01639,27/02/24,44,M,1272498,2,9843,3,0.549,2,TRUE,752,0.902,0.331,94.4,0,1727624,avance_efectivo,TRUE
CAND-00227,27/02/24,50,NB,1187500,34,15238,14,0.199,1,FALSE,,0.807,0.929,70.4,0,493112,compra_cartera,TRUE
CAND-00410,27/02/24,35,H,803415,47,83617,16,0.022,2,TRUE,681,0.857,0.745,48.6,0,700085,libre_inversion,TRUE
CAND-00718,27/02/24,39,H,1588349,7,102963,4,0.342,1,FALSE,,0.835,,49.1,0,544506,libre_inversion,TRUE
CAND-02975,27/02/24,31,M,1727328,7,96875,2,0.447,2,FALSE,,0.95,0.853,70.5,0,222476,libre_inversion,TRUE
CAND-00956,27/02/24,22,M,486976,14,34152,11,0.549,3,FALSE,,0.656,0.882,63.1,0,1130292,libre_inversion,TRUE
CAND-01794,27/02/24,44,M,760099,31,93036,17,0.448,4,FALSE,,0.498,0.607,61.6,0,237114,libre_inversion,TRUE
CAND-00152,27/02/24,20,H,702479,10,90058,8,0.339,5,FALSE,,0.829,0.708,44.7,0,1071811,avance_efectivo,TRUE
CAND-02928,27/02/24,30,H,926634,37,25089,13,0.593,3,TRUE,563,0.755,0.736,31.9,0,1278179,libre_inversion,TRUE
CAND-01845,28/02/24,27,H,2058916,21,83116,7,0.313,1,FALSE,,,0.718,55.8,0,524066,libre_inversion,TRUE
CAND-00026,28/02/24,35,H,1960140,14,37158,10,0.578,1,TRUE,713,0.71,0.55,48.4,0,378400,libre_inversion,TRUE
CAND-00306,28/02/24,18,H,1586249,5,48407,1,0.485,2,TRUE,821,0.667,0.795,45.1,13010,1805313,libre_inversion,TRUE
CAND-01983,28/02/24,42,H,984880,27,43064,17,0.1,1,FALSE,,0.784,0.477,41.1,0,325351,libre_inversion,FALSE
CAND-00327,28/02/24,18,H,983618,4,20953,1,0.016,1,TRUE,723,0.881,0.772,80.6,0,672805,libre_inversion,TRUE
CAND-02274,28/02/24,65,H,1180223,10,39978,5,0.223,1,FALSE,,0.842,0.631,68.2,0,721909,libre_inversion,TRUE
CAND-02382,28/02/24,24,M,1757823,3,23681,2,0.163,3,TRUE,638,0.73,0.705,29.9,0,305349,avance_efectivo,TRUE
CAND-01530,28/02/24,33,H,1917034,16,36979,5,0.419,4,FALSE,,,0.873,43.7,0,712742,libre_inversion,TRUE
CAND-02514,28/02/24,43,H,1607206,41,15353,27,0.699,2,TRUE,777,0.854,0.707,22.2,0,291830,libre_inversion,TRUE
CAND-01012,28/02/24,24,H,977959,2,39067,0,0.517,2,TRUE,664,0.73,0.559,24.7,0,365141,libre_inversion,TRUE
CAND-00063,28/02/24,46,H,866780,1,82712,2,0.281,2,FALSE,,0.87,0.75,71.9,0,872027,libre_inversion,TRUE
CAND-02055,28/02/24,18,M,452183,16,70755,11,0.75,1,TRUE,648,0.528,,32.1,0,379863,compra_cartera,TRUE
CAND-00805,28/02/24,46,H,1645554,15,27754,8,0.516,1,FALSE,,0.796,0.824,76.4,0,667730,avance_efectivo,TRUE
CAND-02142,28/02/24,37,H,853175,2,7429,0,0.169,2,FALSE,,0.938,0.576,59.3,0,542497,avance_efectivo,TRUE
CAND-00510,28/02/24,47,M,2777017,2,37425,3,0.456,5,FALSE,,0.491,0.811,22,0,369911,compra_cartera,TRUE
CAND-00906,29/02/24,37,M,978603,10,77356,4,0.462,1,TRUE,502,0.747,0.756,65.9,0,335156,compra_cartera,TRUE
CAND-01891,29/02/24,45,H,680198,31,41414,15,0.227,2,FALSE,,0.467,0.505,41.2,0,885654,libre_inversion,TRUE
CAND-02926,29/02/24,37,M,1070512,5,53648,1,0.46,2,TRUE,627,,0.983,35.8,0,377593,libre_inversion,TRUE
CAND-02579,29/02/24,38,H,1923429,20,73472,8,0.581,4,TRUE,552,,0.552,28.1,0,657671,libre_inversion,TRUE
CAND-00746,29/02/24,28,H,1288182,14,17813,6,0.298,2,TRUE,781,0.78,0.656,22.6,0,555276,avance_efectivo,TRUE
CAND-00357,29/02/24,43,H,1629846,12,31776,4,0.439,1,TRUE,620,0.649,0.979,58.8,0,649107,libre_inversion,TRUE
CAND-00276,29/02/24,46,M,456018,33,51217,21,0.384,2,FALSE,,,0.721,20.3,0,348054,libre_inversion,TRUE
CAND-00251,29/02/24,51,M,1349670,7,18544,2,0.22,1,FALSE,,,0.787,68.2,0,687405,libre_inversion,TRUE
CAND-01077,01/03/24,32,M,1028061,4,63386,5,0.414,4,FALSE,,0.709,,42.4,0,574530,libre_inversion,TRUE
CAND-01356,01/03/24,18,H,1270288,33,66029,13,0.49,1,FALSE,,0.689,0.946,81.9,0,1110212,avance_efectivo,TRUE
CAND-00263,01/03/24,46,H,964761,34,32819,20,0.585,3,FALSE,,0.71,0.615,58.7,0,682340,libre_inversion,TRUE
CAND-00336,01/03/24,34,M,2991470,4,83777,5,0.285,2,TRUE,627,0.813,0.432,34.8,0,684898,libre_inversion,TRUE
CAND-00279,01/03/24,34,H,1428940,1,70615,1,0.373,3,TRUE,517,0.643,0.526,40.9,0,319272,libre_inversion,TRUE
CAND-02491,01/03/24,48,M,1303470,38,52218,25,0.463,5,TRUE,694,0.829,0.64,65.5,0,1024028,compra_cartera,TRUE
CAND-00909,01/03/24,31,M,948492,31,46919,20,0.455,2,FALSE,,0.557,0.747,56.9,10748,2453381,libre_inversion,TRUE
CAND-02173,01/03/24,22,H,1503638,8,24331,4,0.251,4,FALSE,,0.7,0.946,44.4,0,573414,libre_inversion,TRUE
CAND-02347,01/03/24,54,H,949506,39,44802,18,0.279,1,FALSE,,0.522,0.484,79.2,0,1029376,libre_inversion,TRUE
CAND-01593,01/03/24,26,M,722133,10,32237,8,0.184,3,TRUE,772,0.632,0.868,42.9,0,1046264,avance_efectivo,TRUE
CAND-01665,02/03/24,28,H,1359896,4,94905,0,0.48,1,TRUE,547,0.482,0.854,52.1,0,799679,libre_inversion,TRUE
CAND-02117,02/03/24,18,H,1570981,31,67814,12,0.314,3,FALSE,,0.703,0.674,2.3,0,2808297,libre_inversion,TRUE
CAND-00509,02/03/24,24,H,783299,11,9474,7,0.208,1,TRUE,555,,0.85,80.9,0,1499629,libre_inversion,TRUE
CAND-01925,02/03/24,33,M,1150179,8,54208,7,0.455,1,TRUE,697,0.737,0.883,22.5,0,437140,compra_cartera,TRUE
CAND-02606,02/03/24,18,NB,1045675,36,82320,11,0.614,1,FALSE,,,0.813,39.6,0,1403,libre_inversion,TRUE
CAND-01775,02/03/24,31,H,502846,20,12621,10,0.24,2,TRUE,455,0.839,0.911,59.5,0,756386,libre_inversion,TRUE
CAND-02098,02/03/24,48,H,2445236,47,37761,23,0.728,2,FALSE,,0.548,0.789,59.5,0,415573,libre_inversion,TRUE
CAND-02097,02/03/24,40,H,1716014,41,10915,13,0.069,2,FALSE,,0.839,,38,0,364223,avance_efectivo,FALSE
CAND-02094,02/03/24,26,M,885259,14,250214,7,0.404,3,FALSE,,0.445,0.558,71.6,0,492365,compra_cartera,TRUE
CAND-02405,02/03/24,29,M,960618,17,76749,7,0.379,1,TRUE,612,0.826,0.746,20.1,0,429397,libre_inversion,TRUE
CAND-02083,02/03/24,34,H,832400,21,46785,12,0.067,3,FALSE,,0.73,0.63,47.4,0,574365,compra_cartera,TRUE
CAND-02036,02/03/24,29,M,2091885,5,62760,1,0.364,1,FALSE,,0.714,0.492,54.9,0,563573,compra_cartera,TRUE
CAND-01687,03/03/24,34,H,1548605,6,47057,2,0.199,5,TRUE,695,0.466,0.474,36.1,0,206516,libre_inversion,TRUE
CAND-00713,03/03/24,32,M,1401552,7,43333,5,0.587,1,TRUE,672,0.832,0.935,39.4,0,1336096,compra_cartera,TRUE
CAND-00506,03/03/24,38,H,2.686.018.256.156.650,37,54035,22,0.311,2,FALSE,,0.559,0.909,66.8,0,637934,compra_cartera,TRUE
CAND-01725,03/03/24,47,H,904358,9,111349,5,0.449,3,FALSE,,0.889,0.684,46.1,0,565383,compra_cartera,TRUE
CAND-01929,03/03/24,28,H,950129,12,20421,6,0.071,2,TRUE,527,0.632,0.875,23.2,0,1593964,avance_efectivo,TRUE
CAND-00969,03/03/24,40,M,1414208,11,22489,3,0.092,1,TRUE,865,0.459,,22.9,0,461888,libre_inversion,TRUE
CAND-02294,03/03/24,36,H,586777,1,37234,1,0.629,3,FALSE,,0.896,0.882,55.1,0,703953,libre_inversion,TRUE
CAND-01087,03/03/24,39,H,1028971,3,5614,1,0.427,2,FALSE,,0.858,0.784,73.9,0,841533,libre_inversion,TRUE
CAND-00307,03/03/24,29,H,955090,6,29221,3,0.237,3,TRUE,585,0.701,0.578,59.3,0,277356,libre_inversion,TRUE
CAND-00553,03/03/24,40,H,695992,4,25953,1,0.19,3,TRUE,545,0.63,0.835,29.3,0,102575,libre_inversion,TRUE
CAND-02701,03/03/24,48,M,1726786,4,65411,3,0.224,1,TRUE,554,0.631,0.603,44.5,0,1641153,libre_inversion,TRUE
CAND-00195,03/03/24,45,H,979043,4,49476,1,0.518,1,TRUE,704,0.7,0.53,70.4,0,787002,avance_efectivo,TRUE
CAND-00872,03/03/24,32,NB,1212447,1,89397,1,0.683,5,FALSE,,0.811,0.899,56.9,0,193447,avance_efectivo,TRUE
CAND-00536,04/03/24,20,M,1648943,8,62990,3,0.085,1,FALSE,,0.701,0.688,56.8,0,559231,avance_efectivo,TRUE
CAND-00017,04/03/24,20,M,1062893,1,27511,1,0.058,1,FALSE,,0.77,0.849,52.2,0,455298,libre_inversion,TRUE
CAND-01235,04/03/24,21,H,1924341,7,22394,3,0.378,3,TRUE,596,0.835,0.811,100,0,254108,libre_inversion,TRUE
CAND-00661,04/03/24,36,H,1374866,16,20225,10,0.401,1,TRUE,562,0.841,0.696,31.1,0,2326909,libre_inversion,TRUE
CAND-00866,04/03/24,30,H,3141208,1,25611,0,0.331,2,TRUE,614,0.989,0.913,68,0,782992,libre_inversion,TRUE
CAND-02287,04/03/24,18,M,1077291,30,12939,12,0.336,4,TRUE,590,0.594,0.716,55.8,0,673700,libre_inversion,TRUE
CAND-01045,04/03/24,33,H,1153658,1,51950,3,0.393,1,TRUE,552,0.695,0.821,77.2,0,274397,libre_inversion,TRUE
CAND-02955,04/03/24,38,M,1969247,16,21236,14,0.266,3,FALSE,,0.806,0.544,70.6,0,1239695,libre_inversion,TRUE
CAND-00632,05/03/24,35,M,2321117,6,51475,2,0.32,3,TRUE,699,0.615,0.777,69.5,0,640323,avance_efectivo,TRUE
CAND-00024,05/03/24,39,M,477605,2,55091,2,0.534,4,TRUE,807,0.872,0.889,12.5,0,327520,compra_cartera,TRUE
CAND-01002,05/03/24,57,H,925990,10,52256,4,0.088,2,FALSE,,0.704,0.551,35.6,0,640373,libre_inversion,TRUE
CAND-00108,05/03/24,38,H,545992,5,69700,0,0.24,1,FALSE,,0.809,0.699,61.1,0,487599,libre_inversion,TRUE
CAND-01001,05/03/24,26,H,1244773,15,34838,6,0.324,1,TRUE,698,0.771,0.78,35.3,0,1400966,libre_inversion,TRUE
CAND-02991,05/03/24,48,NB,3862412,28,102556,15,0.364,1,FALSE,,0.727,0.748,50.2,0,624533,compra_cartera,TRUE
CAND-02463,05/03/24,35,M,1736397,8,134650,3,0.592,4,FALSE,,0.903,0.62,13.6,0,729962,avance_efectivo,TRUE
CAND-00286,05/03/24,41,M,1545220,58,28088,29,0.28,2,TRUE,689,0.84,0.87,26.2,0,1034218,libre_inversion,TRUE
CAND-02918,05/03/24,41,H,2033435,7,52491,3,0.608,2,TRUE,699,0.777,0.782,60.7,0,1467976,libre_inversion,TRUE
CAND-00925,05/03/24,25,M,1204012,1,20076,0,0.089,1,TRUE,600,0.617,0.716,87.6,0,588092,avance_efectivo,TRUE
CAND-02384,05/03/24,27,M,959501,1,44611,0,0.373,1,TRUE,717,0.777,0.829,42.9,0,749242,libre_inversion,TRUE
CAND-01858,05/03/24,35,H,1205683,32,110655,17,0.562,3,TRUE,658,0.933,0.822,84.9,0,528124,avance_efectivo,TRUE
CAND-00827,05/03/24,46,M,842482,24,48521,9,0.668,2,FALSE,,0.912,0.931,80.3,0,423317,libre_inversion,TRUE
CAND-00756,06/03/24,28,H,1377128,19,60898,6,0.624,2,TRUE,874,0.811,0.805,80.1,0,508837,avance_efectivo,TRUE
CAND-00766,06/03/24,30,H,1711087,21,38589,10,0.063,2,FALSE,,0.686,,37.1,0,1351016,avance_efectivo,TRUE
CAND-02711,06/03/24,36,H,1704053,1,61815,1,0.839,1,TRUE,507,0.879,0.957,64.4,0,255217,libre_inversion,TRUE
CAND-01054,06/03/24,46,H,1130564,3,6536,6,0.389,4,FALSE,,0.661,0.858,23.7,0,773049,libre_inversion,TRUE
CAND-00001,06/03/24,34,H,1583486,1,86688,1,0.722,3,TRUE,762,0.568,0.847,25.7,0,501644,libre_inversion,TRUE
CAND-00066,06/03/24,41,H,1211002,55,71226,31,0.29,3,FALSE,,0.839,,62.7,0,579159,libre_inversion,TRUE
CAND-00272,07/03/24,23,M,10.393.513.001.866.500,36,26773,9,0.111,2,FALSE,,0.878,0.717,78,0,654233,avance_efectivo,TRUE
CAND-02234,07/03/24,33,M,2138256,5,17699,2,0.348,1,TRUE,732,0.668,0.572,49,0,432960,libre_inversion,TRUE
CAND-02216,07/03/24,36,H,809602,6,22566,3,0.813,3,TRUE,757,0.372,0.893,49.7,0,1196715,libre_inversion,TRUE
CAND-00637,07/03/24,47,H,1917899,26,68249,15,0.6,2,TRUE,608,,,36.8,0,2045585,avance_efectivo,TRUE
CAND-02644,07/03/24,25,H,1217116,3,10671,3,0.11,3,FALSE,,0.648,0.701,47.2,0,557608,libre_inversion,TRUE
CAND-02518,07/03/24,34,H,942035,39,59262,19,0.775,1,TRUE,545,0.595,0.438,63.4,0,692465,avance_efectivo,TRUE
CAND-00250,07/03/24,54,M,1364035,43,38725,16,0.494,4,FALSE,,0.611,0.924,44.8,0,218034,libre_inversion,TRUE
CAND-00740,07/03/24,43,M,1486052,2,10167,2,0.762,3,TRUE,572,0.655,0.853,64.3,0,1035152,libre_inversion,TRUE
CAND-01114,07/03/24,23,M,1074163,39,123275,7,0.567,2,TRUE,605,0.436,0.65,48.2,0,1047530,libre_inversion,TRUE
CAND-01700,08/03/24,38,M,582426,4,104772,2,0.591,5,TRUE,699,,0.81,61.8,0,474376,libre_inversion,TRUE
CAND-00754,08/03/24,25,M,1895662,13,25296,6,0.116,3,TRUE,675,0.608,0.802,54,0,1056049,libre_inversion,TRUE
CAND-02716,08/03/24,34,H,871776,35,82662,23,0.228,1,FALSE,,0.384,0.604,59.6,0,2338813,libre_inversion,TRUE
CAND-02566,08/03/24,24,H,618151,19,82838,12,0.303,4,FALSE,,0.568,0.869,48.2,0,815968,libre_inversion,TRUE
CAND-00499,08/03/24,52,H,1360042,6,12369,1,0.376,4,TRUE,717,0.696,0.599,33.2,0,1094641,libre_inversion,TRUE
CAND-02318,08/03/24,33,M,1500457,20,55422,13,0.464,3,TRUE,562,0.884,0.637,73.2,0,221536,avance_efectivo,TRUE
CAND-01910,08/03/24,37,M,1361288,1,20045,0,0.694,1,FALSE,,0.81,,30.5,0,937191,libre_inversion,TRUE
CAND-02340,08/03/24,45,H,1374043,2,67425,0,0.456,1,TRUE,497,0.654,0.557,60.5,0,238162,libre_inversion,TRUE
CAND-02373,09/03/24,28,H,1069600,1,51900,0,0.703,5,FALSE,,0.786,0.858,24.6,0,769422,avance_efectivo,TRUE
CAND-00625,09/03/24,29,H,1182180,22,17899,9,0.426,3,TRUE,628,0.692,0.934,54.6,0,255802,avance_efectivo,TRUE
CAND-00620,09/03/24,26,M,1200604,7,50880,0,0.411,1,FALSE,,0.782,0.813,32.6,0,815470,libre_inversion,TRUE
CAND-02154,09/03/24,23,M,714469,1,96865,2,0.024,1,TRUE,616,0.967,0.83,45,0,381073,libre_inversion,TRUE
CAND-00377,10/03/24,35,M,1144959,2,51097,1,0.373,2,TRUE,671,0.868,0.785,49,0,306907,compra_cartera,TRUE
CAND-02824,10/03/24,21,H,689071,35,52686,19,0.371,2,FALSE,,0.424,0.904,34.8,0,684186,avance_efectivo,TRUE
CAND-01334,10/03/24,35,M,450290,27,41222,18,0.593,4,TRUE,680,0.627,0.915,30.6,0,748083,libre_inversion,TRUE
CAND-00220,10/03/24,51,M,1271721,30,78033,14,0.082,2,FALSE,,,0.891,45.3,0,266344,avance_efectivo,TRUE
CAND-02966,10/03/24,41,M,1405643,1,42500,1,0.473,3,FALSE,,0.791,0.748,37.3,0,260551,libre_inversion,TRUE
CAND-02866,10/03/24,26,M,968217,8,37369,5,0.395,4,FALSE,,0.661,0.772,16.2,0,441249,libre_inversion,TRUE
CAND-02290,10/03/24,52,NB,1322975,18,56189,11,0.095,4,FALSE,,0.687,,64.6,0,288972,avance_efectivo,TRUE
CAND-01349,11/03/24,50,H,665639,16,157794,7,0.116,2,TRUE,718,0.724,0.855,31.2,0,360231,avance_efectivo,TRUE
CAND-00168,11/03/24,37,H,535697,60,123008,23,0.258,5,FALSE,,0.503,0.744,58.8,0,1122358,libre_inversion,TRUE
CAND-00666,11/03/24,50,H,1038357,13,43164,7,0.371,2,FALSE,,0.557,,83.2,0,723811,libre_inversion,TRUE
CAND-02385,11/03/24,51,H,1445585,15,7703,5,0.625,2,TRUE,620,0.683,0.87,42.1,0,363299,libre_inversion,TRUE
CAND-00821,11/03/24,25,H,965830,21,15405,11,0.34,2,TRUE,714,0.899,0.85,57.8,0,1024338,libre_inversion,TRUE
CAND-02470,11/03/24,23,H,1921073,3,52238,2,0.471,5,TRUE,721,0.741,0.96,52.2,0,932912,libre_inversion,TRUE
CAND-01540,11/03/24,40,H,1205489,5,86561,1,0.476,1,TRUE,613,0.764,0.807,29.1,0,709495,avance_efectivo,TRUE
CAND-00298,11/03/24,25,M,618504,15,46992,8,0.554,1,FALSE,,0.94,0.917,48.5,0,683958,compra_cartera,TRUE
CAND-00385,11/03/24,41,H,1738229,3,43614,1,0.34,1,TRUE,607,0.525,0.766,44.2,0,746200,compra_cartera,TRUE
CAND-01220,11/03/24,45,H,1252461,17,43192,9,0.509,2,FALSE,,0.916,0.693,43.7,0,653325,avance_efectivo,TRUE
CAND-01780,11/03/24,42,H,1303573,4,41051,2,0.173,1,TRUE,682,0.761,0.772,42.2,0,1194297,libre_inversion,TRUE
CAND-02424,11/03/24,39,NB,1243117,1,63987,3,0.288,4,FALSE,,0.987,0.868,37.9,0,426627,libre_inversion,TRUE
CAND-00770,11/03/24,37,M,437890,30,18025,17,0.4,2,TRUE,582,0.784,0.742,11.7,0,384372,libre_inversion,TRUE
CAND-00535,11/03/24,28,H,2537879,24,74695,12,0.327,1,FALSE,,0.9,,53.6,0,634782,libre_inversion,TRUE
CAND-02018,12/03/24,38,H,1391064,3,72953,3,0.445,3,FALSE,,0.902,0.639,36.3,0,586853,libre_inversion,TRUE
CAND-02526,12/03/24,52,H,1089266,41,57904,17,0.196,1,FALSE,,0.82,0.908,30.8,0,712365,compra_cartera,TRUE
CAND-02761,12/03/24,36,M,665107,3,17950,0,0.672,1,FALSE,,0.85,0.904,47.1,0,745670,libre_inversion,TRUE
CAND-02539,12/03/24,40,H,1339916,1,10946,1,0.152,3,TRUE,642,0.846,0.562,63.8,0,980800,avance_efectivo,TRUE
CAND-02696,12/03/24,23,H,906991,1,35432,0,0.462,1,TRUE,648,0.578,0.593,50.2,0,592862,libre_inversion,TRUE
CAND-00512,12/03/24,36,H,2194034,36,17983,18,0.772,3,TRUE,563,0.801,0.617,46.3,0,515944,avance_efectivo,TRUE
CAND-02194,12/03/24,29,H,749979,17,162678,13,0.675,1,FALSE,,0.736,,72.2,0,1368142,avance_efectivo,TRUE
CAND-00232,12/03/24,21,M,595061,17,30737,9,0.397,3,TRUE,595,0.625,0.832,60.1,0,571927,libre_inversion,TRUE
CAND-00154,12/03/24,38,M,1945288,10,57955,11,0.704,5,TRUE,666,0.73,0.586,54.7,0,253744,libre_inversion,TRUE
CAND-01661,12/03/24,19,M,1629133,9,57997,5,0.143,5,TRUE,611,0.625,0.563,85.9,21148,583387,compra_cartera,TRUE
CAND-01408,12/03/24,43,M,1002617,19,36266,6,0.483,1,FALSE,,0.723,0.516,23.4,0,215347,libre_inversion,TRUE
CAND-01614,12/03/24,44,H,909474,2,35571,2,0.099,2,FALSE,,0.654,0.826,50.5,0,297299,avance_efectivo,TRUE
CAND-02937,12/03/24,43,M,1253982,8,46488,7,0.299,1,TRUE,516,0.783,0.88,47,0,860157,libre_inversion,TRUE
CAND-01638,12/03/24,30,M,1673568,17,33029,16,0.874,2,FALSE,,0.925,,65.9,0,458949,compra_cartera,FALSE
CAND-01232,13/03/24,39,H,1659822,19,17051,12,0.589,4,FALSE,,0.686,0.796,97.9,0,543299,libre_inversion,TRUE
CAND-02019,13/03/24,34,M,1379188,7,82010,4,0.301,3,TRUE,570,0.682,0.94,45.5,0,635559,avance_efectivo,TRUE
CAND-01590,13/03/24,25,H,1152430,4,20886,3,0.154,4,FALSE,,0.758,0.832,35.4,0,1400497,compra_cartera,TRUE
CAND-01844,13/03/24,30,H,985782,14,192921,6,0.4,1,TRUE,680,0.82,0.793,37.2,0,746924,libre_inversion,TRUE
CAND-00080,13/03/24,46,M,1859137,8,32397,4,0.284,3,FALSE,,0.631,0.823,63.9,0,152041,avance_efectivo,TRUE
CAND-01166,13/03/24,40,M,3457946,35,9425,15,0.431,3,FALSE,,0.757,0.95,83,0,904409,compra_cartera,TRUE
CAND-02215,13/03/24,33,M,2425595,1,35128,1,0.711,4,FALSE,,0.949,0.652,51.2,0,1666688,compra_cartera,TRUE
CAND-01785,13/03/24,47,H,1024332,60,91974,39,0.382,1,FALSE,,0.878,0.414,57.7,0,544424,avance_efectivo,TRUE
CAND-01575,13/03/24,38,M,628530,7,23491,5,0.161,2,TRUE,671,0.827,0.901,46.9,0,720219,libre_inversion,TRUE
CAND-01815,13/03/24,40,M,1229067,3,82597,1,0.329,2,TRUE,654,0.771,0.866,0,0,504767,avance_efectivo,TRUE
CAND-01816,13/03/24,23,H,665097,6,19979,3,0.27,3,FALSE,,0.831,0.934,64.1,0,743247,libre_inversion,TRUE
CAND-00177,14/03/24,31,NB,1056638,11,53160,4,0.666,1,TRUE,615,0.792,0.717,66.6,0,156599,avance_efectivo,TRUE
CAND-02660,14/03/24,22,M,1029426,4,53240,2,0.42,4,FALSE,,,0.854,58,0,743637,avance_efectivo,TRUE
CAND-00257,14/03/24,45,M,1144008,9,18260,2,0.682,3,FALSE,,0.865,0.87,31.2,0,855414,avance_efectivo,TRUE
CAND-01683,14/03/24,31,M,1820512,9,67954,6,0.412,3,FALSE,,0.847,0.672,80.7,0,790634,libre_inversion,TRUE
CAND-00388,14/03/24,33,H,1913127,7,38809,4,0.173,1,FALSE,,0.694,0.741,23.3,0,1318292,compra_cartera,TRUE
CAND-02958,14/03/24,32,M,1381223,34,46555,14,0.616,4,TRUE,755,0.676,0.687,26.5,0,456092,compra_cartera,TRUE
CAND-02695,14/03/24,36,H,810398,26,24769,15,0.568,1,FALSE,,0.821,,53.6,0,880444,libre_inversion,FALSE
CAND-02932,14/03/24,18,M,1175955,32,19901,21,0.363,1,TRUE,743,0.963,0.858,55.5,0,476639,avance_efectivo,TRUE
CAND-01850,14/03/24,42,H,2491617,25,8740,17,0.465,2,FALSE,,0.844,0.908,27.8,0,293934,avance_efectivo,TRUE
CAND-02559,14/03/24,35,H,2239970,8,66404,7,0.517,5,FALSE,,0.445,0.587,31.6,0,658628,avance_efectivo,TRUE
CAND-01049,14/03/24,35,M,2268891,21,39881,12,0.505,1,TRUE,452,0.896,0.753,45.6,0,678,compra_cartera,TRUE
CAND-01524,14/03/24,44,M,1536011,6,70949,2,0.376,4,TRUE,728,0.876,0.831,50.8,0,370987,libre_inversion,TRUE
CAND-02525,14/03/24,25,M,1224480,2,1442,2,0.891,1,FALSE,,0.905,0.922,46,0,449617,libre_inversion,TRUE
CAND-00599,14/03/24,46,M,1818430,1,61743,0,0.253,5,FALSE,,0.806,0.949,46.1,0,474100,libre_inversion,TRUE
CAND-00554,15/03/24,36,H,1057568,4,7047,0,0.362,1,FALSE,,0.951,0.901,38.8,0,482464,avance_efectivo,TRUE
CAND-00988,15/03/24,22,M,1801873,10,49592,2,0.201,1,FALSE,,0.631,0.901,51.3,0,716793,libre_inversion,TRUE
CAND-01980,15/03/24,18,H,1830161,25,23501,18,0.592,2,FALSE,,0.869,,31.7,0,458837,libre_inversion,TRUE
CAND-00247,15/03/24,47,M,1299469,35,169344,21,0.19,1,FALSE,,0.741,0.542,43.7,0,577010,compra_cartera,TRUE
CAND-00270,15/03/24,47,M,1436354,1,94168,0,0.596,3,TRUE,703,0.66,0.614,74.1,0,566214,libre_inversion,TRUE
CAND-01188,15/03/24,21,H,1746493,4,10828,1,0.36,2,TRUE,681,0.874,0.918,56.4,0,1132881,libre_inversion,TRUE
CAND-00495,15/03/24,34,M,1037314,4,29964,1,0.275,2,TRUE,637,0.597,0.671,51.1,0,474043,libre_inversion,TRUE
CAND-00571,15/03/24,24,M,2459590,3,24069,3,0.111,3,FALSE,,0.657,0.968,8.9,0,857881,libre_inversion,TRUE
CAND-02599,15/03/24,40,M,1367966,27,83313,10,0.554,2,TRUE,740,0.916,0.451,35.1,0,2486749,compra_cartera,TRUE
CAND-02204,15/03/24,28,M,952741,1,40795,0,0.452,3,FALSE,,0.557,0.821,19.6,0,2642799,compra_cartera,TRUE
CAND-00289,15/03/24,25,H,1219810,34,46679,17,0.192,2,FALSE,,0.766,,49.2,0,584581,compra_cartera,TRUE
CAND-02198,15/03/24,34,M,2477729,15,27031,8,0.257,2,FALSE,,0.521,0.901,31.3,0,882114,libre_inversion,TRUE
CAND-02041,15/03/24,33,H,1270915,28,53861,18,0.582,5,TRUE,591,0.785,0.541,74.9,0,585689,compra_cartera,TRUE
CAND-02101,15/03/24,36,H,752874,10,44130,5,0.514,1,TRUE,721,0.663,0.757,74.9,0,322257,compra_cartera,TRUE
CAND-01218,15/03/24,36,M,1198620,17,18857,10,0.226,2,FALSE,,0.567,0.87,76.9,0,211645,libre_inversion,TRUE
CAND-01111,16/03/24,18,H,1653457,1,26451,0,0.563,1,TRUE,515,0.687,0.654,50,0,441726,compra_cartera,TRUE
CAND-00562,16/03/24,42,H,1461458,10,201636,4,0.044,4,FALSE,,0.761,0.873,20.3,0,1874027,avance_efectivo,TRUE
CAND-00333,16/03/24,25,M,1241319,6,8559,3,0.546,2,FALSE,,0.596,0.744,37.2,0,1020622,avance_efectivo,TRUE
CAND-00355,16/03/24,21,M,1698249,19,33272,5,0.672,4,FALSE,,0.736,0.744,57.6,0,207356,libre_inversion,TRUE
CAND-01930,16/03/24,38,M,1190178,18,54166,10,0.21,2,TRUE,663,,0.526,93.9,0,379220,libre_inversion,TRUE
CAND-00772,16/03/24,29,M,1909908,19,84876,13,0.383,1,FALSE,,0.84,,61.1,0,908787,libre_inversion,TRUE
CAND-02733,16/03/24,28,M,767687,9,15375,7,0.49,4,TRUE,584,0.833,0.873,52.7,0,918440,avance_efectivo,TRUE
CAND-01879,16/03/24,43,H,878688,1,6487,0,0.6,2,TRUE,635,0.783,0.754,78.1,0,728380,libre_inversion,TRUE
CAND-01039,16/03/24,43,M,2084309,23,29404,8,0.519,4,TRUE,572,0.789,0.524,42,0,536999,libre_inversion,TRUE
CAND-01724,16/03/24,37,M,1066060,8,42110,5,0.13,4,TRUE,710,0.686,0.811,35.3,0,530841,libre_inversion,TRUE
CAND-00782,16/03/24,39,M,1271523,9,17855,4,0.25,5,FALSE,,0.892,,34.9,0,750141,libre_inversion,TRUE
CAND-00110,16/03/24,36,M,1231436,6,23627,2,0.206,5,TRUE,707,0.957,0.56,55.2,0,173023,libre_inversion,TRUE
CAND-01751,16/03/24,24,M,1763094,8,82607,3,0.544,3,TRUE,576,0.782,0.627,65.4,0,1006312,libre_inversion,TRUE
CAND-02741,16/03/24,35,M,1287007,8,16276,3,0.537,1,FALSE,,0.364,0.3,69,0,278132,libre_inversion,TRUE
CAND-00682,17/03/24,42,H,2895608,2,13415,2,0.548,1,TRUE,730,0.7,0.759,47,0,511188,avance_efectivo,TRUE
CAND-00643,17/03/24,42,H,1160018,2,122052,2,0.509,1,FALSE,,0.88,0.901,23.1,0,827459,libre_inversion,TRUE
CAND-01985,17/03/24,54,M,974492,10,30497,5,0.146,4,FALSE,,0.696,0.679,48.6,0,542556,libre_inversion,TRUE
CAND-02658,17/03/24,33,M,1226656,56,63868,15,0.613,5,FALSE,,0.619,0.609,72,0,4214499,compra_cartera,TRUE
CAND-01625,17/03/24,42,M,1003892,9,96390,8,0.336,3,TRUE,601,0.789,0.971,78.6,0,616266,avance_efectivo,TRUE
CAND-01997,17/03/24,40,H,961.705.411.118.913,20,13627,11,0.661,2,TRUE,636,0.621,0.938,38.2,0,516686,libre_inversion,TRUE
CAND-02964,17/03/24,34,H,1566605,1,26328,0,0.581,1,FALSE,,0.976,0.902,57.1,0,542113,compra_cartera,TRUE
CAND-01272,17/03/24,18,M,822952,11,10226,3,0.073,4,FALSE,,0.644,0.689,36.7,0,2295633,libre_inversion,FALSE
CAND-02972,18/03/24,26,H,2447676,3,89467,0,0.631,4,TRUE,775,0.553,0.679,35.9,0,466871,libre_inversion,TRUE
CAND-00546,18/03/24,29,M,1232477,4,39711,1,0.599,1,TRUE,706,0.744,0.698,41.3,0,350841,avance_efectivo,TRUE
CAND-02921,18/03/24,51,H,1737124,4,24536,2,0.46,5,FALSE,,0.581,0.869,51.5,0,129650,libre_inversion,TRUE
CAND-02063,18/03/24,47,H,960083,6,22749,0,0.223,2,FALSE,,0.907,,33.6,0,312178,libre_inversion,FALSE
CAND-02904,18/03/24,38,M,992042,27,75168,12,0.449,1,FALSE,,0.496,0.495,34.4,0,764537,libre_inversion,TRUE
CAND-00798,18/03/24,28,M,1564344,7,34853,3,0.265,3,TRUE,519,0.541,0.522,63,0,338005,libre_inversion,TRUE
CAND-01209,18/03/24,30,M,1447340,6,50348,2,0.562,1,TRUE,783,0.929,0.87,13.6,0,207191,libre_inversion,TRUE
CAND-02802,18/03/24,32,M,644967,1,24276,2,0.2,3,FALSE,,0.751,,71,0,756329,libre_inversion,TRUE
CAND-00450,18/03/24,20,H,1425252,29,75180,14,0.898,2,TRUE,730,0.813,0.856,33.6,0,738274,libre_inversion,TRUE
CAND-01918,19/03/24,30,M,1126699,3,39498,2,0.917,1,TRUE,679,,0.65,20.3,0,384638,avance_efectivo,FALSE
CAND-02941,19/03/24,38,H,1708940,7,8492,3,0.447,1,TRUE,689,0.676,0.744,61.5,0,1543814,avance_efectivo,TRUE
CAND-02363,19/03/24,36,H,782935,17,69627,13,0.341,1,FALSE,,,0.675,52.9,0,837807,libre_inversion,TRUE
CAND-00434,19/03/24,52,M,1019652,15,39235,5,0.426,5,FALSE,,0.741,0.816,52,0,406645,libre_inversion,TRUE
CAND-01359,19/03/24,32,H,1501132,4,21924,2,0.458,2,TRUE,636,0.709,0.75,23.8,0,696246,libre_inversion,TRUE
CAND-02066,19/03/24,32,H,1146848,21,19059,10,0.148,1,FALSE,,0.597,0.732,22.8,0,386408,libre_inversion,TRUE
CAND-00345,19/03/24,48,NB,1330609,39,43087,19,0.24,4,FALSE,,0.548,,60.3,0,839379,libre_inversion,TRUE
CAND-02564,19/03/24,52,H,2685221,21,92614,13,0.387,1,TRUE,585,0.562,0.637,75.3,0,1917977,libre_inversion,TRUE
CAND-02228,20/03/24,39,H,1478160,3,72985,1,0.364,4,TRUE,517,0.58,0.663,55.2,0,378045,avance_efectivo,TRUE
CAND-00032,20/03/24,32,H,4073629,20,38855,7,0.169,4,TRUE,479,0.744,0.966,45.3,0,515559,compra_cartera,TRUE
CAND-02171,20/03/24,24,M,1109750,38,79490,12,0.415,1,TRUE,626,0.742,0.764,72.7,0,1001635,libre_inversion,TRUE
CAND-01823,20/03/24,32,H,1855451,21,128952,9,0.559,3,TRUE,723,0.718,0.916,52.7,0,515020,compra_cartera,TRUE
CAND-01371,20/03/24,29,H,1934881,8,74886,5,0.415,1,TRUE,734,0.716,0.856,39.7,0,422099,libre_inversion,FALSE
CAND-02510,20/03/24,46,H,1683429,8,4180,8,0.268,5,FALSE,,0.946,,45,0,1167088,libre_inversion,TRUE
CAND-02880,20/03/24,43,H,1349101,1,79629,0,0.644,1,TRUE,579,0.904,0.691,21.2,0,455608,avance_efectivo,TRUE
CAND-02673,20/03/24,25,H,1364445,13,50983,8,0.281,1,TRUE,693,0.768,0.563,7.5,0,1004770,libre_inversion,TRUE
CAND-01437,20/03/24,27,H,721863,39,102255,17,0.544,2,TRUE,593,0.917,0.67,96.3,0,237207,libre_inversion,TRUE
CAND-02751,20/03/24,46,H,1542419,14,19240,9,0.455,2,TRUE,635,0.744,0.808,23.9,0,616503,libre_inversion,TRUE
CAND-01735,21/03/24,43,M,1165013,10,7783,8,0.713,3,FALSE,,0.907,0.616,51.4,0,441958,libre_inversion,TRUE
CAND-02139,21/03/24,35,H,2845730,20,76356,15,0.374,3,TRUE,592,0.645,,31.5,0,479074,avance_efectivo,TRUE
CAND-02667,21/03/24,26,H,1210519,8,56217,5,0.611,1,FALSE,,0.716,0.721,63.7,0,690831,avance_efectivo,TRUE
CAND-01641,21/03/24,33,M,1329649,14,34838,4,0.573,5,TRUE,709,0.587,0.962,51.2,0,1184320,libre_inversion,TRUE
CAND-01446,21/03/24,43,M,2712528,6,60615,2,0.141,4,FALSE,,,0.652,61,0,894516,compra_cartera,TRUE
CAND-00703,21/03/24,52,H,1350322,1,42703,0,0.312,3,TRUE,656,0.78,0.453,51.8,0,1297572,libre_inversion,TRUE
CAND-01837,21/03/24,27,H,556731,11,51179,4,0.852,1,FALSE,,0.552,0.938,50.4,0,1461993,libre_inversion,TRUE
CAND-01469,21/03/24,40,H,1811632,6,53690,2,0.617,2,TRUE,625,,0.513,51.2,0,416484,avance_efectivo,TRUE
CAND-00644,21/03/24,34,M,1479200,1,4707,1,0.123,3,FALSE,,0.883,0.707,27.4,0,820554,libre_inversion,TRUE
CAND-00566,21/03/24,42,M,2287284,23,70404,13,0.465,1,FALSE,,0.855,0.603,71.5,0,1251273,avance_efectivo,TRUE
CAND-00627,21/03/24,26,M,2708558,19,20106,10,0.569,3,TRUE,731,0.714,0.881,39.5,0,462034,libre_inversion,TRUE
CAND-00501,21/03/24,19,M,2000608,31,61673,15,0.463,1,TRUE,557,0.901,0.811,63.1,0,832677,compra_cartera,TRUE
CAND-02057,21/03/24,44,M,2361371,37,108183,16,0.394,3,FALSE,,0.804,0.874,80.8,0,894766,libre_inversion,TRUE
CAND-01549,21/03/24,30,H,1066505,20,10398,2,0.743,2,TRUE,666,0.383,0.83,59.8,0,545814,libre_inversion,TRUE
CAND-00580,22/03/24,36,M,1667164,15,49928,5,0.083,2,FALSE,,0.681,0.672,69.3,0,803597,libre_inversion,TRUE
CAND-01153,22/03/24,51,NB,3220985,9,73638,1,0.192,4,FALSE,,0.844,0.886,0,0,862375,avance_efectivo,TRUE
CAND-01167,22/03/24,22,H,1857516,5,21295,2,0.593,1,FALSE,,0.845,0.594,62.5,0,440881,avance_efectivo,TRUE
CAND-02350,22/03/24,33,H,966711,24,5278,16,0.464,3,TRUE,566,0.956,0.68,58.3,0,566969,compra_cartera,TRUE
CAND-00449,22/03/24,43,H,912510,15,72051,8,0.659,1,FALSE,,0.775,0.606,47.8,0,556407,libre_inversion,TRUE
CAND-01067,22/03/24,20,M,1890973,1,92789,0,0.299,4,FALSE,,0.689,,36.8,0,587545,libre_inversion,TRUE
CAND-01822,22/03/24,28,M,986093,25,4835,10,0.67,2,TRUE,865,0.766,0.628,37.5,0,1857721,avance_efectivo,TRUE
CAND-01999,22/03/24,27,M,597861,17,41895,4,0.27,1,TRUE,670,0.815,0.867,50,0,408063,libre_inversion,TRUE
CAND-01042,22/03/24,38,H,948419,23,39884,8,0.471,5,FALSE,,0.996,0.832,66.5,0,746844,avance_efectivo,TRUE
CAND-00356,22/03/24,28,H,367218,2,19944,0,0.742,3,TRUE,611,0.81,0.741,33.8,0,352542,libre_inversion,TRUE
CAND-02940,22/03/24,39,H,1518886,6,71843,1,0.564,2,FALSE,,,0.539,43.3,0,428891,compra_cartera,TRUE
CAND-00379,22/03/24,35,M,1985377,1,41341,1,0.542,3,FALSE,,0.921,0.706,49.9,0,738888,libre_inversion,TRUE
CAND-00550,23/03/24,32,M,1045895,19,53719,11,0.364,5,TRUE,718,0.875,0.838,51.9,0,1157325,avance_efectivo,TRUE
CAND-01550,23/03/24,39,M,878027,2,2326,1,0.05,1,FALSE,,0.518,0.883,46.9,0,677486,libre_inversion,TRUE
CAND-02327,23/03/24,24,M,888407,31,96165,17,0.701,5,TRUE,751,0.704,0.943,69.1,0,432252,libre_inversion,TRUE
CAND-02306,23/03/24,32,H,2004235,5,22787,4,0.326,2,FALSE,,0.795,0.61,62.4,0,829766,libre_inversion,TRUE
CAND-02033,23/03/24,19,H,3996502,4,13363,3,0.431,2,FALSE,,0.873,0.85,83.9,0,802413,libre_inversion,TRUE
CAND-01569,23/03/24,30,M,1282632,18,47976,9,0.403,1,TRUE,477,0.959,0.77,30.8,0,361457,avance_efectivo,TRUE
CAND-00200,23/03/24,25,M,1117432,3,16664,1,0.479,1,FALSE,,0.336,0.808,67,0,770549,libre_inversion,TRUE
CAND-00838,23/03/24,32,H,1138686,57,92138,36,0.467,2,FALSE,,0.803,0.761,66.6,0,528380,libre_inversion,TRUE
CAND-00489,23/03/24,38,H,639327,10,28786,7,0.164,2,FALSE,,0.449,0.881,99,7377,465316,avance_efectivo,TRUE
CAND-01255,23/03/24,40,M,2408004,8,130008,4,0.52,1,TRUE,735,0.898,0.863,0,0,576426,avance_efectivo,TRUE
CAND-01481,23/03/24,38,H,569980,23,100264,9,0.697,1,TRUE,673,0.893,0.781,50.6,0,181012,libre_inversion,TRUE
CAND-00869,23/03/24,51,M,771940,17,23094,10,0.213,2,FALSE,,0.843,0.504,46.7,0,1425995,compra_cartera,TRUE
CAND-01831,23/03/24,34,M,622094,11,175602,0,0.416,1,FALSE,,0.872,0.689,41.4,0,620308,libre_inversion,TRUE
CAND-02947,24/03/24,45,H,332722,3,52465,2,0.366,2,TRUE,635,0.653,0.329,73.9,0,245177,avance_efectivo,TRUE
CAND-00916,24/03/24,36,H,1019079,24,33785,14,0.711,2,TRUE,697,0.906,0.412,58.7,0,784970,compra_cartera,TRUE
CAND-02771,24/03/24,33,M,9.475.369.019.294.410,2,6314,2,0.277,1,TRUE,716,0.848,0.72,80,0,1053886,compra_cartera,TRUE
CAND-02034,24/03/24,52,H,1597361,4,67829,0,0.308,4,FALSE,,0.831,0.899,41.7,0,380563,libre_inversion,TRUE
CAND-02444,24/03/24,39,M,1057211,2,49327,3,0.159,1,TRUE,610,0.886,0.873,45.2,0,1252466,avance_efectivo,TRUE
CAND-02072,24/03/24,35,M,478553,1,124550,0,0.47,2,FALSE,,0.622,0.823,50.2,0,303421,avance_efectivo,TRUE
CAND-01106,24/03/24,25,M,1054841,6,69173,5,0.383,5,FALSE,,0.643,0.803,57.9,0,500053,libre_inversion,TRUE
CAND-00418,24/03/24,21,NB,2855429,1,38626,1,0.247,1,TRUE,628,0.755,0.568,55.3,0,202283,libre_inversion,TRUE
CAND-02378,24/03/24,39,H,1393117,1,14895,2,0.496,3,TRUE,575,0.835,,54,0,801614,compra_cartera,TRUE
CAND-00178,25/03/24,22,M,783806,5,23935,3,0.328,3,TRUE,787,0.886,0.865,44,0,1175577,libre_inversion,TRUE
CAND-02346,25/03/24,36,H,811329,4,37743,3,0.421,3,FALSE,,0.666,0.617,30.6,0,480770,compra_cartera,TRUE
CAND-00642,25/03/24,31,H,774749,3,63587,1,0.398,1,FALSE,,0.947,,59.8,0,234353,libre_inversion,TRUE
CAND-02037,25/03/24,45,H,3306194,1,62080,1,0.241,4,FALSE,,0.744,0.936,46.5,0,759179,avance_efectivo,TRUE
CAND-02265,25/03/24,31,NB,1529334,17,14670,8,0.458,3,FALSE,,0.774,0.827,32.3,0,1033039,compra_cartera,TRUE
CAND-02735,25/03/24,43,H,1302361,9,73458,5,0.449,3,FALSE,,,0.684,50.7,6708,916597,libre_inversion,TRUE
CAND-01027,25/03/24,22,H,2579012,1,40824,1,0.36,2,FALSE,,0.805,0.945,74.2,0,515269,libre_inversion,TRUE
CAND-00100,25/03/24,27,M,1193929,4,218612,0,0.198,2,TRUE,678,0.782,0.769,77.7,0,1916,libre_inversion,TRUE
CAND-02389,25/03/24,36,M,2436989,11,133105,10,0.125,4,FALSE,,0.711,0.806,46.7,0,910638,libre_inversion,TRUE
CAND-02105,25/03/24,38,H,934688,18,85731,11,0.094,3,FALSE,,,0.733,39.2,0,912863,avance_efectivo,TRUE
CAND-00282,25/03/24,27,NB,11.701.606.779.251.900,40,54492,30,0.26,3,TRUE,884,0.96,0.827,69.9,0,215781,avance_efectivo,TRUE
CAND-02715,25/03/24,33,M,1785134,34,68789,11,0.548,3,FALSE,,0.528,0.867,72.8,0,642934,avance_efectivo,TRUE
CAND-02120,26/03/24,46,M,1998526,14,59930,6,0.267,2,TRUE,674,0.607,0.664,34.1,0,127303,libre_inversion,TRUE
CAND-01474,26/03/24,25,H,3241406,2,29895,0,0.168,3,FALSE,,0.907,0.927,70.7,0,751812,libre_inversion,TRUE
CAND-00215,26/03/24,45,H,806335,1,69171,2,0.595,3,FALSE,,0.573,0.839,37.8,0,538870,avance_efectivo,TRUE
CAND-01697,26/03/24,28,M,904773,1,73375,5,0.459,2,FALSE,,0.783,0.598,42.3,0,1765346,libre_inversion,TRUE
CAND-02259,26/03/24,21,M,1285940,6,29684,0,0.508,2,FALSE,,0.949,0.591,78.8,0,282147,libre_inversion,TRUE
CAND-01984,26/03/24,19,M,29.243.540.708.866.600,12,10257,4,0.189,1,TRUE,613,0.712,0.657,65.6,0,650370,avance_efectivo,TRUE
CAND-00153,26/03/24,42,M,719358,35,51835,28,0.604,1,FALSE,,0.65,0.515,44.6,0,2107250,libre_inversion,TRUE
CAND-01635,26/03/24,42,H,942279,6,104768,6,0.601,3,TRUE,722,0.782,0.817,43.6,0,633082,libre_inversion,TRUE
CAND-01369,26/03/24,30,M,1119553,16,27894,5,0.263,3,FALSE,,0.863,0.617,57.7,0,604807,libre_inversion,TRUE
CAND-02705,26/03/24,61,H,578154,6,1899,3,0.322,1,TRUE,661,0.723,0.695,44.8,0,288471,avance_efectivo,TRUE
CAND-02229,26/03/24,33,H,1586946,21,10428,11,0.829,1,FALSE,,0.914,0.521,12.7,0,286725,libre_inversion,TRUE
CAND-02861,26/03/24,42,M,1201718,6,35390,2,0.446,2,FALSE,,0.686,0.745,49.6,0,370839,libre_inversion,TRUE
CAND-01936,26/03/24,32,M,1195091,6,25822,4,0.417,3,TRUE,541,0.804,0.861,72.3,0,849808,avance_efectivo,TRUE
CAND-00815,27/03/24,33,M,796524,14,109454,5,0.475,1,FALSE,,0.757,0.544,17.8,0,522359,compra_cartera,TRUE
CAND-02131,27/03/24,29,H,923459,20,98168,5,0.376,2,TRUE,742,0.794,0.667,54.3,0,381060,libre_inversion,TRUE
CAND-00131,27/03/24,34,H,820919,1,71796,0,0.17,1,FALSE,,0.597,0.985,48.2,0,405035,avance_efectivo,TRUE
CAND-00030,27/03/24,21,H,593070,7,45574,5,0.268,2,TRUE,555,0.605,0.618,61.4,0,663083,compra_cartera,TRUE
CAND-02027,27/03/24,18,M,2212554,16,51578,6,0.093,3,TRUE,628,0.884,0.379,91.2,0,926866,compra_cartera,TRUE
CAND-02473,27/03/24,27,M,1592149,11,52990,7,0.667,2,TRUE,670,0.951,0.903,52.9,0,1425700,libre_inversion,TRUE
CAND-01854,27/03/24,38,H,868668,8,33359,6,0.069,4,FALSE,,0.906,0.305,28.3,0,2081995,libre_inversion,TRUE
CAND-02136,27/03/24,36,M,1204313,2,33470,1,0.495,1,FALSE,,0.778,0.934,31.3,0,881162,libre_inversion,TRUE
CAND-00116,27/03/24,22,M,2159728,55,62412,31,0.298,1,TRUE,667,0.392,0.757,60.1,0,280006,libre_inversion,TRUE
CAND-01475,27/03/24,31,M,2052680,3,89538,2,0.031,3,TRUE,688,0.859,0.744,55.3,0,347358,libre_inversion,TRUE
CAND-01149,27/03/24,29,H,549325,9,30377,5,0.837,3,FALSE,,0.783,0.662,58.8,0,1416224,avance_efectivo,TRUE
CAND-01295,27/03/24,54,M,1928816,22,75389,11,0.707,4,FALSE,,0.791,0.658,17.1,0,594943,avance_efectivo,TRUE
CAND-01159,27/03/24,18,M,1764873,44,39449,22,0.171,1,TRUE,716,0.794,0.741,27,0,824048,libre_inversion,TRUE
CAND-00926,27/03/24,44,H,753022,5,144209,2,0.3,3,FALSE,,0.859,0.683,81.2,0,222197,compra_cartera,TRUE
CAND-01888,27/03/24,47,M,2047462,17,92393,15,0.357,5,FALSE,,0.692,,52,0,341072,avance_efectivo,TRUE
CAND-00923,28/03/24,37,M,1942642,12,16547,7,0.334,1,TRUE,574,0.761,0.757,39.7,0,1317183,libre_inversion,TRUE
CAND-00734,28/03/24,27,M,1003436,3,109389,1,0.434,2,FALSE,,0.856,0.951,38.1,0,683693,avance_efectivo,TRUE
CAND-02280,28/03/24,40,M,547879,1,31644,1,0.582,4,TRUE,562,0.858,0.882,100,0,263333,libre_inversion,TRUE
CAND-02167,28/03/24,30,M,1719651,24,47528,15,0.342,1,TRUE,702,0.703,0.555,40.1,0,868039,compra_cartera,TRUE
CAND-01058,28/03/24,31,H,1301996,5,101389,5,0.183,4,TRUE,440,0.87,0.76,84.2,0,246353,libre_inversion,TRUE
CAND-00864,28/03/24,45,M,1015493,5,98067,4,0.793,2,FALSE,,0.795,0.976,54.3,0,467910,libre_inversion,TRUE
CAND-02925,29/03/24,33,M,972061,26,27331,19,0.131,2,FALSE,,0.669,0.333,29.7,0,744260,libre_inversion,TRUE
CAND-01136,29/03/24,48,H,1772487,10,64189,5,0.277,1,TRUE,698,0.625,0.891,47.2,0,721877,libre_inversion,TRUE
CAND-01886,29/03/24,25,M,1098340,9,34828,3,0.577,3,TRUE,679,0.9,0.884,0,0,1281138,libre_inversion,TRUE
CAND-00208,29/03/24,21,M,1047467,60,46973,27,0.327,3,FALSE,,0.751,0.407,40.7,14958,490159,compra_cartera,TRUE
CAND-00065,29/03/24,51,M,980399,5,51915,3,0.09,5,TRUE,648,0.861,0.877,47.6,0,525692,libre_inversion,TRUE
CAND-01222,29/03/24,52,H,1256305,2,45306,0,0.729,1,FALSE,,0.799,0.802,37.7,0,434178,libre_inversion,TRUE
CAND-00398,29/03/24,35,M,1879028,12,50965,10,0.623,3,FALSE,,0.85,0.757,25.6,0,481287,libre_inversion,TRUE
CAND-02581,29/03/24,42,M,796806,12,11832,4,0.456,2,FALSE,,0.815,0.477,31.8,0,626965,libre_inversion,TRUE
CAND-00584,29/03/24,33,H,1187141,6,40346,2,0.289,3,TRUE,621,0.976,0.541,33.8,0,246803,avance_efectivo,TRUE
CAND-02710,29/03/24,25,H,1737516,60,79783,30,0.198,2,FALSE,,0.686,0.817,53.8,0,1434000,compra_cartera,TRUE
CAND-00124,29/03/24,37,M,644184,10,16024,6,0.188,1,TRUE,731,0.43,0.746,22.8,0,913667,compra_cartera,TRUE
CAND-01485,30/03/24,29,H,1314503,50,57665,24,0.59,1,FALSE,,0.897,0.819,65.2,0,667666,libre_inversion,TRUE
CAND-01157,30/03/24,36,H,936.229.368.834.035,11,28511,4,0.445,1,TRUE,653,0.626,0.74,51.3,0,835492,libre_inversion,TRUE
CAND-00570,30/03/24,29,M,1284525,11,217348,6,0.224,3,TRUE,661,0.868,0.63,21.2,0,807220,libre_inversion,FALSE
CAND-02883,30/03/24,37,M,1494578,7,29978,4,0.234,2,TRUE,737,0.737,0.801,42,0,1209992,avance_efectivo,TRUE
CAND-00340,30/03/24,30,M,572602,18,35270,13,0.686,3,TRUE,699,0.595,0.936,66.8,0,988118,libre_inversion,TRUE
CAND-01283,30/03/24,39,H,1306338,19,7766,8,0.745,4,TRUE,686,0.791,0.455,37.3,0,374425,libre_inversion,TRUE
CAND-00329,30/03/24,50,H,931148,1,40901,0,0.294,3,TRUE,584,0.643,0.553,49.7,0,530214,libre_inversion,FALSE
CAND-01361,30/03/24,34,H,3130988,51,64867,30,0.136,1,FALSE,,0.561,,89.5,0,956326,avance_efectivo,TRUE
CAND-00654,30/03/24,18,H,1554512,42,82947,19,0.761,2,FALSE,,0.69,0.702,36.4,0,489458,avance_efectivo,TRUE
CAND-02541,30/03/24,21,M,1058922,19,3296,6,0.298,4,FALSE,,0.785,0.607,52.3,0,716529,libre_inversion,TRUE
CAND-00731,30/03/24,26,M,866739,35,66073,19,0.31,5,TRUE,700,0.821,0.816,44.3,0,706812,libre_inversion,TRUE
CAND-02573,30/03/24,30,H,1440351,5,26682,1,0.169,1,FALSE,,0.897,0.779,26.6,0,445931,compra_cartera,TRUE
CAND-00977,30/03/24,34,M,813276,5,18939,3,0.176,2,FALSE,,,0.895,38.9,0,370954,libre_inversion,TRUE
CAND-02554,31/03/24,47,H,1740650,4,13026,3,0.341,2,FALSE,,0.77,0.703,41.7,0,297470,avance_efectivo,TRUE
CAND-02074,31/03/24,45,M,801246,49,30548,19,0.281,1,FALSE,,0.836,0.698,83.5,0,1305598,avance_efectivo,TRUE
CAND-02977,31/03/24,37,H,761089,40,18672,16,0.576,1,FALSE,,0.955,0.735,65.3,0,335170,libre_inversion,TRUE
CAND-02393,31/03/24,51,M,1091259,11,10368,2,0.352,2,FALSE,,0.711,,66.5,0,647275,avance_efectivo,TRUE
CAND-01915,31/03/24,37,M,1359724,16,92907,7,0.572,2,FALSE,,0.793,0.917,27,8429,1175364,compra_cartera,TRUE
CAND-01916,31/03/24,40,M,1340656,9,63759,2,0.732,2,TRUE,488,0.807,0.616,59.3,0,553301,avance_efectivo,TRUE
CAND-01411,31/03/24,29,M,828466,5,36049,2,0.546,3,FALSE,,0.695,0.832,42.6,0,451111,avance_efectivo,TRUE
CAND-00527,31/03/24,30,H,962716,12,49900,3,0.717,4,TRUE,833,0.957,0.862,44.7,0,963261,compra_cartera,TRUE
CAND-01391,31/03/24,39,H,595995,5,12444,7,0.559,4,FALSE,,0.602,0.725,55.1,0,759082,libre_inversion,TRUE
CAND-00860,31/03/24,39,M,1436535,27,24489,13,0.106,3,FALSE,,0.932,0.767,43.6,0,224108,libre_inversion,TRUE
CAND-01986,01/04/24,41,H,1085788,14,102031,8,0.29,2,FALSE,,0.788,0.682,46,0,210516,avance_efectivo,TRUE
CAND-00011,01/04/24,22,H,1052429,3,48431,0,0.499,4,FALSE,,0.718,0.75,37.3,0,1059625,libre_inversion,TRUE
CAND-01198,01/04/24,26,H,3210177,12,26546,9,0.084,4,TRUE,691,0.856,0.488,61.7,0,1052240,compra_cartera,TRUE
CAND-02192,01/04/24,27,M,522497,20,46159,9,0.444,1,FALSE,,0.745,0.553,40.6,0,1815930,libre_inversion,TRUE
CAND-01206,01/04/24,22,H,1416334,12,58150,6,0.463,5,TRUE,600,0.963,0.772,34.1,0,225872,libre_inversion,TRUE
CAND-01307,01/04/24,60,M,641407,40,11819,20,0.411,3,FALSE,,0.868,0.733,86.1,0,490090,libre_inversion,TRUE
CAND-00204,01/04/24,23,H,547584,1,28592,1,0.68,3,TRUE,664,0.92,0.551,44.7,0,469769,avance_efectivo,TRUE
CAND-00339,01/04/24,53,NB,1340797,12,37097,1,0.25,1,TRUE,550,,0.738,27.9,0,445383,avance_efectivo,TRUE
CAND-01557,01/04/24,47,H,1727755,7,62330,5,0.747,3,TRUE,626,0.54,0.887,1.2,0,628670,compra_cartera,TRUE
CAND-01322,01/04/24,30,M,1032340,2,34908,0,0.577,1,FALSE,,0.816,0.321,32.6,0,1160932,libre_inversion,TRUE
CAND-00107,01/04/24,39,M,946529,1,12187,1,0.109,1,FALSE,,0.768,0.664,58.9,0,542606,compra_cartera,TRUE
CAND-01397,01/04/24,48,H,1536360,7,33986,4,0.313,2,TRUE,774,0.829,0.591,46.6,0,1098107,libre_inversion,TRUE
CAND-02411,01/04/24,38,M,1044725,13,74051,10,0.6,1,TRUE,719,0.739,0.688,66.7,0,1422292,libre_inversion,TRUE
CAND-02783,02/04/24,28,M,2603019,4,13020,3,0.509,5,TRUE,628,0.958,0.866,42.7,0,271533,compra_cartera,TRUE
CAND-01333,02/04/24,47,H,2179849,18,26614,14,0.511,4,FALSE,,0.768,0.966,64.3,0,1348060,libre_inversion,TRUE
CAND-01435,02/04/24,41,M,1930889,9,70141,2,0.331,3,TRUE,560,0.833,0.818,63.4,0,518623,avance_efectivo,TRUE
CAND-01754,02/04/24,32,H,931848,10,46797,3,0.648,2,FALSE,,0.625,0.76,45.5,0,1521554,libre_inversion,TRUE
CAND-01663,02/04/24,50,NB,1546974,10,31161,7,0.369,2,TRUE,602,,0.651,33.1,0,1611496,libre_inversion,TRUE
CAND-00199,02/04/24,32,M,1227805,52,22930,22,0.385,2,TRUE,645,0.49,0.758,34.6,0,381337,compra_cartera,TRUE
CAND-02499,02/04/24,31,H,779783,14,64712,7,0.575,1,FALSE,,0.837,0.75,69.2,0,377664,libre_inversion,TRUE
CAND-02976,02/04/24,47,H,1318057,22,76987,17,0.608,1,TRUE,831,,0.723,45,0,1100620,avance_efectivo,TRUE
CAND-02570,02/04/24,29,H,1546118,60,25803,26,0.305,2,TRUE,692,0.837,0.829,53.5,0,163844,compra_cartera,TRUE
CAND-02125,03/04/24,18,H,833298,21,45339,11,0.261,1,FALSE,,0.705,0.676,51.3,0,430204,libre_inversion,TRUE
CAND-01672,03/04/24,56,H,945605,7,9824,7,0.225,2,FALSE,,,0.809,62.6,0,635947,avance_efectivo,TRUE
CAND-02282,03/04/24,33,H,527274,17,70181,6,0.176,2,FALSE,,0.784,0.529,41.9,0,2336940,libre_inversion,TRUE
CAND-01394,03/04/24,39,M,839454,23,68965,15,0.447,1,FALSE,,0.95,,58.5,0,607111,compra_cartera,TRUE
CAND-00056,03/04/24,24,M,3099376,5,31696,4,0.129,2,TRUE,582,0.861,0.938,35.3,0,635294,libre_inversion,TRUE
CAND-00477,03/04/24,28,H,2176566,23,22150,11,0.402,1,FALSE,,0.843,0.437,23.7,12470,493568,libre_inversion,TRUE
CAND-01559,03/04/24,39,H,1148672,15,42502,5,0.242,1,TRUE,765,0.836,0.835,84,0,1325812,avance_efectivo,TRUE
CAND-00491,03/04/24,32,M,1620129,30,33026,21,0.332,5,FALSE,,0.787,0.651,22.7,0,725869,avance_efectivo,TRUE
CAND-01256,03/04/24,40,H,1083873,19,16847,12,0.46,1,FALSE,,0.88,0.882,75.5,0,479539,avance_efectivo,TRUE
CAND-02790,03/04/24,37,M,1706520,30,18847,15,0.677,2,TRUE,704,0.68,0.7,46.9,0,733918,libre_inversion,TRUE
CAND-00764,04/04/24,54,NB,621384,11,10474,4,0.442,1,FALSE,,0.952,,1.6,0,1550540,compra_cartera,TRUE
CAND-02679,04/04/24,30,H,2071222,23,51977,15,0.752,3,FALSE,,0.846,0.914,38,0,818973,compra_cartera,TRUE
CAND-01945,04/04/24,20,H,1485259,1,16969,1,0.448,3,TRUE,799,0.711,0.812,24,0,466966,libre_inversion,TRUE
CAND-02149,04/04/24,21,M,1599166,11,89816,4,0.202,4,FALSE,,,0.867,39.7,0,225466,avance_efectivo,TRUE
CAND-00591,04/04/24,28,M,1023082,14,29008,3,0.236,1,FALSE,,0.639,0.91,76,0,156737,avance_efectivo,TRUE
CAND-00044,04/04/24,51,H,674705,13,10394,3,0.744,2,FALSE,,0.959,0.929,61.7,0,983883,avance_efectivo,TRUE
CAND-02641,04/04/24,40,H,1627030,17,54074,8,0.424,3,FALSE,,0.465,0.438,52,0,569307,avance_efectivo,TRUE
CAND-02663,04/04/24,50,M,1064261,2,7457,0,0.394,4,FALSE,,0.632,0.628,34.7,0,1281757,avance_efectivo,TRUE
CAND-01179,05/04/24,53,M,1262279,8,52683,4,0.604,2,FALSE,,0.626,0.661,21.3,0,455581,libre_inversion,TRUE
CAND-00659,05/04/24,32,M,844106,5,30296,2,0.16,1,TRUE,639,0.557,0.749,47.5,0,742589,libre_inversion,TRUE
CAND-01584,05/04/24,40,H,1125777,8,29204,6,0.326,3,FALSE,,0.803,0.564,32.5,0,822206,avance_efectivo,TRUE
CAND-00585,05/04/24,39,H,1486203,2,7495,1,0.119,1,FALSE,,0.81,0.845,43.8,0,2427756,avance_efectivo,TRUE
CAND-00583,05/04/24,37,M,1098229,3,4297,3,0.663,1,TRUE,646,0.715,0.688,67.6,0,867737,libre_inversion,TRUE
CAND-02490,05/04/24,27,M,1130147,13,72927,7,0.262,1,FALSE,,0.745,0.819,64.2,0,566449,libre_inversion,TRUE
CAND-00885,05/04/24,42,H,1314066,40,5710,17,0.354,2,TRUE,672,0.756,0.685,56,0,694182,libre_inversion,TRUE
CAND-00880,05/04/24,45,M,1317566,19,28854,8,0.179,2,TRUE,582,0.446,0.523,48.4,0,2039371,libre_inversion,TRUE
CAND-00876,05/04/24,22,M,888611,21,21476,9,0.25,4,FALSE,,0.834,0.905,53.3,0,662633,libre_inversion,TRUE
CAND-01141,05/04/24,36,H,563668,21,19688,12,0.456,4,FALSE,,0.736,0.865,38.5,0,223363,avance_efectivo,TRUE
CAND-02638,05/04/24,31,H,1032006,26,105168,12,0.312,1,TRUE,598,0.685,0.772,46.7,0,380725,avance_efectivo,TRUE
CAND-00706,05/04/24,21,H,847080,1,20507,2,0.517,2,FALSE,,0.927,0.56,50.5,0,881740,libre_inversion,TRUE
CAND-02090,05/04/24,42,H,1032327,47,22519,20,0.447,2,FALSE,,0.765,0.635,46,0,525096,avance_efectivo,TRUE
CAND-00922,05/04/24,32,M,1855995,1,22324,0,0.257,1,TRUE,840,0.684,0.9,63.3,0,494994,avance_efectivo,TRUE
CAND-00997,05/04/24,35,H,1001316,11,10580,6,0.212,1,TRUE,511,0.762,,65.9,0,891372,avance_efectivo,TRUE
CAND-01484,06/04/24,40,M,833369,60,77043,41,0.591,4,TRUE,701,0.533,0.843,15.7,0,411130,compra_cartera,TRUE
CAND-02764,06/04/24,41,H,581950,9,88818,3,0.709,4,FALSE,,0.613,0.585,50.4,0,1072830,libre_inversion,TRUE
CAND-02997,06/04/24,25,H,1044330,15,32432,4,0.49,5,TRUE,456,0.698,0.879,41.1,0,955413,compra_cartera,TRUE
CAND-01721,06/04/24,31,M,1292552,33,41549,25,0.596,1,FALSE,,0.82,0.529,50.6,0,396318,libre_inversion,TRUE
CAND-00552,06/04/24,33,NB,1270242,8,35100,2,0.666,1,FALSE,,0.936,0.623,56.1,0,1029756,libre_inversion,TRUE
CAND-00433,06/04/24,38,M,551888,12,41181,8,0.755,2,TRUE,727,0.887,0.845,81.5,0,751101,libre_inversion,TRUE
CAND-02118,06/04/24,27,M,919834,5,23096,5,0.374,3,FALSE,,,0.687,93.9,0,4623207,avance_efectivo,TRUE
CAND-01210,07/04/24,30,H,1804455,17,60407,6,0.766,3,TRUE,631,0.84,0.968,43.1,0,575323,avance_efectivo,TRUE
CAND-01839,07/04/24,37,H,1242533,4,62732,0,0.707,2,FALSE,,0.857,0.531,0,0,680355,libre_inversion,TRUE
CAND-01760,07/04/24,32,H,1335971,46,36323,26,0.401,2,TRUE,662,0.593,0.897,59,0,534199,compra_cartera,TRUE
CAND-01889,07/04/24,34,H,717420,1,26808,1,0.055,1,FALSE,,0.645,0.693,49.1,0,498171,libre_inversion,TRUE
CAND-01539,07/04/24,22,M,819266,32,17264,11,0.487,1,FALSE,,,0.522,26.5,0,511620,libre_inversion,TRUE
CAND-02011,07/04/24,29,M,892275,12,35248,1,0.291,2,FALSE,,0.652,0.589,25.3,0,2252726,libre_inversion,TRUE
CAND-01445,07/04/24,50,H,1215729,17,91158,5,0.139,2,FALSE,,0.516,0.727,49.3,0,678564,compra_cartera,FALSE
CAND-02180,07/04/24,28,M,933467,7,27636,4,0.516,2,TRUE,564,0.95,0.643,47.5,0,397303,libre_inversion,TRUE
CAND-01056,07/04/24,27,H,755600,22,26126,15,0.321,2,FALSE,,0.864,0.867,41.4,0,673736,libre_inversion,TRUE
CAND-02156,08/04/24,18,H,781078,4,21880,0,0.497,2,FALSE,,0.884,0.872,59.5,0,188742,avance_efectivo,TRUE
CAND-01492,08/04/24,32,M,2356983,11,40901,7,0.233,2,FALSE,,0.863,0.76,57.4,0,730636,avance_efectivo,TRUE
CAND-02116,08/04/24,31,M,589494,4,47958,2,0.37,1,FALSE,,0.895,0.826,38.9,0,696147,compra_cartera,TRUE
CAND-02248,08/04/24,44,H,797948,3,19937,1,0.492,1,TRUE,533,0.927,0.493,63.4,0,1319109,libre_inversion,TRUE
CAND-01693,08/04/24,31,M,1484979,12,56539,7,0.384,3,FALSE,,0.915,0.821,69.2,0,1675734,libre_inversion,TRUE
CAND-00664,08/04/24,37,H,2511522,21,76890,11,0.302,1,FALSE,,0.875,0.822,27.6,0,650422,libre_inversion,TRUE
CAND-02662,08/04/24,18,H,1469913,2,51200,0,0.265,1,TRUE,855,0.811,0.778,44.1,0,580424,compra_cartera,TRUE
CAND-01234,08/04/24,31,M,670008,5,63482,3,0.231,3,FALSE,,0.619,0.592,51.8,0,338553,avance_efectivo,TRUE
CAND-00735,08/04/24,38,M,2198426,19,40100,7,0.532,4,FALSE,,0.469,0.717,34.8,0,1069862,compra_cartera,TRUE
CAND-01803,08/04/24,35,H,1714231,3,23040,1,0.334,5,FALSE,,0.904,0.684,52.9,0,251234,libre_inversion,TRUE
CAND-01716,08/04/24,30,H,1179749,8,22602,3,0.287,1,TRUE,684,0.856,0.76,20.7,0,466288,avance_efectivo,TRUE
CAND-01708,08/04/24,30,H,753410,1,65895,1,0.693,1,TRUE,776,0.747,0.769,45.2,0,379546,libre_inversion,TRUE
CAND-00210,09/04/24,44,M,607652,2,59030,1,0.576,5,TRUE,776,0.884,0.653,28.7,0,902886,avance_efectivo,TRUE
CAND-01642,09/04/24,44,M,1100866,7,31612,6,0.431,5,TRUE,583,0.678,0.603,45.6,0,926700,compra_cartera,TRUE
CAND-00847,09/04/24,26,M,1540785,1,30007,0,0.207,2,FALSE,,0.494,0.778,23.3,0,176431,avance_efectivo,TRUE
CAND-01623,09/04/24,37,M,1553869,2,15229,1,0.382,4,TRUE,671,0.739,0.797,53.8,0,371180,libre_inversion,TRUE
CAND-00639,09/04/24,31,H,993072,42,32117,18,0.103,4,TRUE,598,0.888,0.577,93.5,0,694003,libre_inversion,TRUE
CAND-01701,09/04/24,36,H,1916792,47,76390,26,0.662,2,FALSE,,0.662,,67.8,0,538918,libre_inversion,TRUE
CAND-00607,09/04/24,29,H,955986,24,17767,13,0.482,4,FALSE,,0.876,0.79,67.2,0,899666,compra_cartera,TRUE
CAND-00768,09/04/24,43,H,2743927,51,104386,23,0.537,3,FALSE,,0.934,0.889,56.2,0,405469,compra_cartera,TRUE
CAND-01618,09/04/24,28,M,1771974,13,32188,6,0.757,4,FALSE,,0.646,0.763,68.9,0,323493,avance_efectivo,TRUE
CAND-01909,09/04/24,37,H,568667,6,56585,2,0.287,2,FALSE,,0.848,0.903,37.3,0,374371,compra_cartera,TRUE
CAND-01631,10/04/24,38,M,1131269,30,86747,17,0.7,4,FALSE,,0.5,0.779,47.2,0,246802,libre_inversion,TRUE
CAND-01626,10/04/24,47,M,1065717,1,15104,0,0.136,2,TRUE,622,0.583,0.821,48.7,0,336863,avance_efectivo,TRUE
CAND-02298,10/04/24,50,M,2113995,20,19224,11,0.494,2,FALSE,,0.936,0.752,37,0,289880,libre_inversion,TRUE
CAND-00224,10/04/24,18,H,1639242,11,53022,2,0.022,3,FALSE,,0.476,0.767,47.6,0,472385,compra_cartera,TRUE
CAND-01184,10/04/24,23,M,1051766,16,15311,8,0.252,2,FALSE,,0.425,0.505,0,0,739753,libre_inversion,TRUE
CAND-02401,10/04/24,36,NB,1556652,34,68584,22,0.489,2,FALSE,,0.708,0.696,82.7,0,1413962,libre_inversion,TRUE
CAND-02482,10/04/24,31,M,1972279,8,49485,3,0.803,1,TRUE,602,0.361,0.603,66.8,0,805267,libre_inversion,TRUE
CAND-01075,10/04/24,32,H,989713,14,13610,6,0.324,2,TRUE,586,0.68,0.835,22.9,0,325875,libre_inversion,TRUE
CAND-02148,10/04/24,23,H,1770550,1,145406,1,0.402,2,TRUE,678,0.879,0.606,59.9,0,248974,compra_cartera,TRUE
CAND-00052,10/04/24,42,M,698900,6,58474,6,0.356,1,TRUE,610,0.715,0.432,0,0,1136527,avance_efectivo,TRUE
CAND-02835,10/04/24,26,H,569610,60,65064,25,0.451,5,FALSE,,0.477,0.609,73.4,0,1027804,libre_inversion,TRUE
CAND-01895,10/04/24,32,H,1141027,3,33455,3,0.333,2,FALSE,,0.928,0.809,49.3,0,816693,compra_cartera,TRUE
CAND-01109,10/04/24,34,H,2512725,12,32543,2,0.458,2,FALSE,,0.839,0.62,49.9,0,499464,compra_cartera,TRUE
CAND-00939,10/04/24,46,M,1221934,34,38415,19,0.668,2,TRUE,684,0.683,0.825,41.8,0,293581,compra_cartera,TRUE
CAND-00376,10/04/24,35,H,1397167,18,94863,8,0.531,2,FALSE,,0.63,0.952,14.5,0,413336,libre_inversion,TRUE
CAND-01200,11/04/24,35,H,1659136,1,25277,0,0.234,3,TRUE,656,0.762,0.773,3.7,0,640380,libre_inversion,TRUE
CAND-02276,11/04/24,22,M,1745320,2,52711,2,0.518,2,FALSE,,0.53,0.741,30,0,1647346,avance_efectivo,TRUE
CAND-00628,11/04/24,41,M,1142785,1,38712,2,0.43,4,TRUE,744,0.616,0.915,79,0,163913,compra_cartera,TRUE
CAND-00839,11/04/24,44,H,433668,2,34190,1,0.324,2,TRUE,611,,,49.9,0,141754,libre_inversion,TRUE
CAND-02655,11/04/24,65,M,698771,5,8661,2,0.538,1,TRUE,576,0.665,0.845,41.3,0,742016,compra_cartera,TRUE
CAND-02596,11/04/24,28,M,958914,19,118327,8,0.576,2,TRUE,602,0.881,0.612,47.1,0,1104499,avance_efectivo,TRUE
CAND-01666,11/04/24,38,H,2013716,10,27290,6,0.38,3,FALSE,,0.376,0.729,37.4,0,251037,avance_efectivo,TRUE
CAND-00978,11/04/24,42,M,10.546.246.600.826.600,1,54444,4,0.286,2,FALSE,,0.852,0.643,59,0,424785,libre_inversion,TRUE
CAND-00822,11/04/24,45,H,1758446,5,45935,6,0.441,2,FALSE,,,0.674,13,0,129563,compra_cartera,TRUE
CAND-00676,11/04/24,18,H,2985380,6,11735,3,0.28,4,FALSE,,,0.786,34,0,254851,libre_inversion,TRUE
CAND-00907,11/04/24,42,M,1435155,16,51095,4,0.308,1,FALSE,,0.773,,64.2,0,409375,libre_inversion,TRUE
CAND-01958,11/04/24,31,H,436342,16,15015,12,0.301,4,TRUE,609,0.868,0.885,42.2,0,402031,libre_inversion,TRUE
CAND-02475,11/04/24,39,H,881226,21,34563,6,0.461,3,FALSE,,0.868,0.666,61.4,0,1787981,libre_inversion,TRUE
CAND-02527,12/04/24,32,M,877568,3,55910,3,0.347,1,FALSE,,0.998,0.659,72.2,0,304686,libre_inversion,TRUE
CAND-02301,12/04/24,39,H,1000108,4,8093,4,0.596,5,FALSE,,0.333,,51.2,0,389274,libre_inversion,TRUE
CAND-01465,12/04/24,23,M,1173627,8,26545,3,0.272,1,TRUE,510,0.637,0.812,41.9,0,167438,libre_inversion,TRUE
CAND-01652,12/04/24,32,M,1580349,9,7753,6,0.279,3,FALSE,,0.941,0.826,54,0,1208899,libre_inversion,TRUE
CAND-00381,12/04/24,37,H,1094656,27,53207,15,0.705,1,FALSE,,0.453,0.872,27.2,0,306667,libre_inversion,FALSE
CAND-00034,12/04/24,54,M,937273,4,64157,1,0.077,2,FALSE,,0.62,0.497,50.3,0,750031,avance_efectivo,TRUE
CAND-00151,12/04/24,19,M,1289657,4,64268,3,0.378,2,TRUE,575,0.832,0.737,48.5,0,964869,libre_inversion,TRUE
CAND-00773,12/04/24,39,M,1249096,8,33704,3,0.506,4,TRUE,503,0.535,0.315,73.9,0,1209654,libre_inversion,TRUE
CAND-00660,12/04/24,32,M,541014,4,40876,2,0.12,2,FALSE,,0.81,0.622,32.9,0,1257514,avance_efectivo,TRUE
CAND-02235,13/04/24,41,H,1107442,7,32533,3,0.451,3,TRUE,789,0.86,0.904,66.8,25636,2503296,avance_efectivo,TRUE
CAND-00497,13/04/24,59,H,1254924,10,123390,5,0.342,4,FALSE,,0.862,0.715,41.8,0,432497,libre_inversion,TRUE
CAND-01885,13/04/24,42,M,1045544,44,122614,20,0.166,2,TRUE,640,0.779,0.733,69,0,753316,avance_efectivo,TRUE
CAND-02674,13/04/24,51,M,2378705,6,83211,3,0.508,1,FALSE,,0.603,0.925,26.3,0,449489,libre_inversion,TRUE
CAND-01766,13/04/24,39,H,4116610,10,48180,3,0.391,2,TRUE,736,0.722,0.633,27,0,946648,libre_inversion,TRUE
CAND-01449,13/04/24,37,H,658486,15,20787,5,0.321,2,FALSE,,0.818,0.879,52.5,0,496929,libre_inversion,TRUE
CAND-01774,13/04/24,42,M,1186710,23,4030,12,0.359,2,TRUE,628,0.379,0.809,60,0,531760,libre_inversion,TRUE
CAND-00106,13/04/24,39,H,1009286,10,78198,7,0.094,2,FALSE,,0.594,0.823,21.8,0,919342,libre_inversion,TRUE
CAND-02712,13/04/24,24,H,1674427,11,41951,4,0.597,1,FALSE,,0.616,0.953,57,0,504089,libre_inversion,TRUE
CAND-01755,13/04/24,40,M,2103647,5,65942,1,0.447,5,FALSE,,0.582,0.611,0,0,555518,avance_efectivo,TRUE
CAND-02342,13/04/24,30,H,801082,22,104649,16,0.006,2,TRUE,611,0.897,0.757,49.9,0,1535113,libre_inversion,TRUE
CAND-00915,13/04/24,20,H,1286474,29,58279,12,0.315,4,FALSE,,0.754,0.652,22.8,0,443994,avance_efectivo,TRUE
CAND-01146,13/04/24,44,H,1404864,5,76656,0,0.211,5,TRUE,648,,0.493,57,0,407196,compra_cartera,TRUE
CAND-01161,14/04/24,35,H,1523888,14,236455,10,0.941,1,FALSE,,,0.867,55.6,0,259974,compra_cartera,TRUE
CAND-01746,14/04/24,50,M,945808,4,75994,3,0.359,1,TRUE,828,0.62,0.874,66.5,0,411089,avance_efectivo,TRUE
CAND-01748,14/04/24,53,H,1916826,9,21558,3,0.112,4,TRUE,649,0.933,0.877,47,0,752840,libre_inversion,TRUE
CAND-01846,14/04/24,35,H,1464649,20,66344,4,0.357,3,TRUE,788,0.677,0.844,41,0,407353,libre_inversion,TRUE
CAND-02404,14/04/24,45,M,422257,10,23400,7,0.268,1,TRUE,678,0.963,0.765,22.3,0,788400,libre_inversion,TRUE
CAND-01516,14/04/24,36,M,913351,8,37543,3,0.319,1,TRUE,646,0.669,,30.2,0,100000,compra_cartera,TRUE
CAND-00203,14/04/24,46,M,1066894,1,24065,0,0.324,1,FALSE,,0.526,0.919,59.6,0,810968,libre_inversion,TRUE
CAND-02726,14/04/24,47,H,5.557.147.908.519.660,27,69000,11,0.24,5,TRUE,737,,0.527,35.3,0,436440,libre_inversion,TRUE
CAND-00783,14/04/24,25,M,1527084,22,48505,10,0.479,1,TRUE,787,0.671,0.967,48.6,0,786295,libre_inversion,TRUE
CAND-01595,14/04/24,38,NB,4125417,16,82785,7,0.378,4,FALSE,,0.838,0.507,81.1,0,221351,avance_efectivo,TRUE
CAND-01714,14/04/24,33,H,1345094,1,33878,2,0.456,5,TRUE,690,0.665,,57.2,0,294958,libre_inversion,TRUE
CAND-01079,14/04/24,37,H,1752661,11,23678,6,0.304,2,FALSE,,0.663,0.714,45.6,0,444157,libre_inversion,TRUE
CAND-00073,14/04/24,50,H,2167952,6,47938,4,0.283,1,TRUE,637,0.93,0.857,60.7,0,725499,libre_inversion,TRUE
CAND-02339,14/04/24,32,M,821177,12,37525,7,0.67,2,TRUE,670,0.684,0.77,33.6,0,944054,compra_cartera,TRUE
CAND-01805,15/04/24,29,H,2840817,25,33174,18,0.641,4,TRUE,692,0.812,0.79,77.6,0,405176,libre_inversion,TRUE
CAND-02315,15/04/24,53,H,682108,5,164094,1,0.429,5,FALSE,,0.536,0.8,42.4,0,639073,compra_cartera,TRUE
CAND-02323,15/04/24,31,H,1623410,60,39884,40,0.824,4,TRUE,702,0.783,0.618,51.8,0,341060,avance_efectivo,TRUE
CAND-00397,15/04/24,34,H,1136061,18,63968,10,0.635,1,TRUE,762,0.849,0.866,59.9,0,2146716,libre_inversion,TRUE
CAND-02361,15/04/24,29,H,516403,8,44147,3,0.655,3,FALSE,,0.855,0.968,42.9,0,737284,libre_inversion,TRUE
CAND-00578,15/04/24,28,H,1137365,2,45656,2,0.308,4,TRUE,545,0.49,0.963,56.5,0,855023,libre_inversion,TRUE
CAND-00191,15/04/24,20,M,1422960,2,27720,2,0.618,3,TRUE,672,0.769,0.931,29.4,0,315606,libre_inversion,TRUE
CAND-00635,15/04/24,41,H,929474,23,22305,10,0.702,3,TRUE,571,0.756,0.514,62.3,0,198128,libre_inversion,TRUE
CAND-02239,15/04/24,41,M,631832,1,182883,1,0.777,2,TRUE,609,0.809,0.865,56.2,0,253315,libre_inversion,TRUE
CAND-01274,15/04/24,46,H,2807921,1,21505,2,0.123,4,FALSE,,0.483,0.778,34.5,0,473450,libre_inversion,TRUE
CAND-00159,15/04/24,33,M,1271938,1,36453,1,0.452,4,FALSE,,0.756,0.831,69.5,0,228284,avance_efectivo,TRUE
CAND-01669,15/04/24,32,M,801064,1,17029,0,0.761,3,FALSE,,0.832,0.487,31.2,0,331252,libre_inversion,TRUE
CAND-00029,15/04/24,22,H,1982923,4,10164,1,0.496,4,FALSE,,0.773,0.84,55.1,0,237047,libre_inversion,TRUE
CAND-01674,16/04/24,23,M,1615619,45,79271,20,0.57,3,TRUE,664,0.649,0.825,67.5,0,550711,compra_cartera,TRUE
CAND-01677,16/04/24,46,H,899064,45,62061,26,0.387,1,FALSE,,,0.764,64.5,0,786308,libre_inversion,TRUE
CAND-00774,16/04/24,32,H,1735504,7,70599,5,0.717,2,FALSE,,0.735,0.892,29,0,646330,avance_efectivo,TRUE
CAND-01508,16/04/24,36,M,1960843,1,132143,1,0.5,1,FALSE,,0.583,0.812,69,0,398975,libre_inversion,TRUE
CAND-01352,16/04/24,23,H,1130810,7,29507,2,0.276,3,FALSE,,0.915,0.637,48.6,0,810799,libre_inversion,TRUE
CAND-00879,16/04/24,25,H,733223,9,21090,7,0.357,4,TRUE,712,0.947,0.863,57.8,0,500316,libre_inversion,TRUE
CAND-02189,16/04/24,27,M,2259467,22,19068,14,0.307,3,FALSE,,0.889,0.639,78.9,0,271045,avance_efectivo,TRUE
CAND-00855,16/04/24,43,M,835119,35,116307,14,0.456,3,FALSE,,0.463,0.609,72.2,0,195679,compra_cartera,TRUE
CAND-02677,16/04/24,21,M,1545609,8,55842,2,0.338,2,FALSE,,0.726,0.785,72.6,0,336680,libre_inversion,TRUE
CAND-01249,16/04/24,41,M,1210339,21,23811,9,0.649,1,FALSE,,0.854,0.646,49,0,1984,libre_inversion,TRUE
CAND-02157,16/04/24,49,H,993284,1,4006,0,0.258,2,FALSE,,0.884,0.851,29.3,0,351022,compra_cartera,TRUE
CAND-02950,16/04/24,36,H,640455,4,35985,5,0.362,5,FALSE,,0.682,0.822,82.8,0,503597,libre_inversion,TRUE
CAND-00436,16/04/24,31,M,754747,1,56619,1,0.895,1,TRUE,675,0.902,0.681,52.5,0,203470,avance_efectivo,TRUE
CAND-01432,17/04/24,25,M,2156877,5,39016,3,0.249,3,FALSE,,0.779,0.75,33.7,0,1657949,libre_inversion,TRUE
CAND-01529,17/04/24,28,H,1019042,12,2309,8,0.574,3,TRUE,543,0.681,0.875,41.9,0,561872,libre_inversion,TRUE
CAND-01258,17/04/24,43,H,476556,4,24707,1,0.195,2,FALSE,,0.794,,74.5,0,653034,libre_inversion,TRUE
CAND-00802,17/04/24,37,H,1860548,16,21287,9,0.261,2,FALSE,,0.875,,71.5,0,218482,libre_inversion,TRUE
CAND-00202,17/04/24,23,M,752138,8,22984,2,0.614,3,TRUE,630,0.527,0.634,51.5,0,361949,libre_inversion,TRUE
CAND-02595,17/04/24,28,NB,2678360,2,1997,1,0.747,1,TRUE,572,0.567,0.854,77.7,0,867747,libre_inversion,TRUE
CAND-01340,17/04/24,29,H,902446,1,64430,2,0.252,3,FALSE,,0.841,,23.4,0,626360,libre_inversion,TRUE
CAND-01503,17/04/24,26,H,492082,12,39198,10,0.329,3,FALSE,,0.604,0.689,55,16457,371752,libre_inversion,TRUE
CAND-02065,18/04/24,39,H,1052676,36,38551,13,0.692,3,FALSE,,0.735,0.945,2.1,0,791650,libre_inversion,TRUE
CAND-02543,18/04/24,35,M,794291,4,35414,4,0.436,3,FALSE,,0.985,0.79,56.9,0,163850,compra_cartera,TRUE
CAND-00314,18/04/24,54,M,1841716,4,41400,2,0.259,3,TRUE,628,0.568,0.728,72.4,0,1050023,libre_inversion,TRUE
CAND-01403,18/04/24,46,M,1621251,40,17119,21,0.421,3,TRUE,671,0.795,0.503,49.4,0,1118795,compra_cartera,TRUE
CAND-02832,18/04/24,33,M,731062,7,59757,5,0.192,5,FALSE,,,0.886,60.4,0,1441065,libre_inversion,TRUE
CAND-00689,18/04/24,44,H,1008831,47,33258,26,0.611,4,TRUE,773,0.823,0.856,17.4,0,642409,avance_efectivo,TRUE
CAND-01739,18/04/24,38,M,1075637,1,167438,3,0.478,3,TRUE,600,0.909,0.506,54.6,0,794793,avance_efectivo,TRUE
CAND-02920,18/04/24,37,H,477954,11,42844,2,0.767,1,TRUE,599,0.767,0.657,32,0,606449,libre_inversion,TRUE
CAND-02310,18/04/24,32,H,965543,5,12073,3,0.287,2,TRUE,716,0.937,0.774,59.2,0,869871,compra_cartera,TRUE
CAND-02485,18/04/24,43,H,872338,10,69733,4,0.119,3,FALSE,,0.685,0.862,54.7,0,781031,libre_inversion,TRUE
CAND-01942,19/04/24,36,H,1573757,3,14624,2,0.228,2,FALSE,,0.735,0.494,35.2,0,418790,compra_cartera,TRUE
CAND-02024,19/04/24,37,H,1901396,2,101929,1,0.23,5,FALSE,,0.741,0.782,44.6,0,881966,libre_inversion,TRUE
CAND-00373,19/04/24,21,M,636910,2,80418,2,0.811,2,TRUE,676,0.428,0.957,93.1,0,1331666,avance_efectivo,TRUE
CAND-00280,19/04/24,36,H,2167104,49,32543,22,0.387,2,FALSE,,0.494,0.77,55.5,0,1200425,libre_inversion,TRUE
CAND-02985,19/04/24,52,H,1967286,1,75340,2,0.42,3,TRUE,558,0.735,0.936,31.3,0,499688,libre_inversion,TRUE
CAND-02232,19/04/24,21,H,1770703,1,67522,1,0.555,3,TRUE,640,0.828,0.991,83.3,0,989648,compra_cartera,TRUE
CAND-00972,19/04/24,41,M,1000185,1,59668,0,0.17,2,TRUE,758,0.88,0.754,42.6,0,1355990,libre_inversion,TRUE
CAND-01732,19/04/24,52,H,504809,1,35311,1,0.12,4,FALSE,,0.887,0.624,50.5,0,630977,libre_inversion,TRUE
CAND-00878,20/04/24,31,M,3753585,5,33809,2,0.131,5,FALSE,,0.635,0.639,29.5,0,1177514,compra_cartera,TRUE
CAND-01935,20/04/24,36,M,889831,60,59149,31,0.49,1,FALSE,,0.616,0.675,39.2,0,171465,libre_inversion,TRUE
CAND-01611,20/04/24,19,M,901278,28,43275,12,0.74,2,TRUE,622,0.784,0.833,51.2,0,488707,compra_cartera,TRUE
CAND-02068,20/04/24,52,H,886920,15,48817,10,0.385,3,FALSE,,0.962,0.734,50.9,0,277864,libre_inversion,TRUE
CAND-02822,20/04/24,28,H,1125618,14,45781,9,0.463,1,TRUE,771,0.877,0.673,56.4,0,872907,libre_inversion,TRUE
CAND-01890,20/04/24,18,H,736625,48,9506,22,0.558,1,TRUE,684,0.738,0.867,42.3,0,677137,compra_cartera,TRUE
CAND-02899,20/04/24,25,M,1109155,14,36193,5,0.856,4,FALSE,,0.685,0.891,56.6,0,603907,avance_efectivo,TRUE
CAND-02876,20/04/24,29,H,1513711,7,58338,2,0.175,1,FALSE,,0.656,0.732,37,0,428119,compra_cartera,TRUE
CAND-02261,21/04/24,29,H,928061,13,8280,3,0.321,1,TRUE,685,0.809,0.798,62.2,0,348346,avance_efectivo,TRUE
CAND-02324,21/04/24,26,H,735277,20,35579,11,0.186,1,TRUE,557,0.895,0.505,77.3,0,979717,avance_efectivo,TRUE
CAND-00112,21/04/24,24,M,1557557,7,117442,4,0.302,1,TRUE,700,0.535,0.648,58.9,0,989520,avance_efectivo,TRUE
CAND-01048,21/04/24,31,H,1241457,26,90494,15,0.262,1,FALSE,,0.675,0.837,66.6,0,140312,libre_inversion,TRUE
CAND-01564,21/04/24,46,M,911340,17,9558,9,0.198,3,FALSE,,,0.668,14.4,0,1621485,avance_efectivo,TRUE
CAND-01390,21/04/24,35,M,791277,6,41760,3,0.175,4,FALSE,,0.79,,35.5,0,347582,avance_efectivo,TRUE
CAND-01208,21/04/24,21,M,958052,20,16266,13,0.1,1,FALSE,,0.874,0.55,61.4,0,162641,libre_inversion,TRUE
CAND-01784,21/04/24,27,M,14.163.760.474.967.300,20,121281,7,0.233,2,TRUE,700,0.838,0.738,45.3,0,1109633,avance_efectivo,TRUE
CAND-00016,21/04/24,28,H,1444327,1,108030,1,0.648,2,TRUE,625,0.557,0.693,16.2,0,1290164,libre_inversion,TRUE
CAND-02754,21/04/24,43,M,1306009,7,126495,3,0.48,2,TRUE,813,0.461,0.904,63.9,0,1104654,libre_inversion,TRUE
CAND-00277,22/04/24,51,M,1403692,1,17114,3,0.109,4,TRUE,579,0.87,0.608,59.3,0,517562,avance_efectivo,TRUE
CAND-01285,22/04/24,37,M,1127438,1,11938,2,0.401,2,FALSE,,0.691,0.849,53.4,0,517588,libre_inversion,TRUE
CAND-00522,22/04/24,18,M,1999901,9,54027,5,0.388,2,TRUE,664,0.633,0.802,65.7,0,2835230,libre_inversion,TRUE
CAND-00725,22/04/24,32,H,1355606,2,42843,3,0.304,1,TRUE,574,0.916,0.948,36.1,0,394643,libre_inversion,TRUE
CAND-00875,22/04/24,34,H,1577995,5,35288,5,0.34,4,TRUE,551,0.738,0.679,77.4,0,372047,libre_inversion,TRUE
CAND-01644,22/04/24,31,H,1499584,7,61648,0,0.648,4,TRUE,738,0.592,0.408,53.7,0,320140,libre_inversion,TRUE
CAND-00324,22/04/24,27,H,568603,18,51148,10,0.378,3,FALSE,,0.757,,96.2,0,348485,avance_efectivo,TRUE
CAND-02896,22/04/24,58,M,856749,15,29143,5,0.712,5,FALSE,,0.677,0.734,58.2,0,305595,libre_inversion,TRUE
CAND-02426,22/04/24,26,M,1390450,7,69247,4,0.695,4,FALSE,,0.702,,33.1,0,1202811,libre_inversion,TRUE
CAND-00739,22/04/24,28,M,1271868,20,143895,7,0.028,2,FALSE,,,0.536,36.6,0,755704,libre_inversion,TRUE
CAND-01546,22/04/24,19,M,1446885,17,75263,8,0.133,3,TRUE,704,0.801,0.772,28.3,0,533905,compra_cartera,TRUE
CAND-02960,22/04/24,40,M,2200200,12,50357,6,0.293,3,TRUE,643,0.466,0.538,57.4,0,714272,libre_inversion,TRUE
CAND-02251,22/04/24,31,H,812210,1,14199,3,0.735,2,FALSE,,,0.783,57.9,0,837016,avance_efectivo,TRUE
CAND-01423,22/04/24,40,M,1528861,5,96524,2,0.725,4,TRUE,540,0.785,0.85,58.5,0,540343,compra_cartera,TRUE
CAND-01948,22/04/24,39,M,939325,9,17550,3,0.643,5,FALSE,,0.862,0.802,1,0,321170,avance_efectivo,TRUE
CAND-00528,22/04/24,50,M,1518460,5,46700,3,0.28,4,TRUE,673,0.985,0.701,45.9,0,911882,libre_inversion,TRUE
CAND-02536,22/04/24,35,M,504091,8,17892,3,0.162,1,TRUE,704,0.63,0.896,24.5,0,1145862,libre_inversion,TRUE
CAND-01898,23/04/24,27,M,1100068,14,74151,7,0.153,1,TRUE,657,0.887,0.941,33,0,2034797,libre_inversion,TRUE
CAND-00125,23/04/24,25,H,1366262,21,22708,11,0.23,2,TRUE,586,0.904,0.763,24.4,0,222985,compra_cartera,TRUE
CAND-02214,23/04/24,23,H,786901,17,26816,10,0.415,2,FALSE,,0.569,,62.7,0,942357,libre_inversion,TRUE
CAND-01183,23/04/24,41,M,953867,10,91971,2,0.135,4,TRUE,605,0.762,0.769,49.1,0,842250,libre_inversion,TRUE
CAND-01965,23/04/24,45,H,1526932,13,101620,8,0.085,1,TRUE,630,0.631,0.805,63.1,0,720118,libre_inversion,FALSE
CAND-02013,23/04/24,39,M,1253348,2,51849,0,0.542,2,FALSE,,0.881,0.595,52.1,0,816337,libre_inversion,TRUE
CAND-00446,23/04/24,36,H,2624319,2,68020,0,0.364,3,TRUE,723,0.818,0.883,100,0,394606,libre_inversion,TRUE
CAND-02528,23/04/24,32,M,1489686,8,38675,2,0.176,4,TRUE,777,0.597,0.736,69.3,5617,270707,libre_inversion,TRUE
CAND-00067,23/04/24,23,H,9.315.563.060.962.870,22,15994,10,0.149,2,TRUE,629,0.849,0.882,54,0,491461,libre_inversion,TRUE
CAND-01405,23/04/24,50,H,1098460,16,34504,7,0.235,2,TRUE,667,0.647,0.766,71.3,0,480229,compra_cartera,TRUE
CAND-00651,23/04/24,35,M,689900,60,26146,34,0.209,3,TRUE,627,0.916,0.824,42.1,0,819835,compra_cartera,TRUE
CAND-01398,24/04/24,44,M,1455499,16,69242,5,0.544,1,TRUE,769,0.717,0.825,74.5,0,547429,libre_inversion,TRUE
CAND-00372,24/04/24,41,M,707321,16,38261,13,0.613,4,TRUE,712,0.659,0.899,41.6,0,595586,libre_inversion,TRUE
CAND-02845,24/04/24,39,H,955956,12,80230,8,0.711,2,FALSE,,0.619,0.508,39.5,0,236790,compra_cartera,TRUE
CAND-01959,24/04/24,53,H,2527327,50,33832,24,0.45,1,FALSE,,0.968,0.772,88.9,0,251954,avance_efectivo,TRUE
CAND-02697,24/04/24,37,M,1362072,43,25708,24,0.116,1,TRUE,648,,0.744,65.9,0,960118,compra_cartera,TRUE
CAND-02795,24/04/24,28,M,1476351,12,75029,10,0.449,1,TRUE,582,0.87,0.803,80.7,0,1375513,compra_cartera,TRUE
CAND-00469,24/04/24,35,M,2277226,11,39179,5,0.185,1,FALSE,,0.83,0.885,59.7,0,1382759,avance_efectivo,TRUE
CAND-00055,24/04/24,33,M,1739030,5,49381,2,0.356,1,FALSE,,0.875,0.877,40.6,0,259562,libre_inversion,TRUE
CAND-02512,24/04/24,22,M,1422101,16,128604,6,0.466,1,FALSE,,0.762,0.798,53.8,0,329583,avance_efectivo,TRUE
CAND-00991,24/04/24,18,H,1408926,30,44952,13,0.363,2,TRUE,608,0.895,0.725,95.8,0,689019,compra_cartera,TRUE
CAND-01487,24/04/24,40,H,374509,3,83895,2,0.815,2,FALSE,,0.561,0.749,40.7,0,237785,libre_inversion,TRUE
CAND-01712,24/04/24,23,H,1697528,53,15463,27,0.494,1,FALSE,,,0.651,33.6,0,214138,libre_inversion,FALSE
CAND-02890,24/04/24,24,M,644212,27,6148,7,0.202,1,FALSE,,0.879,0.721,16.7,0,1736055,libre_inversion,TRUE
CAND-02905,25/04/24,30,M,1816389,15,24879,5,0.307,1,FALSE,,0.607,0.635,41.4,0,786349,compra_cartera,TRUE
CAND-01187,25/04/24,24,H,1492179,2,36647,0,0.128,3,TRUE,766,0.564,0.441,69.6,0,249144,libre_inversion,TRUE
CAND-02360,25/04/24,35,H,1332499,18,34360,7,0.77,2,TRUE,643,0.854,0.877,57.4,0,1046395,libre_inversion,TRUE
CAND-02250,25/04/24,39,H,1867312,14,7082,8,0.75,3,TRUE,638,0.623,0.602,54.4,0,413146,libre_inversion,TRUE
CAND-00012,25/04/24,42,M,2260929,22,11297,14,0.607,1,TRUE,658,0.639,0.764,24.7,0,1325,compra_cartera,TRUE
CAND-00727,25/04/24,45,H,3101451,6,82951,3,0.069,2,TRUE,713,0.909,0.831,46.6,0,1943598,avance_efectivo,TRUE
CAND-01653,25/04/24,42,M,494890,21,96712,11,0.66,1,FALSE,,,0.658,41.9,0,1426583,compra_cartera,TRUE
CAND-00575,25/04/24,40,M,973233,4,80527,1,0.873,5,TRUE,617,0.871,0.341,29.7,0,287101,libre_inversion,TRUE
CAND-00840,25/04/24,38,H,794995,18,26877,11,0.308,2,FALSE,,0.91,0.453,41.5,0,347206,compra_cartera,TRUE
CAND-01259,25/04/24,30,M,1537590,39,87407,19,0.202,2,FALSE,,0.666,0.812,3.4,0,743282,libre_inversion,TRUE
CAND-00380,25/04/24,36,M,2254342,3,19596,0,0.269,4,TRUE,691,0.851,0.794,32,0,975175,avance_efectivo,TRUE
CAND-01260,25/04/24,44,H,1256518,10,7969,6,0.227,4,FALSE,,0.785,0.899,75.7,0,2116731,libre_inversion,TRUE
CAND-01041,25/04/24,63,M,1184619,60,17267,23,0.578,5,FALSE,,,0.638,100,0,413735,compra_cartera,TRUE
CAND-01502,26/04/24,24,M,653273,9,52506,3,0.642,4,FALSE,,0.826,0.897,40.1,0,414179,libre_inversion,TRUE
CAND-00555,26/04/24,31,H,1351520,22,29566,12,0.396,3,TRUE,507,0.729,0.624,48.4,0,519052,libre_inversion,TRUE
CAND-00965,26/04/24,31,H,1559619,16,24304,12,0.109,1,TRUE,690,0.682,0.703,43.2,0,606438,avance_efectivo,TRUE
CAND-00904,26/04/24,19,H,1702743,14,21630,6,0.216,1,TRUE,671,0.812,0.711,46.7,0,717667,libre_inversion,TRUE
CAND-02406,26/04/24,32,H,1622216,6,91878,2,0.193,2,TRUE,727,0.345,0.966,76,0,358216,avance_efectivo,TRUE
CAND-00309,26/04/24,38,H,2536920,10,23417,4,0.233,5,FALSE,,0.405,0.77,22.1,0,790606,avance_efectivo,TRUE
CAND-02076,26/04/24,21,M,1136976,2,134856,1,0.579,1,TRUE,695,0.73,0.835,52.2,0,713569,libre_inversion,TRUE
CAND-00561,26/04/24,34,NB,898772,16,8818,7,0.485,2,FALSE,,0.751,,37.3,0,405058,compra_cartera,TRUE
CAND-00665,26/04/24,26,M,1524735,5,30732,4,0.638,3,TRUE,494,0.675,0.829,58.2,0,199029,avance_efectivo,TRUE
CAND-02577,26/04/24,20,M,7.747.418.628.280.080,5,34304,3,0.432,3,TRUE,698,0.755,0.782,40,0,673565,libre_inversion,TRUE
CAND-01168,26/04/24,30,H,1381964,60,42941,32,0.382,2,FALSE,,0.921,0.691,41.2,0,352236,avance_efectivo,TRUE
CAND-02193,26/04/24,41,M,938745,29,110438,15,0.219,4,FALSE,,0.819,0.747,50.9,0,368657,avance_efectivo,TRUE
CAND-00265,26/04/24,30,M,14.596.965.771.300.400,11,20823,2,0.475,1,TRUE,452,0.753,0.933,72.5,0,332369,compra_cartera,TRUE
CAND-02847,27/04/24,18,M,2396653,1,36444,0,0.415,2,TRUE,608,0.863,0.864,55.2,0,327194,compra_cartera,TRUE
CAND-00132,27/04/24,40,H,987868,6,3943,1,0.635,3,TRUE,569,0.717,0.661,41.2,0,545703,libre_inversion,TRUE
CAND-01085,27/04/24,18,NB,2086440,40,34710,26,0.347,4,FALSE,,0.904,0.784,63.4,0,310528,avance_efectivo,TRUE
CAND-00769,27/04/24,39,M,2417731,13,29836,4,0.473,3,FALSE,,0.931,0.947,79.2,0,881700,libre_inversion,TRUE
CAND-02567,27/04/24,56,H,790582,4,55484,1,0.526,2,FALSE,,0.632,0.61,31.9,0,398606,compra_cartera,TRUE
CAND-00157,27/04/24,31,M,958916,18,92498,9,0.423,3,TRUE,676,0.589,0.714,45.3,0,1144964,libre_inversion,TRUE
CAND-02365,27/04/24,49,H,1179009,20,96817,9,0.344,3,FALSE,,0.9,0.628,39.3,0,1237533,compra_cartera,TRUE
CAND-00712,27/04/24,34,M,905766,7,18229,3,0.059,1,TRUE,660,0.916,0.657,62.4,0,736650,libre_inversion,TRUE
CAND-02684,27/04/24,36,H,577223,7,47850,4,0.487,1,FALSE,,0.764,0.54,64.9,0,461389,compra_cartera,TRUE
CAND-00406,27/04/24,33,M,1670652,7,24083,3,0.149,1,FALSE,,0.918,0.712,19,0,1319663,libre_inversion,TRUE
CAND-00015,27/04/24,36,H,1895034,9,48417,4,0.474,1,TRUE,770,0.918,,35.4,0,444300,compra_cartera,TRUE
CAND-02006,27/04/24,36,H,852649,6,20727,4,0.402,5,FALSE,,0.905,0.727,38.7,0,413096,compra_cartera,TRUE
CAND-01076,28/04/24,45,H,706699,12,33738,7,0.317,5,TRUE,672,0.724,0.696,71.9,0,160196,libre_inversion,TRUE
CAND-02670,28/04/24,18,H,1250649,1,60010,1,0.363,1,FALSE,,0.698,0.811,44.7,0,323865,libre_inversion,TRUE
CAND-01699,28/04/24,23,H,2547967,38,74646,26,0.563,4,TRUE,554,0.808,0.966,63.8,0,558298,avance_efectivo,TRUE
CAND-01582,28/04/24,24,M,962402,5,35670,2,0.587,2,FALSE,,,0.654,57.7,0,322914,libre_inversion,TRUE
CAND-00462,28/04/24,25,M,1183542,16,62367,5,0.606,4,FALSE,,0.886,0.736,61.2,0,1105959,libre_inversion,TRUE
CAND-00670,28/04/24,39,M,842723,8,86805,2,0.284,2,TRUE,689,0.969,0.89,49,0,586540,compra_cartera,TRUE
CAND-01466,28/04/24,32,H,1263435,28,20456,14,0.271,2,FALSE,,0.765,0.611,70.4,0,478382,libre_inversion,TRUE
CAND-00516,28/04/24,18,M,1034367,16,59248,7,0.33,2,TRUE,750,0.742,0.887,55.7,0,434741,compra_cartera,TRUE
CAND-02372,28/04/24,62,H,1622984,24,7888,9,0.275,3,FALSE,,0.93,0.684,49.4,0,445742,libre_inversion,TRUE
CAND-02100,28/04/24,39,H,2119835,5,4734,3,0.645,3,TRUE,649,0.801,0.935,59.6,0,562349,avance_efectivo,TRUE
CAND-00004,28/04/24,33,M,1160999,53,91982,26,0.395,2,TRUE,683,0.84,0.534,33.5,0,553337,libre_inversion,TRUE
CAND-02772,28/04/24,42,H,747751,7,88998,7,0.129,1,FALSE,,0.749,0.911,58.4,0,375465,libre_inversion,TRUE
CAND-00290,28/04/24,25,H,1459062,9,77373,8,0.808,1,TRUE,741,0.812,0.958,58.4,0,1131270,libre_inversion,TRUE
CAND-00013,29/04/24,20,M,2080739,2,46914,1,0.265,1,FALSE,,0.501,0.8,84.6,0,661432,compra_cartera,TRUE
CAND-00759,29/04/24,33,M,1056691,12,17060,7,0.555,4,FALSE,,0.857,0.58,44.2,0,246768,libre_inversion,TRUE
CAND-01946,29/04/24,25,M,2062126,2,52448,0,0.479,1,FALSE,,0.75,0.756,38.8,0,826187,libre_inversion,TRUE
CAND-02023,29/04/24,39,M,726150,1,57387,1,0.087,1,FALSE,,0.872,0.884,8.4,0,950548,avance_efectivo,TRUE
CAND-02632,29/04/24,29,M,755140,17,18121,8,0.244,1,TRUE,608,0.738,0.688,0,0,1491128,libre_inversion,TRUE
CAND-02479,29/04/24,39,NB,1132544,14,63518,5,0.725,1,FALSE,,0.92,0.699,53.5,0,768904,libre_inversion,TRUE
CAND-00974,29/04/24,40,M,1147260,24,15932,8,0.575,1,TRUE,683,0.773,0.854,4.7,0,547778,avance_efectivo,TRUE
CAND-00903,29/04/24,26,H,630772,40,3609,19,0.299,3,FALSE,,0.901,0.828,75.6,0,402357,avance_efectivo,TRUE
CAND-02314,29/04/24,45,NB,579276,3,24691,0,0.207,3,TRUE,680,0.551,0.618,37.6,0,253151,libre_inversion,TRUE
CAND-01360,29/04/24,34,H,1299030,6,7247,4,0.088,1,FALSE,,0.689,0.882,44,0,386091,libre_inversion,TRUE
CAND-01464,29/04/24,40,H,2712694,31,87089,18,0.436,2,FALSE,,0.911,0.676,78.9,0,326685,libre_inversion,TRUE
CAND-00222,29/04/24,18,M,1380909,6,6549,1,0.581,2,TRUE,657,0.562,0.92,0,0,1480416,avance_efectivo,TRUE
CAND-01770,29/04/24,31,H,1283491,7,37589,3,0.532,4,TRUE,631,0.792,0.81,82.6,0,767144,libre_inversion,TRUE
CAND-00143,29/04/24,32,M,626239,14,29811,11,0.379,3,TRUE,637,0.963,0.511,61.7,0,400930,libre_inversion,TRUE
CAND-00424,29/04/24,24,H,1104753,10,84404,5,0.43,3,TRUE,779,0.729,0.799,45.9,0,792114,avance_efectivo,TRUE
CAND-02403,29/04/24,34,H,1423553,5,22097,2,0.372,3,TRUE,770,0.602,0.824,54.7,0,335395,libre_inversion,TRUE
CAND-00023,29/04/24,55,M,1024289,26,216882,15,0.53,2,TRUE,675,,0.657,43.2,0,277973,libre_inversion,TRUE
CAND-00337,29/04/24,32,H,765590,3,43689,3,0.384,1,TRUE,691,0.817,0.94,54.3,0,268556,libre_inversion,TRUE
CAND-01385,29/04/24,25,M,1518478,37,2842,20,0.476,2,FALSE,,0.93,0.632,60.1,0,176989,avance_efectivo,TRUE
CAND-02924,29/04/24,31,H,300000,23,20516,11,0.147,1,TRUE,767,0.645,0.662,57.9,0,1781837,compra_cartera,TRUE
CAND-02949,30/04/24,26,NB,1679709,43,37698,27,0.096,1,TRUE,766,0.883,0.871,17.7,0,255207,avance_efectivo,TRUE
CAND-01729,30/04/24,31,H,1356989,5,62603,2,0.116,1,TRUE,639,,0.833,61.2,0,485940,compra_cartera,TRUE
CAND-00378,30/04/24,50,H,874488,6,66713,3,0.375,4,FALSE,,0.826,0.697,47.7,0,890324,libre_inversion,TRUE
CAND-02245,30/04/24,46,M,1249024,8,43805,2,0.547,2,FALSE,,0.663,0.954,50.7,0,1306841,compra_cartera,TRUE
CAND-01264,30/04/24,33,H,875386,3,27560,1,0.142,2,TRUE,657,0.794,0.718,42.4,0,865044,compra_cartera,TRUE
CAND-02736,30/04/24,38,H,1799168,5,53528,7,0.495,2,FALSE,,0.896,0.953,22.1,0,632732,libre_inversion,TRUE
CAND-01160,30/04/24,35,H,887979,5,26385,4,0.444,3,TRUE,806,0.726,0.951,74.4,0,390254,avance_efectivo,TRUE
CAND-01847,30/04/24,40,H,673095,3,43352,1,0.718,4,TRUE,652,0.959,0.653,57.2,0,331638,libre_inversion,TRUE
CAND-00226,30/04/24,27,H,1360616,17,130560,7,0.06,4,FALSE,,0.813,0.638,63.6,0,1732666,libre_inversion,TRUE
CAND-01279,30/04/24,41,M,2166501,20,158232,14,0.743,1,TRUE,628,0.933,0.396,36.4,0,333180,libre_inversion,TRUE
CAND-01463,30/04/24,25,M,1.055.944.183.637.280,37,93165,19,0.616,4,FALSE,,0.885,0.891,43.8,0,1423439,libre_inversion,TRUE
CAND-02419,30/04/24,31,M,1395927,11,40472,8,0.485,3,TRUE,648,0.901,0.475,75.4,0,1348955,avance_efectivo,TRUE
CAND-01851,30/04/24,44,M,1977150,21,48580,20,0.672,2,FALSE,,0.732,0.973,54.4,0,1450973,libre_inversion,TRUE
CAND-00193,01/05/24,40,M,1577754,5,18547,6,0.691,5,FALSE,,0.65,0.859,41.3,0,1121131,compra_cartera,TRUE
CAND-00490,01/05/24,36,H,1141123,12,31499,2,0.409,2,TRUE,794,0.869,0.814,49.6,0,100000,libre_inversion,TRUE
CAND-01651,01/05/24,30,M,676765,5,24705,4,0.255,5,FALSE,,0.477,0.506,60,0,639920,compra_cartera,TRUE
CAND-00405,01/05/24,35,M,1553646,1,34545,1,0.533,5,TRUE,680,0.868,0.76,33.6,0,451265,avance_efectivo,TRUE
CAND-00480,01/05/24,62,H,1024041,7,49868,3,0.078,1,FALSE,,0.524,0.821,32.8,0,948565,libre_inversion,TRUE
CAND-00543,01/05/24,29,H,1859229,1,51179,0,0.666,2,FALSE,,0.707,0.394,26.3,0,543861,avance_efectivo,TRUE
CAND-02297,01/05/24,52,M,836180,36,139218,22,0.514,3,TRUE,749,0.894,0.64,78.1,0,1014547,libre_inversion,TRUE
CAND-02383,01/05/24,27,M,867850,15,15308,2,0.565,3,FALSE,,0.721,0.725,82.8,0,203857,libre_inversion,TRUE
CAND-01963,01/05/24,27,NB,1532336,24,31560,13,0.624,3,TRUE,702,0.849,0.801,49.3,0,756360,libre_inversion,TRUE
CAND-00748,01/05/24,34,NB,1019535,3,43366,0,0.47,3,TRUE,656,0.712,0.683,39.4,0,1135432,libre_inversion,TRUE
CAND-00360,02/05/24,47,M,1173370,39,75653,21,0.059,2,FALSE,,0.697,0.895,87.1,0,781271,compra_cartera,TRUE
CAND-02486,02/05/24,34,H,1023991,1,1580,0,0.385,3,FALSE,,,0.645,60.6,36011,639273,avance_efectivo,TRUE
CAND-00709,02/05/24,29,H,2028965,25,36327,11,0.741,1,TRUE,715,0.956,0.928,51.6,0,461644,libre_inversion,TRUE
CAND-02651,02/05/24,27,M,2252102,13,8497,2,0.37,1,FALSE,,0.84,0.808,41.3,0,1367497,libre_inversion,TRUE
CAND-01462,02/05/24,55,M,1616448,6,4624,1,0.126,2,TRUE,661,0.889,0.792,20.9,0,2066406,compra_cartera,TRUE
CAND-00803,02/05/24,28,M,2630856,24,33982,20,0.163,2,FALSE,,0.683,0.703,35.5,0,508332,compra_cartera,TRUE
CAND-00087,02/05/24,50,H,1287835,11,90749,4,0.197,4,TRUE,542,0.896,,88.5,0,839912,libre_inversion,TRUE
CAND-00283,02/05/24,35,M,1588181,21,10905,13,0.478,2,TRUE,693,0.702,0.38,49.9,0,259006,libre_inversion,TRUE
CAND-01535,02/05/24,31,H,1397635,9,14300,4,0.147,2,TRUE,686,0.702,,100,0,691769,libre_inversion,TRUE
CAND-02633,02/05/24,25,NB,1926934,21,51407,7,0.226,2,FALSE,,,0.916,59.4,0,584943,compra_cartera,TRUE
CAND-01140,02/05/24,38,H,1223906,16,18710,8,0.332,5,FALSE,,0.848,0.84,56.7,0,1151309,compra_cartera,TRUE
CAND-00857,02/05/24,39,M,586596,39,17419,23,0.649,1,TRUE,624,0.759,,67.1,0,244481,compra_cartera,TRUE
CAND-01686,02/05/24,18,M,1215822,2,56224,0,0.37,2,TRUE,571,0.803,0.607,77.9,0,532290,avance_efectivo,TRUE
CAND-02345,02/05/24,40,H,1590696,10,154843,6,0.407,1,TRUE,657,,0.676,56,0,437644,libre_inversion,TRUE
CAND-01628,02/05/24,28,M,809158,57,26701,26,0.568,3,FALSE,,0.816,0.521,68.2,0,790859,compra_cartera,TRUE
CAND-00719,03/05/24,18,H,873332,30,25367,18,0.185,3,TRUE,530,0.501,0.915,43.7,0,528671,libre_inversion,TRUE
CAND-00299,03/05/24,31,H,2145964,1,86056,1,0.369,2,FALSE,,0.947,0.844,42.5,0,787061,compra_cartera,TRUE
CAND-00934,03/05/24,38,H,1195385,5,44987,3,0.623,4,FALSE,,0.842,0.475,58.4,0,1428405,libre_inversion,TRUE
CAND-01017,03/05/24,26,M,530171,11,27948,2,0.284,2,TRUE,661,0.804,0.741,36.6,0,1424127,libre_inversion,TRUE
CAND-00893,03/05/24,33,M,997546,7,50002,4,0.51,1,TRUE,618,0.874,0.554,44.5,0,1245998,avance_efectivo,TRUE
CAND-00704,03/05/24,29,H,361256,3,20823,2,0.866,1,FALSE,,0.857,0.705,35.4,0,1297603,libre_inversion,TRUE
CAND-00884,03/05/24,30,H,548725,8,30456,3,0.342,2,TRUE,783,0.71,0.668,61.6,0,300814,avance_efectivo,TRUE
CAND-01172,04/05/24,49,M,1008306,13,18131,6,0.173,3,TRUE,556,0.891,0.707,58.9,0,580755,libre_inversion,TRUE
CAND-02860,04/05/24,33,H,1662868,4,46662,1,0.243,3,FALSE,,0.591,0.573,27.8,0,668671,libre_inversion,TRUE
CAND-02661,04/05/24,65,M,1784598,39,62722,18,0.297,1,TRUE,606,0.396,0.868,32.6,0,1287962,libre_inversion,TRUE
CAND-01647,04/05/24,26,H,904909,8,40617,9,0.627,1,FALSE,,0.951,0.898,42.5,0,1268760,avance_efectivo,TRUE
CAND-00896,04/05/24,31,H,1799872,11,27031,5,0.661,1,TRUE,654,0.839,0.825,64.3,0,1313785,compra_cartera,TRUE
CAND-01812,04/05/24,36,M,1347478,37,99413,17,0.582,1,TRUE,771,0.531,0.748,62.4,0,905485,compra_cartera,TRUE
CAND-02843,04/05/24,43,H,1325980,9,6480,8,0.197,4,FALSE,,0.661,0.673,59.8,0,1334605,libre_inversion,TRUE
CAND-01521,04/05/24,32,M,897518,14,28436,13,0.521,1,TRUE,702,0.587,0.805,65.2,0,661329,libre_inversion,TRUE
CAND-01518,04/05/24,54,H,1865489,2,19437,0,0.532,1,FALSE,,0.883,0.726,35.2,0,428087,libre_inversion,TRUE
CAND-00302,04/05/24,49,H,1855954,15,26865,4,0.404,4,TRUE,621,0.653,0.827,50.3,0,446979,avance_efectivo,TRUE
CAND-02998,05/05/24,41,M,1787399,1,4353,1,0.319,2,FALSE,,0.692,0.692,76.3,0,535061,libre_inversion,TRUE
CAND-02168,05/05/24,37,H,561524,1,34973,1,0.062,1,FALSE,,0.759,0.814,58.7,0,772481,compra_cartera,TRUE
CAND-00095,05/05/24,42,M,2352010,7,21980,0,0.584,2,FALSE,,0.901,0.641,32.5,0,706187,avance_efectivo,TRUE
CAND-00791,05/05/24,20,H,3160818,43,57803,18,0.338,3,TRUE,744,0.754,0.66,31.5,0,868846,avance_efectivo,TRUE
CAND-01051,05/05/24,39,H,1116410,42,63094,20,0.189,4,TRUE,567,0.957,0.788,53,0,1106712,avance_efectivo,TRUE
CAND-01800,05/05/24,40,H,1059268,19,11007,13,0.068,5,FALSE,,0.762,0.8,98.8,0,1122834,avance_efectivo,TRUE
CAND-02281,05/05/24,30,M,1486471,3,37604,0,0.212,2,FALSE,,0.562,0.954,52.4,0,298910,libre_inversion,TRUE
CAND-00341,05/05/24,31,H,1103822,23,21552,8,0.359,2,TRUE,614,0.896,0.842,45,0,575315,avance_efectivo,TRUE
CAND-01096,05/05/24,41,M,2407221,17,92318,11,0.138,2,FALSE,,,0.482,10.9,0,307118,avance_efectivo,TRUE
CAND-02587,05/05/24,35,H,1287325,9,66498,3,0.452,2,FALSE,,0.355,0.834,57.9,0,1863432,compra_cartera,TRUE
CAND-02637,05/05/24,41,H,1100159,14,83532,6,0.618,4,FALSE,,0.989,0.815,16.3,0,1819046,libre_inversion,TRUE
CAND-02852,06/05/24,48,M,1151000,8,37828,3,0.426,4,FALSE,,0.839,0.503,80.5,0,381266,libre_inversion,TRUE
CAND-01438,06/05/24,32,M,991337,17,33690,7,0.449,5,TRUE,630,0.928,0.877,24.5,0,578033,libre_inversion,TRUE
CAND-01715,06/05/24,18,M,961929,3,71582,0,0.284,2,FALSE,,0.952,0.805,45.6,0,1216206,compra_cartera,TRUE
CAND-00113,07/05/24,38,M,1550629,7,21821,3,0.549,3,FALSE,,0.901,0.961,66.8,0,1420354,libre_inversion,TRUE
CAND-01288,07/05/24,45,M,1537230,14,83951,8,0.24,3,TRUE,631,0.713,0.721,13.1,0,1736568,libre_inversion,TRUE
CAND-01679,07/05/24,25,H,1030721,8,64839,4,0.16,2,TRUE,593,0.656,0.903,64.8,0,1005219,compra_cartera,TRUE
CAND-02429,07/05/24,37,M,848365,9,16659,4,0.694,4,FALSE,,,,82.6,0,1014073,avance_efectivo,TRUE
CAND-02446,07/05/24,21,M,735039,1,11271,2,0.72,1,TRUE,622,,0.703,8.6,0,397651,libre_inversion,TRUE
CAND-01489,07/05/24,21,M,1283445,10,36475,3,0.634,5,FALSE,,0.781,0.664,50.9,0,3703371,avance_efectivo,TRUE
CAND-01706,07/05/24,24,H,1464951,2,21644,2,0.409,1,FALSE,,0.536,0.775,63.6,0,643855,libre_inversion,TRUE
CAND-00331,07/05/24,26,M,476291,4,32862,1,0.19,1,FALSE,,0.612,0.971,33.1,0,1197668,compra_cartera,TRUE
CAND-02846,07/05/24,23,M,956753,20,51225,15,0.473,3,FALSE,,0.934,0.955,62.5,0,483764,avance_efectivo,TRUE
CAND-01243,07/05/24,27,H,1077651,10,88774,7,0.577,1,FALSE,,0.752,0.631,29,0,1279196,libre_inversion,TRUE
CAND-01509,07/05/24,25,H,1195009,3,85827,0,0.28,1,FALSE,,,0.909,55.7,0,2189516,avance_efectivo,TRUE
CAND-01578,07/05/24,32,H,1024716,1,53368,3,0.299,3,FALSE,,0.675,0.809,26.9,0,1934,avance_efectivo,TRUE
CAND-01873,07/05/24,52,H,1416066,13,65882,4,0.255,3,TRUE,591,0.828,0.613,67.7,0,759185,libre_inversion,TRUE
CAND-02151,08/05/24,37,H,2533370,37,68451,21,0.332,1,TRUE,808,0.919,0.713,64.9,0,385860,avance_efectivo,TRUE
CAND-01738,08/05/24,24,H,1249271,12,62155,7,0.43,2,TRUE,771,0.779,0.958,53.3,0,732525,compra_cartera,TRUE
CAND-00173,08/05/24,23,M,1847552,7,21194,4,0.256,2,FALSE,,0.764,0.734,43.6,0,661018,avance_efectivo,TRUE
CAND-01090,08/05/24,54,M,1326297,1,118709,1,0.433,1,TRUE,581,,0.9,32.6,0,484707,avance_efectivo,TRUE
CAND-02112,08/05/24,43,NB,1391444,22,26352,7,0.377,4,FALSE,,0.787,0.575,46.1,0,880533,compra_cartera,TRUE
CAND-01084,08/05/24,18,M,1016568,32,18279,11,0.214,1,TRUE,678,0.841,0.884,48.3,0,357217,libre_inversion,TRUE
CAND-00164,08/05/24,30,H,2696056,4,60578,0,0.776,5,TRUE,703,0.875,0.697,27.5,0,234431,avance_efectivo,TRUE
CAND-00130,08/05/24,31,H,633962,3,41295,2,0.628,2,TRUE,741,0.435,0.586,56.5,0,911969,libre_inversion,TRUE
CAND-02840,08/05/24,24,M,587721,4,65091,0,0.118,1,FALSE,,0.708,0.788,48.4,0,236142,libre_inversion,TRUE
CAND-02375,08/05/24,31,M,1323733,33,93412,25,0.617,1,TRUE,635,0.88,0.567,74,9278,793942,libre_inversion,TRUE
CAND-02544,08/05/24,23,H,1332555,10,14995,7,0.363,3,FALSE,,0.59,0.631,25.9,0,2310414,libre_inversion,TRUE
CAND-00590,09/05/24,32,M,1524590,26,12007,13,0.17,3,FALSE,,,0.877,53.8,0,416650,libre_inversion,TRUE
CAND-01022,09/05/24,36,H,1162529,2,85395,1,0.623,2,FALSE,,0.893,0.906,47.2,0,1831210,libre_inversion,TRUE
CAND-02351,09/05/24,27,M,3173792,20,25896,12,0.273,3,TRUE,604,0.808,0.965,42.7,0,1715616,avance_efectivo,TRUE
CAND-01477,09/05/24,53,M,2070110,10,64314,9,0.239,1,FALSE,,0.621,0.643,52.8,0,334553,avance_efectivo,TRUE
CAND-02576,09/05/24,24,M,1276023,22,15919,12,0.57,2,FALSE,,0.877,0.862,19.3,0,477038,libre_inversion,TRUE
CAND-02597,09/05/24,24,M,2261015,13,8277,4,0.34,3,FALSE,,0.627,0.58,32.2,0,618101,libre_inversion,TRUE
CAND-01294,09/05/24,40,M,2165049,4,52971,4,0.806,4,TRUE,778,0.893,,10.6,0,2128304,avance_efectivo,TRUE
CAND-00717,09/05/24,30,H,1639845,12,9577,3,0.061,1,FALSE,,0.505,0.928,40.6,0,464217,libre_inversion,TRUE
CAND-01992,09/05/24,39,M,1398867,2,36381,0,0.247,2,FALSE,,0.839,0.795,41.7,0,787643,compra_cartera,TRUE
CAND-02179,10/05/24,25,H,1276120,6,47927,3,0.286,3,TRUE,786,0.776,0.605,47.5,0,238082,libre_inversion,TRUE
CAND-02217,10/05/24,35,H,1411359,5,14462,5,0.345,1,FALSE,,0.954,0.627,44.2,0,681239,libre_inversion,TRUE
CAND-00184,10/05/24,41,M,1368490,28,27433,14,0.2,1,FALSE,,0.768,0.541,62.2,0,877292,avance_efectivo,TRUE
CAND-01990,10/05/24,37,M,1152212,5,17685,4,0.684,1,FALSE,,0.705,0.683,19.7,0,624381,libre_inversion,TRUE
CAND-00287,10/05/24,54,H,1134651,2,43070,0,0.376,1,TRUE,718,0.728,0.71,30.7,0,384310,libre_inversion,TRUE
CAND-01093,10/05/24,37,H,1492412,9,65403,8,0.726,4,FALSE,,0.806,0.638,44,0,643233,compra_cartera,TRUE
CAND-02987,10/05/24,30,H,769745,8,19905,3,0.346,1,TRUE,538,0.958,0.679,49.8,0,648090,libre_inversion,TRUE
CAND-01599,10/05/24,36,H,1722704,13,88004,8,0.556,1,FALSE,,0.94,0.887,61.3,0,644342,compra_cartera,TRUE
CAND-02344,10/05/24,52,M,2537852,1,73664,0,0.435,4,TRUE,815,0.952,0.788,54.6,0,342388,compra_cartera,TRUE
CAND-01171,10/05/24,40,H,783030,2,24594,1,0.527,3,TRUE,623,0.524,0.813,67.9,0,218316,libre_inversion,TRUE
CAND-00046,11/05/24,36,M,1735482,2,61107,0,0.378,1,FALSE,,0.779,0.838,33.4,0,677731,libre_inversion,TRUE
CAND-02203,11/05/24,59,M,854425,21,50782,9,0.74,3,FALSE,,0.717,0.925,65.5,0,510053,libre_inversion,TRUE
CAND-00084,11/05/24,18,M,1069304,13,101607,10,0.223,2,FALSE,,0.73,0.709,65.3,0,1405701,compra_cartera,TRUE
CAND-01073,11/05/24,30,H,818293,44,123961,27,0.685,1,FALSE,,0.898,0.507,74.9,0,442315,libre_inversion,TRUE
CAND-01773,11/05/24,39,M,5060819,14,37420,9,0.246,4,FALSE,,0.936,0.869,23.5,0,142012,compra_cartera,TRUE
CAND-01339,11/05/24,37,M,300000,9,37041,7,0.704,5,FALSE,,0.593,0.791,49.7,0,1404647,libre_inversion,TRUE
CAND-00008,11/05/24,35,M,1108956,2,31347,2,0.194,4,FALSE,,0.658,,28.7,0,513960,compra_cartera,TRUE
CAND-01331,11/05/24,19,M,1656281,2,163505,1,0.269,2,FALSE,,0.648,0.642,54.1,0,709365,libre_inversion,TRUE
CAND-02730,11/05/24,41,H,761424,4,73117,3,0.202,2,FALSE,,,0.822,51.1,0,644096,libre_inversion,TRUE
CAND-00485,11/05/24,43,H,568912,1,31388,0,0.354,2,FALSE,,0.789,0.878,77.7,0,1302830,avance_efectivo,TRUE
CAND-02190,11/05/24,51,H,564474,23,14852,15,0.152,1,TRUE,559,0.836,0.775,78.9,0,399916,avance_efectivo,FALSE
CAND-00587,11/05/24,30,H,1621170,14,4128,8,0.48,5,TRUE,590,0.83,0.861,62.5,0,612653,libre_inversion,TRUE
CAND-02813,11/05/24,26,M,627877,14,56129,5,0.718,2,TRUE,702,0.57,0.734,37.1,0,663,compra_cartera,TRUE
CAND-01098,12/05/24,41,M,12.183.828.596.743.800,3,27651,0,0.4,4,TRUE,856,0.503,0.899,59.7,0,161403,avance_efectivo,TRUE
CAND-02336,12/05/24,29,H,1438961,14,68307,7,0.089,3,TRUE,783,0.899,0.853,41.2,0,270402,libre_inversion,TRUE
CAND-00868,12/05/24,31,M,2535690,9,59784,5,0.905,1,FALSE,,0.779,0.843,51,0,123146,libre_inversion,TRUE
CAND-00630,12/05/24,39,H,1235947,22,193401,8,0.21,2,FALSE,,0.864,0.896,49.8,0,208651,avance_efectivo,TRUE
CAND-01327,12/05/24,20,NB,1969760,25,13378,17,0.16,1,FALSE,,0.638,,60,0,160607,libre_inversion,TRUE
CAND-02106,12/05/24,45,M,1144773,9,102506,2,0.275,2,FALSE,,0.672,0.743,36.3,0,957942,libre_inversion,TRUE
CAND-02607,12/05/24,19,H,1219106,13,12860,4,0.637,1,FALSE,,0.829,0.748,26,0,795214,libre_inversion,TRUE
CAND-02724,12/05/24,31,H,1295726,8,103177,4,0.249,3,TRUE,730,0.595,0.916,89.6,0,632346,libre_inversion,TRUE
CAND-01393,12/05/24,30,M,834752,49,50017,31,0.412,3,TRUE,592,0.497,0.899,24.4,0,421648,compra_cartera,TRUE
CAND-01862,12/05/24,26,H,678464,1,10909,0,0.331,4,TRUE,631,0.545,0.747,64.5,0,439301,libre_inversion,TRUE
CAND-02939,12/05/24,25,M,2.289.727.569.212.260,17,57232,10,0.133,5,FALSE,,0.5,0.837,62.2,0,789065,libre_inversion,TRUE
CAND-01834,12/05/24,63,M,875920,9,11089,2,0.495,1,TRUE,523,0.786,0.959,52.9,15464,1151539,avance_efectivo,TRUE
CAND-01887,12/05/24,22,H,1463571,12,6784,6,0.05,4,TRUE,592,0.914,0.966,31.1,0,462697,libre_inversion,TRUE
CAND-01428,12/05/24,18,H,573394,8,82109,1,0.6,4,TRUE,759,0.56,0.803,49.8,0,1396738,libre_inversion,TRUE
CAND-01731,13/05/24,30,M,695215,6,26658,3,0.452,2,FALSE,,0.651,0.876,69.3,0,617827,libre_inversion,TRUE
CAND-02826,13/05/24,44,M,1862358,34,54611,17,0.468,2,TRUE,821,0.811,,63,0,221018,avance_efectivo,TRUE
CAND-02252,13/05/24,27,M,793956,14,18925,5,0.909,1,TRUE,609,0.93,0.783,60.3,39157,380687,compra_cartera,TRUE
CAND-01212,13/05/24,41,M,1752411,13,86997,9,0.352,1,FALSE,,0.631,,55.3,0,160831,avance_efectivo,TRUE
CAND-02532,13/05/24,33,H,455114,4,31129,1,0.515,3,FALSE,,0.755,0.452,69,0,302879,libre_inversion,TRUE
CAND-02859,13/05/24,43,NB,1097475,12,46631,7,0.491,1,FALSE,,0.933,0.879,44.9,0,3425041,avance_efectivo,TRUE
CAND-00244,13/05/24,37,H,788866,8,26020,0,0.603,5,FALSE,,0.549,0.931,50.2,0,933370,compra_cartera,TRUE
CAND-02005,13/05/24,39,H,1334282,6,30003,2,0.085,2,FALSE,,0.931,0.703,17,0,481961,libre_inversion,TRUE
CAND-01268,13/05/24,28,H,1030000,6,43034,1,0.341,1,TRUE,768,0.636,0.71,70.8,0,561883,libre_inversion,TRUE
CAND-02954,13/05/24,44,M,1931732,15,47908,7,0.153,1,TRUE,641,0.729,0.837,49,0,1232831,avance_efectivo,TRUE
CAND-02328,13/05/24,40,M,2163123,3,68585,2,0.518,1,TRUE,567,0.755,,81.4,0,2493885,libre_inversion,TRUE
CAND-00573,13/05/24,20,H,1624125,4,61960,2,0.059,2,FALSE,,0.598,0.558,57.5,0,648587,compra_cartera,TRUE
CAND-02060,13/05/24,42,M,646595,1,38974,2,0.686,3,TRUE,656,0.934,0.718,27.8,0,1222573,libre_inversion,TRUE
CAND-01640,13/05/24,37,M,998501,6,53243,4,0.633,3,FALSE,,,,43.9,0,546324,avance_efectivo,TRUE
CAND-00475,13/05/24,49,M,1867608,1,109052,0,0.352,2,FALSE,,0.698,0.897,30.4,0,749770,libre_inversion,TRUE
CAND-02721,13/05/24,38,NB,592147,8,13693,4,0.435,1,FALSE,,0.876,0.715,61.6,0,665269,avance_efectivo,TRUE
CAND-01152,13/05/24,37,M,1726513,9,21109,7,0.759,1,FALSE,,0.528,0.943,75.5,0,474350,libre_inversion,TRUE
CAND-00695,13/05/24,33,H,1291304,1,38758,0,0.481,2,FALSE,,,0.967,66.1,0,1316980,avance_efectivo,TRUE
CAND-00594,14/05/24,23,H,1909336,24,39307,11,0.602,1,FALSE,,0.688,0.917,31.5,0,195192,libre_inversion,TRUE
CAND-01343,14/05/24,35,H,2237826,1,62718,0,0.451,2,FALSE,,0.715,0.791,47.5,0,494963,avance_efectivo,TRUE
CAND-01899,14/05/24,24,H,556576,1,42763,1,0.406,2,FALSE,,0.79,0.595,16.5,0,1346809,libre_inversion,TRUE
CAND-01454,14/05/24,51,H,2753718,4,36778,2,0.461,2,TRUE,541,0.718,0.594,16.5,0,617657,avance_efectivo,TRUE
CAND-01004,14/05/24,28,H,778749,2,66142,0,0.21,2,TRUE,720,0.44,0.506,33.8,0,783715,libre_inversion,TRUE
CAND-00808,14/05/24,27,M,1125112,21,43467,15,0.636,4,FALSE,,0.858,0.682,57.2,0,1765199,libre_inversion,TRUE
CAND-01788,14/05/24,30,H,2184691,16,55326,10,0.545,2,FALSE,,0.761,0.681,54.2,0,672484,avance_efectivo,TRUE
CAND-00526,14/05/24,37,M,484427,4,44190,0,0.622,3,FALSE,,0.853,0.92,62.9,0,725266,libre_inversion,TRUE
CAND-01299,14/05/24,31,H,1126287,10,37518,5,0.653,5,TRUE,571,0.833,,52,0,447566,libre_inversion,TRUE
CAND-01137,15/05/24,44,H,853538,21,20417,9,0.834,5,TRUE,612,0.625,0.806,82.8,0,1137065,libre_inversion,TRUE
CAND-02213,15/05/24,35,M,1645733,9,28021,0,0.451,2,TRUE,582,0.838,0.82,34.7,0,334861,libre_inversion,TRUE
CAND-00328,15/05/24,29,H,826044,17,12846,5,0.358,1,FALSE,,0.625,0.573,24.6,0,148219,libre_inversion,TRUE
CAND-02578,15/05/24,23,M,998009,1,76785,0,0.36,3,TRUE,727,0.814,0.789,70.3,0,637902,libre_inversion,TRUE
CAND-02047,15/05/24,41,H,782651,12,10525,4,0.434,1,FALSE,,0.639,0.852,32.4,0,957580,avance_efectivo,TRUE
CAND-00870,15/05/24,30,H,1187084,13,32665,9,0.415,1,TRUE,568,0.521,0.849,40.5,0,435513,compra_cartera,TRUE
CAND-02951,15/05/24,21,M,1780459,17,10238,5,0.474,4,TRUE,761,0.953,0.797,62.9,0,561096,compra_cartera,FALSE
CAND-00796,15/05/24,42,M,1752958,8,113422,2,0.695,2,TRUE,539,0.64,0.911,21.3,0,324833,libre_inversion,TRUE
CAND-01501,15/05/24,24,NB,1396134,12,16878,3,0.467,2,TRUE,576,0.532,0.663,70,0,535264,compra_cartera,TRUE
CAND-02552,15/05/24,27,M,1129236,14,55123,12,0.136,2,TRUE,676,0.761,0.949,57.1,0,814398,avance_efectivo,TRUE
CAND-01637,15/05/24,27,M,926109,2,16730,1,0.201,3,FALSE,,0.782,0.809,95.6,0,1201016,libre_inversion,TRUE
CAND-01607,15/05/24,28,M,1530305,1,120994,3,0.652,2,FALSE,,0.841,0.749,20.9,0,483132,avance_efectivo,TRUE
CAND-02113,15/05/24,25,M,669619,2,59490,0,0.687,3,TRUE,751,0.452,0.752,73.4,0,745712,compra_cartera,TRUE
CAND-02598,15/05/24,38,M,2340951,4,32009,1,0.347,1,FALSE,,0.768,0.882,71.4,0,754126,libre_inversion,TRUE
CAND-01317,15/05/24,35,M,2008767,2,75913,1,0.474,4,FALSE,,0.9,0.505,38.8,0,456071,avance_efectivo,TRUE
CAND-02862,16/05/24,38,H,962060,8,51387,3,0.239,1,TRUE,725,0.798,0.723,39.7,0,477746,compra_cartera,TRUE
CAND-00062,16/05/24,26,H,995863,33,42498,28,0.082,1,TRUE,672,0.344,0.556,73.2,0,242555,libre_inversion,TRUE
CAND-01691,16/05/24,18,M,1072597,6,43767,1,0.782,3,TRUE,652,0.854,,48.1,0,1363228,avance_efectivo,TRUE
CAND-01038,16/05/24,43,M,1631052,24,81997,12,0.191,1,TRUE,521,0.963,0.682,27.1,0,437180,compra_cartera,TRUE
CAND-01088,16/05/24,32,H,1323686,16,27095,12,0.266,1,FALSE,,0.594,0.729,69.4,0,751333,libre_inversion,TRUE
CAND-01912,16/05/24,39,NB,2814245,9,22213,1,0.266,1,TRUE,589,0.531,0.56,42.8,0,433483,avance_efectivo,TRUE
CAND-01070,16/05/24,18,M,1068864,11,14382,7,0.259,2,FALSE,,,0.846,37.3,0,599459,avance_efectivo,TRUE
CAND-00833,16/05/24,26,NB,2134276,47,34516,23,0.217,2,TRUE,690,0.788,0.82,57.3,0,915200,libre_inversion,TRUE
CAND-01375,16/05/24,50,M,1563243,3,51720,3,0.347,1,FALSE,,0.849,0.783,57.2,0,344645,avance_efectivo,TRUE
CAND-01401,16/05/24,36,H,2827124,8,93135,4,0.24,3,TRUE,577,0.743,0.74,39.4,0,575329,avance_efectivo,TRUE
CAND-02456,16/05/24,40,NB,1.098.308.832.476.320,2,7466,0,0.352,1,TRUE,643,0.829,0.549,40.6,0,297350,avance_efectivo,TRUE
CAND-02907,16/05/24,28,M,534844,11,39658,3,0.535,1,FALSE,,0.773,0.838,47.3,0,542540,compra_cartera,TRUE
CAND-02642,17/05/24,34,H,1486196,15,69718,6,0.463,5,FALSE,,0.708,0.678,22,0,660203,avance_efectivo,TRUE
CAND-02021,17/05/24,46,H,1022600,52,31473,23,0.255,1,FALSE,,0.9,0.842,55.1,18976,521918,avance_efectivo,TRUE
CAND-00102,17/05/24,31,H,1622241,7,31525,1,0.497,2,TRUE,673,0.834,0.671,59.7,0,231887,libre_inversion,TRUE
CAND-02392,17/05/24,50,M,954739,8,69724,7,0.783,4,TRUE,612,0.715,0.689,47.5,0,562844,libre_inversion,TRUE
CAND-02529,17/05/24,25,H,2093879,7,44710,3,0.227,4,FALSE,,0.763,0.861,81,0,433026,libre_inversion,TRUE
CAND-00532,17/05/24,38,H,3467182,25,92417,22,0.369,3,TRUE,727,0.86,0.922,36.8,0,626169,libre_inversion,TRUE
CAND-00349,17/05/24,48,H,1180587,1,27000,1,0.431,2,FALSE,,0.879,0.655,34.5,0,575413,libre_inversion,TRUE
CAND-02914,17/05/24,38,H,674280,4,78501,1,0.704,3,FALSE,,0.771,0.776,57.7,0,134800,libre_inversion,TRUE
CAND-02334,17/05/24,19,H,724187,14,45374,7,0.37,1,TRUE,645,0.95,0.572,83.1,0,1200929,compra_cartera,TRUE
CAND-01362,17/05/24,24,M,2469513,7,50315,3,0.382,4,FALSE,,0.768,0.715,40.4,0,1086256,avance_efectivo,TRUE
CAND-00593,18/05/24,36,H,664974,45,193529,22,0.547,3,FALSE,,0.811,0.857,48.9,0,548647,avance_efectivo,TRUE
CAND-01448,18/05/24,24,M,9.596.551.589.968.810,31,74693,20,0.358,3,TRUE,702,0.597,0.886,38.1,0,476261,libre_inversion,TRUE
CAND-02367,18/05/24,19,H,1460999,1,90220,2,0.432,5,FALSE,,0.481,0.978,35.8,0,420047,libre_inversion,TRUE
CAND-00887,18/05/24,38,M,1482087,17,153010,5,0.536,2,FALSE,,0.93,0.901,79.3,0,941073,avance_efectivo,TRUE
CAND-02218,18/05/24,28,M,1536609,25,21384,9,0.382,3,TRUE,717,0.675,0.871,65.9,0,233374,libre_inversion,TRUE
CAND-00741,18/05/24,33,H,1676808,16,25044,8,0.702,1,TRUE,675,0.858,0.703,63.9,0,363784,compra_cartera,TRUE
CAND-00621,18/05/24,46,H,879555,58,44221,31,0.59,3,FALSE,,0.695,0.79,65.9,0,270904,libre_inversion,TRUE
CAND-01943,18/05/24,37,H,1100109,25,103428,10,0.29,1,FALSE,,0.919,,41.1,0,1626331,avance_efectivo,TRUE
CAND-00820,18/05/24,35,H,2410759,14,76277,7,0.557,1,FALSE,,0.609,0.877,50.8,0,772584,libre_inversion,TRUE
CAND-00817,19/05/24,31,M,1010945,9,61189,3,0.304,3,TRUE,610,0.703,0.651,62.7,0,395679,avance_efectivo,TRUE
CAND-00693,19/05/24,39,H,875749,21,39017,7,0.187,1,FALSE,,,0.704,59.7,0,916751,libre_inversion,TRUE
CAND-01336,19/05/24,45,M,1462128,15,18301,5,0.216,3,TRUE,748,0.528,0.8,37.4,0,1118189,libre_inversion,TRUE
CAND-01133,19/05/24,18,H,730325,13,39288,6,0.389,4,TRUE,681,0.859,0.434,45.9,0,530801,libre_inversion,TRUE
CAND-01332,19/05/24,22,M,714438,2,102520,2,0.441,1,TRUE,597,0.7,0.86,26.1,0,341134,avance_efectivo,TRUE
CAND-01821,19/05/24,35,H,2143322,1,19587,0,0.582,2,TRUE,649,0.65,0.631,78.2,0,367406,avance_efectivo,TRUE
CAND-02417,19/05/24,41,M,979008,33,55418,14,0.627,1,TRUE,634,0.935,0.89,50.4,0,1088966,libre_inversion,TRUE
CAND-01124,19/05/24,22,M,1949599,36,168894,11,0.68,1,FALSE,,0.568,0.508,65.8,0,701670,avance_efectivo,TRUE
CAND-00288,19/05/24,33,M,606477,14,29529,9,0.706,1,TRUE,620,0.231,0.812,48,0,127774,libre_inversion,TRUE
CAND-02755,19/05/24,22,H,679763,8,97883,2,0.554,1,FALSE,,0.423,0.92,48,38097,573574,libre_inversion,TRUE
CAND-01173,20/05/24,24,H,2913821,20,22805,11,0.705,1,FALSE,,0.978,0.925,47.6,0,474592,libre_inversion,TRUE
CAND-02071,20/05/24,33,H,2581783,15,27536,11,0.149,1,FALSE,,0.637,0.765,56.8,0,437801,libre_inversion,TRUE
CAND-02093,20/05/24,29,H,999016,15,40565,9,0.399,2,FALSE,,0.653,0.623,56.1,0,945606,libre_inversion,TRUE
CAND-00493,20/05/24,44,H,1991314,1,83263,0,0.441,3,FALSE,,0.627,0.69,63.9,0,356944,libre_inversion,TRUE
CAND-02531,20/05/24,41,H,1454839,25,43939,10,0.647,5,FALSE,,0.913,0.901,56.7,0,1261423,avance_efectivo,TRUE
CAND-01927,20/05/24,36,M,1618037,17,53835,8,0.484,1,FALSE,,0.792,0.843,54,0,240360,libre_inversion,TRUE
CAND-00492,20/05/24,23,NB,867605,1,34872,0,0.4,1,FALSE,,0.831,0.615,32.9,0,475153,compra_cartera,TRUE
CAND-00826,20/05/24,32,M,1203458,20,26315,9,0.143,4,FALSE,,0.753,0.903,30,0,817664,libre_inversion,TRUE
CAND-01092,20/05/24,36,M,732618,3,11031,2,0.171,2,FALSE,,0.88,0.929,36.1,0,153216,libre_inversion,TRUE
CAND-01069,21/05/24,34,H,2723350,26,43647,13,0.134,1,TRUE,627,0.797,0.605,22.7,0,747002,compra_cartera,TRUE
CAND-00529,21/05/24,44,H,2959461,52,29161,34,0.275,2,TRUE,755,0.906,0.751,26.5,0,861409,libre_inversion,TRUE
CAND-00123,21/05/24,34,M,1716827,18,61079,8,0.421,1,FALSE,,0.508,0.741,79.8,0,538515,compra_cartera,TRUE
CAND-02175,21/05/24,24,M,1171401,2,60640,0,0.224,2,FALSE,,0.611,0.738,47.6,0,1687752,libre_inversion,TRUE
CAND-02422,21/05/24,43,H,884342,3,16501,3,0.292,4,FALSE,,0.739,0.956,10.6,0,723233,libre_inversion,TRUE
CAND-01907,21/05/24,21,H,867309,5,68099,0,0.513,4,FALSE,,0.479,0.477,22.5,0,635667,libre_inversion,TRUE
CAND-01321,21/05/24,52,M,1127781,43,14989,27,0.68,1,TRUE,632,0.933,0.908,19.1,0,371102,libre_inversion,TRUE
CAND-01019,21/05/24,18,H,1101107,31,52476,13,0.151,2,TRUE,652,0.929,0.803,87.9,0,1219794,libre_inversion,TRUE
CAND-01971,21/05/24,18,H,1196910,2,29200,0,0.68,3,FALSE,,0.614,0.523,62.8,0,531483,libre_inversion,TRUE
CAND-02029,21/05/24,53,H,636008,10,118946,3,0.207,2,FALSE,,0.774,0.923,42.9,0,2316672,libre_inversion,TRUE
CAND-02792,21/05/24,20,M,1033197,12,42461,6,0.398,2,TRUE,643,0.819,0.815,47.9,0,286919,avance_efectivo,TRUE
CAND-02333,21/05/24,39,H,1061768,60,51360,37,0.275,3,FALSE,,,0.668,38.6,0,1156838,libre_inversion,TRUE
CAND-01717,21/05/24,34,H,1112178,18,22044,11,0.842,1,TRUE,641,0.751,,31,0,1019047,avance_efectivo,TRUE
CAND-00194,21/05/24,39,M,804427,25,35020,16,0.504,5,TRUE,750,0.598,0.826,71.9,0,661380,libre_inversion,TRUE
CAND-02080,22/05/24,31,M,731198,4,33523,3,0.51,2,TRUE,748,0.727,0.428,47.1,0,829410,libre_inversion,TRUE
CAND-01645,22/05/24,34,H,870903,4,39131,1,0.62,4,FALSE,,0.889,0.968,70.3,0,806483,libre_inversion,TRUE
CAND-02014,22/05/24,38,M,1238976,25,93698,16,0.702,2,TRUE,655,0.863,0.886,59.2,11021,495020,compra_cartera,TRUE
CAND-02341,22/05/24,30,M,1082134,25,44758,14,0.196,1,FALSE,,,0.892,50.4,0,333791,libre_inversion,TRUE
CAND-02602,22/05/24,28,M,1261055,13,32742,11,0.654,3,TRUE,739,0.933,0.804,25.4,0,374132,libre_inversion,TRUE
CAND-02296,22/05/24,40,H,1420953,1,28294,0,0.369,1,FALSE,,0.708,0.703,79.9,0,656237,libre_inversion,TRUE
CAND-02719,22/05/24,25,H,1050458,8,102904,6,0.277,1,TRUE,469,0.954,0.755,38.6,0,441321,libre_inversion,TRUE
CAND-00804,22/05/24,58,H,2196651,7,60676,4,0.125,3,TRUE,743,0.72,0.752,42.3,0,671613,compra_cartera,TRUE
CAND-02431,23/05/24,43,H,1171470,2,33571,1,0.2,4,FALSE,,0.505,0.938,35.3,0,329966,libre_inversion,TRUE
CAND-02042,23/05/24,28,NB,1215155,54,12054,21,0.48,2,FALSE,,0.739,0.462,55,0,163963,libre_inversion,TRUE
CAND-00039,23/05/24,41,M,1409254,2,32894,0,0.274,1,TRUE,588,0.843,0.682,61.8,0,549829,compra_cartera,TRUE
CAND-02409,23/05/24,30,M,4548794,11,81819,1,0.154,3,TRUE,504,0.756,0.968,76.7,0,906241,libre_inversion,TRUE
CAND-01830,23/05/24,35,M,917334,6,14601,2,0.726,3,TRUE,586,0.919,0.62,59.9,0,141072,libre_inversion,TRUE
CAND-00431,23/05/24,37,H,2104447,24,11446,14,0.511,1,FALSE,,0.767,0.794,25.9,0,810275,libre_inversion,TRUE
CAND-00515,23/05/24,40,M,578809,13,128131,5,0.268,1,TRUE,703,0.712,0.736,47.3,0,523005,avance_efectivo,TRUE
CAND-01402,23/05/24,41,H,562726,17,7800,6,0.507,1,TRUE,716,0.906,0.845,50.5,0,754182,libre_inversion,TRUE
CAND-01132,23/05/24,37,M,2413465,14,19828,7,0.59,2,TRUE,591,0.931,0.946,44.1,0,424605,compra_cartera,TRUE
CAND-01451,23/05/24,21,M,1176056,32,64330,15,0.619,2,TRUE,594,0.745,0.679,19.9,0,1506671,avance_efectivo,TRUE
CAND-02574,24/05/24,43,H,915295,4,113193,3,0.471,4,TRUE,498,0.767,0.8,76.5,0,2610773,avance_efectivo,TRUE
CAND-02635,24/05/24,29,M,1119568,25,67671,12,0.385,2,TRUE,490,0.78,0.653,57.5,18901,1101952,libre_inversion,TRUE
CAND-01900,24/05/24,46,H,1685795,5,27221,2,0.112,1,TRUE,667,0.734,0.727,19,0,445980,avance_efectivo,TRUE
CAND-02374,24/05/24,18,H,1193978,2,101276,1,0.969,1,TRUE,605,0.781,0.337,93.8,0,611416,libre_inversion,TRUE
CAND-01962,24/05/24,35,H,458185,7,65483,0,0.291,1,FALSE,,0.768,0.507,24.9,0,1621665,avance_efectivo,TRUE
CAND-02693,24/05/24,30,M,457833,2,2037,3,0.661,1,FALSE,,0.858,0.75,38.6,0,638518,libre_inversion,TRUE
CAND-00069,24/05/24,40,H,981346,5,20351,1,0.121,1,TRUE,499,0.837,0.965,30.7,0,277928,compra_cartera,TRUE
CAND-02893,25/05/24,40,NB,1461113,2,22160,1,0.5,4,FALSE,,0.772,0.628,40.7,0,274789,compra_cartera,TRUE
CAND-00618,25/05/24,40,M,1556501,13,52568,4,0.834,3,FALSE,,,0.628,99,0,623877,libre_inversion,TRUE
CAND-01202,25/05/24,27,M,1196503,5,30436,1,0.133,2,TRUE,585,,0.509,43.1,0,896129,libre_inversion,TRUE
CAND-01400,25/05/24,43,M,988998,19,72926,14,0.419,2,TRUE,603,0.749,0.649,69.1,15889,359664,compra_cartera,TRUE
CAND-01579,25/05/24,18,H,1226996,23,35059,14,0.699,2,FALSE,,0.858,0.981,58.3,0,200994,libre_inversion,TRUE
CAND-02757,25/05/24,41,M,1906106,10,168929,3,0.498,4,FALSE,,0.934,0.688,36.7,0,730432,compra_cartera,TRUE
CAND-01950,25/05/24,32,M,767951,17,30046,6,0.121,1,TRUE,601,0.884,0.567,85.5,0,691217,libre_inversion,TRUE
CAND-02381,25/05/24,18,M,1188314,20,19370,13,0.152,1,TRUE,645,0.897,0.57,16.8,0,738963,libre_inversion,TRUE
CAND-00267,26/05/24,26,H,1757658,27,117252,22,0.255,1,TRUE,635,0.81,,76.1,0,450072,libre_inversion,TRUE
CAND-02993,26/05/24,26,H,970848,7,66253,5,0.339,3,FALSE,,0.423,0.833,58.5,0,1370603,libre_inversion,FALSE
CAND-01245,26/05/24,30,H,1039624,5,68001,2,0.702,3,FALSE,,0.304,0.758,76.7,0,340553,libre_inversion,TRUE
CAND-02628,26/05/24,21,M,639855,2,22958,0,0.034,1,TRUE,658,0.775,0.667,60.2,0,260240,avance_efectivo,TRUE
CAND-00873,26/05/24,31,H,2426096,6,69551,3,0.509,1,FALSE,,0.61,0.772,13.9,0,228702,compra_cartera,TRUE
CAND-01682,26/05/24,32,M,429253,2,31096,0,0.486,1,TRUE,509,0.918,0.751,69,0,678998,compra_cartera,TRUE
CAND-01581,26/05/24,34,H,1743238,1,47288,1,0.172,1,FALSE,,0.922,0.846,52,0,487925,libre_inversion,TRUE
CAND-02219,26/05/24,55,H,964995,36,20948,12,0.489,3,FALSE,,,0.876,21,0,219676,compra_cartera,TRUE
CAND-02611,26/05/24,26,H,751726,10,29902,5,0.313,2,FALSE,,0.465,0.79,73.6,0,610267,libre_inversion,TRUE
CAND-01659,26/05/24,40,M,594341,45,13336,20,0.173,1,FALSE,,,0.928,73.4,0,256947,libre_inversion,TRUE
CAND-01286,26/05/24,42,H,598104,4,38792,1,0.06,2,FALSE,,0.744,,62.7,0,380811,avance_efectivo,TRUE
CAND-02856,26/05/24,21,M,2513159,1,16073,2,0.059,2,TRUE,575,0.451,0.873,19.9,0,871619,avance_efectivo,TRUE
CAND-00673,26/05/24,35,H,955448,5,86356,3,0.368,1,FALSE,,0.64,0.748,58.2,0,1343691,libre_inversion,TRUE
CAND-02332,27/05/24,19,H,1505110,10,32598,10,0.841,1,FALSE,,0.885,0.746,43.5,0,1091170,libre_inversion,TRUE
CAND-01422,27/05/24,44,H,1085249,7,98795,9,0.18,4,FALSE,,0.832,0.474,62.6,0,764039,avance_efectivo,TRUE
CAND-02269,27/05/24,26,H,1047054,10,69839,3,0.475,4,FALSE,,0.797,0.755,67.3,0,708392,libre_inversion,TRUE
CAND-01939,27/05/24,26,H,2188519,16,60200,8,0.237,2,TRUE,638,0.818,0.893,52.2,0,569020,libre_inversion,FALSE
CAND-02187,27/05/24,39,M,1306894,37,34932,18,0.72,1,TRUE,797,0.663,0.916,62,0,1050786,compra_cartera,TRUE
CAND-02268,27/05/24,35,H,982449,1,17724,0,0.439,1,FALSE,,0.909,0.858,0,0,647017,libre_inversion,TRUE
CAND-00022,27/05/24,28,M,1829214,5,42931,0,0.751,2,FALSE,,0.941,0.809,11.7,0,975091,libre_inversion,TRUE
CAND-02452,27/05/24,38,H,2720662,30,32818,17,0.226,1,TRUE,701,0.963,0.903,46.4,0,988881,libre_inversion,TRUE
CAND-01125,27/05/24,20,M,1191807,7,30705,2,0.361,3,FALSE,,,0.664,45.1,0,1279370,libre_inversion,TRUE
CAND-01325,27/05/24,32,M,1260592,1,22822,1,0.54,1,TRUE,770,0.535,0.522,61.8,0,587746,libre_inversion,TRUE
CAND-02087,28/05/24,40,M,1210554,1,13713,1,0.252,2,FALSE,,0.809,0.469,99.4,0,444615,compra_cartera,TRUE
CAND-00074,28/05/24,23,M,921469,10,33772,3,0.16,1,FALSE,,0.969,0.739,0,0,479887,libre_inversion,TRUE
CAND-02785,28/05/24,46,H,3302420,7,22362,3,0.691,3,TRUE,690,0.578,0.868,67.7,0,629422,avance_efectivo,TRUE
CAND-02588,28/05/24,43,M,1520961,4,162973,3,0.573,4,TRUE,596,0.972,0.643,21.4,0,697911,libre_inversion,TRUE
CAND-00846,28/05/24,18,M,1021841,51,89529,31,0.313,4,FALSE,,0.91,0.689,51.5,0,195600,avance_efectivo,TRUE
CAND-00466,28/05/24,31,M,748088,33,127847,22,0.63,2,FALSE,,0.517,,47.7,0,762047,libre_inversion,TRUE
CAND-00487,28/05/24,57,M,2781961,16,48868,7,0.586,5,TRUE,635,0.502,0.815,39.2,0,537017,avance_efectivo,TRUE
CAND-00027,28/05/24,29,M,996377,53,22521,29,0.431,2,TRUE,597,0.705,0.729,94,0,413507,libre_inversion,TRUE
CAND-02355,28/05/24,34,M,1082548,2,83180,0,0.13,3,TRUE,703,0.334,0.684,41,0,2329079,libre_inversion,TRUE
CAND-01358,29/05/24,37,H,1404194,18,35827,8,0.529,4,TRUE,648,0.802,0.649,53.1,0,672524,libre_inversion,TRUE
CAND-01601,29/05/24,34,H,1055474,46,4508,21,0.5,1,FALSE,,0.925,0.61,41.2,0,932980,compra_cartera,TRUE
CAND-01392,29/05/24,26,M,553105,6,21278,1,0.631,3,TRUE,651,0.331,0.933,61.6,0,1435365,libre_inversion,TRUE
CAND-01859,29/05/24,38,H,1199849,20,35253,11,0.344,2,FALSE,,0.736,,31.6,0,432172,compra_cartera,TRUE
CAND-00085,29/05/24,33,H,1771590,17,16431,9,0.365,1,FALSE,,0.736,0.733,41.6,0,171644,compra_cartera,TRUE
CAND-01620,29/05/24,24,H,1046525,22,61892,8,0.172,3,TRUE,473,,0.719,27.3,0,751540,libre_inversion,TRUE
CAND-00762,29/05/24,39,M,894553,2,12324,1,0.354,1,TRUE,572,0.548,0.845,40.5,0,1493341,libre_inversion,TRUE
CAND-00970,29/05/24,18,H,1122864,8,19164,2,0.585,2,TRUE,617,0.65,0.727,33.8,0,1150043,libre_inversion,TRUE
CAND-00500,29/05/24,52,H,2374467,4,3844,2,0.264,2,TRUE,791,0.71,0.606,91.9,0,737459,libre_inversion,TRUE
CAND-01759,29/05/24,36,M,1299656,7,45023,2,0.304,1,FALSE,,0.849,,62.4,0,1667039,compra_cartera,FALSE
CAND-02737,29/05/24,42,M,1348598,12,54501,3,0.278,4,FALSE,,0.821,0.653,25.7,0,232342,compra_cartera,TRUE
CAND-00824,29/05/24,28,H,1932583,1,58300,0,0.527,1,FALSE,,,0.624,30.1,0,866047,avance_efectivo,TRUE
CAND-00807,30/05/24,28,M,1305516,6,23759,2,0.346,1,TRUE,753,0.73,0.781,79.2,0,1326201,avance_efectivo,TRUE
CAND-01602,30/05/24,22,H,801795,3,153296,2,0.575,4,TRUE,639,0.51,0.897,68.5,0,1089423,libre_inversion,TRUE
CAND-01558,30/05/24,37,H,2039280,4,30825,1,0.968,1,TRUE,681,,0.809,78.2,0,829837,avance_efectivo,TRUE
CAND-01931,30/05/24,55,H,711123,19,21335,9,0.629,2,FALSE,,0.568,0.784,33.3,37251,232119,libre_inversion,TRUE
CAND-00301,30/05/24,35,H,1118394,5,14344,1,0.779,5,FALSE,,0.398,0.729,12,0,787072,avance_efectivo,TRUE
CAND-00296,30/05/24,44,M,1266802,9,14925,4,0.345,3,FALSE,,0.688,0.882,74.6,0,1382579,libre_inversion,TRUE
CAND-02371,30/05/24,18,H,1208591,21,21182,8,0.341,2,FALSE,,0.742,0.819,59.3,0,445739,libre_inversion,TRUE
CAND-01380,30/05/24,28,M,1787463,3,35254,0,0.051,3,FALSE,,0.338,0.847,44.5,0,1100833,compra_cartera,TRUE
CAND-02471,30/05/24,19,M,1046384,5,26390,2,0.261,2,FALSE,,0.485,0.869,45.9,0,639469,libre_inversion,TRUE
CAND-01633,30/05/24,35,M,1482581,25,109494,6,0.232,1,FALSE,,0.535,0.643,50.9,0,1212414,compra_cartera,FALSE
CAND-02249,30/05/24,39,H,1395373,4,19407,3,0.151,1,TRUE,646,0.802,0.564,56.6,0,677545,libre_inversion,TRUE
CAND-00142,31/05/24,18,H,1018355,2,74725,2,0.786,1,FALSE,,0.933,0.834,60.7,0,553012,libre_inversion,TRUE
CAND-01298,31/05/24,18,H,1792433,1,16861,2,0.548,1,FALSE,,,0.928,63,0,284281,libre_inversion,TRUE
CAND-01870,31/05/24,35,M,1767183,36,28394,14,0.319,3,FALSE,,0.476,0.679,42.4,0,854207,compra_cartera,TRUE
CAND-02584,31/05/24,35,M,1244668,1,85715,1,0.575,1,FALSE,,0.319,0.594,14.9,0,526352,compra_cartera,TRUE
CAND-00882,31/05/24,37,M,3584903,11,106127,3,0.652,2,TRUE,751,0.86,0.916,31.5,0,423108,avance_efectivo,TRUE
CAND-00213,31/05/24,50,H,1052207,14,95290,2,0.426,2,FALSE,,0.845,0.555,43.7,8186,527530,avance_efectivo,TRUE
CAND-02645,31/05/24,20,M,1807461,3,88409,3,0.517,1,FALSE,,0.877,0.61,52.7,0,1173728,libre_inversion,TRUE
CAND-00018,31/05/24,41,M,503000,4,12377,1,0.365,4,FALSE,,0.699,0.693,44.9,0,333560,avance_efectivo,TRUE
CAND-02299,31/05/24,41,M,2341339,17,90004,7,0.529,3,FALSE,,0.844,0.743,70.3,0,311865,compra_cartera,TRUE
CAND-01292,31/05/24,32,M,1326585,14,78605,5,0.28,2,TRUE,823,0.4,0.698,41.3,0,1281067,compra_cartera,TRUE
CAND-01328,31/05/24,42,M,885062,13,62955,10,0.474,1,FALSE,,0.815,0.856,43.2,0,370226,compra_cartera,TRUE
CAND-01536,31/05/24,27,H,1925559,1,63755,0,0.685,5,FALSE,,0.922,0.637,59.1,0,1708470,compra_cartera,TRUE
CAND-00959,31/05/24,24,H,760885,60,24735,37,0.357,2,FALSE,,0.797,0.844,34.5,0,675647,libre_inversion,TRUE
CAND-00268,01/06/24,31,H,1026877,27,29308,21,0.056,2,TRUE,725,0.794,0.909,45.6,0,373641,compra_cartera,TRUE
CAND-01981,01/06/24,46,M,1665187,13,74344,9,0.679,1,TRUE,668,0.575,0.768,43.1,0,2651153,compra_cartera,TRUE
CAND-02648,01/06/24,19,H,1164918,39,59818,18,0.231,1,FALSE,,0.744,0.628,19.2,22898,1085440,libre_inversion,TRUE
CAND-00789,01/06/24,18,M,2995093,16,28924,4,0.314,2,TRUE,705,0.905,0.744,71.1,0,441215,compra_cartera,TRUE
CAND-01904,01/06/24,29,H,1579499,15,24491,11,0.69,1,TRUE,521,0.65,0.687,36.5,35395,1062440,compra_cartera,TRUE
CAND-01290,02/06/24,48,M,1393520,6,92301,7,0.281,2,TRUE,713,0.749,0.491,65.4,0,209098,libre_inversion,TRUE
CAND-02974,02/06/24,43,M,621001,4,10057,3,0.459,3,FALSE,,0.959,0.742,56,0,1636444,avance_efectivo,TRUE
CAND-00394,02/06/24,29,M,2160333,13,38915,5,0.676,3,FALSE,,0.93,,79.9,0,647656,libre_inversion,TRUE
CAND-01911,02/06/24,39,M,761837,22,41246,10,0.17,3,FALSE,,0.717,0.762,74.9,0,238714,avance_efectivo,TRUE
CAND-00861,02/06/24,45,M,1134509,14,75504,10,0.437,3,FALSE,,0.82,0.953,49.2,0,353387,compra_cartera,TRUE
CAND-02099,02/06/24,35,H,949895,9,62335,10,0.507,5,TRUE,785,0.916,0.686,82.8,0,524792,avance_efectivo,TRUE
CAND-02877,03/06/24,32,M,1715148,2,59492,2,0.217,1,TRUE,610,0.648,0.426,50.3,0,1710723,avance_efectivo,TRUE
CAND-00645,03/06/24,38,M,1035400,53,30098,22,0.388,2,FALSE,,0.848,0.424,72.7,0,366305,libre_inversion,TRUE
CAND-02313,03/06/24,41,H,864064,9,41299,3,0.311,2,TRUE,575,0.768,0.889,34.8,0,681349,libre_inversion,TRUE
CAND-02916,03/06/24,47,NB,719351,11,33507,4,0.267,4,TRUE,873,0.791,0.807,80.1,0,176918,avance_efectivo,TRUE
CAND-00634,03/06/24,45,M,905044,46,39022,16,0.487,3,FALSE,,0.897,0.508,44.4,0,634332,libre_inversion,TRUE
CAND-00294,03/06/24,21,M,1089102,11,17361,6,0.043,4,FALSE,,0.811,0.935,33.9,0,375390,libre_inversion,TRUE
CAND-00503,03/06/24,46,H,648414,14,104733,8,0.261,1,TRUE,538,0.817,0.774,26.1,0,771076,libre_inversion,TRUE
CAND-00788,03/06/24,43,H,684146,15,67837,6,0.316,1,FALSE,,0.566,0.65,22.8,0,1084877,avance_efectivo,TRUE
CAND-00936,03/06/24,42,H,1302938,25,140122,11,0.583,3,TRUE,623,0.83,0.361,70.6,0,324927,avance_efectivo,TRUE
CAND-00234,04/06/24,24,H,800608,23,14241,14,0.772,4,FALSE,,0.748,0.6,41.7,0,327913,libre_inversion,TRUE
CAND-00760,04/06/24,40,H,646203,60,14372,31,0.173,3,TRUE,634,0.72,0.725,63.2,0,289759,libre_inversion,TRUE
CAND-00908,04/06/24,43,H,777179,14,76236,7,0.473,3,FALSE,,0.326,0.84,35.2,0,477752,libre_inversion,TRUE
CAND-01439,04/06/24,31,M,1411089,2,94968,3,0.339,4,FALSE,,0.852,0.841,32.6,0,252345,avance_efectivo,TRUE
CAND-02592,04/06/24,51,M,861203,4,79860,0,0.573,3,TRUE,552,0.572,0.508,60,0,204246,libre_inversion,TRUE
CAND-01993,04/06/24,18,H,1999340,1,25636,2,0.472,4,TRUE,647,0.708,0.922,45,0,1170675,compra_cartera,TRUE
CAND-00577,04/06/24,51,H,755650,3,73391,1,0.361,3,TRUE,690,0.331,0.943,34.4,0,932776,libre_inversion,TRUE
CAND-00183,04/06/24,35,M,1850899,8,62455,2,0.143,3,FALSE,,0.642,0.914,53.7,0,192795,compra_cartera,TRUE
CAND-00517,04/06/24,28,H,1129530,11,41377,6,0.6,3,FALSE,,0.908,0.859,14.1,0,406054,libre_inversion,TRUE
CAND-02680,04/06/24,25,M,841201,34,39544,11,0.471,1,FALSE,,0.853,0.855,61.6,0,777724,libre_inversion,TRUE
CAND-01053,04/06/24,44,H,488782,5,818,1,0.693,2,FALSE,,0.594,0.914,56.2,0,912156,compra_cartera,TRUE
CAND-00120,04/06/24,41,H,1050219,3,102285,2,0.206,1,TRUE,563,0.838,0.861,18.4,0,597947,libre_inversion,TRUE
CAND-01165,04/06/24,28,M,1226990,12,13880,7,0.745,1,TRUE,559,0.96,0.567,35.2,5297,533237,libre_inversion,TRUE
CAND-02349,04/06/24,29,H,2098144,10,33336,8,0.892,4,TRUE,677,0.915,0.539,60.5,0,557541,libre_inversion,TRUE
CAND-01741,04/06/24,38,H,1140383,20,29594,7,0.905,1,FALSE,,0.587,0.31,20.6,0,227333,compra_cartera,TRUE
CAND-02717,04/06/24,36,H,811718,5,49579,2,0.396,3,TRUE,453,0.736,0.372,56.5,0,100000,libre_inversion,TRUE
CAND-02279,05/06/24,20,H,1139989,7,30862,4,0.137,2,TRUE,572,0.72,0.83,40.9,0,1024218,compra_cartera,TRUE
CAND-00742,05/06/24,28,M,1180305,11,24027,8,0.627,1,TRUE,648,0.726,0.852,61.4,0,1520275,libre_inversion,TRUE
CAND-01250,05/06/24,30,H,1493148,4,102061,3,0.324,2,FALSE,,0.821,0.749,45.6,0,1266558,avance_efectivo,TRUE
CAND-02032,05/06/24,42,M,705826,1,67215,1,0.125,5,TRUE,656,0.803,0.803,100,0,368743,libre_inversion,TRUE
CAND-00602,05/06/24,43,M,686087,15,52428,6,0.239,4,TRUE,658,0.874,0.547,69.8,0,220590,libre_inversion,TRUE
CAND-01197,05/06/24,46,M,1890452,19,57287,9,0.575,2,TRUE,830,0.753,0.571,100,0,1308269,libre_inversion,TRUE
CAND-00700,05/06/24,24,M,1516790,14,26645,3,0.654,1,FALSE,,0.757,0.644,12.6,0,1065474,libre_inversion,TRUE
CAND-01082,05/06/24,35,H,4713504,1,101859,1,0.724,3,FALSE,,0.485,0.956,41.3,0,447419,compra_cartera,TRUE
CAND-02161,05/06/24,30,H,817685,21,24461,10,0.242,1,FALSE,,0.927,0.486,39.6,0,565928,libre_inversion,TRUE
CAND-02521,05/06/24,21,H,1184244,48,47958,29,0.634,1,TRUE,563,0.888,0.976,59,0,673294,avance_efectivo,TRUE
CAND-01921,05/06/24,43,M,2687032,3,74790,3,0.454,2,TRUE,692,0.698,0.789,0.1,0,2254472,libre_inversion,TRUE
CAND-01719,05/06/24,29,M,784866,7,15437,5,0.395,1,FALSE,,0.946,,58.4,0,785913,compra_cartera,TRUE
CAND-01654,05/06/24,46,H,1620133,1,51794,1,0.647,5,TRUE,517,0.703,0.464,33,0,1293236,libre_inversion,TRUE
CAND-00767,05/06/24,26,H,800502,1,39872,1,0.173,3,FALSE,,0.901,0.696,73.6,0,1039457,avance_efectivo,TRUE
CAND-00148,05/06/24,38,M,1454357,13,25615,7,0.33,1,TRUE,595,0.696,0.846,45.2,0,420356,compra_cartera,TRUE
CAND-02799,06/06/24,48,M,2072676,7,15963,0,0.118,1,FALSE,,0.758,0.959,56,0,790355,libre_inversion,TRUE
CAND-02688,06/06/24,32,M,1430154,6,50244,0,0.175,4,TRUE,555,0.332,0.888,30.4,0,808328,libre_inversion,TRUE
CAND-00146,06/06/24,24,H,1199857,4,45417,0,0.831,1,TRUE,495,0.704,0.792,58.9,0,532536,compra_cartera,TRUE
CAND-02902,06/06/24,35,H,1833045,29,27851,13,0.355,2,TRUE,749,0.955,0.854,91.7,0,491972,avance_efectivo,TRUE
CAND-01656,06/06/24,36,NB,1068996,5,64018,4,0.435,4,FALSE,,0.744,0.762,62.7,0,166462,libre_inversion,TRUE
CAND-02745,06/06/24,26,M,1484238,13,30734,7,0.233,4,TRUE,700,0.907,0.917,50.9,0,343569,libre_inversion,TRUE
CAND-00763,06/06/24,39,H,1307151,16,58924,8,0.202,3,TRUE,691,0.845,0.914,42.6,15203,244273,compra_cartera,TRUE
CAND-00837,06/06/24,41,H,2043123,23,37208,13,0.583,3,TRUE,511,0.666,0.754,88.4,0,166318,libre_inversion,TRUE
CAND-01704,06/06/24,46,H,1266732,12,87437,4,0.315,1,TRUE,581,0.964,0.865,81.9,0,981060,compra_cartera,TRUE
CAND-01684,06/06/24,31,H,1338789,23,28148,15,0.291,1,TRUE,680,0.61,0.623,91.1,0,340857,avance_efectivo,TRUE
CAND-00365,06/06/24,21,M,831240,4,32664,3,0.365,3,FALSE,,0.795,0.58,78,0,655310,avance_efectivo,TRUE
CAND-00078,06/06/24,44,H,998718,20,24013,8,0.411,5,FALSE,,0.474,0.937,64.8,0,1118935,libre_inversion,TRUE
CAND-00364,06/06/24,29,H,1418423,28,49637,16,0.305,4,FALSE,,0.698,0.686,62.3,0,655020,libre_inversion,TRUE
CAND-00794,06/06/24,44,M,2444535,17,87791,9,0.473,3,FALSE,,0.794,0.814,83.8,0,739771,compra_cartera,TRUE
CAND-01195,06/06/24,20,M,2886185,14,17795,10,0.096,1,TRUE,550,0.736,0.603,45.6,0,697157,libre_inversion,TRUE
CAND-01121,07/06/24,34,H,1391470,4,61409,3,0.25,2,FALSE,,0.831,0.749,40.3,0,611284,compra_cartera,TRUE
CAND-02447,07/06/24,45,H,1295988,53,89213,27,0.384,1,FALSE,,0.643,0.665,71.4,0,826541,avance_efectivo,TRUE
CAND-00962,07/06/24,41,M,899710,4,57236,2,0.465,2,TRUE,716,0.473,0.935,31.5,0,987793,compra_cartera,TRUE
CAND-01507,07/06/24,33,M,1778137,15,25470,4,0.737,3,TRUE,572,0.516,0.584,45.9,0,571502,libre_inversion,TRUE
CAND-00856,07/06/24,30,M,1147575,2,129152,2,0.597,3,TRUE,515,,,38,0,272071,libre_inversion,TRUE
CAND-01216,07/06/24,25,H,1174153,35,25536,19,0.645,4,FALSE,,0.686,0.832,61.8,0,455673,compra_cartera,TRUE
CAND-00179,07/06/24,40,M,994159,5,51485,0,0.25,2,TRUE,704,0.845,0.449,20.8,0,278090,libre_inversion,TRUE
CAND-00674,07/06/24,38,H,1379985,1,119969,1,0.282,3,TRUE,510,0.757,0.831,54.1,0,302537,libre_inversion,TRUE
CAND-00361,07/06/24,38,M,950714,5,93542,2,0.591,3,TRUE,591,0.805,0.839,81,0,468683,libre_inversion,TRUE
CAND-01796,07/06/24,18,M,510858,27,23332,10,0.723,3,TRUE,715,0.871,0.899,38,0,417614,compra_cartera,TRUE
CAND-00730,07/06/24,35,H,1237285,6,35402,5,0.108,2,TRUE,418,,0.733,50.8,0,964142,compra_cartera,TRUE
CAND-01876,07/06/24,38,M,1801655,25,50670,5,0.066,1,TRUE,566,0.315,0.842,68.7,0,227345,libre_inversion,TRUE
CAND-01363,07/06/24,29,H,1117434,1,77899,1,0.436,1,FALSE,,0.956,0.729,66,0,2154598,libre_inversion,TRUE
CAND-02855,07/06/24,39,H,1107304,3,4687,1,0.232,5,TRUE,611,0.679,0.556,63.7,0,383539,libre_inversion,TRUE
CAND-02868,08/06/24,43,M,705241,10,34375,2,0.81,5,FALSE,,0.687,0.722,51.1,0,1166989,avance_efectivo,TRUE
CAND-02625,08/06/24,24,M,953641,35,21913,20,0.375,1,FALSE,,,0.667,42.2,0,451352,libre_inversion,TRUE
CAND-01482,08/06/24,26,M,1677042,7,34658,3,0.283,5,FALSE,,0.838,0.853,82.1,0,1293212,avance_efectivo,TRUE
CAND-01646,08/06/24,37,M,1442782,2,8764,3,0.553,1,TRUE,620,0.687,0.623,53.5,0,969189,compra_cartera,TRUE
CAND-01381,08/06/24,31,M,3110796,8,11178,5,0.164,3,FALSE,,0.709,0.761,67,0,530187,compra_cartera,TRUE
CAND-01354,08/06/24,35,H,1189514,1,74870,0,0.035,4,TRUE,710,0.734,0.585,51.1,0,962450,libre_inversion,TRUE
CAND-02643,08/06/24,45,H,857381,13,62564,7,0.512,5,FALSE,,0.887,0.843,57.5,0,1186931,libre_inversion,TRUE
CAND-01752,08/06/24,33,M,1694294,26,81817,11,0.089,2,TRUE,681,0.872,0.775,53,0,360395,libre_inversion,TRUE
CAND-01772,08/06/24,44,H,1273342,6,69058,1,0.607,1,TRUE,639,0.805,0.678,35,0,365113,libre_inversion,TRUE
CAND-02558,08/06/24,32,NB,845862,17,21006,6,0.41,3,FALSE,,0.836,0.647,53.9,0,256170,libre_inversion,TRUE
CAND-02691,08/06/24,18,H,1519098,7,47897,8,0.551,1,TRUE,755,0.905,0.682,77.7,0,634381,libre_inversion,TRUE
CAND-02656,08/06/24,27,M,1794868,16,167487,5,0.369,2,TRUE,638,0.763,0.573,37.2,0,1249391,libre_inversion,TRUE
CAND-00245,09/06/24,21,M,679969,10,9813,4,0.644,5,FALSE,,0.881,0.797,59.9,0,545379,libre_inversion,TRUE
CAND-00403,09/06/24,29,M,2144280,10,98842,5,0.463,3,TRUE,669,0.668,0.837,74.8,0,1037474,libre_inversion,TRUE
CAND-02650,09/06/24,29,H,1714950,10,10042,5,0.462,3,TRUE,678,0.456,0.511,40.6,0,710576,avance_efectivo,TRUE
CAND-02535,09/06/24,43,H,1116794,16,29323,12,0.221,3,TRUE,703,0.64,0.75,19.9,0,401063,compra_cartera,TRUE
CAND-01214,09/06/24,45,M,543149,2,86789,1,0.319,4,TRUE,530,0.794,0.833,69.7,0,1205172,libre_inversion,TRUE
CAND-02804,09/06/24,20,M,711992,3,65613,2,0.429,2,TRUE,736,0.888,0.69,55.7,0,691114,libre_inversion,TRUE
CAND-01011,09/06/24,41,M,2270138,16,34931,8,0.139,4,FALSE,,0.871,0.599,44.2,0,1045048,avance_efectivo,TRUE
CAND-00369,09/06/24,35,H,3019813,7,49160,2,0.252,2,FALSE,,0.567,0.859,97.2,0,528488,libre_inversion,TRUE
CAND-01690,09/06/24,39,M,1622284,43,47761,26,0.44,3,FALSE,,0.864,0.86,45,0,314038,avance_efectivo,TRUE
CAND-01797,09/06/24,42,M,854925,13,68239,8,0.297,4,FALSE,,0.878,,26.4,0,858296,libre_inversion,TRUE
CAND-01284,10/06/24,22,H,1111526,21,50795,12,0.851,1,FALSE,,0.706,0.894,69.4,0,746060,compra_cartera,TRUE
CAND-01829,10/06/24,42,M,743036,3,22620,4,0.241,3,FALSE,,0.566,0.579,43.6,0,485793,libre_inversion,TRUE
CAND-00350,10/06/24,37,M,1049789,10,118966,5,0.13,2,TRUE,563,0.635,0.684,64.9,0,570646,avance_efectivo,TRUE
CAND-01494,10/06/24,35,M,1110038,18,66800,9,0.227,1,FALSE,,0.529,0.731,17.7,0,194246,libre_inversion,TRUE
CAND-00753,10/06/24,39,M,894541,53,42106,30,0.356,4,FALSE,,0.966,0.698,53.3,0,2519363,compra_cartera,TRUE
CAND-00507,10/06/24,38,H,1132333,12,69382,6,0.082,1,TRUE,563,0.924,0.903,58.5,0,377540,libre_inversion,TRUE
CAND-01246,10/06/24,30,M,869463,38,121005,24,0.313,1,TRUE,700,0.748,0.89,62.5,0,799791,libre_inversion,TRUE
CAND-02107,10/06/24,18,M,1143087,3,36609,1,0.228,5,FALSE,,0.346,0.813,81.2,0,1286709,avance_efectivo,TRUE
CAND-00318,11/06/24,54,M,769707,13,48200,8,0.384,1,FALSE,,0.681,0.794,34.3,0,728799,avance_efectivo,TRUE
CAND-02039,11/06/24,20,H,985181,1,37609,0,0.705,2,FALSE,,0.908,,25.1,0,1243960,compra_cartera,TRUE
CAND-02668,11/06/24,38,H,1099608,9,28256,3,0.394,1,TRUE,747,,0.776,27.3,0,1001922,avance_efectivo,TRUE
CAND-01378,11/06/24,31,H,1002211,1,91747,1,0.556,3,FALSE,,0.728,0.94,49.2,0,588878,libre_inversion,TRUE
CAND-01964,11/06/24,38,M,1227124,54,70919,30,0.55,1,TRUE,742,0.64,0.752,59.2,0,164496,libre_inversion,TRUE
CAND-01866,11/06/24,42,M,1325485,7,20511,4,0.622,4,TRUE,514,0.803,0.74,52.7,0,375594,libre_inversion,TRUE
CAND-00019,11/06/24,28,M,1736199,6,17916,6,0.458,3,TRUE,554,0.404,0.784,51.5,0,481463,libre_inversion,TRUE
CAND-00389,11/06/24,38,H,1689458,10,119164,9,0.59,1,FALSE,,0.928,0.773,65.1,0,699590,compra_cartera,TRUE
CAND-02448,11/06/24,35,M,3373518,60,85900,23,0.053,2,FALSE,,0.683,0.875,50.1,12631,654982,libre_inversion,TRUE
CAND-01270,11/06/24,36,H,618031,10,57917,3,0.199,2,FALSE,,0.727,0.746,62.1,0,868669,libre_inversion,TRUE
CAND-02427,11/06/24,43,M,1468736,2,20764,1,0.34,2,TRUE,487,0.846,0.862,55.1,0,405816,libre_inversion,TRUE
CAND-02317,11/06/24,28,M,503249,3,16676,0,0.499,3,FALSE,,0.704,0.599,49.5,0,944002,libre_inversion,TRUE
CAND-01205,11/06/24,26,H,751714,15,28586,5,0.364,1,TRUE,666,0.814,0.653,61.1,0,495774,compra_cartera,TRUE
CAND-02070,11/06/24,33,M,1128774,4,95970,2,0.887,1,FALSE,,0.792,0.893,29.5,0,733989,libre_inversion,TRUE
CAND-00068,11/06/24,28,H,1817153,19,78652,12,0.203,1,FALSE,,0.89,0.972,39.6,0,1156870,libre_inversion,TRUE
CAND-00551,11/06/24,22,H,821026,3,4298,0,0.093,2,FALSE,,0.69,0.755,39.6,0,1201873,libre_inversion,TRUE
CAND-01296,11/06/24,26,M,1333390,20,51496,10,0.301,1,FALSE,,0.828,0.786,59.3,0,802676,libre_inversion,TRUE
CAND-02957,11/06/24,22,H,2659724,15,30496,11,0.207,4,TRUE,477,0.964,0.838,65,0,1080592,libre_inversion,TRUE
CAND-02923,11/06/24,31,H,2471545,19,38088,12,0.422,1,FALSE,,0.691,0.566,33.8,0,689707,libre_inversion,TRUE
CAND-02593,12/06/24,32,M,1083517,7,38467,6,0.183,4,TRUE,425,0.893,0.778,60.2,0,1356280,compra_cartera,TRUE
CAND-00238,12/06/24,38,M,1037651,14,24843,5,0.267,2,FALSE,,0.522,0.764,45.5,0,285793,libre_inversion,TRUE
CAND-01434,12/06/24,49,M,706916,44,94696,18,0.429,1,TRUE,623,0.986,0.955,30,0,184222,libre_inversion,FALSE
CAND-00457,12/06/24,39,H,1173252,7,79857,2,0.292,2,TRUE,558,0.971,0.775,28.8,0,754338,compra_cartera,TRUE
CAND-02143,12/06/24,53,M,894637,1,40425,1,0.571,3,TRUE,716,0.933,0.806,4.4,0,1017733,libre_inversion,TRUE
CAND-01758,12/06/24,33,H,784941,20,6319,11,0.581,3,TRUE,592,0.668,0.918,65.3,0,513551,libre_inversion,TRUE
CAND-01511,12/06/24,52,H,832391,4,45039,4,0.292,1,TRUE,654,0.907,0.703,68,0,391902,libre_inversion,TRUE
CAND-00787,12/06/24,21,M,3462562,7,25557,4,0.768,1,TRUE,665,0.996,,58.6,0,518901,libre_inversion,TRUE
CAND-02016,12/06/24,31,M,996016,36,9404,21,0.683,1,FALSE,,,0.562,68.4,0,363126,libre_inversion,TRUE
CAND-00957,12/06/24,42,H,1973286,29,71361,11,0.203,4,TRUE,625,0.922,0.669,34.3,0,572898,compra_cartera,TRUE
CAND-01043,13/06/24,28,M,493507,49,75179,28,0.363,3,TRUE,608,0.195,0.749,37.3,0,500797,libre_inversion,TRUE
CAND-00264,13/06/24,37,M,968464,29,68780,11,0.273,1,TRUE,659,0.829,0.882,42.4,0,390301,compra_cartera,TRUE
CAND-00223,13/06/24,30,M,875343,9,33594,3,0.114,2,FALSE,,0.751,0.765,50.2,0,303977,libre_inversion,TRUE
CAND-00463,13/06/24,34,NB,840580,1,5197,0,0.033,4,FALSE,,0.391,0.823,35,0,502902,avance_efectivo,TRUE
CAND-02600,13/06/24,32,H,729723,8,61024,4,0.437,2,TRUE,720,0.815,0.748,62.6,0,290151,avance_efectivo,TRUE
CAND-02183,13/06/24,29,M,829498,55,22861,26,0.139,5,FALSE,,0.566,0.79,65.4,0,507184,avance_efectivo,TRUE
CAND-01382,13/06/24,18,M,767007,25,17608,13,0.685,1,FALSE,,0.572,0.803,32.3,0,917826,compra_cartera,TRUE
CAND-02416,13/06/24,36,H,2473833,11,38497,7,0.224,5,TRUE,705,0.617,0.454,48.3,0,2011945,libre_inversion,TRUE
CAND-02263,13/06/24,45,M,3196544,19,37615,13,0.698,1,FALSE,,0.851,0.649,45.4,12492,456782,compra_cartera,TRUE
CAND-01442,13/06/24,24,H,753891,60,118166,26,0.257,3,FALSE,,,0.761,66.3,0,1049999,compra_cartera,TRUE
CAND-02260,13/06/24,59,H,941005,3,38963,0,0.428,2,FALSE,,0.585,0.827,45.3,0,323023,libre_inversion,TRUE
CAND-01562,13/06/24,21,M,1685913,24,13957,8,0.36,2,TRUE,728,0.845,0.683,49.7,0,1482677,libre_inversion,TRUE
CAND-01880,13/06/24,22,H,2605771,8,90238,3,0.336,3,FALSE,,0.554,0.627,78.8,0,742346,avance_efectivo,TRUE
CAND-00696,13/06/24,21,M,1910463,19,57297,8,0.547,2,FALSE,,,0.381,40.2,0,511514,compra_cartera,TRUE
CAND-02322,14/06/24,22,H,1764233,15,3015,5,0.743,4,FALSE,,0.677,0.809,60.5,0,788463,libre_inversion,TRUE
CAND-00979,14/06/24,36,M,1247960,14,72419,4,0.184,4,FALSE,,0.955,0.533,63.2,0,736047,libre_inversion,TRUE
CAND-02163,14/06/24,26,M,1201177,1,71881,1,0.211,3,FALSE,,0.935,0.923,51,0,1428834,compra_cartera,TRUE
CAND-01306,14/06/24,18,H,1203622,13,26762,4,0.092,1,FALSE,,0.639,0.823,76.5,0,724166,libre_inversion,TRUE
CAND-02267,14/06/24,29,M,1035885,14,134104,7,0.234,5,FALSE,,0.611,0.812,90.4,0,993993,libre_inversion,TRUE
CAND-00994,14/06/24,26,M,1231638,5,15432,5,0.359,1,TRUE,721,0.384,0.456,62.7,0,586999,compra_cartera,TRUE
CAND-00082,14/06/24,42,H,613387,39,41453,29,0.451,2,FALSE,,0.907,0.851,51.3,0,792683,avance_efectivo,TRUE
CAND-02617,14/06/24,51,M,1436576,4,20482,1,0.339,4,FALSE,,0.72,0.847,88.5,0,1549190,avance_efectivo,TRUE
CAND-00366,14/06/24,43,M,715435,18,63137,9,0.269,1,TRUE,681,0.888,0.874,34.1,0,583430,compra_cartera,TRUE
CAND-00269,14/06/24,44,H,1041030,2,121674,0,0.579,1,TRUE,694,0.482,0.813,28.9,0,747809,libre_inversion,TRUE
CAND-01099,14/06/24,42,M,2468920,2,49373,0,0.203,3,TRUE,618,0.957,0.739,50.8,0,850872,libre_inversion,TRUE
CAND-00443,15/06/24,28,M,752077,5,33731,1,0.226,3,FALSE,,0.821,0.842,87.9,0,1077473,compra_cartera,TRUE
CAND-00565,15/06/24,35,M,1090468,18,61642,9,0.57,2,FALSE,,0.762,0.991,44.3,0,1095418,libre_inversion,TRUE
CAND-00236,15/06/24,22,H,929067,13,37592,9,0.272,4,TRUE,513,0.728,0.857,66.7,0,1214590,libre_inversion,TRUE
CAND-00293,15/06/24,36,H,1878992,1,30991,2,0.653,4,TRUE,626,0.801,0.236,45.8,0,530993,libre_inversion,TRUE
CAND-02122,15/06/24,32,M,1240112,19,71254,10,0.514,1,FALSE,,0.732,,53.9,0,269942,libre_inversion,TRUE
CAND-02437,15/06/24,33,M,1083588,12,56078,1,0.35,3,FALSE,,0.716,0.562,44.9,0,698231,libre_inversion,TRUE
CAND-00090,15/06/24,49,M,453017,9,35475,4,0.645,3,FALSE,,0.694,0.72,52.2,0,393150,libre_inversion,TRUE
CAND-02555,15/06/24,38,H,758107,10,32642,4,0.087,2,FALSE,,0.597,0.712,28.2,0,1013651,libre_inversion,TRUE
CAND-00198,15/06/24,32,M,1099235,13,18480,3,0.608,1,TRUE,600,0.548,0.376,58.6,0,793280,avance_efectivo,TRUE
CAND-00347,15/06/24,27,H,1883542,40,68327,21,0.673,2,FALSE,,0.793,0.923,56.8,0,392357,compra_cartera,TRUE
CAND-02049,15/06/24,18,M,1258502,10,32259,3,0.466,2,FALSE,,0.814,0.859,28.6,0,344335,libre_inversion,TRUE
CAND-00812,16/06/24,22,H,1522768,1,6661,0,0.173,2,TRUE,645,,0.806,68.5,0,783779,compra_cartera,TRUE
CAND-02394,16/06/24,18,M,883360,5,67468,2,0.218,2,FALSE,,0.568,0.599,57.4,0,1804481,avance_efectivo,TRUE
CAND-02443,16/06/24,50,M,702231,3,58731,2,0.618,2,FALSE,,0.615,0.725,46,0,1185108,compra_cartera,TRUE
CAND-01922,16/06/24,33,M,1817935,14,76659,9,0.264,3,TRUE,581,0.766,0.543,76.8,0,285842,libre_inversion,TRUE
CAND-00681,16/06/24,28,M,956813,6,14374,5,0.515,2,TRUE,600,0.841,0.807,55.3,0,282824,compra_cartera,TRUE
CAND-01806,16/06/24,30,H,1227277,20,19019,9,0.177,1,TRUE,491,0.942,0.928,46.2,0,798595,libre_inversion,TRUE
CAND-02258,16/06/24,32,H,1831218,1,49255,2,0.52,3,FALSE,,0.847,0.526,86,0,366132,compra_cartera,TRUE
CAND-00723,17/06/24,32,H,1736022,3,21686,1,0.583,1,TRUE,594,0.702,0.733,0,0,363328,libre_inversion,TRUE
CAND-00484,17/06/24,25,M,524510,24,51061,8,0.187,2,TRUE,629,0.817,0.825,60.7,0,314550,libre_inversion,TRUE
CAND-01374,17/06/24,23,H,1343014,6,41505,2,0.227,1,FALSE,,0.85,0.931,57.1,0,364584,compra_cartera,TRUE
CAND-01267,17/06/24,47,H,1368919,38,8074,14,0.374,2,TRUE,707,0.89,0.887,41.6,0,465632,libre_inversion,TRUE
CAND-01867,17/06/24,27,H,707949,7,22403,1,0.411,1,TRUE,654,0.856,0.859,54.9,0,760,compra_cartera,TRUE
CAND-02962,17/06/24,30,H,1500044,2,20275,2,0.252,3,TRUE,496,0.772,0.782,51.2,0,547780,compra_cartera,TRUE
CAND-02819,17/06/24,24,H,809513,9,42212,6,0.564,4,FALSE,,0.823,0.737,72.2,0,502610,avance_efectivo,TRUE
CAND-01513,17/06/24,40,M,1101293,1,17724,0,0.52,3,TRUE,714,0.693,0.899,51.4,0,822112,avance_efectivo,TRUE
CAND-02776,17/06/24,23,H,660989,10,42999,2,0.282,5,FALSE,,0.964,0.699,23.4,0,511984,libre_inversion,TRUE
CAND-01586,17/06/24,43,M,825223,3,45546,5,0.254,3,FALSE,,0.948,0.859,71.6,0,974843,libre_inversion,TRUE
CAND-01832,18/06/24,45,H,1287602,1,12183,0,0.194,3,TRUE,631,0.674,0.923,45.6,0,266077,avance_efectivo,TRUE
CAND-02133,18/06/24,36,H,682415,4,34380,3,0.232,1,TRUE,729,0.766,0.81,12.3,0,247787,libre_inversion,TRUE
CAND-02738,18/06/24,30,H,2715198,10,16685,4,0.133,2,TRUE,675,0.923,0.892,43.7,0,660175,avance_efectivo,TRUE
CAND-01480,18/06/24,21,M,1931463,11,21444,10,0.332,5,TRUE,702,0.832,0.683,50.7,0,229369,avance_efectivo,TRUE
CAND-00053,18/06/24,40,M,2444319,13,14867,4,0.494,2,FALSE,,0.898,0.875,34.5,0,551225,avance_efectivo,TRUE
CAND-00105,18/06/24,38,M,693974,9,23263,6,0.27,1,FALSE,,0.827,0.773,66,0,618866,libre_inversion,TRUE
CAND-01427,18/06/24,29,H,1850157,4,75603,3,0.453,1,FALSE,,0.703,0.69,55.8,0,566716,libre_inversion,TRUE
CAND-02220,18/06/24,21,M,1253497,4,125340,1,0.653,2,FALSE,,0.61,0.955,36.9,0,702638,avance_efectivo,TRUE
CAND-00422,18/06/24,26,M,1560117,5,50800,2,0.161,2,FALSE,,0.864,0.746,41.7,17645,314016,libre_inversion,TRUE
CAND-00207,18/06/24,37,H,1757581,20,177353,4,0.232,5,FALSE,,0.941,0.86,67.7,0,1912426,libre_inversion,TRUE
CAND-01162,18/06/24,29,M,1500383,7,47624,4,0.545,3,FALSE,,0.773,0.859,52.2,0,737139,avance_efectivo,TRUE
CAND-02507,19/06/24,18,H,633699,32,83541,13,0.6,3,TRUE,541,0.761,0.826,67.5,0,1209695,libre_inversion,TRUE
CAND-00474,19/06/24,34,H,1126080,13,36782,4,0.089,2,FALSE,,0.858,0.89,28.2,0,444808,libre_inversion,TRUE
CAND-01035,19/06/24,37,M,601497,3,59698,2,0.132,1,FALSE,,0.886,0.908,16,0,349568,libre_inversion,TRUE
CAND-00454,19/06/24,59,H,1680108,10,24928,1,0.724,2,FALSE,,0.546,,41.5,0,222463,avance_efectivo,TRUE
CAND-01525,19/06/24,43,H,1591263,7,27170,5,0.119,3,TRUE,645,0.965,0.672,46.6,0,556545,avance_efectivo,TRUE
CAND-00428,19/06/24,24,M,1061200,8,40761,4,0.287,2,FALSE,,0.562,0.814,59,0,406917,avance_efectivo,TRUE
CAND-02915,19/06/24,49,H,1355674,1,48526,0,0.407,1,TRUE,673,0.657,0.586,72.1,0,445518,libre_inversion,TRUE
CAND-01176,19/06/24,27,M,1371089,11,56279,6,0.34,2,FALSE,,0.646,0.764,25.3,0,417138,avance_efectivo,TRUE
CAND-01057,19/06/24,43,H,757808,14,50580,8,0.582,1,TRUE,576,0.904,0.937,83.4,0,1168207,avance_efectivo,TRUE
CAND-02207,19/06/24,39,H,1483432,13,37677,2,0.355,1,TRUE,719,0.631,0.824,34.2,0,625626,libre_inversion,TRUE
CAND-00680,19/06/24,61,H,1117301,14,44169,3,0.301,4,TRUE,614,0.718,0.791,52.1,0,693105,compra_cartera,TRUE
CAND-02095,19/06/24,30,NB,870870,10,13820,4,0.616,2,FALSE,,,0.687,61.5,11672,961497,libre_inversion,TRUE
CAND-00163,19/06/24,46,M,797714,25,6251,16,0.251,2,TRUE,457,0.894,0.718,78.9,0,840568,avance_efectivo,TRUE
CAND-01014,19/06/24,39,M,1873568,1,23976,0,0.673,1,TRUE,626,0.468,0.838,40,0,906877,avance_efectivo,TRUE
CAND-00983,19/06/24,30,NB,2449949,1,32110,0,0.08,2,FALSE,,0.662,0.701,50.4,0,1223101,avance_efectivo,TRUE
CAND-01241,20/06/24,29,H,2580196,9,59826,3,0.71,5,FALSE,,0.745,0.755,40.5,0,706332,libre_inversion,TRUE
CAND-00358,20/06/24,39,M,1697784,21,5594,13,0.641,3,TRUE,656,0.778,0.821,44.4,0,1005829,compra_cartera,TRUE
CAND-02272,20/06/24,18,H,562877,1,96674,0,0.453,2,TRUE,719,0.689,0.734,45.2,0,1296527,libre_inversion,TRUE
CAND-01868,20/06/24,34,M,2110457,1,2510,0,0.333,1,TRUE,706,0.75,0.629,52.1,0,438056,compra_cartera,TRUE
CAND-02545,20/06/24,33,H,2072705,11,60610,5,0.166,3,FALSE,,0.777,0.842,72.9,0,689483,libre_inversion,TRUE
CAND-00912,20/06/24,19,M,838841,21,19856,7,0.085,3,FALSE,,0.806,0.549,50.6,0,365155,libre_inversion,TRUE
CAND-02944,20/06/24,39,H,1400905,10,23860,5,0.557,2,FALSE,,0.616,0.707,27.8,0,1745642,libre_inversion,TRUE
CAND-00396,20/06/24,30,M,1358249,41,25595,24,0.398,5,TRUE,671,0.681,0.56,24.9,0,166067,compra_cartera,TRUE
CAND-01768,20/06/24,38,M,1735386,3,10943,3,0.101,3,FALSE,,0.714,,65.6,0,538838,libre_inversion,TRUE
CAND-00083,20/06/24,43,H,665109,6,37591,1,0.536,3,FALSE,,0.488,0.491,83.7,0,252390,libre_inversion,TRUE
CAND-01135,20/06/24,47,M,2395923,28,18620,11,0.306,1,TRUE,630,0.98,0.682,89.2,0,427823,avance_efectivo,FALSE
CAND-00520,21/06/24,40,M,1567234,15,89547,9,0.578,2,TRUE,681,0.674,0.829,67.5,0,533589,compra_cartera,TRUE
CAND-02929,21/06/24,21,H,607794,2,42992,1,0.242,1,TRUE,648,0.65,0.579,52.5,0,1224714,libre_inversion,TRUE
CAND-01619,21/06/24,48,M,552162,9,69129,8,0.531,2,FALSE,,0.883,0.159,54.3,0,545893,avance_efectivo,TRUE
CAND-00531,21/06/24,29,M,517721,8,21128,5,0.229,4,FALSE,,0.822,0.774,65.7,0,632084,libre_inversion,TRUE
CAND-00448,21/06/24,22,M,1331727,16,16572,14,0.491,1,FALSE,,0.797,0.905,60,0,1085055,compra_cartera,TRUE
CAND-00898,21/06/24,34,M,1514840,31,16642,15,0.194,2,TRUE,670,0.931,0.482,49.8,0,596060,compra_cartera,TRUE
CAND-00675,21/06/24,31,NB,2765151,1,29992,0,0.448,1,FALSE,,0.778,0.771,48.8,0,1140059,compra_cartera,TRUE
CAND-01694,21/06/24,38,H,638618,15,49158,5,0.41,3,FALSE,,0.854,0.7,63.5,0,694129,libre_inversion,TRUE
CAND-01761,21/06/24,31,H,1126599,41,79935,22,0.099,3,TRUE,688,0.793,0.499,46.2,0,1162630,libre_inversion,TRUE
CAND-00415,21/06/24,23,H,2627556,28,177104,7,0.09,3,TRUE,573,0.879,,87.7,0,983222,avance_efectivo,TRUE
CAND-02058,21/06/24,39,H,1773453,1,20255,6,0.309,3,FALSE,,0.65,0.808,45.9,0,314520,libre_inversion,TRUE
CAND-01046,21/06/24,36,M,881706,22,13595,11,0.759,1,FALSE,,0.713,0.804,38.5,0,739975,libre_inversion,TRUE
CAND-00765,22/06/24,56,M,1419504,5,11827,2,0.418,3,FALSE,,,0.92,30.3,0,663123,libre_inversion,TRUE
CAND-02321,22/06/24,34,H,1102235,1,13036,3,0.668,2,FALSE,,0.633,0.92,42.6,0,1390045,compra_cartera,TRUE
CAND-02124,22/06/24,21,M,4085268,60,28170,33,0.763,2,TRUE,585,0.553,0.703,91.6,0,419494,avance_efectivo,TRUE
CAND-02169,22/06/24,33,H,1044221,14,32642,10,0.771,2,TRUE,589,0.678,0.735,27.6,0,267169,libre_inversion,TRUE
CAND-01005,22/06/24,40,H,1115331,10,66538,8,0.469,3,FALSE,,0.834,0.807,53.1,0,1588407,avance_efectivo,TRUE
CAND-02908,22/06/24,29,H,608009,1,56977,0,0.596,5,TRUE,757,0.78,0.659,19.4,0,606153,libre_inversion,TRUE
CAND-00657,22/06/24,34,H,830023,9,17643,3,0.27,2,FALSE,,0.778,0.923,67.2,0,961766,compra_cartera,TRUE
CAND-01000,22/06/24,19,M,824259,13,69185,5,0.506,1,FALSE,,0.944,0.899,74,0,324892,libre_inversion,FALSE
CAND-01199,22/06/24,46,H,1142402,27,49137,17,0.084,1,TRUE,653,0.695,0.691,55.1,0,606569,libre_inversion,TRUE
CAND-02111,23/06/24,36,M,15.961.362.706.150.400,19,5249,10,0.111,2,TRUE,753,0.731,0.845,3.7,0,218157,libre_inversion,TRUE
CAND-01996,23/06/24,42,H,942182,25,15183,11,0.272,2,FALSE,,,0.444,34.3,0,842298,compra_cartera,TRUE
CAND-01504,23/06/24,34,H,867533,1,54813,2,0.699,2,TRUE,547,0.706,0.619,36.5,0,495427,libre_inversion,TRUE
CAND-02395,23/06/24,22,H,1430103,24,6359,8,0.352,1,FALSE,,0.83,0.892,7.6,0,597518,libre_inversion,TRUE
CAND-00447,23/06/24,32,M,1018831,11,66949,5,0.275,4,TRUE,666,0.681,0.696,45.2,0,439984,libre_inversion,TRUE
CAND-02255,23/06/24,26,M,1308648,8,51662,6,0.209,2,TRUE,700,0.948,0.838,23.1,0,582847,libre_inversion,TRUE
CAND-02003,23/06/24,27,M,2195375,4,35725,1,0.61,2,FALSE,,0.739,0.859,50.8,0,328590,libre_inversion,TRUE
CAND-01798,23/06/24,33,H,1419153,5,51218,5,0.17,2,FALSE,,0.941,0.82,56.5,0,667505,avance_efectivo,TRUE
CAND-00304,23/06/24,37,M,1075514,19,71152,10,0.489,5,TRUE,564,,0.493,75.2,0,932000,libre_inversion,TRUE
CAND-00354,23/06/24,39,H,755814,18,11694,6,0.494,4,FALSE,,0.962,0.746,90,0,1473878,libre_inversion,TRUE
CAND-00182,23/06/24,36,NB,1724629,60,46548,33,0.494,2,TRUE,508,0.806,0.684,32.2,0,554697,libre_inversion,TRUE
CAND-00060,23/06/24,32,M,805847,52,11226,25,0.372,2,TRUE,696,0.784,0.698,59,0,605503,avance_efectivo,TRUE
CAND-01412,23/06/24,43,H,1076631,28,28673,13,0.554,3,FALSE,,,0.864,40.5,0,319150,libre_inversion,TRUE
CAND-01471,23/06/24,47,NB,1914040,35,41310,21,0.219,2,FALSE,,0.599,0.746,41.2,0,425654,libre_inversion,TRUE
CAND-01016,23/06/24,33,NB,864864,3,140446,0,0.067,1,FALSE,,0.708,0.775,62.1,0,538517,libre_inversion,TRUE
CAND-00334,24/06/24,34,H,1025558,22,51285,6,0.226,2,TRUE,522,0.455,0.7,65.9,0,578281,libre_inversion,TRUE
CAND-02172,24/06/24,49,M,738523,1,27258,2,0.44,3,FALSE,,0.818,0.754,67.4,0,450726,compra_cartera,TRUE
CAND-01372,24/06/24,42,H,1230853,16,35937,7,0.246,3,FALSE,,0.902,0.788,44.2,0,1710736,libre_inversion,TRUE
CAND-02366,24/06/24,39,M,2204073,1,12832,0,0.25,2,TRUE,607,0.617,0.858,88.7,0,295238,libre_inversion,TRUE
CAND-00145,24/06/24,33,M,924795,17,52744,8,0.201,2,TRUE,824,0.52,0.891,15.5,0,1202597,compra_cartera,TRUE
CAND-01376,24/06/24,31,H,1109953,8,60371,2,0.346,1,TRUE,579,0.674,0.723,37.5,0,232266,libre_inversion,TRUE
CAND-01224,24/06/24,31,M,2415056,11,77021,3,0.192,1,TRUE,747,0.754,0.488,43,0,473812,libre_inversion,TRUE
CAND-02088,24/06/24,39,M,697856,27,27832,13,0.513,5,TRUE,803,0.885,0.389,70.1,0,1176928,compra_cartera,TRUE
CAND-02454,24/06/24,19,H,2663837,21,111171,9,0.092,3,FALSE,,0.621,0.868,30.3,0,676248,libre_inversion,TRUE
CAND-00323,24/06/24,39,H,1058974,1,50916,1,0.24,3,FALSE,,,0.912,44.9,0,559664,compra_cartera,TRUE
CAND-00057,24/06/24,26,H,856095,22,29748,14,0.243,2,FALSE,,0.532,0.826,56.7,0,529329,libre_inversion,TRUE
CAND-00368,25/06/24,22,H,1428401,19,26135,8,0.374,1,FALSE,,0.751,0.848,91,18043,268620,libre_inversion,TRUE
CAND-02015,25/06/24,47,H,1921624,26,4606,20,0.179,2,TRUE,602,0.743,0.688,46.8,0,304080,libre_inversion,TRUE
CAND-01567,25/06/24,26,M,897003,3,9092,2,0.722,1,FALSE,,0.854,0.911,59.8,0,295223,libre_inversion,TRUE
CAND-00292,25/06/24,39,H,641720,8,70811,4,0.824,2,TRUE,706,0.636,0.852,17.7,0,108385,compra_cartera,TRUE
CAND-01128,25/06/24,38,M,3761126,7,31488,3,0.485,2,FALSE,,,0.882,64.9,0,860575,compra_cartera,TRUE
CAND-02212,25/06/24,41,M,2254700,5,90631,1,0.203,3,TRUE,874,0.617,0.729,38.6,0,742197,libre_inversion,TRUE
CAND-02775,25/06/24,26,M,593298,6,94863,2,0.048,1,FALSE,,0.474,0.615,33.8,0,856827,libre_inversion,TRUE
CAND-00101,25/06/24,49,M,1209754,3,49950,1,0.22,3,FALSE,,0.797,0.66,50,0,317487,libre_inversion,TRUE
CAND-00455,25/06/24,19,H,9.754.807.611.574.690,1,1998,0,0.354,4,FALSE,,0.89,0.714,65.7,0,269118,libre_inversion,TRUE
CAND-00604,25/06/24,46,H,1042174,40,36561,13,0.026,1,FALSE,,,0.339,83.7,0,274441,libre_inversion,TRUE
CAND-02253,25/06/24,35,M,2688594,9,14672,4,0.562,4,TRUE,575,0.64,0.699,89.6,0,1125002,libre_inversion,TRUE
CAND-01231,25/06/24,42,H,1336778,2,11239,0,0.473,1,FALSE,,,0.773,0,0,332231,compra_cartera,TRUE
CAND-02963,25/06/24,18,M,2768282,11,68181,2,0.277,4,FALSE,,,,69.4,0,949520,libre_inversion,TRUE
CAND-00610,26/06/24,25,H,1302520,13,16750,5,0.682,5,FALSE,,0.955,0.785,22.6,0,293454,compra_cartera,TRUE
CAND-02007,26/06/24,26,H,3410072,8,18894,5,0.17,2,TRUE,729,0.66,0.763,58.9,0,610799,compra_cartera,TRUE
CAND-00825,26/06/24,37,M,1578075,5,20373,2,0.684,2,TRUE,604,0.812,0.716,31.6,0,534037,libre_inversion,TRUE
CAND-01006,26/06/24,39,H,2079083,1,97976,1,0.382,2,FALSE,,0.805,0.898,69.6,0,924523,libre_inversion,TRUE
CAND-00241,26/06/24,28,H,1555603,21,92688,4,0.168,1,FALSE,,0.786,,35.5,0,1534575,avance_efectivo,TRUE
CAND-01629,26/06/24,18,M,2806038,16,53251,7,0.456,5,FALSE,,,0.737,24.2,0,233666,avance_efectivo,TRUE
CAND-01630,26/06/24,23,H,1371742,2,101780,4,0.194,1,TRUE,569,0.743,0.844,66.9,0,321123,libre_inversion,TRUE
CAND-02781,26/06/24,38,M,2270781,17,20835,10,0.444,1,FALSE,,0.914,0.822,37.3,0,938515,libre_inversion,TRUE
CAND-02619,26/06/24,42,M,1339691,27,10319,13,0.31,2,TRUE,760,0.573,,68,0,1186535,libre_inversion,TRUE
CAND-02271,26/06/24,48,H,14.684.781.255.156.000,36,77307,23,0.131,2,TRUE,683,0.891,0.957,95.1,0,530043,libre_inversion,TRUE
CAND-02678,27/06/24,45,M,1472456,6,82873,3,0.34,4,FALSE,,,0.972,56.4,0,477521,avance_efectivo,TRUE
CAND-01692,27/06/24,26,M,783019,2,31377,1,0.395,2,FALSE,,0.756,0.992,21.9,12320,1173916,libre_inversion,TRUE
CAND-01341,27/06/24,37,M,1233000,7,174650,2,0.342,2,FALSE,,0.984,0.928,38.2,0,298510,libre_inversion,TRUE
CAND-01696,27/06/24,25,M,1143585,2,11395,2,0.424,1,TRUE,645,0.425,0.707,11.3,0,464410,avance_efectivo,TRUE
CAND-00786,27/06/24,34,H,1141521,16,8571,9,0.517,3,TRUE,646,0.845,0.725,35.7,0,443547,libre_inversion,TRUE
CAND-02224,27/06/24,46,H,793979,49,14826,25,0.419,1,FALSE,,,0.883,64.7,0,819197,libre_inversion,TRUE
CAND-01944,27/06/24,30,M,859716,60,9398,31,0.134,2,FALSE,,0.586,0.861,85.4,0,607858,libre_inversion,TRUE
CAND-02605,27/06/24,25,H,3138214,23,18090,7,0.413,4,FALSE,,0.715,0.761,14.6,0,356381,libre_inversion,TRUE
CAND-02603,27/06/24,30,H,10.825.871.812.540.200,8,15354,4,0.322,3,FALSE,,0.497,0.729,68.4,0,1243311,compra_cartera,TRUE
CAND-01228,27/06/24,42,M,658470,21,43090,19,0.445,3,FALSE,,0.745,0.928,39.4,0,707416,libre_inversion,TRUE
CAND-00609,27/06/24,45,M,671214,21,55473,7,0.278,4,TRUE,629,0.33,0.886,68.6,0,494504,avance_efectivo,TRUE
CAND-01743,27/06/24,44,H,1088093,8,18942,2,0.207,1,FALSE,,0.493,0.662,52,0,847580,libre_inversion,TRUE
CAND-02400,27/06/24,23,M,796203,40,136022,17,0.264,2,FALSE,,0.438,0.858,35.8,0,1412,avance_efectivo,TRUE
CAND-02946,27/06/24,39,M,2764398,41,19236,26,0.244,1,TRUE,608,0.633,0.852,45.1,0,269278,libre_inversion,TRUE
CAND-02153,27/06/24,46,H,1489301,17,23637,10,0.584,2,FALSE,,0.81,0.849,56.9,0,652248,libre_inversion,TRUE
CAND-02830,27/06/24,38,M,1156504,8,138830,2,0.405,1,FALSE,,0.734,0.643,22.7,0,330105,libre_inversion,TRUE
CAND-02170,27/06/24,45,H,2883486,14,67337,10,0.409,2,TRUE,656,0.781,0.644,50,0,1278508,libre_inversion,TRUE
CAND-00494,27/06/24,43,H,1031651,1,130496,0,0.782,5,TRUE,673,0.905,0.875,71.8,0,3961521,compra_cartera,TRUE
CAND-00133,27/06/24,24,H,436532,7,56533,3,0.469,5,TRUE,621,0.644,0.872,58.7,0,797039,avance_efectivo,TRUE
CAND-00300,27/06/24,36,H,774046,31,50835,14,0.468,3,FALSE,,0.886,0.929,27.7,0,782382,libre_inversion,TRUE
CAND-01037,27/06/24,34,H,446985,21,62375,9,0.494,1,FALSE,,,0.776,50.7,0,407030,libre_inversion,TRUE
CAND-02402,27/06/24,46,H,1014761,6,35555,2,0.351,1,FALSE,,0.949,0.636,48.1,0,826701,compra_cartera,TRUE
CAND-00813,27/06/24,44,M,1500894,3,43232,2,0.515,2,TRUE,819,0.771,0.255,54.8,0,879681,avance_efectivo,TRUE
CAND-01191,28/06/24,34,H,1225914,26,47042,14,0.415,3,FALSE,,0.935,0.6,83.7,0,1226068,avance_efectivo,TRUE
CAND-01097,28/06/24,41,H,1743080,1,9454,3,0.29,3,FALSE,,0.659,0.833,36.9,0,446313,libre_inversion,TRUE
CAND-00931,28/06/24,44,H,1017061,2,2614,2,0.479,4,TRUE,634,0.929,0.713,41.2,0,687165,libre_inversion,TRUE
CAND-02293,28/06/24,27,H,1251771,5,85882,5,0.424,1,TRUE,801,0.55,0.72,43.1,25425,1179200,libre_inversion,TRUE
CAND-02441,28/06/24,30,H,1649294,31,47948,16,0.063,5,FALSE,,0.585,0.939,48.3,0,1232478,compra_cartera,TRUE
CAND-00556,28/06/24,39,M,1299279,8,32070,2,0.44,1,TRUE,759,0.847,0.574,45.3,0,235455,avance_efectivo,TRUE
CAND-01300,28/06/24,33,H,755396,9,93032,6,0.312,4,TRUE,460,0.892,0.64,73.7,0,569634,libre_inversion,TRUE
CAND-02292,28/06/24,29,M,946590,1,26125,0,0.483,3,FALSE,,0.667,0.307,28.5,0,1460286,libre_inversion,TRUE
CAND-02144,28/06/24,26,M,1632897,9,9617,9,0.602,1,TRUE,668,0.746,0.939,40.9,0,309375,libre_inversion,TRUE
CAND-02464,28/06/24,38,H,1372105,3,42733,3,0.297,2,TRUE,740,0.776,0.705,68.3,0,465943,libre_inversion,TRUE
CAND-01954,28/06/24,37,M,932038,5,91142,1,0.88,2,TRUE,702,0.736,0.671,50.9,0,342128,libre_inversion,TRUE
CAND-02221,29/06/24,44,H,948054,12,26699,4,0.429,1,FALSE,,0.785,0.941,100,0,130903,avance_efectivo,TRUE
CAND-00472,29/06/24,41,M,1118809,39,56427,20,0.335,2,FALSE,,0.9,0.954,38.5,0,728421,compra_cartera,TRUE
CAND-02208,29/06/24,28,M,322992,23,103209,15,0.317,3,FALSE,,0.885,0.787,63.9,0,544301,compra_cartera,TRUE
CAND-00692,29/06/24,43,NB,1437716,17,68040,8,0.407,3,FALSE,,0.475,0.854,29.7,0,951081,libre_inversion,TRUE
CAND-00312,29/06/24,33,H,939214,48,64867,25,0.123,4,FALSE,,0.25,0.991,27.4,0,1143979,libre_inversion,TRUE
CAND-00262,29/06/24,41,H,704334,38,71248,18,0.531,1,TRUE,572,0.555,0.776,61.9,0,400143,avance_efectivo,TRUE
CAND-00442,29/06/24,47,M,3424801,3,107064,1,0.273,1,FALSE,,0.642,0.867,53.1,0,769723,compra_cartera,TRUE
CAND-01561,29/06/24,36,H,961851,21,66609,5,0.336,3,TRUE,703,0.708,0.967,80.6,0,860594,avance_efectivo,TRUE
CAND-00943,29/06/24,48,H,3164009,3,8065,2,0.317,1,FALSE,,0.923,0.576,60.8,0,375973,libre_inversion,TRUE
CAND-00254,29/06/24,33,M,831888,23,55122,7,0.557,1,FALSE,,0.678,0.735,34.3,0,596074,compra_cartera,TRUE
CAND-02583,29/06/24,31,M,1209263,9,10714,5,0.61,4,TRUE,578,0.765,0.774,62.2,0,331600,libre_inversion,TRUE
CAND-01107,29/06/24,38,M,1895718,23,11237,8,0.292,2,FALSE,,0.757,0.506,33.1,0,899280,avance_efectivo,TRUE
CAND-01568,29/06/24,37,M,1041517,14,50159,7,0.539,2,FALSE,,0.666,0.703,53.3,0,737621,compra_cartera,TRUE
CAND-00816,29/06/24,37,H,1362086,18,40177,9,0.853,2,FALSE,,0.741,0.838,54.8,0,167684,avance_efectivo,TRUE
CAND-00729,30/06/24,42,M,1945370,34,50220,9,0.541,3,FALSE,,0.881,0.924,53.7,0,220756,libre_inversion,TRUE
CAND-01254,30/06/24,18,H,1817955,9,50517,3,0.715,3,TRUE,503,0.59,,62.1,0,803840,libre_inversion,TRUE
CAND-01937,30/06/24,37,M,24.082.362.260.420.200,1,38821,1,0.902,1,FALSE,,0.694,0.867,60,0,281138,libre_inversion,TRUE
CAND-02468,30/06/24,53,H,523794,14,52736,5,0.424,3,TRUE,737,0.907,0.258,22.5,0,204867,libre_inversion,TRUE
CAND-02492,30/06/24,32,M,932422,32,31667,15,0.04,2,TRUE,593,0.777,0.888,57,0,1857594,libre_inversion,TRUE
CAND-02800,30/06/24,28,M,1049685,17,30335,17,0.502,1,FALSE,,0.68,0.96,43.2,0,382384,avance_efectivo,TRUE
CAND-00467,30/06/24,26,M,1173634,44,42245,21,0.388,1,FALSE,,0.827,,15.2,0,814911,libre_inversion,TRUE
CAND-01728,30/06/24,57,M,1674118,32,50496,13,0.59,3,TRUE,768,0.685,0.633,46.8,0,833486,libre_inversion,TRUE
CAND-02273,30/06/24,18,H,1806179,6,116983,3,0.802,1,FALSE,,0.478,0.791,57.1,0,357135,libre_inversion,TRUE
CAND-02017,30/06/24,22,H,1308318,10,20302,2,0.842,1,TRUE,653,0.924,,63.1,0,1026512,compra_cartera,TRUE
CAND-01967,30/06/24,41,M,2106935,10,24200,5,0.367,2,FALSE,,0.585,0.83,44.1,0,361022,libre_inversion,TRUE
CAND-02867,30/06/24,31,M,2554797,8,42547,3,0.915,4,TRUE,726,0.834,0.256,99.3,0,611026,avance_efectivo,TRUE
CAND-02489,01/07/24,32,M,1645807,21,51687,10,0.098,1,FALSE,,0.779,0.882,53.7,0,383884,avance_efectivo,TRUE
CAND-02435,01/07/24,38,M,589565,6,12239,1,0.444,2,FALSE,,0.505,0.89,37.9,0,566638,avance_efectivo,TRUE
CAND-00230,01/07/24,20,H,1331816,19,38815,7,0.318,1,FALSE,,0.93,0.814,35.6,0,430163,compra_cartera,TRUE
CAND-01671,01/07/24,45,H,792476,5,100633,1,0.527,1,TRUE,605,0.684,0.904,20.3,0,258676,compra_cartera,TRUE
CAND-01108,01/07/24,49,H,1425405,23,18057,12,0.642,2,TRUE,466,0.905,0.83,44.4,0,366896,avance_efectivo,TRUE
CAND-02089,01/07/24,18,H,903356,10,5383,2,0.161,2,TRUE,719,0.778,0.686,62.9,0,1715280,libre_inversion,TRUE
CAND-01102,01/07/24,49,M,1234215,45,35349,16,0.22,1,FALSE,,0.456,0.59,43.6,0,229560,avance_efectivo,TRUE
CAND-00439,02/07/24,42,M,1047474,12,58991,6,0.411,5,FALSE,,0.565,0.627,42.8,0,821768,libre_inversion,TRUE
CAND-00963,02/07/24,45,H,1507964,57,12468,29,0.256,2,FALSE,,0.843,0.443,50.5,0,749743,libre_inversion,TRUE
CAND-02553,02/07/24,18,M,1209646,2,55301,1,0.31,1,TRUE,533,0.644,0.533,45,0,311041,libre_inversion,TRUE
CAND-01627,02/07/24,35,H,976393,2,15988,1,0.262,1,TRUE,635,0.907,0.793,46.1,0,510463,libre_inversion,TRUE
CAND-01609,02/07/24,32,NB,703236,2,70609,3,0.42,2,FALSE,,0.975,0.87,48.5,0,655876,compra_cartera,TRUE
CAND-01271,02/07/24,39,H,328279,3,113953,2,0.183,4,TRUE,645,0.828,0.806,56.1,0,107540,libre_inversion,TRUE
CAND-02942,02/07/24,46,M,959875,30,15212,12,0.731,5,FALSE,,0.714,0.826,67.4,0,744265,avance_efectivo,TRUE
CAND-02496,02/07/24,25,M,1531432,1,15867,1,0.787,4,FALSE,,0.624,0.911,48.7,0,572585,libre_inversion,TRUE
CAND-00678,02/07/24,36,M,1531168,16,9417,12,0.604,1,TRUE,698,0.89,0.702,49.4,0,496891,libre_inversion,TRUE
CAND-01994,02/07/24,43,H,1122197,9,34522,2,0.558,3,TRUE,755,0.709,0.708,53,0,573415,libre_inversion,TRUE
CAND-00663,02/07/24,22,M,1372037,25,63199,20,0.195,4,TRUE,583,0.916,0.566,55.8,0,248494,libre_inversion,TRUE
CAND-02430,02/07/24,41,H,626041,21,28749,8,0.408,1,FALSE,,0.675,0.714,56.8,0,1392409,compra_cartera,TRUE
CAND-02283,03/07/24,50,M,1405473,4,25984,1,0.397,3,FALSE,,0.944,0.861,60,0,808519,libre_inversion,TRUE
CAND-01523,03/07/24,21,H,746087,8,27975,7,0.28,2,FALSE,,0.807,0.743,87.9,0,639919,compra_cartera,TRUE
CAND-00453,03/07/24,23,H,1458280,11,49058,5,0.482,4,TRUE,757,0.631,0.675,64.5,0,472875,libre_inversion,TRUE
CAND-00949,03/07/24,26,H,628119,12,83165,6,0.352,2,FALSE,,0.643,0.827,33.2,0,739260,libre_inversion,TRUE
CAND-00382,04/07/24,49,M,1297362,2,37701,0,0.269,2,TRUE,699,0.73,0.651,33.5,0,1485848,libre_inversion,TRUE
CAND-02509,04/07/24,29,M,1400991,4,3245,0,0.17,4,FALSE,,0.55,0.874,53.2,0,291566,compra_cartera,TRUE
CAND-02513,04/07/24,38,M,1380189,19,40538,12,0.198,3,FALSE,,0.563,0.66,73.4,0,429834,avance_efectivo,TRUE
CAND-02961,04/07/24,33,M,1574810,20,16017,8,0.755,3,TRUE,728,0.779,0.85,24.5,0,348641,avance_efectivo,TRUE
CAND-02823,04/07/24,31,H,1100633,37,5870,28,0.075,4,FALSE,,0.592,0.604,39,0,724729,avance_efectivo,TRUE
CAND-00881,04/07/24,48,H,518117,7,52397,2,0.256,1,FALSE,,0.494,0.765,22.8,0,165565,avance_efectivo,TRUE
CAND-00992,04/07/24,45,M,2528788,2,83955,1,0.026,1,TRUE,430,0.637,0.664,70.4,0,506939,libre_inversion,TRUE
CAND-02420,04/07/24,36,M,529633,6,68986,2,0.634,1,FALSE,,0.79,0.841,58.8,0,793273,libre_inversion,TRUE
CAND-02455,04/07/24,27,H,969537,29,25947,12,0.185,1,TRUE,698,0.977,0.464,16.5,0,1640231,avance_efectivo,TRUE
CAND-01801,04/07/24,34,H,2022920,2,52557,0,0.572,5,FALSE,,,0.81,41.4,0,762968,libre_inversion,TRUE
CAND-01379,04/07/24,46,M,1691813,5,107384,4,0.487,1,TRUE,687,0.792,0.835,26.1,26368,825149,libre_inversion,TRUE
CAND-01219,05/07/24,21,M,643919,3,30852,1,0.41,5,FALSE,,0.616,0.775,38.5,0,330510,compra_cartera,TRUE
CAND-01688,05/07/24,28,H,918002,3,20406,1,0.249,1,FALSE,,0.708,0.95,67.8,0,588977,compra_cartera,TRUE
CAND-01031,05/07/24,42,H,3215264,13,46437,5,0.327,1,FALSE,,0.625,0.653,57.4,0,728452,libre_inversion,TRUE
CAND-02837,05/07/24,20,M,2399117,6,1994,5,0.393,3,TRUE,725,0.862,0.874,56.3,0,618694,libre_inversion,FALSE
CAND-01410,05/07/24,21,H,549933,38,78443,20,0.657,1,TRUE,533,0.872,0.683,20.9,0,612798,avance_efectivo,TRUE
CAND-01961,05/07/24,32,NB,1166630,1,66383,0,0.102,2,TRUE,538,0.746,0.568,28.8,0,1203515,libre_inversion,TRUE
CAND-01023,05/07/24,24,M,1410736,5,73412,5,0.195,2,TRUE,610,0.418,0.394,1.3,0,542995,avance_efectivo,FALSE
CAND-01526,05/07/24,45,H,2070052,13,14623,7,0.303,3,FALSE,,0.566,0.689,47.9,0,477218,avance_efectivo,TRUE
CAND-00886,05/07/24,26,H,1659944,12,49035,3,0.408,5,TRUE,679,0.703,0.871,31.9,0,1087164,libre_inversion,TRUE
CAND-01323,05/07/24,58,H,1271114,39,30642,28,0.604,1,FALSE,,0.931,0.556,63.5,0,843328,libre_inversion,FALSE
CAND-01951,06/07/24,28,H,10.439.683.349.779.600,14,11742,4,0.547,2,FALSE,,0.698,0.705,83.5,0,1246695,libre_inversion,FALSE
CAND-01615,06/07/24,18,H,1271557,4,40633,5,0.436,3,FALSE,,0.725,,31.2,0,274127,libre_inversion,TRUE
CAND-00094,06/07/24,35,H,1344604,13,105897,7,0.318,3,TRUE,644,0.594,0.682,22.9,0,739951,avance_efectivo,TRUE
CAND-01969,06/07/24,27,M,1472892,15,29167,5,0.784,1,FALSE,,0.745,,35.3,0,298378,compra_cartera,TRUE
CAND-01007,06/07/24,21,H,547352,41,52372,29,0.32,1,FALSE,,0.735,0.744,76.1,0,400506,libre_inversion,TRUE
CAND-00137,06/07/24,36,H,740974,16,27960,7,0.57,2,TRUE,705,0.909,,40.6,13273,263794,libre_inversion,TRUE
CAND-00888,06/07/24,18,H,2086302,15,34969,3,0.339,2,TRUE,759,0.82,0.728,47.2,0,703451,avance_efectivo,TRUE
CAND-02850,06/07/24,39,H,1145532,9,124958,5,0.229,1,FALSE,,0.9,0.713,20.2,0,442048,avance_efectivo,TRUE
CAND-01217,06/07/24,36,H,828589,9,13082,5,0.531,4,FALSE,,0.748,0.882,41.3,0,139541,libre_inversion,TRUE
CAND-00315,06/07/24,45,H,356684,28,50295,13,0.399,1,FALSE,,0.698,0.924,35.2,9435,279906,libre_inversion,TRUE
CAND-01062,07/07/24,34,H,902142,9,77868,8,0.617,3,TRUE,659,0.722,0.547,61.2,0,375739,avance_efectivo,TRUE
CAND-02945,07/07/24,43,H,886415,19,6469,10,0.439,2,FALSE,,0.942,0.714,73.9,0,245497,libre_inversion,TRUE
CAND-02516,07/07/24,36,M,1269035,38,16234,19,0.361,2,TRUE,599,0.476,0.8,66.7,0,984171,libre_inversion,TRUE
CAND-02326,07/07/24,42,H,1102411,16,23502,9,0.124,1,TRUE,833,0.881,0.739,96.6,0,1185538,compra_cartera,TRUE
CAND-01987,08/07/24,42,H,995923,1,47997,1,0.58,2,FALSE,,0.729,0.734,47.1,0,1000217,libre_inversion,TRUE
CAND-00694,08/07/24,18,M,667364,12,67404,3,0.49,4,FALSE,,0.822,0.831,13,0,1901909,libre_inversion,TRUE
CAND-02391,08/07/24,47,M,947485,20,67714,6,0.319,2,TRUE,468,0.628,0.736,63.9,0,251938,avance_efectivo,TRUE
CAND-00933,08/07/24,27,NB,647747,2,46534,0,0.35,2,TRUE,616,0.962,0.416,62.3,0,472545,libre_inversion,TRUE
CAND-01820,08/07/24,43,NB,1407614,9,104023,3,0.227,2,TRUE,694,0.902,0.782,59.5,0,946694,libre_inversion,TRUE
CAND-02725,08/07/24,31,H,596978,4,89551,4,0.187,1,TRUE,528,0.49,0.755,21.7,0,1026671,avance_efectivo,TRUE
CAND-01938,08/07/24,34,M,20.612.962.232.483.400,22,39971,11,0.526,1,FALSE,,0.679,0.821,65.5,0,140815,avance_efectivo,TRUE
CAND-01657,08/07/24,42,H,1430062,10,87702,3,0.28,1,FALSE,,0.525,0.88,71.5,0,1508120,compra_cartera,TRUE
CAND-00278,08/07/24,21,H,1403907,3,71917,1,0.204,2,TRUE,617,0.557,0.456,39.3,0,631742,compra_cartera,TRUE
CAND-00196,09/07/24,26,H,506839,3,19929,2,0.547,3,TRUE,709,,0.574,69.7,0,482546,libre_inversion,TRUE
CAND-01793,09/07/24,34,M,700382,10,62650,1,0.089,1,FALSE,,0.856,0.757,9.3,0,408869,libre_inversion,TRUE
CAND-01337,09/07/24,33,M,1454413,8,20623,4,0.433,1,TRUE,682,0.846,0.521,41.2,0,1036354,libre_inversion,TRUE
CAND-01367,09/07/24,18,M,2208070,60,44408,33,0.219,2,FALSE,,0.654,0.726,39.6,0,787110,avance_efectivo,TRUE
CAND-02760,09/07/24,36,M,776329,39,13761,21,0.387,1,TRUE,744,0.407,0.308,46.9,0,1169524,libre_inversion,TRUE
CAND-01229,09/07/24,32,H,1031203,7,137449,5,0.101,2,TRUE,653,0.934,0.908,48.1,0,271662,libre_inversion,TRUE
CAND-02864,09/07/24,55,M,1192831,5,13531,1,0.271,4,FALSE,,0.775,0.875,70.1,0,1726565,compra_cartera,TRUE
CAND-01678,09/07/24,32,M,1478266,3,39351,2,0.286,2,TRUE,679,0.709,0.881,49.2,0,679456,libre_inversion,TRUE
CAND-02970,09/07/24,27,H,344459,1,13471,0,0.439,4,FALSE,,0.977,0.638,73.6,0,1511073,libre_inversion,TRUE
CAND-02590,09/07/24,28,NB,1339734,6,59896,0,0.629,1,FALSE,,0.882,0.929,71.4,0,509931,compra_cartera,TRUE
CAND-01293,09/07/24,26,M,1198808,35,99616,19,0.713,3,TRUE,660,0.869,0.58,58.5,0,656744,libre_inversion,TRUE
CAND-02690,10/07/24,28,H,560859,19,28368,12,0.325,1,TRUE,656,0.484,0.801,45.5,0,595651,libre_inversion,TRUE
CAND-00473,10/07/24,21,H,962661,14,41468,5,0.228,1,TRUE,682,0.71,0.758,38.2,0,531980,libre_inversion,TRUE
CAND-00081,10/07/24,24,M,1983933,3,66001,3,0.482,2,TRUE,665,0.423,0.927,77.1,0,1002810,avance_efectivo,TRUE
CAND-02647,10/07/24,29,M,918087,10,64944,10,0.497,1,FALSE,,,0.844,85.4,0,839815,compra_cartera,TRUE
CAND-02110,10/07/24,26,H,1975934,1,53443,1,0.609,1,TRUE,560,0.751,0.904,0,0,965956,libre_inversion,TRUE
CAND-02284,10/07/24,36,M,863715,40,49645,21,0.626,2,FALSE,,0.921,0.802,88.2,0,1451519,compra_cartera,TRUE
CAND-00537,10/07/24,39,H,1109423,23,71688,11,0.302,1,TRUE,616,0.82,0.8,44.7,0,158150,compra_cartera,TRUE
CAND-02197,10/07/24,37,M,2249800,16,37930,9,0.394,4,TRUE,678,0.642,0.62,44.8,0,599935,libre_inversion,TRUE
CAND-02291,11/07/24,23,H,659385,26,25967,17,0.138,2,FALSE,,0.869,0.663,45.3,0,265042,avance_efectivo,FALSE
CAND-02817,11/07/24,30,H,1112852,12,35051,5,0.325,4,FALSE,,,0.695,53.6,0,656506,compra_cartera,TRUE
CAND-02798,11/07/24,47,H,1614700,1,42379,1,0.826,3,TRUE,596,0.919,0.813,10,0,755214,libre_inversion,TRUE
CAND-01979,11/07/24,42,H,1089354,3,129150,0,0.493,1,FALSE,,0.972,0.606,77.9,0,448725,avance_efectivo,TRUE
CAND-00321,11/07/24,20,M,1862622,15,199487,4,0.103,1,FALSE,,,0.788,66.1,0,613912,avance_efectivo,TRUE
CAND-00181,11/07/24,32,H,1682333,6,26011,3,0.357,3,FALSE,,0.879,0.636,49.2,0,779406,libre_inversion,TRUE
CAND-01648,11/07/24,41,H,1420050,21,28136,13,0.73,2,FALSE,,0.736,0.785,47.7,0,501755,libre_inversion,TRUE
CAND-00171,11/07/24,51,H,553673,1,86450,1,0.331,3,TRUE,676,0.855,0.747,67.2,0,633496,compra_cartera,TRUE
CAND-01792,12/07/24,38,H,2449754,2,58342,2,0.674,1,FALSE,,0.361,0.749,77.6,0,145838,libre_inversion,TRUE
CAND-00848,12/07/24,45,M,960731,8,60874,3,0.146,5,FALSE,,0.637,0.508,48.4,0,396003,libre_inversion,TRUE
CAND-00408,12/07/24,25,H,906228,17,44169,3,0.376,1,TRUE,715,0.48,0.821,42.8,0,440586,libre_inversion,TRUE
CAND-02201,12/07/24,43,M,2983344,4,41009,3,0.174,2,FALSE,,0.798,0.883,56.3,0,520766,avance_efectivo,TRUE
CAND-02210,12/07/24,57,H,606218,1,18101,1,0.567,3,FALSE,,0.874,0.696,39.7,0,1061673,compra_cartera,TRUE
CAND-02312,12/07/24,36,H,896342,3,34692,3,0.618,3,FALSE,,0.935,0.859,49.2,0,1072683,libre_inversion,TRUE
CAND-00617,12/07/24,47,H,1144815,8,38254,3,0.434,3,FALSE,,0.608,0.852,45.6,0,970892,libre_inversion,TRUE
CAND-01486,12/07/24,38,M,1334465,22,84327,13,0.635,3,FALSE,,0.851,,28.3,0,309022,libre_inversion,TRUE
CAND-00897,12/07/24,40,M,1056796,4,117717,0,0.428,4,TRUE,503,0.736,0.679,43.9,0,434075,libre_inversion,TRUE
CAND-00187,12/07/24,38,M,1177797,6,56546,6,0.393,2,FALSE,,0.643,0.492,28.2,0,818285,avance_efectivo,TRUE
CAND-02390,13/07/24,44,M,922355,17,81041,6,0.414,3,FALSE,,,0.869,58.1,0,794069,libre_inversion,TRUE
CAND-01499,13/07/24,33,H,804967,3,72058,1,0.239,3,TRUE,671,0.908,0.624,31.9,0,443369,compra_cartera,TRUE
CAND-00413,13/07/24,33,H,1622428,3,32102,1,0.825,5,TRUE,711,0.97,0.886,45.9,0,1326780,compra_cartera,TRUE
CAND-02038,13/07/24,23,H,1525169,11,20808,4,0.34,5,FALSE,,,0.856,54.6,0,577436,compra_cartera,TRUE
CAND-02687,14/07/24,38,H,758565,6,17556,4,0.15,3,FALSE,,0.741,0.883,20.9,0,445219,compra_cartera,TRUE
CAND-01478,14/07/24,23,M,1614727,16,13614,8,0.259,4,TRUE,720,0.709,0.784,62.2,0,682656,compra_cartera,TRUE
CAND-01901,14/07/24,27,M,1163919,14,28988,5,0.278,2,FALSE,,0.802,0.505,39.2,0,281185,libre_inversion,TRUE
CAND-00260,14/07/24,28,H,1367886,39,47402,17,0.68,3,FALSE,,0.894,0.351,70.4,0,363811,compra_cartera,TRUE
CAND-01355,14/07/24,37,H,1079460,40,17062,22,0.189,3,FALSE,,0.692,0.563,73.8,22153,484736,compra_cartera,TRUE
CAND-00189,14/07/24,22,NB,1136305,2,21470,1,0.319,1,TRUE,588,,0.698,90,0,455468,compra_cartera,TRUE
CAND-01156,14/07/24,49,H,1309166,24,16457,15,0.324,1,TRUE,735,0.772,,46.3,0,592777,compra_cartera,TRUE
CAND-02158,14/07/24,33,H,1307573,29,51040,16,0.157,2,FALSE,,0.587,0.911,63.2,0,455594,avance_efectivo,TRUE
CAND-00567,14/07/24,37,H,594427,16,16474,10,0.496,1,FALSE,,,0.717,58.6,0,479180,libre_inversion,TRUE
CAND-01110,14/07/24,18,H,1023726,6,53061,5,0.634,3,TRUE,566,0.745,0.693,37.7,0,742284,libre_inversion,TRUE
CAND-01273,14/07/24,35,M,1393805,1,24145,1,0.425,3,FALSE,,0.822,0.967,58.2,0,552350,avance_efectivo,TRUE
CAND-01756,14/07/24,35,M,484368,8,39335,5,0.785,3,TRUE,756,0.941,0.766,43.5,0,574732,libre_inversion,TRUE
CAND-01576,15/07/24,29,H,902659,30,64751,9,0.464,2,TRUE,818,0.642,0.543,27.4,0,519069,libre_inversion,TRUE
CAND-01624,15/07/24,20,H,2042352,23,21399,10,0.345,4,TRUE,555,0.557,0.971,37.2,0,566608,libre_inversion,TRUE
CAND-01416,15/07/24,41,M,1791095,1,11044,0,0.564,2,FALSE,,0.834,0.585,32.6,0,542038,avance_efectivo,TRUE
CAND-02376,15/07/24,47,M,1223080,1,105354,1,0.166,3,TRUE,682,0.654,0.877,75.5,0,589989,libre_inversion,TRUE
CAND-00121,15/07/24,25,M,1936022,7,108664,2,0.471,4,TRUE,706,0.871,0.782,59.2,0,529004,libre_inversion,TRUE
CAND-02412,15/07/24,41,M,1195478,21,84966,10,0.236,1,FALSE,,0.772,0.547,32.6,0,693197,libre_inversion,TRUE
CAND-01117,15/07/24,33,M,1251404,6,18292,3,0.232,3,FALSE,,0.71,0.736,41.3,0,441633,avance_efectivo,TRUE
CAND-00308,15/07/24,29,M,2184222,2,35789,3,0.148,3,FALSE,,0.75,0.552,89.6,0,163946,avance_efectivo,FALSE
CAND-01126,15/07/24,32,M,1923003,13,36543,9,0.293,2,FALSE,,0.691,0.455,28,0,496068,libre_inversion,TRUE
CAND-00089,15/07/24,31,M,1717658,15,46881,8,0.153,1,TRUE,665,0.789,0.922,40.4,0,574314,libre_inversion,TRUE
CAND-02806,15/07/24,48,H,703683,19,86418,9,0.675,3,FALSE,,0.887,0.664,68.5,0,261140,libre_inversion,TRUE
CAND-02657,15/07/24,22,M,405103,18,15272,9,0.334,2,FALSE,,0.884,0.942,47.9,0,223137,libre_inversion,TRUE
CAND-02285,15/07/24,39,H,2423672,1,50343,1,0.264,3,FALSE,,0.935,0.708,44.5,0,473489,libre_inversion,TRUE
CAND-00343,16/07/24,18,H,1042883,1,59836,1,0.865,3,TRUE,573,0.393,0.935,21.8,0,850512,libre_inversion,TRUE
CAND-01238,16/07/24,37,H,1119433,4,48885,0,0.747,3,TRUE,690,0.716,0.931,84.9,0,1113596,libre_inversion,TRUE
CAND-02040,16/07/24,25,H,2081403,3,63372,0,0.277,1,FALSE,,0.851,0.601,19.2,0,513268,libre_inversion,TRUE
CAND-02497,16/07/24,50,M,2195003,19,60930,9,0.398,1,FALSE,,0.859,0.667,32.9,0,1275088,libre_inversion,TRUE
CAND-00225,16/07/24,23,M,762810,1,35506,0,0.524,1,TRUE,423,0.702,0.724,53.6,0,276713,avance_efectivo,TRUE
CAND-01213,16/07/24,40,M,890513,60,76847,30,0.154,1,FALSE,,0.862,,64.2,0,728195,libre_inversion,TRUE
CAND-00797,16/07/24,33,M,651764,17,39709,6,0.56,1,TRUE,635,0.716,0.902,70.2,0,1319284,libre_inversion,TRUE
CAND-01592,16/07/24,52,M,878619,3,26702,1,0.647,1,FALSE,,0.675,,43.5,0,412939,libre_inversion,TRUE
CAND-00072,16/07/24,28,M,1258889,1,70886,2,0.262,3,FALSE,,0.84,0.906,54.6,0,838783,compra_cartera,TRUE
CAND-02043,16/07/24,36,H,2193053,21,25203,6,0.454,3,TRUE,698,0.719,0.458,66.7,0,1301009,avance_efectivo,TRUE
CAND-00098,16/07/24,34,M,1425838,10,60113,3,0.219,2,TRUE,585,0.685,0.687,64.6,0,880899,libre_inversion,TRUE
CAND-02379,16/07/24,50,M,1040449,60,102059,35,0.493,2,FALSE,,0.907,0.55,24.1,0,689232,compra_cartera,TRUE
CAND-02572,16/07/24,26,H,834285,11,145214,6,0.343,2,TRUE,789,0.749,0.219,55.2,0,100000,libre_inversion,TRUE
CAND-02331,17/07/24,34,M,1018742,9,34316,5,0.307,2,FALSE,,0.895,0.519,28.3,0,319880,compra_cartera,TRUE
CAND-01490,17/07/24,44,NB,1869643,23,48217,6,0.594,1,TRUE,718,0.867,0.819,45.5,0,238615,avance_efectivo,TRUE
CAND-00411,17/07/24,29,M,708427,11,10047,3,0.365,3,FALSE,,,0.418,52.1,0,649090,compra_cartera,TRUE
CAND-02739,17/07/24,33,M,1718474,12,108884,4,0.244,4,TRUE,651,0.63,,77.6,0,913726,libre_inversion,FALSE
CAND-02246,18/07/24,49,H,878201,34,76396,9,0.29,1,TRUE,563,0.974,0.555,74,0,340280,avance_efectivo,FALSE
CAND-02231,18/07/24,58,M,930031,6,124369,3,0.253,2,FALSE,,0.849,0.768,53.9,0,1332298,libre_inversion,TRUE
CAND-01855,18/07/24,43,M,1114112,30,35594,25,0.302,2,TRUE,857,0.542,0.432,70.9,0,304326,libre_inversion,TRUE
CAND-00421,18/07/24,43,H,1757011,5,21292,2,0.666,3,FALSE,,0.812,0.851,55.6,0,437898,compra_cartera,TRUE
CAND-02683,18/07/24,19,M,825706,29,55660,17,0.605,3,FALSE,,0.809,0.703,23.4,0,343287,compra_cartera,TRUE
CAND-02177,18/07/24,19,M,1407678,58,22193,17,0.345,2,TRUE,614,0.863,0.93,85.9,15146,600488,libre_inversion,TRUE
CAND-01078,18/07/24,27,M,685678,23,32050,14,0.628,2,FALSE,,0.941,0.79,53,0,1101182,libre_inversion,TRUE
CAND-02871,18/07/24,36,NB,652393,6,27347,4,0.51,1,FALSE,,0.886,0.918,23.5,0,296822,libre_inversion,TRUE
CAND-00246,18/07/24,39,H,813380,19,46359,11,0.42,4,TRUE,641,0.612,0.686,63.7,0,1226784,compra_cartera,TRUE
CAND-00077,18/07/24,26,M,1456766,22,52260,11,0.537,3,FALSE,,0.814,0.636,36.4,0,1571406,compra_cartera,TRUE
CAND-00402,18/07/24,31,H,1039268,9,78730,4,0.286,1,FALSE,,0.549,0.811,36.4,0,903841,avance_efectivo,TRUE
CAND-00843,19/07/24,41,H,2038103,7,19426,2,0.596,3,TRUE,716,0.776,0.754,45.4,0,295188,libre_inversion,TRUE
CAND-02185,19/07/24,35,H,1185910,2,65572,0,0.591,3,TRUE,730,0.888,0.694,42.1,0,347294,compra_cartera,TRUE
CAND-02488,19/07/24,29,H,413637,2,28882,0,0.319,2,FALSE,,0.733,0.808,27.1,0,553151,compra_cartera,TRUE
CAND-00273,19/07/24,28,H,895578,8,37994,5,0.358,3,FALSE,,0.771,0.72,43.2,0,724063,libre_inversion,TRUE
CAND-01791,19/07/24,18,M,2205381,1,28416,1,0.528,4,TRUE,458,0.812,0.731,37,0,311992,compra_cartera,TRUE
CAND-01020,19/07/24,51,M,851360,8,85900,5,0.316,1,TRUE,628,0.883,0.822,43.7,0,254900,avance_efectivo,TRUE
CAND-00346,19/07/24,18,M,1184261,8,123600,5,0.604,1,TRUE,658,0.531,0.952,33.2,0,474918,libre_inversion,TRUE
CAND-01591,19/07/24,35,H,1058647,28,52012,19,0.495,2,FALSE,,0.924,0.563,74.6,0,697458,avance_efectivo,TRUE
CAND-01835,19/07/24,39,M,1457702,2,23492,0,0.395,3,FALSE,,0.728,0.983,54.7,0,363582,libre_inversion,TRUE
CAND-00096,19/07/24,35,M,1591467,8,20219,2,0.515,3,TRUE,635,0.503,0.622,26.5,0,810867,compra_cartera,TRUE
CAND-02903,19/07/24,40,M,876559,16,24874,6,0.072,5,FALSE,,0.825,0.649,89.5,0,292512,libre_inversion,TRUE
CAND-00266,19/07/24,18,H,1677601,6,29518,3,0.259,2,TRUE,753,0.775,0.88,38.6,0,571554,compra_cartera,TRUE
CAND-01265,19/07/24,43,M,2197941,17,23535,4,0.256,1,TRUE,629,0.869,0.823,68.7,0,1253713,libre_inversion,TRUE
CAND-02885,20/07/24,43,H,1557805,1,13916,2,0.296,5,FALSE,,0.895,0.502,64.6,0,823142,compra_cartera,TRUE
CAND-00968,20/07/24,52,H,1050167,4,26986,1,0.594,1,TRUE,508,0.612,0.493,40.7,16977,403512,compra_cartera,TRUE
CAND-00683,20/07/24,49,H,1026972,7,28228,4,0.662,1,TRUE,659,0.866,0.72,76.4,0,891391,compra_cartera,TRUE
CAND-01736,20/07/24,40,H,1108151,6,106602,2,0.274,1,FALSE,,0.74,0.817,42.3,0,602181,libre_inversion,TRUE
CAND-02689,20/07/24,49,H,671798,8,13016,3,0.78,2,TRUE,728,0.915,0.522,75,0,1228242,avance_efectivo,TRUE
CAND-00867,20/07/24,31,M,1087545,18,61513,10,0.296,3,FALSE,,0.817,0.708,55,0,1241084,libre_inversion,TRUE
CAND-00831,20/07/24,48,H,2093864,8,88926,4,0.185,3,FALSE,,0.748,0.532,49.3,0,242681,libre_inversion,TRUE
CAND-02891,20/07/24,31,H,2243391,2,32246,0,0.122,1,FALSE,,0.892,0.523,63.6,0,538072,libre_inversion,TRUE
CAND-02316,20/07/24,33,M,529226,5,71461,2,0.48,1,FALSE,,0.713,0.801,35.5,0,999,libre_inversion,TRUE
CAND-00162,21/07/24,40,H,1194992,1,23557,0,0.352,5,FALSE,,0.755,0.785,16.5,0,2026347,avance_efectivo,TRUE
CAND-02988,21/07/24,28,NB,2154844,1,16980,2,0.23,3,FALSE,,0.946,0.749,40.4,0,615608,compra_cartera,TRUE
CAND-02919,21/07/24,42,H,824590,22,37223,11,0.239,4,FALSE,,0.715,0.704,55.4,0,812309,libre_inversion,TRUE
CAND-02534,21/07/24,36,H,1010956,1,122912,1,0.789,2,TRUE,631,0.85,0.916,64.2,0,2399806,compra_cartera,TRUE
CAND-01957,21/07/24,34,H,1231239,6,8228,2,0.503,1,FALSE,,0.914,0.36,63.4,0,885805,libre_inversion,TRUE
CAND-00031,21/07/24,34,M,1205071,15,51190,7,0.685,4,FALSE,,0.868,0.7,67,0,268717,avance_efectivo,TRUE
CAND-00217,21/07/24,20,M,899814,17,26427,2,0.247,2,FALSE,,0.899,0.612,36.2,0,633671,libre_inversion,TRUE
CAND-02205,21/07/24,26,M,1341742,1,36017,1,0.348,3,FALSE,,0.675,0.738,53.5,0,414283,avance_efectivo,TRUE
CAND-00344,21/07/24,21,M,1024940,11,162934,3,0.172,1,TRUE,717,0.947,0.921,38.8,0,349524,libre_inversion,TRUE
CAND-02493,21/07/24,33,H,1265362,10,61173,3,0.741,2,FALSE,,0.806,0.586,71.7,0,726407,libre_inversion,TRUE
CAND-01170,21/07/24,39,H,758475,4,22162,1,0.287,1,TRUE,639,0.926,0.666,70.5,0,862883,avance_efectivo,TRUE
CAND-01882,21/07/24,41,H,771830,54,68091,35,0.392,2,TRUE,724,0.851,0.928,35,0,925559,compra_cartera,TRUE
CAND-00650,21/07/24,24,M,1399003,5,10296,3,0.476,1,TRUE,538,0.817,0.82,70.6,0,1749456,compra_cartera,TRUE
CAND-00482,22/07/24,25,H,863756,8,16409,6,0.553,2,TRUE,739,0.586,0.658,35.2,0,419610,libre_inversion,TRUE
CAND-02833,22/07/24,28,H,781301,1,51491,0,0.518,1,TRUE,629,0.684,0.433,20,0,103318,libre_inversion,TRUE
CAND-00883,22/07/24,21,H,1215757,8,9643,5,0.307,1,FALSE,,0.782,0.915,71.2,0,397233,avance_efectivo,TRUE
CAND-00144,22/07/24,20,M,1200568,14,17115,7,0.274,4,FALSE,,0.782,0.702,57.2,0,761810,libre_inversion,TRUE
CAND-00852,22/07/24,27,H,595769,13,23428,11,0.066,1,FALSE,,0.539,0.79,30.5,0,481788,libre_inversion,TRUE
CAND-00342,22/07/24,21,H,2067719,1,9194,0,0.104,3,TRUE,703,,0.462,43.6,0,375531,libre_inversion,TRUE
CAND-02343,22/07/24,42,M,884589,34,61309,23,0.407,2,FALSE,,0.771,0.904,66.2,0,602260,libre_inversion,TRUE
CAND-02078,22/07/24,36,M,911587,8,58482,7,0.123,3,TRUE,735,,0.884,38.6,0,342162,avance_efectivo,TRUE
CAND-00281,22/07/24,47,H,1192544,4,8745,3,0.158,2,FALSE,,0.752,0.922,63.9,0,526714,libre_inversion,TRUE
CAND-00127,22/07/24,37,H,2224391,27,8158,6,0.663,4,FALSE,,0.652,0.78,61.3,0,511571,compra_cartera,TRUE
CAND-02665,22/07/24,41,M,878527,7,78317,7,0.645,2,FALSE,,0.626,,58.4,0,551991,avance_efectivo,TRUE
CAND-02377,22/07/24,46,H,1265793,14,90925,3,0.105,4,FALSE,,0.72,0.598,28.2,0,306370,libre_inversion,TRUE
CAND-00990,23/07/24,51,M,951697,8,43974,6,0.105,2,FALSE,,0.646,0.647,100,0,367367,avance_efectivo,TRUE
CAND-00721,23/07/24,31,H,949479,19,20170,9,0.457,3,TRUE,668,0.756,0.491,40.9,0,637107,libre_inversion,TRUE
CAND-00476,23/07/24,28,M,2286058,22,41498,10,0.244,2,FALSE,,0.48,0.78,13.1,0,899,compra_cartera,TRUE
CAND-02380,23/07/24,33,H,1499519,14,51144,5,0.167,3,FALSE,,0.853,0.31,67.2,0,497263,libre_inversion,TRUE
CAND-02206,23/07/24,61,M,2176679,3,30384,1,0.81,4,TRUE,638,0.796,0.851,33.7,0,462614,compra_cartera,TRUE
CAND-02685,23/07/24,44,H,1610254,9,51653,8,0.404,5,TRUE,720,,0.793,58.2,0,1377869,avance_efectivo,TRUE
CAND-01681,23/07/24,32,H,2195083,26,31253,14,0.645,3,TRUE,575,0.888,0.81,48.8,0,346920,libre_inversion,FALSE
CAND-02630,23/07/24,35,M,1823866,6,30270,6,0.684,2,TRUE,633,0.805,0.631,42.9,0,612588,compra_cartera,TRUE
CAND-02386,24/07/24,25,M,3906116,19,16400,5,0.353,2,FALSE,,0.799,0.547,29.1,0,240966,avance_efectivo,TRUE
CAND-00598,24/07/24,50,H,1993874,14,85802,8,0.057,4,FALSE,,0.797,0.68,31.9,0,263646,libre_inversion,TRUE
CAND-00311,24/07/24,44,M,1273774,15,8141,9,0.274,4,FALSE,,0.807,0.621,24.7,0,905781,libre_inversion,TRUE
CAND-02571,24/07/24,37,M,751879,2,56446,0,0.309,1,TRUE,650,0.435,0.529,41,0,1182864,libre_inversion,TRUE
CAND-02747,24/07/24,33,H,380190,23,58364,11,0.188,3,FALSE,,0.856,0.741,53.5,0,950544,libre_inversion,TRUE
CAND-02938,24/07/24,27,M,567519,12,59072,4,0.176,1,FALSE,,0.542,0.826,56.1,0,528335,libre_inversion,TRUE
CAND-02874,25/07/24,33,H,942335,20,31707,9,0.123,1,TRUE,624,0.902,0.821,85.9,0,290535,avance_efectivo,TRUE
CAND-00950,25/07/24,29,M,780141,8,38868,6,0.512,5,TRUE,803,0.667,0.855,42.4,0,978808,libre_inversion,TRUE
CAND-02546,25/07/24,41,M,1394835,8,10374,4,0.072,2,TRUE,581,0.603,,14,0,315901,libre_inversion,TRUE
CAND-01594,25/07/24,35,H,1569051,41,104887,22,0.494,2,FALSE,,0.845,0.886,73.9,0,661619,avance_efectivo,TRUE
CAND-00600,25/07/24,18,H,2325943,31,37191,15,0.348,1,TRUE,724,0.964,0.916,40.3,0,891397,libre_inversion,TRUE
CAND-01431,25/07/24,26,H,1354176,18,70545,12,0.528,1,TRUE,622,0.582,0.893,38.8,0,821895,avance_efectivo,TRUE
CAND-00780,25/07/24,44,M,1401667,16,31892,12,0.295,1,TRUE,624,0.694,0.641,37.9,0,1096262,libre_inversion,TRUE
CAND-01373,25/07/24,27,H,1210690,4,17662,4,0.191,3,FALSE,,0.789,0.858,18.9,0,1590037,libre_inversion,TRUE
CAND-02699,25/07/24,39,M,13.305.325.225.352.400,4,64937,1,0.485,3,FALSE,,0.735,0.698,63,0,1463291,avance_efectivo,TRUE
CAND-00237,26/07/24,42,M,1808035,20,14438,6,0.369,1,TRUE,612,0.43,0.595,67.1,0,929163,avance_efectivo,TRUE
CAND-00508,26/07/24,25,M,1182794,16,130695,6,0.119,2,TRUE,598,0.86,0.876,23.5,0,418734,compra_cartera,TRUE
CAND-00025,26/07/24,28,M,1923215,17,10563,10,0.403,1,TRUE,813,0.947,0.52,32.2,0,1108113,libre_inversion,TRUE
CAND-02879,26/07/24,22,M,1083585,19,48917,9,0.65,2,TRUE,750,0.887,0.832,49.8,0,937956,libre_inversion,TRUE
CAND-00228,26/07/24,48,H,997538,4,74861,4,0.645,4,TRUE,777,0.657,0.679,40.2,0,1065323,avance_efectivo,TRUE
CAND-00037,26/07/24,24,H,2355216,1,107449,2,0.572,1,TRUE,539,0.985,,58.2,0,228748,avance_efectivo,TRUE
CAND-00483,26/07/24,46,H,1208263,11,21482,3,0.263,1,FALSE,,0.67,0.873,44,0,389450,libre_inversion,TRUE
CAND-00452,26/07/24,22,NB,649707,9,39198,4,0.151,1,TRUE,520,0.78,0.727,40.7,0,245313,libre_inversion,TRUE
CAND-00835,26/07/24,45,M,1431589,3,23639,3,0.338,2,TRUE,665,0.692,0.812,65.7,0,431469,compra_cartera,TRUE
CAND-01804,26/07/24,38,NB,963520,60,21793,26,0.079,3,FALSE,,0.902,,55.2,0,973674,compra_cartera,TRUE
CAND-02319,26/07/24,28,M,1877813,12,26770,6,0.484,2,FALSE,,0.813,,9.5,0,111344,avance_efectivo,TRUE
CAND-00033,26/07/24,29,H,1382251,21,42641,14,0.781,2,FALSE,,0.833,0.63,33.7,0,1955778,libre_inversion,TRUE
CAND-00502,26/07/24,35,H,1935491,23,67633,8,0.376,3,FALSE,,0.416,0.683,42,0,1403960,compra_cartera,TRUE
CAND-00558,26/07/24,51,M,1620186,3,51512,1,0.732,2,TRUE,609,0.736,0.773,8.5,0,1024760,libre_inversion,TRUE
CAND-01345,26/07/24,41,H,1727986,12,8570,6,0.447,2,FALSE,,0.864,0.953,67.2,0,508242,compra_cartera,TRUE
CAND-00649,27/07/24,45,M,1490710,1,72916,1,0.368,1,FALSE,,0.82,0.915,40.5,0,637641,libre_inversion,TRUE
CAND-01443,27/07/24,38,H,798818,20,65364,8,0.862,2,FALSE,,,0.807,80.2,0,776012,libre_inversion,TRUE
CAND-01143,27/07/24,26,H,1991841,20,62244,9,0.218,2,FALSE,,0.876,0.769,83,0,624642,libre_inversion,TRUE
CAND-01059,27/07/24,30,M,1231350,49,82414,19,0.271,1,FALSE,,,,25.3,0,318615,libre_inversion,TRUE
CAND-02971,27/07/24,42,M,1524959,12,59007,10,0.282,1,FALSE,,0.507,0.894,30.4,0,424030,compra_cartera,TRUE
CAND-01050,27/07/24,18,H,928191,1,5443,2,0.488,2,FALSE,,0.63,,32.8,0,482187,libre_inversion,TRUE
CAND-01840,27/07/24,36,H,1024220,2,104115,1,0.249,2,TRUE,686,,,63.4,0,529795,libre_inversion,TRUE
CAND-00928,27/07/24,45,NB,835842,6,61196,3,0.109,2,FALSE,,0.97,0.869,73.6,0,491188,compra_cartera,TRUE
CAND-02188,27/07/24,47,H,2097689,27,100026,12,0.424,2,TRUE,618,,0.613,83.3,0,625940,compra_cartera,TRUE
CAND-02811,27/07/24,31,H,1144958,25,44186,23,0.32,3,TRUE,693,0.914,0.832,31.1,0,613801,libre_inversion,TRUE
CAND-02839,27/07/24,18,H,711801,11,28694,5,0.227,1,TRUE,593,0.765,0.79,57.8,0,1076717,avance_efectivo,TRUE
CAND-01461,27/07/24,60,M,750910,21,29608,15,0.333,3,FALSE,,0.953,0.615,98.9,0,1141579,avance_efectivo,TRUE
CAND-01924,27/07/24,40,M,1270861,16,48998,9,0.214,3,TRUE,623,0.826,,32.6,0,211708,compra_cartera,TRUE
CAND-02069,28/07/24,27,M,1739648,15,12584,12,0.541,4,TRUE,730,0.879,0.636,24,0,435163,avance_efectivo,TRUE
CAND-00353,28/07/24,30,M,1213440,24,36162,18,0.146,3,TRUE,701,,0.718,0.7,0,474636,libre_inversion,TRUE
CAND-00716,28/07/24,36,H,724114,12,54052,1,0.563,3,FALSE,,0.899,0.708,60,0,733165,compra_cartera,TRUE
CAND-01779,28/07/24,40,H,933944,13,72707,6,0.369,1,FALSE,,0.703,0.907,70.3,0,560322,libre_inversion,TRUE
CAND-01065,28/07/24,24,H,1454332,14,59890,9,0.084,2,FALSE,,0.906,0.705,8.4,0,410589,avance_efectivo,TRUE
CAND-01457,28/07/24,38,H,1701991,1,73429,0,0.486,4,FALSE,,0.76,,25.9,0,525034,libre_inversion,TRUE
CAND-01527,28/07/24,26,M,1401037,10,118029,7,0.18,2,FALSE,,0.859,0.533,41.5,0,593043,libre_inversion,TRUE
CAND-01491,28/07/24,29,M,1788644,1,242546,5,0.522,2,TRUE,630,0.925,0.597,31.3,0,474264,compra_cartera,TRUE
CAND-01142,28/07/24,36,H,1181408,2,40677,1,0.518,4,TRUE,692,0.654,0.857,39.4,0,932090,libre_inversion,TRUE
CAND-02865,28/07/24,30,NB,1145706,15,75153,6,0.722,1,FALSE,,,0.82,28.3,0,1140718,compra_cartera,TRUE
CAND-02275,28/07/24,37,H,1624461,8,34184,6,0.472,2,TRUE,615,0.558,0.841,15.7,23487,720081,avance_efectivo,TRUE
CAND-01500,28/07/24,28,M,1493118,5,26918,3,0.463,4,FALSE,,0.472,0.81,55.6,0,499833,compra_cartera,TRUE
CAND-00981,28/07/24,53,H,2170538,14,50611,4,0.397,5,FALSE,,,0.873,10.5,0,1459348,avance_efectivo,TRUE
CAND-02829,29/07/24,30,M,571015,3,22006,4,0.679,4,FALSE,,0.889,0.859,60.1,0,753340,avance_efectivo,TRUE
CAND-01510,29/07/24,36,H,3514704,1,22667,0,0.193,4,FALSE,,0.684,0.475,28.8,0,386987,libre_inversion,TRUE
CAND-02449,29/07/24,38,M,1626181,6,30571,4,0.429,2,TRUE,790,0.697,0.89,24.9,0,499933,compra_cartera,TRUE
CAND-02262,29/07/24,34,NB,2392028,4,15516,0,0.408,1,FALSE,,0.812,0.599,46,0,616369,compra_cartera,TRUE
CAND-02561,30/07/24,42,M,1139660,1,191231,2,0.686,3,FALSE,,0.571,0.671,38.3,0,625760,libre_inversion,TRUE
CAND-02820,30/07/24,32,NB,1138896,6,5637,5,0.44,1,TRUE,802,0.796,0.49,62.1,0,746545,libre_inversion,TRUE
CAND-02714,30/07/24,18,M,842523,35,26673,22,0.102,2,FALSE,,,0.654,17.7,0,396055,avance_efectivo,TRUE
CAND-02875,30/07/24,21,M,895976,4,28524,2,0.216,3,FALSE,,0.562,0.929,18.6,0,1090561,libre_inversion,TRUE
CAND-02827,30/07/24,31,M,1165180,31,92003,18,0.739,3,TRUE,775,0.797,0.88,56.7,0,442735,avance_efectivo,TRUE
CAND-00744,30/07/24,19,H,1128064,13,7689,6,0.571,2,FALSE,,0.883,0.952,66.7,0,302653,libre_inversion,TRUE
CAND-00850,30/07/24,38,H,1787582,4,7304,1,0.212,3,FALSE,,0.591,0.902,17.7,0,283391,compra_cartera,TRUE
CAND-01036,30/07/24,33,H,836242,3,52404,3,0.279,2,FALSE,,0.751,0.651,40.3,0,827116,libre_inversion,TRUE
CAND-00544,30/07/24,32,M,892733,6,17370,6,0.724,2,FALSE,,0.423,0.51,54.2,0,799596,avance_efectivo,TRUE
CAND-01902,31/07/24,35,H,1064803,2,24252,0,0.674,3,TRUE,683,,0.798,41.7,0,1414816,libre_inversion,TRUE
CAND-02675,31/07/24,28,M,855225,36,7881,16,0.403,4,TRUE,688,0.633,0.91,44.9,0,469276,libre_inversion,TRUE
CAND-01417,31/07/24,34,M,2212052,7,41785,3,0.639,4,TRUE,435,0.72,,58.9,0,1023727,avance_efectivo,TRUE
CAND-00781,31/07/24,30,M,951534,22,84983,10,0.148,4,FALSE,,0.808,0.879,44.7,0,836316,libre_inversion,TRUE
CAND-00165,31/07/24,18,H,2098346,24,112719,9,0.354,1,FALSE,,0.769,0.514,0,0,789576,libre_inversion,FALSE
CAND-00242,31/07/24,50,H,1280924,9,55212,10,0.875,2,FALSE,,0.739,0.885,42,0,465083,avance_efectivo,TRUE
CAND-01802,31/07/24,38,NB,1413271,5,91810,1,0.787,3,TRUE,788,0.68,0.677,42.4,0,1591731,compra_cartera,TRUE
CAND-01496,31/07/24,41,M,1682139,11,53558,6,0.221,5,FALSE,,0.86,0.793,63.5,0,1591961,compra_cartera,TRUE
CAND-00996,31/07/24,26,H,1936017,10,90176,3,0.271,1,FALSE,,0.671,0.787,10.5,0,595052,compra_cartera,TRUE
CAND-00711,31/07/24,29,H,1040105,13,13922,14,0.286,2,FALSE,,0.737,0.875,26.2,0,1380756,libre_inversion,TRUE
CAND-00058,31/07/24,40,NB,1713284,2,90143,1,0.337,2,FALSE,,0.923,0.803,36.9,0,895517,libre_inversion,TRUE
CAND-01225,31/07/24,38,M,2319904,6,56712,4,0.351,1,TRUE,671,0.864,0.825,36.2,0,365481,libre_inversion,TRUE
CAND-00155,31/07/24,21,H,1098027,13,26650,7,0.497,2,FALSE,,,,54.4,0,815028,libre_inversion,TRUE
CAND-02056,31/07/24,18,M,1923916,1,30547,0,0.72,3,TRUE,667,0.917,0.871,70.1,0,176972,libre_inversion,TRUE
CAND-02096,31/07/24,46,H,1088092,11,61342,3,0.041,2,FALSE,,0.707,0.758,63.5,0,773489,avance_efectivo,TRUE
CAND-02140,31/07/24,57,H,1285430,2,37159,0,0.685,1,TRUE,818,0.906,0.887,14.6,0,374273,avance_efectivo,TRUE
CAND-01467,31/07/24,31,H,1099464,9,56142,3,0.498,4,FALSE,,0.903,0.92,35.6,0,665597,libre_inversion,TRUE
CAND-01515,01/08/24,53,M,850756,16,52383,8,0.074,4,TRUE,623,,0.634,54.9,0,792254,compra_cartera,TRUE
CAND-01727,01/08/24,41,H,1589321,4,47925,1,0.425,2,FALSE,,0.862,0.573,60,0,197907,avance_efectivo,TRUE
CAND-01818,01/08/24,41,M,5.305.115.994.747.340,8,41137,5,0.266,2,FALSE,,0.687,0.7,36.7,0,166498,libre_inversion,TRUE
CAND-02848,01/08/24,26,H,2970559,7,29784,5,0.457,4,TRUE,585,0.656,0.631,15.2,0,718817,compra_cartera,TRUE
CAND-02202,01/08/24,32,H,2423804,2,67061,0,0.168,1,FALSE,,,0.763,31.9,0,384329,compra_cartera,TRUE
CAND-02740,01/08/24,28,M,1561748,6,56686,4,0.266,1,FALSE,,0.728,0.629,67.1,0,324106,avance_efectivo,TRUE
CAND-00726,01/08/24,30,H,1565791,13,12958,7,0.773,2,TRUE,578,0.91,0.629,52.3,0,515904,libre_inversion,TRUE
CAND-00172,02/08/24,27,M,1983279,9,35979,3,0.358,2,FALSE,,0.798,,66.5,0,1345768,libre_inversion,TRUE
CAND-02898,02/08/24,31,NB,1027883,9,10234,7,0.288,5,TRUE,555,0.823,0.61,60.8,0,499903,compra_cartera,FALSE
CAND-01452,02/08/24,23,M,2194305,9,51410,5,0.238,2,TRUE,594,,0.85,46.1,0,300442,avance_efectivo,TRUE
CAND-01324,02/08/24,19,M,1457974,6,51756,4,0.45,1,FALSE,,0.807,0.584,32.3,0,204140,compra_cartera,TRUE
CAND-02035,02/08/24,39,H,1105864,15,39232,9,0.257,2,FALSE,,0.648,0.36,89.4,0,354645,compra_cartera,TRUE
CAND-02129,02/08/24,43,M,1608165,10,32628,5,0.342,4,TRUE,717,0.757,0.317,58.7,0,295479,libre_inversion,TRUE
CAND-00375,02/08/24,42,H,1022087,9,49663,2,0.35,5,TRUE,586,0.673,0.654,3.2,0,957134,compra_cartera,TRUE
CAND-02211,02/08/24,32,M,776946,15,46801,14,0.433,2,FALSE,,,0.826,35.7,0,352815,avance_efectivo,TRUE
CAND-01861,02/08/24,34,H,1416158,22,66395,8,0.424,1,FALSE,,0.897,0.607,51.9,0,1257575,libre_inversion,TRUE
CAND-00391,02/08/24,34,H,846523,12,25858,4,0.292,2,FALSE,,0.871,0.635,44.4,0,870083,avance_efectivo,TRUE
CAND-02320,02/08/24,36,M,864569,5,10980,0,0.307,2,FALSE,,0.72,0.901,60.1,0,275919,libre_inversion,TRUE
CAND-01757,02/08/24,34,H,781125,6,321154,1,0.638,1,FALSE,,0.935,0.952,1.5,0,271018,compra_cartera,TRUE
CAND-01776,02/08/24,30,H,3653367,32,20551,15,0.221,3,FALSE,,0.889,0.77,52.2,0,962462,compra_cartera,TRUE
CAND-02844,02/08/24,44,M,742165,4,29905,2,0.511,1,TRUE,789,0.978,0.794,34.2,0,529811,libre_inversion,TRUE
CAND-01033,02/08/24,28,M,1139366,4,69078,1,0.374,4,FALSE,,0.668,0.767,66.2,0,813197,avance_efectivo,TRUE
CAND-02091,03/08/24,20,H,1573059,4,4475,3,0.539,1,FALSE,,0.879,0.852,43.6,0,204565,libre_inversion,TRUE
CAND-02123,03/08/24,39,H,880776,11,72754,6,0.49,4,TRUE,650,0.834,,35.3,0,896335,compra_cartera,TRUE
CAND-01182,03/08/24,39,M,576149,6,108015,4,0.575,1,TRUE,508,0.843,0.898,77.5,0,896119,libre_inversion,TRUE
CAND-02626,03/08/24,29,M,1208005,14,29007,3,0.23,4,TRUE,637,0.72,0.352,40.4,0,580760,avance_efectivo,TRUE
CAND-02762,03/08/24,25,M,476337,16,49073,7,0.486,3,TRUE,893,0.512,0.686,51.3,0,416587,compra_cartera,TRUE
CAND-00619,03/08/24,40,H,916756,1,51463,0,0.318,4,FALSE,,0.847,0.814,25.3,0,215580,libre_inversion,TRUE
CAND-02515,03/08/24,36,H,2080094,2,4075,0,0.427,1,FALSE,,0.564,0.813,40,0,1699172,compra_cartera,TRUE
CAND-01896,03/08/24,34,M,1258079,3,47447,1,0.485,1,FALSE,,0.692,0.762,22.1,0,2142392,libre_inversion,TRUE
CAND-01450,03/08/24,18,H,1657801,13,20487,6,0.103,2,FALSE,,0.667,0.857,77,0,684963,libre_inversion,TRUE
CAND-02857,03/08/24,34,M,1338480,4,45640,1,0.106,1,FALSE,,0.966,0.6,51.6,0,286855,avance_efectivo,TRUE
CAND-03000,04/08/24,24,M,3128279,3,39523,3,0.461,1,TRUE,637,0.433,0.501,54.1,0,1484311,libre_inversion,TRUE
CAND-02061,04/08/24,18,H,1812272,3,73541,8,0.35,3,TRUE,633,0.918,0.697,66.7,0,258592,compra_cartera,TRUE
CAND-00295,04/08/24,27,H,1575226,7,34028,8,0.387,3,TRUE,643,0.458,,72.9,12064,740289,avance_efectivo,TRUE
CAND-00332,04/08/24,43,H,728922,11,16491,3,0.371,3,TRUE,656,0.92,0.82,62.9,0,752794,libre_inversion,TRUE
CAND-02338,04/08/24,45,M,2617901,5,36187,2,0.624,2,FALSE,,0.709,0.908,81.4,0,718499,compra_cartera,TRUE
CAND-00186,04/08/24,34,H,815686,6,23996,7,0.275,3,FALSE,,0.711,0.7,47.1,0,376657,avance_efectivo,TRUE
CAND-02900,04/08/24,43,M,861113,4,6728,2,0.32,1,TRUE,642,0.811,0.774,62.5,0,745592,avance_efectivo,TRUE
CAND-01407,04/08/24,30,M,905781,23,28132,16,0.579,2,FALSE,,0.618,0.964,50.9,0,214310,libre_inversion,TRUE
CAND-02982,04/08/24,35,H,1513827,15,57865,4,0.448,1,FALSE,,0.839,0.653,37.3,0,452579,libre_inversion,TRUE
CAND-02731,04/08/24,36,H,2363695,3,18814,1,0.211,4,FALSE,,0.744,0.661,62.8,0,604420,libre_inversion,TRUE
CAND-00038,05/08/24,41,H,577695,4,32209,2,0.093,1,FALSE,,0.78,0.744,36,0,152288,libre_inversion,TRUE
CAND-02414,05/08/24,28,M,1616723,1,55667,0,0.422,3,FALSE,,0.6,0.884,17.4,0,1264695,libre_inversion,TRUE
CAND-01301,05/08/24,34,M,2070850,29,32209,18,0.219,4,TRUE,628,0.758,0.709,75.2,0,661500,libre_inversion,TRUE
CAND-02639,05/08/24,50,M,730698,44,87072,20,0.429,5,FALSE,,0.652,0.662,36.5,0,539618,libre_inversion,FALSE
CAND-00960,05/08/24,43,M,999596,60,33412,26,0.372,1,TRUE,707,0.846,0.47,47.3,0,180699,compra_cartera,TRUE
CAND-00064,05/08/24,35,M,900535,13,29956,5,0.512,1,TRUE,631,0.42,0.864,56.1,0,289968,compra_cartera,TRUE
CAND-00192,05/08/24,29,H,1795251,3,106948,3,0.371,2,FALSE,,0.837,0.76,28.2,0,474603,libre_inversion,TRUE
CAND-00141,05/08/24,18,H,1598758,5,97471,4,0.164,1,TRUE,692,0.654,0.481,34.6,0,542833,libre_inversion,TRUE
CAND-01440,06/08/24,32,H,894715,1,37661,1,0.353,1,FALSE,,0.807,0.955,75.7,0,271075,compra_cartera,TRUE
CAND-01311,06/08/24,32,M,839747,9,13504,5,0.178,2,TRUE,498,0.643,0.486,42.8,0,396605,libre_inversion,TRUE
CAND-02930,06/08/24,23,M,1003618,11,54427,6,0.468,2,FALSE,,0.826,0.888,48.5,8568,1433197,libre_inversion,TRUE
CAND-02025,06/08/24,28,H,786836,8,17299,3,0.654,2,FALSE,,0.694,0.785,100,0,563569,avance_efectivo,TRUE
CAND-02622,06/08/24,27,H,1212472,13,37834,6,0.563,3,FALSE,,0.853,0.853,50.8,0,497514,avance_efectivo,TRUE
CAND-00185,06/08/24,32,H,1366776,17,101534,7,0.138,2,FALSE,,0.954,0.578,51,0,500469,libre_inversion,TRUE
CAND-00169,06/08/24,44,M,1003047,55,104447,29,0.467,4,FALSE,,0.849,0.733,92.6,13303,778785,libre_inversion,TRUE
CAND-00775,06/08/24,31,M,2004249,16,9259,9,0.448,1,TRUE,736,0.749,0.507,29.6,0,949187,libre_inversion,TRUE
CAND-02453,06/08/24,18,H,2945943,6,33613,1,0.322,1,TRUE,684,0.68,0.698,40.8,0,628461,avance_efectivo,TRUE
CAND-00626,06/08/24,33,H,551261,3,103570,2,0.408,3,FALSE,,0.878,0.752,19.7,0,947729,avance_efectivo,TRUE
CAND-00253,06/08/24,25,H,1500126,1,37452,2,0.488,1,FALSE,,0.686,0.907,48.7,0,639551,libre_inversion,TRUE
CAND-02604,07/08/24,45,H,1588419,52,64229,26,0.162,2,TRUE,538,0.885,0.693,58.2,0,782689,avance_efectivo,TRUE
CAND-00910,07/08/24,41,H,1714708,4,62305,2,0.793,4,FALSE,,0.861,0.799,63.5,0,791575,compra_cartera,TRUE
CAND-01316,07/08/24,34,NB,917064,8,89893,2,0.182,1,FALSE,,0.809,0.768,51.8,0,293820,avance_efectivo,TRUE
CAND-02159,07/08/24,24,H,768772,14,35720,7,0.184,5,FALSE,,0.76,0.838,66,0,351305,avance_efectivo,TRUE
CAND-01281,07/08/24,18,H,1043596,4,111731,3,0.394,1,FALSE,,0.839,,28.3,0,555415,avance_efectivo,TRUE
CAND-00002,07/08/24,37,M,1248206,21,15294,12,0.697,2,TRUE,716,0.915,0.96,65.7,0,371196,avance_efectivo,TRUE
CAND-02789,07/08/24,35,H,1099126,9,91741,3,0.522,2,TRUE,636,0.636,0.795,39.3,0,401105,avance_efectivo,TRUE
CAND-01247,07/08/24,39,M,852640,2,19531,1,0.949,4,FALSE,,0.783,0.747,60.6,0,776988,avance_efectivo,TRUE
CAND-01242,07/08/24,24,H,1564622,1,32621,1,0.31,2,TRUE,675,0.675,0.871,49.2,0,579969,avance_efectivo,TRUE
CAND-01668,08/08/24,19,H,1541802,5,21666,5,0.592,1,TRUE,769,0.89,0.556,9.7,0,359839,avance_efectivo,TRUE
CAND-00458,08/08/24,39,H,1394447,7,77750,2,0.491,1,FALSE,,0.518,0.724,43.9,0,309822,avance_efectivo,TRUE
CAND-00009,08/08/24,44,H,1858649,12,14003,5,0.791,2,FALSE,,0.948,0.911,37.7,0,409852,compra_cartera,TRUE
CAND-01174,08/08/24,21,M,1476886,18,31018,9,0.352,1,TRUE,783,0.882,0.625,59.9,0,394559,avance_efectivo,TRUE
CAND-02196,08/08/24,38,H,1344718,5,105540,2,0.275,1,FALSE,,0.919,0.908,80.2,0,435174,libre_inversion,TRUE
CAND-00592,08/08/24,26,H,1112496,3,13916,2,0.572,1,FALSE,,0.637,0.884,59.9,0,100000,libre_inversion,TRUE
CAND-00229,08/08/24,47,H,2149902,11,77861,6,0.249,1,FALSE,,0.561,0.816,39.4,0,607440,libre_inversion,TRUE
CAND-02729,08/08/24,24,M,873943,15,32234,9,0.548,3,TRUE,648,0.691,0.838,58.3,0,602677,libre_inversion,TRUE
CAND-00986,08/08/24,31,H,550396,18,79784,11,0.426,2,FALSE,,0.52,0.988,30,0,787414,avance_efectivo,TRUE
CAND-01266,08/08/24,37,M,1445989,18,9766,9,0.157,5,FALSE,,0.592,,62,0,667434,avance_efectivo,TRUE
CAND-01032,08/08/24,19,M,1265451,8,18287,6,0.467,1,TRUE,595,0.826,0.95,24,0,896587,libre_inversion,TRUE
CAND-01597,08/08/24,40,H,850101,2,8993,1,0.419,1,TRUE,536,0.835,0.414,39.5,0,1371074,avance_efectivo,TRUE
CAND-00574,08/08/24,35,H,791348,3,26500,3,0.467,1,FALSE,,0.825,0.83,57.4,0,260587,libre_inversion,TRUE
CAND-02108,09/08/24,32,M,815762,12,28826,8,0.212,2,FALSE,,0.614,0.754,30.1,0,1142684,libre_inversion,TRUE
CAND-01548,09/08/24,33,M,1666016,7,59452,6,0.639,3,FALSE,,0.8,0.791,44.8,0,680719,avance_efectivo,TRUE
CAND-00429,09/08/24,38,M,1269966,3,18432,0,0.388,3,FALSE,,0.849,0.838,31.8,0,393977,avance_efectivo,TRUE
CAND-01995,09/08/24,28,H,2481508,4,3855,3,0.796,2,TRUE,627,0.68,0.661,39.3,0,718671,libre_inversion,TRUE
CAND-02841,09/08/24,42,H,2041311,30,35186,14,0.447,1,FALSE,,,0.837,48,0,285515,avance_efectivo,TRUE
CAND-02591,09/08/24,19,H,849267,1,77278,1,0.302,1,TRUE,845,0.872,0.724,30.2,0,769653,libre_inversion,TRUE
CAND-00547,09/08/24,30,H,960740,1,117373,0,0.482,5,TRUE,544,0.958,0.678,70.2,0,541762,compra_cartera,TRUE
CAND-02763,09/08/24,56,H,973593,1,21370,1,0.133,4,FALSE,,0.678,0.65,75.5,0,791974,compra_cartera,TRUE
CAND-02141,09/08/24,37,M,865299,37,15257,20,0.602,1,FALSE,,0.68,0.582,58.6,0,932219,libre_inversion,TRUE
CAND-00326,09/08/24,37,M,696332,22,33066,14,0.223,2,FALSE,,0.596,0.793,59.6,0,667732,libre_inversion,TRUE
CAND-01424,09/08/24,45,H,1077277,20,43516,5,0.349,4,TRUE,807,0.719,0.89,33.5,0,568238,avance_efectivo,TRUE
CAND-00720,09/08/24,23,M,1266831,13,78930,6,0.226,3,TRUE,671,0.82,0.751,79.5,0,505797,libre_inversion,TRUE
CAND-01104,09/08/24,41,M,644316,5,48201,1,0.388,2,FALSE,,0.798,0.735,71.5,0,1268893,compra_cartera,TRUE
CAND-01956,10/08/24,37,M,833999,25,29378,13,0.697,1,FALSE,,0.876,0.803,67.1,0,760787,libre_inversion,TRUE
CAND-01934,10/08/24,36,M,1329945,5,81886,3,0.507,2,FALSE,,0.737,0.909,43.2,0,631354,libre_inversion,TRUE
CAND-01554,10/08/24,33,M,1713109,38,17799,17,0.151,1,TRUE,576,0.816,0.812,91.3,0,332155,avance_efectivo,TRUE
CAND-02986,10/08/24,20,M,1260749,4,21329,0,0.183,1,FALSE,,0.949,,69.9,0,758596,libre_inversion,TRUE
CAND-00335,10/08/24,34,M,971407,38,85900,15,0.721,5,TRUE,838,0.962,0.642,59.3,0,222849,libre_inversion,TRUE
CAND-01278,10/08/24,35,H,821827,36,24843,20,0.593,2,FALSE,,0.808,0.663,89.3,0,428958,compra_cartera,TRUE
CAND-02556,10/08/24,42,M,1252648,30,8115,19,0.452,1,FALSE,,0.637,0.604,52,0,809900,libre_inversion,TRUE
CAND-00425,10/08/24,22,M,1115584,1,37221,1,0.629,5,TRUE,744,0.843,0.334,45.8,0,788185,compra_cartera,TRUE
CAND-01196,10/08/24,41,M,1824365,25,29420,11,0.644,3,TRUE,590,0.67,0.801,57.6,0,1103849,avance_efectivo,TRUE
CAND-02931,10/08/24,48,M,1058236,12,6050,4,0.198,2,TRUE,464,0.945,0.941,42.9,0,571070,avance_efectivo,TRUE
CAND-02359,10/08/24,58,H,1393974,12,64284,5,0.6,1,FALSE,,0.945,,53.4,0,767089,libre_inversion,TRUE
CAND-01600,11/08/24,20,M,1234969,12,39401,8,0.11,3,FALSE,,0.755,0.79,69.1,0,1680723,avance_efectivo,TRUE
CAND-00218,11/08/24,30,H,860258,22,84090,12,0.761,3,TRUE,584,0.79,0.513,74.2,0,346090,libre_inversion,TRUE
CAND-00652,11/08/24,41,H,629808,8,73758,5,0.451,3,FALSE,,0.724,0.698,35.5,0,566259,avance_efectivo,TRUE
CAND-01357,11/08/24,38,M,468512,1,122965,0,0.52,1,TRUE,386,0.822,0.894,37.8,0,931065,libre_inversion,TRUE
CAND-00386,11/08/24,18,M,662302,16,133259,7,0.366,5,FALSE,,0.828,,65.8,0,524767,libre_inversion,TRUE
CAND-01280,11/08/24,26,M,1196830,4,38813,2,0.504,4,TRUE,544,0.962,0.897,46.3,0,240985,libre_inversion,TRUE
CAND-02718,11/08/24,34,H,1077470,8,32282,5,0.077,2,FALSE,,0.638,0.966,18.5,0,2359195,libre_inversion,TRUE
CAND-00149,11/08/24,34,M,1697643,3,21702,2,0.801,3,FALSE,,0.819,0.879,37.9,0,829169,avance_efectivo,TRUE
CAND-01483,11/08/24,40,H,1446761,48,41925,22,0.092,2,TRUE,575,0.673,0.583,58.5,0,994755,libre_inversion,TRUE
CAND-00479,11/08/24,34,H,1565165,4,63372,2,0.381,1,FALSE,,0.71,0.803,22.7,0,2586910,libre_inversion,TRUE
CAND-01155,11/08/24,36,H,633101,4,32725,4,0.883,1,TRUE,635,0.724,0.566,45.8,0,258053,compra_cartera,TRUE
CAND-02709,11/08/24,42,H,743708,2,82867,0,0.4,4,FALSE,,0.655,0.963,68.8,0,668994,libre_inversion,TRUE
CAND-01455,12/08/24,24,H,1143347,8,10825,2,0.712,2,FALSE,,0.806,0.708,32.1,0,416997,libre_inversion,TRUE
CAND-02079,12/08/24,32,H,2354917,23,56762,13,0.213,5,TRUE,827,0.685,0.604,64.3,0,255211,compra_cartera,TRUE
CAND-02669,12/08/24,25,H,892280,2,39908,2,0.324,3,TRUE,618,0.924,0.741,43.5,0,572652,libre_inversion,TRUE
CAND-02181,12/08/24,37,M,1040279,17,12649,9,0.452,4,TRUE,562,0.86,0.594,63.1,0,3134381,libre_inversion,TRUE
CAND-02465,12/08/24,32,H,1947874,23,42287,12,0.358,1,TRUE,708,0.842,,59.6,0,298166,libre_inversion,TRUE
CAND-00419,12/08/24,30,H,1301193,10,21130,4,0.111,1,TRUE,495,0.81,0.744,65.3,0,407681,libre_inversion,TRUE
CAND-01409,12/08/24,30,H,1200607,60,71798,30,0.334,2,TRUE,698,0.814,,51.6,0,366822,compra_cartera,TRUE
CAND-00160,12/08/24,43,M,1217919,5,53524,3,0.489,1,TRUE,655,0.933,0.866,87.3,0,522009,libre_inversion,TRUE
CAND-00596,12/08/24,36,M,1652639,33,26709,13,0.364,2,FALSE,,0.666,0.534,43.2,0,337721,libre_inversion,TRUE
CAND-01150,12/08/24,38,M,1039020,6,34634,3,0.418,1,TRUE,683,0.796,0.871,56.1,0,599302,compra_cartera,TRUE
CAND-01429,12/08/24,18,H,1568839,6,13882,3,0.707,1,FALSE,,0.726,0.924,12.2,0,795748,libre_inversion,TRUE
CAND-01302,12/08/24,36,M,932713,28,56555,17,0.577,1,FALSE,,0.911,0.836,17.6,0,969488,compra_cartera,TRUE
CAND-00589,12/08/24,32,H,916945,20,56098,10,0.429,2,FALSE,,0.83,0.918,17.1,0,663834,compra_cartera,TRUE
CAND-01473,12/08/24,40,H,617412,24,16811,13,0.126,4,TRUE,685,0.928,0.583,25.2,0,617291,compra_cartera,TRUE
CAND-00958,13/08/24,41,H,1261956,32,41877,18,0.34,1,TRUE,712,0.779,0.825,65.8,0,299097,avance_efectivo,TRUE
CAND-00504,13/08/24,44,H,1167027,8,110887,7,0.47,1,FALSE,,0.881,0.864,42.4,0,910895,libre_inversion,TRUE
CAND-01498,13/08/24,35,M,1009692,26,77632,17,0.448,1,TRUE,598,,0.736,43.6,0,2667817,compra_cartera,TRUE
CAND-01819,13/08/24,37,H,812840,23,53784,9,0.655,3,TRUE,546,0.903,0.563,45.3,0,659647,compra_cartera,TRUE
CAND-02147,13/08/24,46,H,1634800,31,32684,16,0.077,4,FALSE,,0.852,0.492,57.5,0,308260,compra_cartera,TRUE
CAND-01366,13/08/24,22,M,1198090,5,86249,3,0.228,3,TRUE,732,0.656,0.923,72.3,0,1058482,libre_inversion,TRUE
CAND-00987,13/08/24,19,H,1248090,8,122956,4,0.197,1,TRUE,507,0.905,0.774,69.2,0,717100,avance_efectivo,TRUE
CAND-01459,13/08/24,47,M,1209014,13,96712,10,0.337,1,TRUE,770,0.771,0.694,28.5,0,863197,compra_cartera,TRUE
CAND-01389,13/08/24,46,H,1523149,18,89790,9,0.147,4,FALSE,,0.813,0.936,44,0,1165967,libre_inversion,TRUE
CAND-01787,13/08/24,31,M,834322,2,50103,0,0.641,4,FALSE,,0.763,0.85,40.4,0,382696,avance_efectivo,TRUE
CAND-00964,13/08/24,53,M,1808849,12,61354,7,0.48,2,FALSE,,0.888,0.934,45.4,0,734920,libre_inversion,TRUE
CAND-01080,14/08/24,18,H,875843,3,48293,0,0.23,4,FALSE,,0.874,0.682,75.5,0,381378,compra_cartera,TRUE
CAND-01370,14/08/24,18,M,1126865,10,30764,3,0.188,2,FALSE,,0.676,0.762,56.3,0,1020090,compra_cartera,TRUE
CAND-00989,14/08/24,30,M,856028,18,46654,5,0.409,4,TRUE,755,0.858,0.489,94.5,0,431499,libre_inversion,TRUE
CAND-02241,14/08/24,42,H,2156273,13,53134,5,0.755,1,FALSE,,0.658,,20.5,0,1165936,compra_cartera,TRUE
CAND-01878,14/08/24,51,H,1609877,20,19211,7,0.438,1,TRUE,748,0.776,0.635,65.4,0,458535,libre_inversion,TRUE
CAND-00778,14/08/24,35,H,1778105,8,82847,2,0.286,1,TRUE,617,0.398,0.836,79.1,0,1300740,libre_inversion,TRUE
CAND-00285,14/08/24,25,H,1006326,1,20536,1,0.63,4,FALSE,,0.806,0.999,65.3,0,597176,compra_cartera,TRUE
CAND-01685,14/08/24,18,M,1510685,14,40892,4,0.506,3,FALSE,,0.7,0.37,61.7,0,306059,compra_cartera,TRUE
CAND-02433,14/08/24,39,M,2597391,5,18889,2,0.546,2,FALSE,,0.619,0.737,74.2,0,1716467,libre_inversion,TRUE
CAND-00819,14/08/24,48,M,943659,32,52246,13,0.156,1,TRUE,622,0.537,0.579,84.2,0,632427,avance_efectivo,TRUE
CAND-01596,14/08/24,54,NB,2312505,17,18946,12,0.187,4,TRUE,671,0.791,0.573,52.3,0,444678,avance_efectivo,TRUE
CAND-00792,14/08/24,28,H,935015,6,85242,2,0.532,2,FALSE,,0.763,0.563,44.1,0,478505,libre_inversion,TRUE
CAND-02613,15/08/24,30,M,1453108,5,34454,4,0.168,1,FALSE,,0.936,0.713,23.7,0,1319,compra_cartera,TRUE
CAND-01814,15/08/24,32,H,735171,18,21147,9,0.762,1,FALSE,,0.77,0.681,59.3,0,519816,avance_efectivo,FALSE
CAND-00243,15/08/24,37,H,649416,11,24674,8,0.505,2,FALSE,,0.833,0.788,32.7,0,864271,libre_inversion,TRUE
CAND-00156,15/08/24,24,M,1244565,1,78048,0,0.537,5,FALSE,,0.656,0.739,56.3,0,514602,avance_efectivo,TRUE
CAND-02396,15/08/24,18,M,1682064,14,85779,2,0.327,1,TRUE,691,0.735,0.651,31.9,0,397516,compra_cartera,TRUE
CAND-02759,15/08/24,51,H,2394804,9,41180,6,0.247,3,FALSE,,0.831,0.734,59.3,0,652884,compra_cartera,TRUE
CAND-01275,15/08/24,22,M,903625,28,13643,14,0.77,2,TRUE,537,0.802,0.81,50.1,0,2332029,libre_inversion,TRUE
CAND-01240,15/08/24,48,H,1287984,14,38252,8,0.636,4,TRUE,709,0.852,0.751,28.2,0,304997,libre_inversion,TRUE
CAND-00338,15/08/24,44,M,2330926,1,8440,1,0.306,1,TRUE,580,0.601,0.894,39.1,0,708915,avance_efectivo,TRUE
CAND-00549,15/08/24,26,H,1202994,19,110359,8,0.266,2,FALSE,,0.812,0.544,34,0,1077947,libre_inversion,TRUE
CAND-00370,15/08/24,42,H,2809167,20,88338,11,0.304,1,TRUE,665,0.919,0.921,81.3,0,175086,libre_inversion,TRUE
CAND-00444,16/08/24,25,H,1327544,6,24040,4,0.443,3,TRUE,678,0.737,0.686,72.1,0,952120,libre_inversion,TRUE
CAND-02797,16/08/24,31,H,998777,5,90713,4,0.456,2,FALSE,,0.864,0.537,49,0,715297,libre_inversion,TRUE
CAND-00539,16/08/24,50,M,1614284,4,46367,1,0.134,2,TRUE,638,0.783,0.835,47.2,0,703573,libre_inversion,TRUE
CAND-01782,16/08/24,23,M,1217029,11,7411,4,0.086,2,TRUE,691,0.526,0.504,63.8,0,1817501,libre_inversion,TRUE
CAND-00892,16/08/24,56,H,1140608,5,21105,2,0.143,1,FALSE,,0.483,0.629,25.1,0,503797,libre_inversion,TRUE
CAND-00686,16/08/24,34,M,858116,23,103067,19,0.167,1,FALSE,,0.944,0.356,58.8,0,190295,avance_efectivo,TRUE
CAND-00995,16/08/24,50,M,860624,9,39210,4,0.386,4,FALSE,,0.865,0.78,59.8,0,1153352,compra_cartera,TRUE
CAND-01585,16/08/24,45,M,2207133,2,42245,1,0.485,2,FALSE,,0.783,,56.8,0,709792,avance_efectivo,TRUE
CAND-01905,17/08/24,23,H,2560740,21,11653,12,0.523,2,TRUE,709,0.754,0.781,62.9,0,693591,libre_inversion,TRUE
CAND-02756,17/08/24,33,H,1161841,45,48742,22,0.272,3,TRUE,695,0.743,0.948,84,0,883607,avance_efectivo,TRUE
CAND-00201,17/08/24,29,M,1387741,6,22583,5,0.249,1,FALSE,,0.819,,44.3,0,143065,libre_inversion,TRUE
CAND-02352,17/08/24,34,H,1424709,15,5407,7,0.917,4,FALSE,,0.751,0.783,76.7,0,1602376,libre_inversion,TRUE
CAND-01305,17/08/24,42,H,2026791,5,12947,1,0.755,1,TRUE,670,0.946,0.546,15,0,162345,avance_efectivo,TRUE
CAND-00545,17/08/24,36,H,1409038,18,59803,5,0.666,3,TRUE,606,,0.657,77,0,1784644,avance_efectivo,TRUE
CAND-01734,17/08/24,38,M,795571,18,49186,9,0.316,1,FALSE,,0.695,,54.2,0,493772,libre_inversion,TRUE
CAND-01118,17/08/24,50,H,1474002,42,24256,23,0.301,3,FALSE,,0.916,0.932,61.8,0,333003,libre_inversion,TRUE
CAND-01603,17/08/24,46,M,854847,10,55246,3,0.188,4,TRUE,629,0.55,0.925,54.5,0,472447,avance_efectivo,TRUE
CAND-01158,17/08/24,34,M,2054455,16,52856,13,0.285,1,TRUE,600,0.65,0.575,50.2,0,583144,avance_efectivo,TRUE
CAND-02533,17/08/24,48,M,1617239,17,90531,10,0.691,1,FALSE,,0.683,0.786,50.6,0,1501615,compra_cartera,TRUE
CAND-02894,18/08/24,59,H,1314617,25,38636,11,0.375,1,TRUE,711,0.719,0.878,80.9,0,885988,libre_inversion,TRUE
CAND-01537,18/08/24,19,M,1165970,11,113568,4,0.106,5,TRUE,713,0.523,0.728,62.3,0,620404,avance_efectivo,TRUE
CAND-01164,18/08/24,50,H,3640660,15,66501,6,0.583,4,FALSE,,0.713,0.786,65,0,1003988,avance_efectivo,TRUE
CAND-01533,18/08/24,34,H,2297845,20,20217,10,0.412,2,FALSE,,0.923,0.58,26.6,0,471766,avance_efectivo,TRUE
CAND-02708,18/08/24,23,H,2493620,1,16922,0,0.725,2,TRUE,682,0.656,0.8,62.5,0,509107,libre_inversion,TRUE
CAND-02264,18/08/24,41,NB,803648,1,4796,0,0.627,3,TRUE,649,0.915,0.538,52.4,0,588592,compra_cartera,TRUE
CAND-02511,18/08/24,18,H,816644,2,45698,1,0.229,3,TRUE,504,0.878,0.677,63.1,0,629603,avance_efectivo,TRUE
CAND-00935,19/08/24,45,M,1981615,30,87183,13,0.135,2,FALSE,,0.776,0.686,77.5,0,363632,libre_inversion,TRUE
CAND-00895,19/08/24,30,H,1083167,14,77761,9,0.447,2,FALSE,,0.767,0.842,34.8,0,744385,avance_efectivo,TRUE
CAND-01129,19/08/24,25,H,1429302,10,38194,7,0.263,5,FALSE,,0.799,0.67,44.4,0,684727,compra_cartera,TRUE
CAND-01430,19/08/24,31,H,945038,6,79719,1,0.441,2,FALSE,,0.976,0.763,100,0,589595,compra_cartera,TRUE
CAND-00961,19/08/24,30,M,5.208.971.380.127.890,6,71332,3,0.392,4,FALSE,,0.502,0.928,61.2,0,282544,compra_cartera,TRUE
CAND-01573,19/08/24,35,H,736928,18,30224,7,0.061,1,FALSE,,0.56,0.565,44.9,0,328812,avance_efectivo,TRUE
CAND-00851,19/08/24,43,H,1210740,1,90325,1,0.109,2,FALSE,,,0.857,19.2,0,372452,libre_inversion,TRUE
CAND-02494,19/08/24,30,H,1291954,2,59973,1,0.655,4,FALSE,,0.849,0.694,4.8,0,558931,libre_inversion,TRUE
CAND-01543,20/08/24,39,H,1476669,17,49830,11,0.383,2,TRUE,676,0.592,0.853,32,0,725053,libre_inversion,TRUE
CAND-02610,20/08/24,20,H,1063904,3,126025,2,0.559,2,TRUE,672,0.716,0.798,54.6,0,184871,compra_cartera,TRUE
CAND-00390,20/08/24,48,M,860750,4,35249,2,0.265,5,TRUE,672,0.838,0.845,68.4,0,514058,libre_inversion,TRUE
CAND-00779,20/08/24,39,H,1189540,4,178017,4,0.362,2,TRUE,439,0.883,0.72,59.5,0,124275,avance_efectivo,TRUE
CAND-00971,20/08/24,39,H,1106115,1,42314,0,0.352,3,TRUE,604,0.855,,55.6,0,435448,compra_cartera,TRUE
CAND-00929,20/08/24,49,M,1191684,6,39625,1,0.387,3,TRUE,729,0.779,0.886,15.1,0,1357132,compra_cartera,TRUE
CAND-01335,20/08/24,21,H,1053186,10,19803,5,0.217,4,TRUE,734,0.964,0.881,80.2,0,399127,compra_cartera,TRUE
CAND-02959,20/08/24,58,H,897169,8,60080,6,0.104,2,FALSE,,0.575,0.598,71.6,0,613141,avance_efectivo,TRUE
CAND-00036,20/08/24,36,H,1127214,16,13581,4,0.547,4,FALSE,,0.777,0.683,44.6,0,562359,avance_efectivo,TRUE
CAND-02480,20/08/24,27,M,1195524,22,68346,11,0.461,2,FALSE,,0.534,,45.7,0,1196690,libre_inversion,TRUE
CAND-01764,20/08/24,46,H,967612,7,95386,2,0.563,1,TRUE,699,0.867,0.534,31.7,0,1881928,libre_inversion,TRUE
CAND-01386,20/08/24,42,M,1190593,6,72282,0,0.274,2,TRUE,631,0.811,,11.6,0,416671,libre_inversion,TRUE
CAND-02750,20/08/24,24,M,1762894,33,75610,21,0.083,2,FALSE,,0.928,0.514,29.2,0,448779,libre_inversion,TRUE
CAND-02720,20/08/24,34,M,844106,2,96310,1,0.784,2,TRUE,723,,0.669,48.8,0,246296,compra_cartera,TRUE
CAND-02769,20/08/24,20,M,874729,2,34575,1,0.396,5,TRUE,578,0.85,,56.5,0,267562,avance_efectivo,TRUE
CAND-01460,20/08/24,40,H,2115622,1,77216,1,0.503,3,TRUE,747,0.85,0.727,38.8,0,660607,compra_cartera,TRUE
CAND-01810,20/08/24,43,H,563955,12,40073,6,0.363,1,FALSE,,0.703,0.829,57.4,12306,645733,libre_inversion,TRUE
CAND-01571,20/08/24,36,H,1117235,17,23719,10,0.348,1,TRUE,719,0.811,0.694,70.6,0,454680,libre_inversion,TRUE
CAND-00629,20/08/24,46,H,1201639,17,113542,17,0.662,2,FALSE,,0.617,0.538,66.6,0,263597,compra_cartera,TRUE
CAND-01418,21/08/24,58,H,725706,6,42128,4,0.251,1,TRUE,642,0.849,0.795,56.6,0,400096,libre_inversion,TRUE
CAND-02238,21/08/24,28,M,1513178,29,94523,12,0.282,2,TRUE,721,0.862,0.735,25.8,0,523929,libre_inversion,TRUE
CAND-01695,21/08/24,46,M,993405,36,12533,27,0.259,1,FALSE,,0.885,0.76,62.3,0,334900,libre_inversion,TRUE
CAND-02887,21/08/24,22,M,1125060,1,120194,0,0.105,1,FALSE,,0.862,0.698,33,0,1080251,avance_efectivo,TRUE
CAND-01291,21/08/24,32,M,765160,19,24185,10,0.514,1,TRUE,649,0.711,0.738,49.5,15765,727264,avance_efectivo,TRUE
CAND-00902,21/08/24,44,NB,1091971,1,12346,0,0.129,2,TRUE,661,0.688,0.967,8.4,0,2411575,libre_inversion,TRUE
CAND-02335,21/08/24,30,H,1476904,16,48552,5,0.444,1,TRUE,661,0.951,0.92,23.3,0,210487,avance_efectivo,TRUE
CAND-01021,21/08/24,24,M,2184359,9,29409,2,0.234,1,FALSE,,0.479,0.553,36.3,0,995709,avance_efectivo,TRUE
CAND-01444,22/08/24,41,H,2241886,12,83742,8,0.32,3,TRUE,575,0.67,0.627,61.7,0,657309,compra_cartera,TRUE
CAND-00471,22/08/24,41,H,1541156,1,12133,1,0.788,4,TRUE,634,0.492,0.757,34.8,0,979793,libre_inversion,TRUE
CAND-02067,22/08/24,24,H,810537,24,123158,14,0.769,2,TRUE,682,0.902,,37.1,0,970018,libre_inversion,TRUE
CAND-01342,22/08/24,28,M,2093738,1,87894,0,0.532,1,FALSE,,0.849,0.666,31.9,0,423283,libre_inversion,TRUE
CAND-00221,22/08/24,37,H,1963437,1,106587,1,0.038,2,FALSE,,,0.76,34.2,0,759162,compra_cartera,TRUE
CAND-02796,22/08/24,49,M,2445680,17,15074,9,0.379,1,FALSE,,0.399,0.915,22.5,0,368464,libre_inversion,TRUE
CAND-00534,22/08/24,45,H,2107388,5,134812,4,0.317,4,TRUE,694,0.961,0.749,27.9,0,234968,libre_inversion,TRUE
CAND-00274,22/08/24,34,H,1597971,19,48031,8,0.259,5,FALSE,,0.904,0.637,47.8,0,665542,libre_inversion,TRUE
CAND-02805,22/08/24,46,H,1540906,60,32657,30,0.601,3,FALSE,,0.609,0.499,69.3,0,272919,libre_inversion,TRUE
CAND-00048,22/08/24,25,M,1375898,3,50658,3,0.499,1,FALSE,,0.709,0.784,33.5,0,277316,libre_inversion,TRUE
CAND-00944,23/08/24,55,M,3001992,18,14373,9,0.488,1,FALSE,,0.77,0.772,60.7,7295,206669,libre_inversion,FALSE
CAND-01892,23/08/24,38,H,1030820,9,9191,9,0.192,2,FALSE,,0.881,0.681,45.1,0,878014,avance_efectivo,TRUE
CAND-02178,23/08/24,45,H,931098,13,41451,5,0.193,2,FALSE,,0.902,0.821,64.1,0,711144,avance_efectivo,TRUE
CAND-02585,23/08/24,48,M,1179622,8,128670,3,0.201,5,TRUE,692,0.64,0.703,46.3,0,293885,compra_cartera,TRUE
CAND-02646,23/08/24,35,M,1061995,10,136792,4,0.335,4,FALSE,,0.893,0.69,53.1,0,1016768,libre_inversion,TRUE
CAND-01838,23/08/24,44,M,1910204,36,60131,19,0.409,5,FALSE,,0.91,0.527,68.4,0,428585,libre_inversion,TRUE
CAND-01580,23/08/24,34,H,1302037,7,88461,4,0.407,3,TRUE,658,0.901,0.972,61.3,0,614632,libre_inversion,TRUE
CAND-00367,24/08/24,44,M,793524,39,46771,13,0.142,3,TRUE,734,0.813,0.931,30.1,0,1333664,libre_inversion,TRUE
CAND-02981,24/08/24,19,H,791080,15,97144,13,0.208,4,FALSE,,0.455,0.846,59.9,0,327125,compra_cartera,TRUE
CAND-00363,24/08/24,36,H,721767,15,58610,8,0.48,3,TRUE,742,0.763,0.751,43.2,0,1285905,libre_inversion,TRUE
CAND-01670,24/08/24,51,M,1641266,5,72491,1,0.359,2,TRUE,624,0.518,0.876,69.2,0,446111,libre_inversion,TRUE
CAND-02801,24/08/24,27,H,1477094,23,67502,13,0.553,3,FALSE,,0.796,0.769,75.3,0,555208,compra_cartera,TRUE
CAND-02466,24/08/24,31,H,703496,5,85114,3,0.652,3,TRUE,644,,0.683,42.8,0,543,avance_efectivo,TRUE
CAND-00919,24/08/24,32,M,684376,5,41549,3,0.353,1,TRUE,635,,0.821,29,0,459740,libre_inversion,TRUE
CAND-02615,24/08/24,26,H,1673524,1,90992,1,0.059,1,TRUE,691,0.876,0.633,49.1,0,720415,libre_inversion,TRUE
CAND-00188,24/08/24,34,M,1084452,3,103724,2,0.23,3,FALSE,,0.917,0.876,26.1,0,432762,libre_inversion,TRUE
CAND-01120,24/08/24,32,H,821694,1,44661,1,0.098,3,FALSE,,0.829,,39.7,0,189493,libre_inversion,TRUE
CAND-01865,25/08/24,30,M,1252159,23,45807,13,0.506,1,FALSE,,0.799,0.864,35.7,0,638546,libre_inversion,TRUE
CAND-02814,25/08/24,41,M,1036172,2,43189,2,0.829,4,FALSE,,0.737,0.826,76.1,0,826258,avance_efectivo,TRUE
CAND-02495,25/08/24,45,H,1027319,8,76354,5,0.21,3,TRUE,629,0.638,,90,0,305868,libre_inversion,TRUE
CAND-00050,25/08/24,49,M,1123640,10,37231,7,0.616,4,FALSE,,0.592,0.713,51.8,0,1089403,avance_efectivo,TRUE
CAND-00525,25/08/24,34,H,906172,3,63718,1,0.17,4,FALSE,,0.928,0.482,36.8,0,1015082,libre_inversion,TRUE
CAND-02288,25/08/24,45,M,879561,19,25161,12,0.297,1,TRUE,600,0.939,,28.7,0,1536607,libre_inversion,TRUE
CAND-01406,25/08/24,41,H,1564652,1,76262,1,0.238,1,FALSE,,0.693,0.914,49.9,0,2002855,libre_inversion,TRUE
CAND-02809,25/08/24,30,M,1518088,13,45779,11,0.435,4,FALSE,,0.821,0.479,41.4,0,941897,libre_inversion,TRUE
CAND-00672,25/08/24,21,H,907281,3,39626,4,0.568,3,FALSE,,0.74,0.702,66.4,0,660729,libre_inversion,TRUE
CAND-02199,26/08/24,47,H,1178173,46,39712,22,0.388,3,TRUE,533,0.752,0.767,71.5,0,268380,libre_inversion,TRUE
CAND-01112,26/08/24,41,H,711139,14,50262,10,0.318,1,TRUE,683,0.671,0.753,62.2,0,1521925,avance_efectivo,TRUE
CAND-00524,26/08/24,57,M,571502,36,32744,13,0.217,3,TRUE,582,0.855,0.815,56.2,0,2096289,libre_inversion,TRUE
CAND-01127,26/08/24,50,H,474919,22,21693,10,0.423,1,FALSE,,0.848,0.83,53.2,0,908741,compra_cartera,TRUE
CAND-01134,26/08/24,40,H,1096142,9,91154,5,0.67,4,FALSE,,0.759,0.8,73.6,0,550585,libre_inversion,TRUE
CAND-01506,26/08/24,46,M,1106216,13,97611,7,0.447,4,FALSE,,0.419,0.918,40.3,0,1361191,avance_efectivo,TRUE
CAND-00776,26/08/24,48,H,1688241,51,134556,17,0.151,1,FALSE,,0.869,0.791,49.5,0,821960,avance_efectivo,TRUE
CAND-01144,26/08/24,37,M,1066557,7,50991,0,0.487,3,TRUE,851,0.916,0.649,48,0,404861,compra_cartera,TRUE
CAND-02989,26/08/24,44,H,757076,19,35460,10,0.31,1,FALSE,,0.777,0.536,19,0,1018486,libre_inversion,TRUE
CAND-00437,26/08/24,29,H,1793450,1,98764,0,0.477,3,TRUE,739,0.685,0.724,28.9,0,407307,libre_inversion,TRUE
CAND-01612,26/08/24,25,M,1043613,28,49438,16,0.617,1,TRUE,643,0.787,0.801,51.9,0,374303,libre_inversion,TRUE
CAND-02121,26/08/24,33,M,813413,21,28684,11,0.245,2,TRUE,665,0.811,0.834,55.3,0,2143532,avance_efectivo,TRUE
CAND-02413,26/08/24,19,H,2304524,6,59908,1,0.384,2,FALSE,,0.585,,68.5,0,570014,libre_inversion,TRUE
CAND-01769,26/08/24,35,M,2856578,2,12008,1,0.677,2,TRUE,607,0.758,0.85,52.7,0,887902,libre_inversion,TRUE
CAND-01673,26/08/24,37,M,2043712,17,40797,13,0.475,1,TRUE,585,0.845,0.814,39.6,0,100000,libre_inversion,FALSE
CAND-01100,27/08/24,19,H,1184537,12,68670,3,0.153,3,FALSE,,0.681,0.905,23.7,0,2113066,libre_inversion,TRUE
CAND-01047,27/08/24,40,M,1070851,11,145766,8,0.341,1,FALSE,,0.824,0.955,69.8,0,700262,compra_cartera,TRUE
CAND-00705,27/08/24,40,H,755309,5,148025,1,0.524,3,FALSE,,0.872,0.847,84.8,0,522037,libre_inversion,TRUE
CAND-02508,27/08/24,37,M,1741351,1,42279,0,0.173,4,FALSE,,0.741,0.65,62.4,0,702824,libre_inversion,TRUE
CAND-01230,27/08/24,35,M,1223717,14,54831,6,0.167,1,FALSE,,0.646,0.971,43,0,1094749,compra_cartera,TRUE
CAND-02520,27/08/24,18,H,2019693,11,137529,4,0.042,2,TRUE,704,0.767,0.898,54.5,0,293968,libre_inversion,TRUE
CAND-02257,27/08/24,44,H,1368098,14,51040,10,0.442,2,TRUE,502,0.649,0.966,73.5,0,889775,libre_inversion,TRUE
CAND-00320,27/08/24,18,M,1407874,6,114349,1,0.338,3,FALSE,,0.661,0.341,15.6,0,999586,libre_inversion,TRUE
CAND-02557,27/08/24,29,M,1006784,2,24027,1,0.178,1,FALSE,,0.677,,13.4,0,233903,avance_efectivo,TRUE
CAND-00114,28/08/24,31,M,1218062,1,35941,1,0.069,2,TRUE,572,0.833,0.89,61.9,0,627729,libre_inversion,TRUE
CAND-02537,28/08/24,38,M,1549080,24,93561,11,0.479,1,FALSE,,0.762,0.739,61.4,0,527079,libre_inversion,TRUE
CAND-00967,28/08/24,44,H,2528963,10,96016,9,0.638,4,TRUE,550,0.698,0.82,32.3,0,728484,compra_cartera,TRUE
CAND-00688,28/08/24,26,NB,1496542,2,59463,1,0.521,5,FALSE,,0.633,0.624,58.3,0,847532,avance_efectivo,TRUE
CAND-02703,28/08/24,42,M,598794,9,35203,7,0.182,1,FALSE,,0.899,0.826,18.9,0,714309,libre_inversion,TRUE
CAND-02549,28/08/24,32,H,1943740,21,49776,10,0.2,1,TRUE,571,0.758,0.87,15,0,429197,compra_cartera,TRUE
CAND-02569,28/08/24,38,H,2165524,34,36830,18,0.266,2,FALSE,,0.722,0.684,56.9,0,425426,libre_inversion,TRUE
CAND-02086,28/08/24,31,M,1543984,6,119264,7,0.34,2,FALSE,,0.633,,36.6,0,1178362,compra_cartera,TRUE
CAND-02138,28/08/24,33,M,1815021,4,14225,0,0.15,4,FALSE,,0.671,0.616,90.6,0,504371,compra_cartera,TRUE
CAND-01852,28/08/24,36,H,1387523,53,68542,26,0.366,3,FALSE,,0.589,0.566,65.6,0,614043,libre_inversion,TRUE
CAND-02450,28/08/24,45,H,990627,3,23436,1,0.04,5,FALSE,,0.781,0.755,59.6,0,599743,avance_efectivo,TRUE
CAND-01383,29/08/24,25,H,1828910,5,11372,2,0.741,4,TRUE,590,0.787,0.599,33.5,0,489066,libre_inversion,TRUE
CAND-02888,29/08/24,41,M,1383842,3,63400,1,0.205,3,FALSE,,0.523,0.945,41.9,0,580585,compra_cartera,TRUE
CAND-02307,29/08/24,38,H,1233495,6,52785,5,0.143,3,TRUE,695,0.932,0.645,64.8,0,1558565,libre_inversion,TRUE
CAND-02348,29/08/24,35,H,1919115,5,100134,4,0.626,4,TRUE,638,0.737,0.37,39,0,666344,avance_efectivo,TRUE
CAND-00021,29/08/24,18,M,1254321,5,64728,3,0.394,5,FALSE,,0.962,0.479,31.9,0,1765732,libre_inversion,TRUE
CAND-02984,29/08/24,37,H,1060179,7,60152,1,0.396,1,FALSE,,0.886,0.702,18.4,0,1181471,libre_inversion,TRUE
CAND-01190,29/08/24,49,M,923784,60,24010,33,0.516,3,FALSE,,0.817,0.673,47.6,0,851029,libre_inversion,TRUE
CAND-00858,29/08/24,36,H,1646028,6,9116,5,0.156,1,TRUE,651,0.853,0.799,58.7,0,216465,avance_efectivo,TRUE
CAND-01223,29/08/24,41,M,1409337,24,15745,6,0.223,2,FALSE,,0.668,0.67,36.8,0,676929,avance_efectivo,TRUE
CAND-00690,29/08/24,43,H,833113,20,33871,11,0.173,5,FALSE,,0.786,0.962,60.1,0,161715,compra_cartera,TRUE
CAND-02222,29/08/24,36,M,1436016,1,45359,0,0.291,4,FALSE,,0.598,0.821,67.7,0,1426610,libre_inversion,TRUE
CAND-01169,29/08/24,27,H,535114,33,31019,12,0.459,1,FALSE,,0.887,0.749,53,0,628441,libre_inversion,TRUE
CAND-02428,29/08/24,18,H,1109754,2,43995,0,0.327,1,FALSE,,,0.849,29.4,0,396904,libre_inversion,FALSE
CAND-00724,30/08/24,42,H,963730,8,17725,3,0.459,3,TRUE,571,0.752,0.917,77.6,0,1008003,avance_efectivo,TRUE
CAND-00400,30/08/24,30,H,628716,5,22909,3,0.289,1,FALSE,,0.832,0.732,50.8,0,633179,libre_inversion,TRUE
CAND-00853,30/08/24,29,H,1569160,10,82956,5,0.269,2,TRUE,774,0.809,0.538,37,0,829,avance_efectivo,TRUE
CAND-00097,30/08/24,36,M,1256631,49,22715,24,0.257,4,FALSE,,0.863,0.529,51.5,0,318910,libre_inversion,TRUE
CAND-01676,30/08/24,35,M,2252853,10,198944,10,0.105,1,TRUE,684,0.963,0.972,62.2,0,1077326,avance_efectivo,TRUE
CAND-02627,30/08/24,34,H,976570,31,26511,17,0.68,1,TRUE,657,0.828,0.602,10.1,0,1003346,avance_efectivo,TRUE
CAND-01488,30/08/24,45,H,516040,5,23877,6,0.35,5,FALSE,,0.928,0.8,77.6,0,536075,avance_efectivo,TRUE
CAND-00622,30/08/24,32,H,1194254,29,56118,17,0.061,2,TRUE,646,0.686,0.914,56.7,0,693935,libre_inversion,TRUE
CAND-01338,30/08/24,29,M,968585,2,5774,1,0.795,3,FALSE,,0.682,0.911,54.8,19879,269078,compra_cartera,TRUE
CAND-01928,30/08/24,23,M,778449,27,35156,18,0.266,2,TRUE,635,0.693,0.952,63.4,0,1648746,libre_inversion,TRUE
CAND-02878,30/08/24,47,M,767053,31,20342,17,0.243,1,FALSE,,0.712,0.823,68.2,0,594612,libre_inversion,TRUE
CAND-01263,30/08/24,18,H,2530011,1,143064,1,0.582,3,TRUE,592,0.785,0.57,79.8,0,215721,compra_cartera,TRUE
CAND-02075,30/08/24,18,NB,1265521,12,54107,5,0.046,5,FALSE,,0.57,0.815,46.3,0,356961,libre_inversion,TRUE
CAND-00747,30/08/24,37,M,1180213,25,77053,15,0.723,2,TRUE,647,0.452,0.862,65.4,0,448622,libre_inversion,TRUE
CAND-01329,31/08/24,34,H,1417386,28,54958,10,0.203,2,TRUE,730,0.619,0.794,21,0,1575587,compra_cartera,TRUE
CAND-00486,31/08/24,26,M,748726,23,73035,7,0.353,2,FALSE,,,0.389,81.8,0,503436,libre_inversion,TRUE
CAND-00417,31/08/24,20,M,3009089,3,93343,0,0.74,2,TRUE,535,0.906,0.952,41.4,0,500323,compra_cartera,TRUE
CAND-01556,31/08/24,20,M,728536,8,59372,2,0.065,2,TRUE,635,0.547,0.945,62.9,0,403247,libre_inversion,TRUE
CAND-00313,31/08/24,53,M,1124631,10,19461,5,0.456,3,FALSE,,0.826,0.82,30.3,0,481170,libre_inversion,TRUE
CAND-02608,31/08/24,53,M,2216090,5,40440,4,0.52,4,FALSE,,0.791,0.842,36.8,0,600835,libre_inversion,TRUE
CAND-00075,31/08/24,42,H,1528576,9,42850,3,0.325,4,TRUE,678,0.655,0.787,46.8,0,100000,libre_inversion,TRUE
CAND-00438,31/08/24,43,M,1362604,6,24823,3,0.545,2,FALSE,,0.914,,36.5,0,362630,libre_inversion,TRUE
CAND-02548,31/08/24,49,M,1427428,46,66236,19,0.225,1,TRUE,639,0.81,0.849,17.7,0,345404,libre_inversion,TRUE
CAND-01813,31/08/24,21,H,924508,42,63911,24,0.178,4,FALSE,,,0.849,45.7,0,549714,avance_efectivo,TRUE
CAND-01103,31/08/24,29,H,792622,3,75485,1,0.08,4,TRUE,633,0.553,,23.1,0,383754,libre_inversion,TRUE
CAND-00206,01/09/24,40,M,2907348,3,32589,1,0.129,3,TRUE,591,,0.787,22.4,0,853555,libre_inversion,TRUE
CAND-01319,01/09/24,40,H,1042593,21,18302,8,0.23,1,FALSE,,0.645,,12.9,0,256633,libre_inversion,TRUE
CAND-01192,01/09/24,18,H,1857482,2,18516,2,0.26,3,FALSE,,0.841,0.886,58.5,0,317972,libre_inversion,TRUE
CAND-02746,01/09/24,43,M,990618,15,41666,9,0.405,1,FALSE,,0.704,0.556,67.2,0,783333,compra_cartera,TRUE
CAND-02973,01/09/24,47,M,1642007,19,17980,5,0.17,5,FALSE,,0.823,0.686,43.1,0,2210127,compra_cartera,TRUE
CAND-01610,01/09/24,44,H,1123666,7,64790,1,0.261,1,FALSE,,0.834,0.93,42.5,0,310877,libre_inversion,TRUE
CAND-01024,01/09/24,38,H,1039818,7,15916,3,0.463,1,FALSE,,0.728,0.88,37.1,0,708567,libre_inversion,TRUE
CAND-01404,01/09/24,38,H,835596,9,45738,4,0.55,5,FALSE,,,0.56,41.4,0,1097581,avance_efectivo,TRUE
CAND-02225,01/09/24,30,M,889269,6,15390,3,0.034,2,FALSE,,0.838,0.431,48.5,0,364419,compra_cartera,TRUE
CAND-00790,01/09/24,35,H,1247615,11,52896,4,0.123,2,TRUE,706,0.644,0.632,64.7,0,432945,avance_efectivo,TRUE
CAND-00070,02/09/24,33,NB,1534778,3,49466,2,0.649,5,FALSE,,0.696,0.816,52.5,0,292551,libre_inversion,TRUE
CAND-01239,02/09/24,31,H,1800239,22,9615,10,0.495,4,TRUE,553,0.679,0.515,64,0,694663,avance_efectivo,TRUE
CAND-01667,02/09/24,36,M,817766,5,64371,4,0.441,1,FALSE,,0.703,0.91,48,0,499758,libre_inversion,TRUE
CAND-00648,02/09/24,40,M,853828,10,26204,9,0.531,1,TRUE,654,0.756,0.751,12.8,0,184066,libre_inversion,TRUE
CAND-00582,02/09/24,51,M,536456,5,104146,3,0.36,5,TRUE,735,0.786,0.83,62.1,0,705521,libre_inversion,TRUE
CAND-01326,02/09/24,19,H,2576420,7,90528,2,0.145,2,TRUE,443,0.97,0.805,26.3,0,189701,avance_efectivo,TRUE
CAND-00412,03/09/24,29,M,543414,20,148713,7,0.438,3,TRUE,527,0.892,0.954,70.6,0,363097,libre_inversion,TRUE
CAND-01817,03/09/24,36,M,1365257,1,14870,0,0.168,2,TRUE,598,0.618,,36.7,0,167976,compra_cartera,TRUE
CAND-02994,03/09/24,41,M,1545994,11,36116,7,0.54,3,TRUE,685,0.952,0.554,24.7,0,440158,avance_efectivo,TRUE
CAND-01528,03/09/24,18,H,12.096.977.974.043.500,2,40085,1,0.483,4,TRUE,758,0.819,0.781,54.4,0,1027180,libre_inversion,TRUE
CAND-00322,03/09/24,41,NB,2638796,9,3498,7,0.474,1,TRUE,621,0.939,0.776,29.9,0,721331,libre_inversion,TRUE
CAND-00859,03/09/24,21,M,1128127,7,134126,3,0.256,1,TRUE,782,0.832,0.926,40.5,0,297910,libre_inversion,TRUE
CAND-01368,03/09/24,44,M,604451,13,69352,2,0.213,2,TRUE,601,0.664,0.922,64.5,0,460346,libre_inversion,TRUE
CAND-01977,03/09/24,37,H,1284252,2,20317,2,0.348,2,TRUE,728,0.862,0.73,50.4,0,1050047,libre_inversion,TRUE
CAND-01436,03/09/24,30,M,918304,15,24769,7,0.511,4,TRUE,791,0.757,0.538,39.2,0,789934,avance_efectivo,TRUE
CAND-01147,03/09/24,36,H,1384564,23,5522,11,0.18,1,TRUE,765,0.366,0.482,68.9,0,1833659,libre_inversion,TRUE
CAND-00540,03/09/24,21,H,1479729,32,55212,12,0.124,2,FALSE,,0.737,0.827,33.1,0,243487,avance_efectivo,TRUE
CAND-02127,04/09/24,43,H,1000751,21,129982,6,0.105,1,TRUE,680,0.962,0.797,61.9,0,386389,libre_inversion,TRUE
CAND-00917,04/09/24,19,H,1068122,9,38562,3,0.32,3,FALSE,,0.7,0.72,65,0,767319,libre_inversion,TRUE
CAND-02008,04/09/24,55,H,2451027,3,28708,0,0.31,1,TRUE,680,0.872,0.685,29.3,0,346820,libre_inversion,TRUE
CAND-00563,04/09/24,37,H,1339902,3,90013,2,0.734,3,FALSE,,0.627,0.944,68.2,0,639295,libre_inversion,TRUE
CAND-01066,04/09/24,30,M,2.053.301.623.865.460,4,36483,1,0.27,1,FALSE,,0.754,0.923,29.4,0,760498,compra_cartera,TRUE
CAND-02397,04/09/24,35,NB,1022584,8,28405,7,0.687,4,TRUE,751,0.696,0.671,64,0,465625,avance_efectivo,TRUE
CAND-02935,04/09/24,49,H,488729,21,69288,8,0.313,4,FALSE,,0.612,0.711,48,0,684087,libre_inversion,TRUE
CAND-01613,04/09/24,28,H,535015,30,76684,17,0.404,4,FALSE,,0.701,0.683,18,0,673362,libre_inversion,TRUE
CAND-02191,04/09/24,26,H,496637,5,75016,2,0.232,2,TRUE,716,,0.579,30.4,0,672010,avance_efectivo,TRUE
CAND-01015,04/09/24,40,H,1386276,14,35381,7,0.256,4,TRUE,590,0.593,0.864,33.6,0,599488,libre_inversion,TRUE
CAND-01113,04/09/24,40,M,1008599,9,23334,4,0.153,1,TRUE,622,0.882,0.687,64.3,0,339693,libre_inversion,TRUE
CAND-01660,04/09/24,44,M,1688659,12,15197,7,0.326,2,TRUE,689,0.846,0.825,46.7,0,698602,libre_inversion,TRUE
CAND-01154,05/09/24,25,H,703765,9,25995,7,0.195,3,TRUE,554,0.872,0.891,55.3,0,267747,libre_inversion,TRUE
CAND-02022,05/09/24,38,M,1021201,7,7273,3,0.409,4,FALSE,,0.83,0.89,71.1,0,759317,libre_inversion,TRUE
CAND-02104,05/09/24,35,H,20.285.915.926.611.200,28,36803,14,0.74,3,FALSE,,,0.487,27.2,0,517322,avance_efectivo,TRUE
CAND-02200,05/09/24,48,H,1117309,37,25658,23,0.677,4,TRUE,658,0.85,0.801,60,0,465776,compra_cartera,TRUE
CAND-00588,05/09/24,21,H,1590903,15,156572,13,0.684,3,TRUE,571,0.74,0.925,64.2,0,389446,libre_inversion,TRUE
CAND-01520,05/09/24,41,H,1012352,6,15298,1,0.438,1,FALSE,,0.818,0.697,79.5,0,383729,avance_efectivo,TRUE
CAND-02242,05/09/24,47,H,568893,12,44562,4,0.362,2,TRUE,646,0.95,0.962,73.4,0,451421,compra_cartera,TRUE
CAND-00985,06/09/24,40,M,1257232,24,176812,14,0.734,1,TRUE,615,0.878,0.858,64.5,0,516552,compra_cartera,TRUE
CAND-02779,06/09/24,45,M,3406934,1,42957,1,0.268,3,FALSE,,0.824,0.593,65.4,0,926052,avance_efectivo,TRUE
CAND-00953,06/09/24,20,H,2059785,2,11858,1,0.141,2,TRUE,765,0.706,0.356,51.3,0,638,libre_inversion,TRUE
CAND-02943,06/09/24,40,M,1060441,6,8653,3,0.45,1,FALSE,,,0.922,47.3,0,363544,libre_inversion,TRUE
CAND-01040,06/09/24,39,M,756061,12,31393,2,0.741,1,FALSE,,0.605,0.894,76.4,0,683442,libre_inversion,TRUE
CAND-02369,06/09/24,39,H,1918911,5,28453,3,0.32,3,FALSE,,0.906,0.916,28.1,0,415163,libre_inversion,TRUE
CAND-01052,06/09/24,47,NB,2119680,20,28865,8,0.272,3,FALSE,,0.676,,41.3,0,279340,libre_inversion,TRUE
CAND-01396,06/09/24,43,M,2178849,1,62907,3,0.5,1,TRUE,712,0.353,0.869,33.1,0,465705,libre_inversion,TRUE
CAND-00093,06/09/24,45,H,1123173,19,28098,8,0.452,3,FALSE,,0.893,0.553,74.9,0,219074,avance_efectivo,TRUE
CAND-01799,07/09/24,37,H,3099881,11,118718,4,0.22,4,FALSE,,0.765,0.687,79.1,0,580360,libre_inversion,TRUE
CAND-02816,07/09/24,38,M,1378560,3,31132,1,0.079,1,FALSE,,0.9,0.761,44.7,0,405418,compra_cartera,TRUE
CAND-00161,07/09/24,39,H,890013,28,33232,13,0.163,1,FALSE,,0.563,0.759,69.3,0,339851,libre_inversion,TRUE
CAND-01151,07/09/24,40,H,2100840,5,103247,1,0.39,2,FALSE,,0.861,0.55,39.1,0,1226463,libre_inversion,TRUE
CAND-02524,07/09/24,34,M,1427300,4,83503,4,0.39,1,TRUE,509,0.751,0.587,63.4,0,590221,avance_efectivo,TRUE
CAND-01952,07/09/24,38,M,1071498,2,42166,1,0.052,4,FALSE,,0.775,0.851,47.8,0,462595,compra_cartera,TRUE
CAND-00595,07/09/24,34,H,977697,26,60364,12,0.427,1,FALSE,,0.94,,36.5,0,1981067,avance_efectivo,TRUE
CAND-01497,07/09/24,56,H,2054354,1,76016,1,0.409,2,FALSE,,0.837,0.901,43.2,0,830665,compra_cartera,TRUE
CAND-01029,07/09/24,35,H,1382368,16,39748,13,0.304,1,TRUE,624,0.592,0.775,16.9,0,604623,compra_cartera,TRUE
CAND-01148,07/09/24,38,H,716381,13,58786,10,0.387,5,TRUE,627,0.961,0.827,44.3,0,725426,avance_efectivo,TRUE
CAND-00667,07/09/24,50,M,1142208,11,20775,11,0.146,3,FALSE,,0.681,0.975,43.8,0,122773,libre_inversion,TRUE
CAND-00732,08/09/24,40,M,2668755,28,17149,16,0.309,2,TRUE,699,0.696,0.676,34.4,0,263383,libre_inversion,TRUE
CAND-01122,08/09/24,23,M,1067152,37,80709,16,0.336,2,FALSE,,0.79,0.929,78.3,0,143952,libre_inversion,TRUE
CAND-02882,08/09/24,45,H,1287578,2,8566,1,0.167,2,FALSE,,,0.797,71.7,0,646932,libre_inversion,TRUE
CAND-02309,08/09/24,19,M,1541637,4,84201,3,0.829,1,FALSE,,0.67,0.687,52.4,0,404007,avance_efectivo,TRUE
CAND-01003,08/09/24,32,H,1609720,27,37154,12,0.401,3,TRUE,594,0.886,0.924,40.8,0,858931,libre_inversion,TRUE
CAND-02337,08/09/24,38,NB,1705168,5,74391,2,0.534,1,FALSE,,0.59,,34.4,0,383828,compra_cartera,TRUE
CAND-00086,08/09/24,18,H,990103,31,103089,8,0.716,4,TRUE,638,0.916,0.756,61.1,0,262937,libre_inversion,TRUE
CAND-02732,08/09/24,42,M,647286,3,44080,3,0.61,4,FALSE,,0.911,0.948,55.4,0,620706,compra_cartera,TRUE
CAND-01315,08/09/24,31,M,2305995,4,42958,1,0.245,5,FALSE,,0.971,0.814,38.1,0,833032,libre_inversion,TRUE
CAND-00109,08/09/24,46,H,1208402,3,89094,1,0.218,2,FALSE,,0.758,0.615,49.1,0,758612,libre_inversion,TRUE
CAND-02476,08/09/24,37,M,1379894,17,76376,11,0.496,3,FALSE,,0.488,0.918,36.5,0,337797,libre_inversion,TRUE
CAND-00488,08/09/24,35,H,2275703,39,30011,11,0.321,2,FALSE,,0.848,0.745,64.9,0,242610,libre_inversion,TRUE
CAND-00845,08/09/24,29,NB,2306781,18,42001,14,0.468,4,FALSE,,0.626,0.826,52.7,0,275075,avance_efectivo,TRUE
CAND-01551,08/09/24,55,M,1947108,23,24513,5,0.648,4,TRUE,681,0.665,0.776,44,0,358552,avance_efectivo,TRUE
CAND-01589,08/09/24,39,H,708863,20,38177,9,0.604,1,FALSE,,0.597,0.893,82.1,0,490733,libre_inversion,TRUE
CAND-01723,08/09/24,46,NB,1219006,3,11911,3,0.167,1,FALSE,,0.849,0.748,49.5,0,534260,avance_efectivo,TRUE
CAND-02612,08/09/24,39,H,1337023,1,26677,2,0.517,2,FALSE,,0.913,0.872,33.9,0,585373,compra_cartera,TRUE
CAND-02134,09/09/24,28,M,1466905,21,134173,11,0.425,1,FALSE,,0.705,0.469,62.4,0,273000,compra_cartera,TRUE
CAND-00966,09/09/24,50,H,1027166,9,77586,2,0.211,1,TRUE,522,0.539,0.657,56.7,0,909727,avance_efectivo,TRUE
CAND-01877,09/09/24,54,H,1297944,5,99861,5,0.6,2,FALSE,,0.672,0.794,52.1,0,1309054,libre_inversion,TRUE
CAND-02694,09/09/24,31,H,1075401,1,96675,1,0.272,3,FALSE,,0.695,0.96,54.4,0,880541,avance_efectivo,TRUE
CAND-00470,09/09/24,49,M,740231,3,17587,1,0.486,4,TRUE,530,0.665,0.885,44.8,0,1038162,libre_inversion,TRUE
CAND-01947,09/09/24,42,M,1373436,12,115541,6,0.31,4,FALSE,,0.9,0.68,34.4,0,316249,compra_cartera,TRUE
CAND-00423,09/09/24,30,M,1107703,23,49199,8,0.592,3,FALSE,,0.944,0.869,50.9,0,501156,libre_inversion,TRUE
CAND-02354,09/09/24,46,H,604439,8,47911,2,0.38,4,FALSE,,0.778,0.83,65.5,0,324786,avance_efectivo,TRUE
CAND-02051,09/09/24,58,NB,897090,1,45823,3,0.242,2,TRUE,752,0.789,0.634,70.9,0,2255225,compra_cartera,TRUE
CAND-00785,09/09/24,39,M,970966,6,43289,1,0.138,2,TRUE,618,0.726,0.533,72.7,0,933978,libre_inversion,TRUE
CAND-02786,09/09/24,26,M,1382437,1,88039,1,0.281,2,TRUE,621,0.445,0.48,25.6,0,1205926,libre_inversion,TRUE
CAND-00440,10/09/24,34,M,737946,4,72858,2,0.683,3,FALSE,,0.587,0.553,39.9,0,1056155,compra_cartera,TRUE
CAND-02048,10/09/24,36,M,752228,40,21864,21,0.674,3,FALSE,,0.701,0.691,48.5,0,313251,libre_inversion,TRUE
CAND-01940,10/09/24,30,M,625527,7,108872,2,0.661,1,TRUE,591,0.815,0.697,29.3,0,1102715,libre_inversion,FALSE
CAND-02547,10/09/24,18,M,1165211,19,36044,6,0.236,2,FALSE,,,0.719,60,0,209391,avance_efectivo,TRUE
CAND-01650,10/09/24,36,H,2659312,2,84685,2,0.231,2,FALSE,,0.526,0.585,22.8,0,538509,libre_inversion,TRUE
CAND-01074,10/09/24,58,M,2467342,2,25629,2,0.13,1,TRUE,690,0.787,0.89,55.3,0,2288011,avance_efectivo,TRUE
CAND-02442,11/09/24,18,M,2874605,13,118268,7,0.573,2,TRUE,624,0.871,0.591,49.3,0,872365,avance_efectivo,TRUE
CAND-00511,11/09/24,42,M,3000786,60,25574,31,0.477,2,FALSE,,,0.741,42.4,0,448647,avance_efectivo,TRUE
CAND-00079,11/09/24,43,H,1315283,25,43216,15,0.119,3,FALSE,,0.489,0.935,71.8,0,718559,libre_inversion,TRUE
CAND-02478,11/09/24,28,M,594509,25,98423,13,0.459,1,TRUE,762,0.929,0.877,66.4,0,644792,libre_inversion,TRUE
CAND-00399,11/09/24,18,M,2146871,11,23127,6,0.518,1,FALSE,,0.697,0.68,77.3,0,1070071,avance_efectivo,TRUE
CAND-01975,11/09/24,35,M,2008124,8,77318,5,0.19,3,TRUE,667,0.834,0.694,44.9,0,2130781,libre_inversion,TRUE
CAND-01116,11/09/24,18,H,3721293,60,40445,26,0.339,2,FALSE,,0.607,0.813,90.5,0,305788,avance_efectivo,TRUE
CAND-00088,11/09/24,51,H,2124464,12,47881,6,0.548,2,FALSE,,0.84,0.748,34.5,0,498206,libre_inversion,TRUE
CAND-00211,11/09/24,22,H,2126460,14,10609,6,0.522,4,TRUE,659,0.739,0.731,46.1,0,497805,libre_inversion,TRUE
CAND-02542,11/09/24,30,H,860205,20,29370,16,0.087,3,FALSE,,0.875,0.708,71.7,0,788469,avance_efectivo,TRUE
CAND-00714,11/09/24,46,M,809435,8,76726,6,0.724,2,FALSE,,0.866,,26.2,0,756137,avance_efectivo,TRUE
CAND-00761,11/09/24,43,M,775105,42,30405,22,0.645,1,FALSE,,0.657,0.326,67,0,894623,libre_inversion,TRUE
CAND-01617,11/09/24,39,H,947596,4,96340,2,0.657,1,FALSE,,0.817,0.913,60,0,545892,libre_inversion,TRUE
CAND-01781,11/09/24,43,M,3072651,43,15491,24,0.127,3,FALSE,,0.872,0.643,69.6,0,383393,avance_efectivo,TRUE
CAND-02439,12/09/24,22,M,716980,1,61092,1,0.421,2,FALSE,,0.78,0.628,72.7,0,369817,libre_inversion,TRUE
CAND-01081,12/09/24,52,H,1413139,4,98555,2,0.448,3,TRUE,501,0.806,,37.5,0,1311041,libre_inversion,TRUE
CAND-00005,12/09/24,18,M,1013597,4,55256,1,0.109,1,TRUE,589,0.662,0.781,74.4,0,678620,avance_efectivo,TRUE
CAND-01194,12/09/24,48,M,1187018,6,17854,5,0.396,2,TRUE,625,0.811,0.873,33,0,771465,libre_inversion,TRUE
CAND-01833,12/09/24,52,M,2735956,6,14685,5,0.809,1,TRUE,642,0.875,0.657,85.8,0,1297904,libre_inversion,TRUE
CAND-00134,12/09/24,38,H,628590,30,63808,19,0.283,1,TRUE,614,0.757,0.573,60.5,0,1198051,libre_inversion,TRUE
CAND-02995,12/09/24,37,M,701636,15,93869,12,0.399,1,FALSE,,0.757,0.811,26.1,0,555569,compra_cartera,TRUE
CAND-00749,12/09/24,45,M,1721464,19,40263,8,0.338,4,TRUE,660,0.799,0.849,68.4,0,699065,libre_inversion,TRUE
CAND-00579,12/09/24,45,H,1304706,9,51947,8,0.399,1,FALSE,,0.81,0.619,75.6,0,425804,libre_inversion,TRUE
CAND-01570,13/09/24,21,NB,1122346,3,44872,2,0.376,3,FALSE,,0.776,0.787,62.6,0,998792,avance_efectivo,TRUE
CAND-01824,13/09/24,27,M,1200678,1,118383,0,0.264,1,FALSE,,0.876,0.913,38.5,0,1238143,avance_efectivo,TRUE
CAND-00122,13/09/24,21,M,908465,11,106485,6,0.435,3,TRUE,619,0.924,0.888,40.3,0,1209894,libre_inversion,TRUE
CAND-02654,13/09/24,29,M,601203,32,78633,8,0.732,2,FALSE,,0.809,,71.2,0,612244,compra_cartera,TRUE
CAND-00801,13/09/24,44,H,1620052,1,22830,3,0.225,3,TRUE,752,0.792,0.851,54.8,0,252291,libre_inversion,TRUE
CAND-00035,13/09/24,21,M,1350277,8,29239,3,0.706,4,FALSE,,0.694,0.758,83.7,0,118017,libre_inversion,TRUE
CAND-00671,13/09/24,36,H,1791086,13,52779,7,0.393,2,FALSE,,0.906,0.828,45.6,0,336881,compra_cartera,TRUE
CAND-00914,13/09/24,20,M,1037390,9,19191,4,0.206,1,FALSE,,0.668,0.708,42.9,19348,643997,libre_inversion,TRUE
CAND-01914,13/09/24,40,M,1122287,28,39919,20,0.097,2,TRUE,621,0.63,0.525,64.4,0,936322,avance_efectivo,TRUE
CAND-00946,13/09/24,29,H,911423,4,44332,3,0.376,3,FALSE,,0.619,0.736,20.7,0,616924,compra_cartera,TRUE
CAND-00043,14/09/24,50,NB,1549563,14,31412,11,0.223,4,FALSE,,0.573,0.929,70.1,0,1277640,compra_cartera,TRUE
CAND-02137,14/09/24,28,M,1939191,28,47400,14,0.318,2,FALSE,,,0.901,53.6,0,1388879,avance_efectivo,TRUE
CAND-01713,14/09/24,43,H,940317,2,67633,0,0.229,1,FALSE,,0.646,0.923,51,0,375402,compra_cartera,TRUE
CAND-01745,14/09/24,42,M,2385509,15,3916,14,0.357,2,FALSE,,0.702,0.816,37.3,0,537198,compra_cartera,TRUE
CAND-01227,14/09/24,43,H,751036,9,77743,3,0.551,3,TRUE,712,0.589,0.684,35.3,0,378284,libre_inversion,TRUE
CAND-00175,14/09/24,30,M,860827,1,12106,1,0.558,1,FALSE,,0.798,0.742,39.4,0,1470937,libre_inversion,TRUE
CAND-00937,14/09/24,34,M,735329,24,40909,14,0.196,2,FALSE,,0.689,0.965,68.1,0,1224138,libre_inversion,TRUE
CAND-00569,14/09/24,28,M,1898164,8,9489,4,0.419,2,FALSE,,0.462,0.554,28.4,0,602917,libre_inversion,TRUE
CAND-02182,14/09/24,33,M,1764679,7,24901,6,0.082,2,FALSE,,0.727,0.729,66.3,0,367999,avance_efectivo,TRUE
CAND-00810,14/09/24,38,H,814166,11,8429,11,0.418,1,TRUE,549,0.55,0.494,26.5,0,200309,libre_inversion,TRUE
CAND-02362,15/09/24,44,M,870916,6,47963,5,0.796,4,FALSE,,0.744,0.864,80.8,0,443007,libre_inversion,TRUE
CAND-00212,15/09/24,32,H,1503435,6,3060,3,0.602,3,TRUE,786,0.92,0.822,97,0,861115,avance_efectivo,TRUE
CAND-02030,15/09/24,36,M,735724,1,26064,0,0.131,4,TRUE,615,0.677,0.511,84.2,0,1285241,libre_inversion,TRUE
CAND-01705,15/09/24,36,M,1750646,13,126080,6,0.369,2,FALSE,,0.836,0.88,59.5,0,654336,libre_inversion,TRUE
CAND-00136,15/09/24,49,H,679294,5,36845,3,0.292,2,TRUE,615,,0.989,23.2,0,1264788,avance_efectivo,TRUE
CAND-00351,15/09/24,50,M,1408083,2,2305,1,0.355,3,FALSE,,0.759,0.622,29,0,318342,compra_cartera,TRUE
CAND-00668,15/09/24,27,M,1514040,9,59246,2,0.081,4,FALSE,,0.812,0.71,87.9,0,433639,libre_inversion,TRUE
CAND-01163,15/09/24,35,M,1005388,15,76005,4,0.395,3,FALSE,,0.844,0.687,50.6,0,612220,libre_inversion,TRUE
CAND-01310,15/09/24,23,H,952789,11,45273,1,0.73,1,FALSE,,0.715,0.79,21.8,16131,1460442,avance_efectivo,TRUE
CAND-01314,15/09/24,31,H,651848,24,55500,9,0.203,1,FALSE,,,0.814,27.2,0,289166,libre_inversion,TRUE
CAND-00612,15/09/24,35,M,1476332,23,66294,8,0.293,3,FALSE,,0.915,0.759,31.3,0,1102946,compra_cartera,TRUE
CAND-00040,15/09/24,58,M,1187642,2,52518,2,0.336,1,FALSE,,0.845,0.98,84.5,0,396242,libre_inversion,TRUE
CAND-00605,15/09/24,18,M,445456,11,43853,5,0.754,2,FALSE,,0.657,0.525,51.1,0,826011,libre_inversion,TRUE
CAND-00092,16/09/24,30,H,794393,16,81562,6,0.271,3,TRUE,718,0.794,0.931,83.9,7934,225951,libre_inversion,TRUE
CAND-01308,16/09/24,18,M,1858329,15,41432,9,0.458,1,FALSE,,0.638,0.898,62.8,0,339326,compra_cartera,TRUE
CAND-00468,16/09/24,44,H,864725,14,7181,9,0.871,2,TRUE,529,0.953,0.85,55.9,0,729041,avance_efectivo,TRUE
CAND-02484,16/09/24,35,H,2346886,3,19731,1,0.387,2,FALSE,,,0.882,41.1,0,336575,libre_inversion,TRUE
CAND-01849,16/09/24,21,H,1144310,35,168735,18,0.513,2,FALSE,,0.813,0.742,44.4,0,348093,avance_efectivo,TRUE
CAND-02681,16/09/24,31,H,2513534,17,128175,12,0.296,4,TRUE,649,0.825,0.5,19.9,0,567845,libre_inversion,TRUE
CAND-00889,16/09/24,31,M,2985920,4,38230,3,0.523,3,TRUE,582,0.847,0.85,69.2,0,1064032,libre_inversion,TRUE
CAND-02325,16/09/24,29,M,935974,6,35381,2,0.206,3,TRUE,576,0.642,,54,0,926223,compra_cartera,TRUE
CAND-01425,16/09/24,39,H,896767,14,25247,4,0.436,5,TRUE,780,0.825,0.713,82.1,0,2903240,avance_efectivo,TRUE
CAND-01282,17/09/24,24,H,873601,2,16472,1,0.184,1,TRUE,623,0.915,0.837,30.9,0,770924,libre_inversion,TRUE
CAND-01598,17/09/24,29,H,1435895,11,19077,4,0.144,1,FALSE,,0.868,0.758,75.3,0,414806,libre_inversion,TRUE
CAND-00982,17/09/24,25,NB,991999,11,66026,7,0.649,3,TRUE,628,0.811,0.534,25.7,0,601004,libre_inversion,TRUE
CAND-02934,17/09/24,18,H,439377,1,77950,1,0.247,3,FALSE,,0.885,0.761,16.5,0,323617,compra_cartera,TRUE
CAND-00603,17/09/24,38,H,449169,11,37121,0,0.316,1,TRUE,692,0.914,0.776,47.7,0,459811,libre_inversion,TRUE
CAND-01968,17/09/24,42,M,866723,1,12757,1,0.392,4,TRUE,592,0.904,0.804,53.6,0,890245,libre_inversion,TRUE
CAND-01145,17/09/24,57,H,1508892,17,110862,6,0.528,1,TRUE,702,0.779,0.743,72.7,0,963135,avance_efectivo,TRUE
CAND-02436,17/09/24,31,NB,1104420,1,22763,2,0.127,1,FALSE,,0.824,0.977,44.2,0,761251,compra_cartera,TRUE
CAND-00214,17/09/24,32,H,1701365,46,39422,28,0.828,1,TRUE,541,0.449,0.808,83.3,0,530284,libre_inversion,TRUE
CAND-02884,18/09/24,47,M,2371270,1,88434,1,0.059,5,FALSE,,0.716,0.83,19.7,0,649236,avance_efectivo,TRUE
CAND-01733,18/09/24,33,M,1253369,5,107860,1,0.171,4,TRUE,648,0.887,0.71,59.8,0,477946,compra_cartera,TRUE
CAND-00248,18/09/24,38,M,798155,4,77353,0,0.33,1,TRUE,717,0.73,0.494,77.7,0,1399485,libre_inversion,TRUE
CAND-01083,18/09/24,28,H,660504,6,63184,3,0.424,3,TRUE,665,0.567,0.802,31.9,0,470665,libre_inversion,TRUE
CAND-01226,18/09/24,39,M,16.405.337.964.716.600,15,82914,10,0.561,5,FALSE,,0.761,0.456,24.7,0,1244329,libre_inversion,TRUE
CAND-02659,18/09/24,35,M,1589396,3,60990,1,0.633,1,TRUE,713,0.829,0.703,48.1,0,654830,avance_efectivo,TRUE
CAND-02152,18/09/24,26,H,1095155,33,7318,13,0.384,2,FALSE,,0.985,0.687,37.1,0,2054848,compra_cartera,TRUE
CAND-02081,18/09/24,43,M,942573,3,47096,0,0.114,2,FALSE,,0.604,0.521,37.3,0,300859,avance_efectivo,TRUE
CAND-01365,18/09/24,35,M,1242252,5,69460,5,0.697,1,TRUE,806,0.76,0.708,66,10552,910704,libre_inversion,TRUE
CAND-01621,18/09/24,40,H,1256526,3,20403,2,0.151,3,FALSE,,0.806,0.95,10.3,0,188439,avance_efectivo,TRUE
CAND-02481,18/09/24,32,H,1417214,1,33109,1,0.401,2,TRUE,536,0.696,0.724,50.9,0,514556,libre_inversion,TRUE
CAND-02445,19/09/24,34,M,1051066,13,46878,5,0.302,2,TRUE,611,0.857,0.832,62.1,0,2780549,avance_efectivo,TRUE
CAND-00297,19/09/24,30,M,1598625,5,54757,3,0.369,1,TRUE,633,0.974,0.784,37.2,0,1236041,libre_inversion,TRUE
CAND-01588,19/09/24,39,H,985597,31,99196,10,0.217,2,TRUE,573,0.366,0.969,42.6,0,953076,libre_inversion,TRUE
CAND-01131,19/09/24,53,M,396255,20,81414,16,0.363,2,FALSE,,0.679,0.538,93.6,0,488246,compra_cartera,TRUE
CAND-01933,20/09/24,34,M,1075302,2,48758,3,0.744,1,FALSE,,0.499,0.617,42.8,0,333901,libre_inversion,TRUE
CAND-01616,20/09/24,42,H,1114046,12,40692,5,0.677,1,TRUE,649,0.921,0.781,51.4,0,569292,compra_cartera,TRUE
CAND-02223,20/09/24,24,M,1256935,60,50509,33,0.458,1,FALSE,,0.52,0.634,59,0,1023039,libre_inversion,TRUE
CAND-00316,20/09/24,47,M,665740,5,18506,1,0.421,4,TRUE,749,0.657,0.698,37.7,0,432171,avance_efectivo,TRUE
CAND-01063,20/09/24,22,M,830543,2,34309,0,0.178,2,TRUE,654,0.705,0.802,84,23447,1337057,libre_inversion,FALSE
CAND-00834,20/09/24,22,H,1484399,5,36701,2,0.615,1,TRUE,627,0.59,0.482,27.8,0,909527,compra_cartera,TRUE
CAND-00006,20/09/24,20,H,1642875,18,37876,6,0.31,2,TRUE,610,0.979,0.707,32.3,0,1419748,libre_inversion,TRUE
CAND-00952,20/09/24,41,H,968467,49,16917,22,0.099,3,FALSE,,0.876,0.496,27.9,0,344476,libre_inversion,TRUE
CAND-01565,20/09/24,54,H,319553,1,102635,0,0.131,4,FALSE,,0.647,0.762,70.2,0,1630354,avance_efectivo,TRUE
CAND-02788,21/09/24,37,H,995711,18,17890,14,0.268,2,FALSE,,0.793,0.723,43.9,0,2170769,libre_inversion,TRUE
CAND-00441,21/09/24,41,M,1233649,6,101279,2,0.257,3,FALSE,,0.935,0.844,40.7,0,210152,avance_efectivo,TRUE
CAND-02237,21/09/24,42,H,736465,33,125424,20,0.175,2,TRUE,704,0.705,0.761,43.2,0,775265,libre_inversion,TRUE
CAND-02050,21/09/24,29,M,1235057,18,5607,7,0.423,5,FALSE,,0.559,0.768,44.2,0,863632,avance_efectivo,TRUE
CAND-01030,21/09/24,18,H,1073044,38,22771,21,0.401,2,FALSE,,0.871,0.71,29.5,0,216062,libre_inversion,TRUE
CAND-00348,21/09/24,53,M,891753,9,40114,4,0.058,3,TRUE,578,0.889,,52.4,0,274013,libre_inversion,FALSE
CAND-01786,21/09/24,25,H,864873,40,11118,19,0.055,2,TRUE,675,,0.615,55.2,0,726633,avance_efectivo,TRUE
CAND-00513,22/09/24,40,H,1508011,7,9034,5,0.489,3,FALSE,,0.886,0.817,22.9,0,905064,compra_cartera,TRUE
CAND-00586,22/09/24,35,M,832773,20,40355,10,0.167,1,FALSE,,0.959,0.889,37.4,0,167955,compra_cartera,TRUE
CAND-01532,22/09/24,48,M,1228700,1,56805,1,0.147,3,FALSE,,0.474,0.812,33.6,0,660855,libre_inversion,TRUE
CAND-00945,22/09/24,43,M,1868597,2,47016,0,0.188,2,TRUE,573,0.842,0.663,47.3,0,295035,compra_cartera,TRUE
CAND-00135,22/09/24,29,H,755757,18,4108,6,0.49,3,TRUE,681,0.709,0.958,39.4,0,733166,libre_inversion,TRUE
CAND-02953,22/09/24,18,H,792497,5,7715,1,0.491,1,FALSE,,0.741,0.753,39.7,0,836242,libre_inversion,TRUE
CAND-02895,22/09/24,27,H,1010553,25,38374,12,0.394,2,FALSE,,0.62,0.893,78,0,558414,avance_efectivo,TRUE
CAND-02749,22/09/24,23,M,1454795,2,41413,2,0.089,1,TRUE,509,0.876,0.954,51.6,0,312575,libre_inversion,TRUE
CAND-00624,22/09/24,45,M,479988,29,38832,17,0.386,2,TRUE,552,0.741,0.452,58.9,0,577215,avance_efectivo,TRUE
CAND-01044,22/09/24,27,H,1067506,17,44267,11,0.425,5,FALSE,,0.648,0.71,64.4,0,414668,avance_efectivo,TRUE
CAND-02459,22/09/24,25,H,986527,43,24492,25,0.058,3,FALSE,,0.571,0.655,55.6,0,382477,avance_efectivo,FALSE
CAND-00460,22/09/24,37,H,1541148,13,78609,5,0.303,3,FALSE,,0.906,0.718,15.3,0,779653,avance_efectivo,TRUE
CAND-00091,22/09/24,25,H,1312580,27,25204,9,0.356,1,FALSE,,0.828,0.478,47.9,0,578732,libre_inversion,TRUE
CAND-00849,23/09/24,46,M,2334952,38,48785,25,0.606,1,FALSE,,0.66,0.896,39.3,0,372525,libre_inversion,TRUE
CAND-01989,23/09/24,40,H,605690,3,84348,1,0.173,1,TRUE,574,0.696,0.645,68.6,0,1065875,compra_cartera,TRUE
CAND-00757,23/09/24,19,H,793908,23,79992,15,0.422,2,FALSE,,0.884,0.517,47.5,0,449949,libre_inversion,TRUE
CAND-01297,23/09/24,29,H,1104408,6,87608,3,0.58,1,FALSE,,0.689,0.785,38.3,0,1222995,libre_inversion,TRUE
CAND-01826,23/09/24,26,M,835761,15,129109,6,0.205,1,FALSE,,0.919,0.812,62.9,0,300846,compra_cartera,TRUE
CAND-01026,23/09/24,57,M,1400274,34,79442,14,0.138,1,TRUE,692,0.877,0.714,72,0,341293,compra_cartera,FALSE
CAND-00445,24/09/24,18,M,678108,22,9357,6,0.346,2,FALSE,,,,60.4,0,534612,avance_efectivo,TRUE
CAND-00190,24/09/24,45,M,697782,1,43651,2,0.126,5,FALSE,,0.73,,54,0,633990,avance_efectivo,TRUE
CAND-02992,24/09/24,32,H,491872,12,103075,4,0.372,2,TRUE,640,0.712,0.983,19.2,0,182454,libre_inversion,TRUE
CAND-02174,24/09/24,39,H,742283,31,14553,16,0.288,3,FALSE,,0.875,0.974,60.8,0,823726,avance_efectivo,TRUE
CAND-02917,24/09/24,39,H,1583231,13,20374,6,0.805,1,TRUE,613,0.885,0.636,63.2,0,459151,libre_inversion,TRUE
CAND-00538,24/09/24,37,H,901897,2,8846,1,0.085,3,TRUE,682,0.865,0.902,55.9,0,655793,libre_inversion,TRUE
CAND-00530,24/09/24,46,H,831710,2,132941,1,0.682,1,FALSE,,0.758,0.648,54.1,0,344026,libre_inversion,TRUE
CAND-02936,24/09/24,26,H,1638349,12,39366,5,0.169,3,TRUE,745,0.833,0.87,43.8,0,1475639,compra_cartera,TRUE
CAND-02582,25/09/24,36,H,1312094,10,27142,7,0.831,2,FALSE,,0.845,0.833,40.4,0,984551,libre_inversion,TRUE
CAND-01130,25/09/24,41,H,1317794,13,9924,5,0.374,5,FALSE,,0.81,,22.4,0,261109,libre_inversion,TRUE
CAND-01795,25/09/24,44,H,1136949,15,45572,11,0.124,1,TRUE,625,0.835,0.788,37.6,0,586173,libre_inversion,TRUE
CAND-02500,25/09/24,33,M,1678515,1,72523,1,0.39,3,FALSE,,0.968,0.864,63.2,0,716638,avance_efectivo,TRUE
CAND-01101,25/09/24,42,M,552331,1,69876,0,0.2,3,TRUE,655,0.873,0.841,19.7,0,997584,compra_cartera,TRUE
CAND-01747,25/09/24,22,H,1064820,1,24316,0,0.391,2,FALSE,,0.579,0.777,34.3,0,568292,avance_efectivo,TRUE
CAND-00771,25/09/24,52,H,1091049,10,51938,5,0.402,5,FALSE,,0.583,0.956,28.7,0,474842,compra_cartera,TRUE
CAND-02044,25/09/24,40,H,1845687,15,56338,6,0.166,3,FALSE,,0.739,0.954,78.3,0,369967,avance_efectivo,TRUE
CAND-02085,25/09/24,35,M,2217629,13,51520,7,0.176,5,FALSE,,0.854,0.723,32.2,0,765380,libre_inversion,TRUE
CAND-02295,25/09/24,48,M,732598,8,52437,4,0.337,4,TRUE,842,0.806,0.919,74.6,0,322995,libre_inversion,TRUE
CAND-00745,25/09/24,24,H,1330799,12,55536,6,0.575,4,TRUE,489,0.869,0.742,75.7,0,683678,libre_inversion,TRUE
CAND-02778,25/09/24,33,M,361149,36,17101,10,0.439,2,TRUE,584,0.876,0.877,52.3,0,366451,libre_inversion,TRUE
CAND-02672,25/09/24,38,H,935696,8,36086,5,0.346,2,FALSE,,0.864,0.92,52.5,0,1309822,libre_inversion,TRUE
CAND-02329,26/09/24,32,H,2536164,3,99028,1,0.664,2,TRUE,610,0.891,0.486,55.8,0,804304,avance_efectivo,TRUE
CAND-00842,26/09/24,48,H,1603496,5,101498,3,0.37,4,FALSE,,0.582,0.649,69.2,0,508208,avance_efectivo,TRUE
CAND-01753,26/09/24,38,H,4048058,11,29445,2,0.298,3,FALSE,,0.545,0.663,53,0,425208,libre_inversion,TRUE
CAND-02616,26/09/24,58,M,475013,1,12522,0,0.527,1,FALSE,,0.811,0.876,50.6,0,266053,libre_inversion,TRUE
CAND-00799,26/09/24,22,M,1451512,11,52670,7,0.64,2,FALSE,,0.701,0.971,48.5,0,1631,libre_inversion,TRUE
CAND-02370,26/09/24,35,M,1527689,1,61804,1,0.145,1,TRUE,607,0.703,0.783,55.1,0,726943,libre_inversion,TRUE
CAND-01545,26/09/24,40,M,696378,4,21254,0,0.736,2,FALSE,,0.821,0.669,52.8,0,263786,avance_efectivo,TRUE
CAND-02990,26/09/24,41,H,510413,2,132234,0,0.329,3,FALSE,,0.858,0.697,21.3,0,1259197,libre_inversion,TRUE
CAND-02084,26/09/24,18,M,1126845,27,44221,13,0.12,2,FALSE,,0.588,0.426,92.5,0,601811,avance_efectivo,FALSE
CAND-02230,27/09/24,29,H,1304251,18,33007,3,0.355,1,FALSE,,0.815,0.639,39.5,0,850337,libre_inversion,TRUE
CAND-02838,27/09/24,30,H,1558420,19,43025,11,0.144,2,FALSE,,0.805,,72.9,0,232652,libre_inversion,TRUE
CAND-02164,27/09/24,45,M,1353344,16,179471,8,0.214,4,FALSE,,0.976,,14.9,0,770971,libre_inversion,TRUE
CAND-01025,27/09/24,42,H,2532285,3,7433,0,0.052,2,FALSE,,0.961,0.788,31.7,0,930996,libre_inversion,TRUE
CAND-01010,27/09/24,33,H,878101,10,14217,10,0.563,2,FALSE,,0.89,0.533,46.8,0,592776,libre_inversion,TRUE
CAND-00374,27/09/24,42,H,829292,24,102602,12,0.546,1,FALSE,,0.889,0.652,64.4,0,962350,avance_efectivo,TRUE
CAND-01261,27/09/24,27,M,1452291,11,44269,7,0.696,2,FALSE,,0.747,0.581,47.2,0,608013,compra_cartera,TRUE
CAND-02784,27/09/24,40,H,1239664,16,69589,11,0.542,3,FALSE,,0.731,0.809,43.3,0,511207,libre_inversion,TRUE
CAND-00901,27/09/24,38,M,882740,9,50508,7,0.802,4,TRUE,843,0.579,0.479,34.3,0,553976,avance_efectivo,TRUE
CAND-01468,27/09/24,36,H,1249139,26,56430,11,0.103,3,TRUE,522,0.912,0.643,67.2,0,1442537,avance_efectivo,TRUE
CAND-02653,27/09/24,21,H,1417392,8,10286,8,0.212,5,FALSE,,0.784,0.9,41.4,0,1147951,avance_efectivo,TRUE
CAND-00920,28/09/24,27,H,1346898,4,93211,2,0.366,4,TRUE,766,0.868,0.828,5.2,13392,665187,libre_inversion,TRUE
CAND-02948,28/09/24,18,M,875217,5,78366,1,0.361,3,TRUE,678,0.629,0.779,51.5,0,957248,libre_inversion,TRUE
CAND-01563,28/09/24,28,M,834828,13,5899,6,0.401,3,TRUE,619,0.791,0.962,59.8,0,556924,libre_inversion,TRUE
CAND-00180,28/09/24,24,H,863915,8,46066,3,0.844,5,TRUE,546,0.953,0.637,39.8,0,222006,libre_inversion,TRUE
CAND-02054,28/09/24,31,H,1555029,17,39785,4,0.413,5,FALSE,,0.837,0.88,49.1,0,307432,libre_inversion,TRUE
CAND-02517,28/09/24,18,M,2616534,13,133979,6,0.608,3,TRUE,785,0.812,0.904,21.6,0,396518,libre_inversion,TRUE
CAND-02664,28/09/24,34,H,864544,18,77409,9,0.671,2,FALSE,,0.619,0.726,18.4,0,928237,compra_cartera,TRUE
CAND-00662,28/09/24,40,H,1097920,28,118430,15,0.234,3,FALSE,,,0.908,52.6,0,1406299,libre_inversion,TRUE
CAND-00722,28/09/24,40,H,1526154,3,70069,1,0.346,4,FALSE,,0.913,0.87,83.2,0,437251,libre_inversion,TRUE
CAND-01251,28/09/24,28,H,17.182.195.981.951.700,11,76012,4,0.419,2,FALSE,,,0.858,56.5,0,612312,compra_cartera,TRUE
CAND-01605,28/09/24,18,M,963523,7,46011,8,0.083,4,FALSE,,0.785,0.427,52.6,0,1567905,libre_inversion,TRUE
CAND-00646,28/09/24,29,H,2245277,1,53849,3,0.18,3,FALSE,,0.811,0.803,23.3,0,772146,libre_inversion,TRUE
CAND-02773,28/09/24,19,H,1352889,14,19566,10,0.095,1,FALSE,,0.827,0.582,28.4,0,688924,libre_inversion,TRUE
CAND-01414,29/09/24,39,M,1663218,6,29538,5,0.632,4,TRUE,590,0.703,0.844,39.4,0,1285897,libre_inversion,TRUE
CAND-00111,29/09/24,27,H,1098600,1,35414,1,0.493,1,TRUE,612,0.71,0.839,60.9,0,496822,libre_inversion,TRUE
CAND-00384,29/09/24,34,H,758196,6,48162,4,0.189,4,TRUE,725,0.781,0.909,68.1,0,376045,avance_efectivo,TRUE
CAND-02311,29/09/24,44,H,1385332,18,2970,10,0.79,2,FALSE,,0.415,0.594,46.5,0,520759,libre_inversion,TRUE
CAND-00973,29/09/24,52,H,2006978,33,76113,14,0.404,4,FALSE,,0.49,0.86,57.6,0,1179969,compra_cartera,TRUE
CAND-00568,29/09/24,22,H,1158923,10,30644,5,0.372,2,FALSE,,0.819,0.846,43.5,0,197225,avance_efectivo,TRUE
CAND-00249,30/09/24,40,H,1255372,2,141679,0,0.445,2,FALSE,,0.416,0.827,49.6,0,1358004,avance_efectivo,TRUE
CAND-01276,30/09/24,45,NB,1091681,3,31704,1,0.661,3,TRUE,640,0.675,0.722,84.7,0,228573,libre_inversion,TRUE
CAND-00708,30/09/24,45,H,2101316,3,44294,2,0.016,3,FALSE,,0.582,,62.3,0,1352596,libre_inversion,TRUE
CAND-01320,30/09/24,32,H,3033813,47,13687,19,0.455,2,FALSE,,0.776,,29.6,0,1084617,libre_inversion,TRUE
CAND-02723,30/09/24,18,NB,1151361,18,23811,12,0.17,2,TRUE,717,0.739,0.94,45.9,0,793583,libre_inversion,TRUE
CAND-02266,30/09/24,33,H,647903,14,64741,6,0.157,4,TRUE,751,0.877,0.513,68.3,0,379979,avance_efectivo,TRUE
CAND-02834,30/09/24,44,H,1958797,1,33813,1,0.306,2,FALSE,,,0.862,53.7,16095,895866,libre_inversion,TRUE
CAND-00899,30/09/24,47,NB,971847,4,114988,0,0.329,1,FALSE,,0.74,0.797,73.7,0,338663,libre_inversion,TRUE
CAND-02128,30/09/24,43,M,1000279,28,74250,12,0.328,5,FALSE,,0.691,0.791,61.4,0,828620,avance_efectivo,TRUE
CAND-02423,30/09/24,32,H,1878338,19,51871,9,0.487,2,FALSE,,0.376,0.746,42.4,0,718810,libre_inversion,TRUE
CAND-01707,30/09/24,39,H,1374133,7,39928,4,0.295,1,FALSE,,0.628,0.631,66.9,0,100000,avance_efectivo,TRUE
CAND-02853,30/09/24,21,H,930541,7,2401,4,0.67,1,TRUE,699,0.886,0.65,47.3,0,933664,libre_inversion,TRUE
CAND-02634,30/09/24,54,M,1445296,1,13129,0,0.175,1,FALSE,,0.737,0.855,60.8,0,1286667,compra_cartera,TRUE
CAND-00478,30/09/24,37,H,1634966,7,52107,3,0.398,1,FALSE,,0.896,0.711,50.4,0,615156,avance_efectivo,TRUE
CAND-02704,30/09/24,36,M,1073612,1,79905,1,0.806,1,FALSE,,,0.33,79.4,0,601591,libre_inversion,FALSE
CAND-01189,30/09/24,41,M,1652816,20,11386,15,0.234,1,FALSE,,0.828,0.741,79.3,0,397730,compra_cartera,TRUE
CAND-03713,1/10/24,37,H,1367158,6,122510,3,0.297,5,TRUE,737,0.87,0.65,16.6,0,474234,libre_inversion,TRUE
CAND-03706,1/10/24,34,M,1648236,3,32504,0,0.598,2,FALSE,,0.471,0.579,28.5,0,428111,avance_efectivo,TRUE
CAND-03632,1/10/24,24,M,744996,7,20094,3,0.624,1,FALSE,,0.488,0.752,66.4,0,422783,libre_inversion,TRUE
CAND-03577,1/10/24,33,NB,1632246,8,33495,5,0.084,1,FALSE,,0.695,0.52,28.6,0,1366344,avance_efectivo,TRUE
CAND-03932,1/10/24,45,H,568444,1,72345,0,0.265,1,TRUE,552,0.658,0.659,15,0,298790,avance_efectivo,TRUE
CAND-03451,1/10/24,51,H,1131021,7,209712,1,0.054,5,FALSE,,0.911,0.471,70,0,197447,avance_efectivo,TRUE
CAND-03859,1/10/24,57,M,3456301,1,18463,1,0.566,1,TRUE,578,0.521,0.806,36,0,296918,libre_inversion,TRUE
CAND-03998,1/10/24,21,H,2765587,6,96107,5,0.785,1,FALSE,,0.555,0.469,18.4,0,811851,libre_inversion,TRUE
CAND-03492,2/10/24,25,M,1219695,4,19522,1,0.379,3,FALSE,,0.55,0.712,22.1,0,269991,libre_inversion,TRUE
CAND-03968,2/10/24,36,H,1281636,1,47929,2,0.571,3,FALSE,,0.577,0.858,73.9,0,753738,avance_efectivo,TRUE
CAND-03958,2/10/24,38,M,946735,10,21432,7,0.131,2,FALSE,,0.863,0.671,65,0,438083,libre_inversion,TRUE
CAND-03214,2/10/24,23,H,1177500,3,25753,0,0.643,5,TRUE,724,0.826,0.771,16.5,0,763272,compra_cartera,TRUE
CAND-03465,2/10/24,26,M,616432,15,79453,5,0.397,2,FALSE,,0.743,0.648,38.7,0,1756488,libre_inversion,TRUE
CAND-03557,2/10/24,31,M,1138163,23,126661,6,0.411,1,FALSE,,0.648,0.591,48.3,0,418642,compra_cartera,TRUE
CAND-03551,2/10/24,30,M,2108629,35,101543,12,0.464,4,TRUE,630,0.727,0.675,44.3,0,297198,compra_cartera,TRUE
CAND-03491,2/10/24,35,NB,1208582,5,61794,3,0.324,3,FALSE,,0.781,0.705,84.1,0,408653,avance_efectivo,TRUE
CAND-03187,2/10/24,40,H,936877,21,75689,7,0.039,1,TRUE,578,0.64,0.784,65.3,0,643798,avance_efectivo,TRUE
CAND-03062,3/10/24,33,H,754449,17,29154,9,0.452,2,FALSE,,0.701,0.521,85.5,0,238333,avance_efectivo,TRUE
CAND-03872,3/10/24,36,M,1218702,9,14219,0,0.366,3,FALSE,,0.691,0.626,49,0,804264,avance_efectivo,TRUE
CAND-03895,3/10/24,19,H,895528,1,24768,2,0.348,5,FALSE,,0.478,0.896,39.5,0,330043,libre_inversion,TRUE
CAND-03898,3/10/24,18,M,614223,8,71496,6,0.04,2,TRUE,671,0.838,,66.9,0,385919,libre_inversion,TRUE
CAND-03312,3/10/24,33,H,1191737,11,95136,1,0.41,2,FALSE,,0.435,0.525,39.2,0,227716,libre_inversion,TRUE
CAND-03014,3/10/24,18,H,1358184,12,10960,6,0.171,1,FALSE,,0.87,0.609,75.6,0,530316,libre_inversion,TRUE
CAND-03208,3/10/24,43,H,1195142,16,11232,10,0.13,4,FALSE,,0.632,0.47,41.2,0,626717,libre_inversion,TRUE
CAND-03170,3/10/24,34,M,1412588,21,31466,15,0.189,3,FALSE,,0.759,0.842,25.4,0,1123841,avance_efectivo,TRUE
CAND-03928,3/10/24,29,M,676150,3,111721,1,0.217,1,FALSE,,0.635,0.548,35,0,840549,libre_inversion,TRUE
CAND-03466,4/10/24,33,M,1312781,13,15729,5,0.494,3,TRUE,673,0.608,0.541,12.9,0,942262,avance_efectivo,TRUE
CAND-03322,4/10/24,35,M,1230465,20,74101,15,0.476,2,TRUE,748,0.862,0.746,23.5,19151,439077,libre_inversion,TRUE
CAND-03593,4/10/24,27,H,772788,3,57086,1,0.147,3,FALSE,,0.593,0.677,58.2,11657,763073,compra_cartera,TRUE
CAND-03329,4/10/24,36,H,2218810,13,25497,6,0.444,5,TRUE,635,0.721,0.538,49.9,0,773846,libre_inversion,TRUE
CAND-03093,4/10/24,42,H,1325173,2,65712,0,0.422,3,FALSE,,,0.506,39.4,0,977623,avance_efectivo,TRUE
CAND-03427,4/10/24,35,H,1170608,2,54039,2,0.506,4,FALSE,,0.314,0.753,14.1,0,506933,libre_inversion,TRUE
CAND-03230,4/10/24,34,H,1584034,3,34953,0,0.155,2,FALSE,,0.599,0.491,12.5,18941,237162,libre_inversion,TRUE
CAND-03198,4/10/24,37,H,969664,9,100655,5,0.474,3,TRUE,576,0.758,0.499,45.1,0,555441,libre_inversion,TRUE
CAND-03174,4/10/24,40,M,1631230,11,46765,6,0.415,1,TRUE,567,0.757,0.635,34.4,0,284743,libre_inversion,FALSE
CAND-03391,4/10/24,57,H,2834797,8,87596,6,0.157,1,TRUE,527,0.593,0.248,54.3,0,191312,avance_efectivo,TRUE
CAND-03233,4/10/24,46,H,1461558,21,65163,14,0.184,2,TRUE,512,0.64,0.355,82.6,0,313872,libre_inversion,TRUE
CAND-03015,4/10/24,35,H,1235090,4,26034,2,0.136,2,FALSE,,0.317,0.552,96.7,0,732032,libre_inversion,TRUE
CAND-03066,5/10/24,51,H,1244541,9,31576,3,0.735,2,FALSE,,0.659,0.811,55.4,0,991042,libre_inversion,TRUE
CAND-03105,5/10/24,41,M,2051294,6,89455,1,0.276,2,FALSE,,0.784,0.811,46.3,0,1172924,libre_inversion,TRUE
CAND-03584,5/10/24,42,M,1415524,27,75196,12,0.682,2,TRUE,683,0.618,0.516,17.7,0,1527054,libre_inversion,TRUE
CAND-03078,5/10/24,39,H,1624010,7,16918,4,0.403,2,TRUE,661,,,58.2,0,1649833,avance_efectivo,TRUE
CAND-03119,5/10/24,44,M,1135918,10,10843,5,0.79,3,FALSE,,0.642,0.593,69.8,0,262072,libre_inversion,TRUE
CAND-03120,5/10/24,32,M,681993,10,9112,9,0.473,4,FALSE,,0.845,0.537,62.4,0,667230,compra_cartera,TRUE
CAND-03555,5/10/24,47,H,771549,15,22939,2,0.395,1,TRUE,714,0.752,,34.3,0,228043,avance_efectivo,TRUE
CAND-03519,5/10/24,61,H,588266,3,41646,1,0.593,3,FALSE,,0.294,0.763,36.1,0,300739,avance_efectivo,TRUE
CAND-03482,5/10/24,29,H,4130102,20,67562,6,0.297,1,TRUE,835,0.798,0.793,54.9,0,1450898,libre_inversion,TRUE
CAND-03643,5/10/24,40,M,839050,28,136384,10,0.124,2,TRUE,827,0.765,0.749,54.1,0,593788,libre_inversion,TRUE
CAND-03433,5/10/24,33,M,1429322,6,19936,2,0.512,4,FALSE,,0.617,0.421,80.4,0,176592,libre_inversion,TRUE
CAND-03405,5/10/24,25,M,2418939,15,21603,4,0.588,2,TRUE,667,0.899,0.653,73.9,0,421497,compra_cartera,TRUE
CAND-03976,5/10/24,40,H,1780730,11,38798,7,0.617,1,TRUE,636,0.401,0.772,71.1,0,955506,libre_inversion,TRUE
CAND-03442,5/10/24,45,H,480549,1,58650,0,0.49,3,TRUE,590,0.481,0.38,25,0,283576,libre_inversion,TRUE
CAND-03991,5/10/24,38,H,2543543,5,36362,3,0.255,2,TRUE,607,0.428,0.696,86.1,0,1161574,libre_inversion,TRUE
CAND-03359,5/10/24,35,M,890810,33,91581,19,0.351,2,FALSE,,0.868,0.709,39.3,0,577391,libre_inversion,TRUE
CAND-03988,6/10/24,37,H,1848915,6,73508,5,0.64,2,FALSE,,0.449,0.542,15.3,0,771061,avance_efectivo,TRUE
CAND-03335,6/10/24,28,M,1707101,1,51716,2,0.744,1,FALSE,,0.732,0.876,38.5,0,273016,libre_inversion,TRUE
CAND-03150,6/10/24,33,H,2916059,6,5165,3,0.331,3,FALSE,,0.634,0.649,57.8,0,783156,compra_cartera,TRUE
CAND-03771,6/10/24,18,M,1400855,28,52771,11,0.403,4,FALSE,,0.503,0.762,75.7,0,946191,avance_efectivo,TRUE
CAND-03152,6/10/24,53,M,1031794,19,63584,6,0.045,2,FALSE,,0.436,0.775,28.5,0,847799,compra_cartera,TRUE
CAND-03463,6/10/24,38,M,995224,7,190861,2,0.387,3,FALSE,,0.407,0.562,16.2,0,724048,libre_inversion,TRUE
CAND-03779,6/10/24,40,M,1959024,2,69425,1,0.493,5,TRUE,575,0.347,,35.1,0,1081259,libre_inversion,TRUE
CAND-03051,6/10/24,20,M,1447761,4,42760,4,0.8,3,FALSE,,,0.761,77.8,0,203714,avance_efectivo,TRUE
CAND-03110,6/10/24,38,H,1787281,8,54367,6,0.308,1,TRUE,693,0.846,0.7,41.8,0,654545,compra_cartera,TRUE
CAND-03059,6/10/24,36,M,1498175,7,18694,1,0.781,3,FALSE,,0.737,0.849,60.9,0,298865,libre_inversion,TRUE
CAND-03604,6/10/24,31,H,640048,60,64355,38,0.303,3,FALSE,,0.717,0.907,69.7,0,448841,libre_inversion,TRUE
CAND-03351,6/10/24,37,H,888988,3,69643,1,0.327,2,FALSE,,0.708,0.436,53.1,0,705091,libre_inversion,TRUE
CAND-03378,6/10/24,45,M,1987314,25,70331,9,0.474,1,FALSE,,0.854,0.856,36.4,0,514521,avance_efectivo,TRUE
CAND-03158,6/10/24,50,H,1767279,11,115696,9,0.522,2,TRUE,540,0.646,0.603,23.6,0,285851,libre_inversion,TRUE
CAND-03722,6/10/24,36,M,1236833,3,28835,1,0.576,1,TRUE,406,0.795,0.768,50,0,381565,libre_inversion,TRUE
CAND-03002,7/10/24,27,H,761654,4,10918,3,0.594,3,FALSE,,0.897,0.621,59.1,0,1866078,libre_inversion,TRUE
CAND-03715,7/10/24,24,H,1328402,11,16185,7,0.306,2,TRUE,626,0.774,0.826,19.3,0,729376,avance_efectivo,TRUE
CAND-03270,7/10/24,55,H,1322032,12,48497,8,0.765,2,FALSE,,0.394,0.573,38,0,1256423,libre_inversion,TRUE
CAND-03699,7/10/24,35,H,1244896,2,84042,0,0.742,1,TRUE,542,0.741,0.621,23.8,0,285770,compra_cartera,TRUE
CAND-03273,7/10/24,36,H,1274324,11,12943,5,0.651,1,FALSE,,0.527,,60.1,0,930093,compra_cartera,TRUE
CAND-03921,7/10/24,33,H,2239108,9,3636,8,0.473,1,TRUE,719,0.798,0.855,100,0,1497247,compra_cartera,TRUE
CAND-03552,7/10/24,36,NB,1750906,3,163242,0,0.119,3,TRUE,644,0.793,0.741,35.4,0,1071273,avance_efectivo,TRUE
CAND-03382,7/10/24,43,H,1864273,49,98227,30,0.191,2,TRUE,710,0.881,0.612,53.2,0,335494,libre_inversion,TRUE
CAND-03061,7/10/24,19,H,1620703,9,11919,5,0.231,1,TRUE,818,0.559,0.778,54.8,0,318783,avance_efectivo,TRUE
CAND-03436,7/10/24,18,H,459357,3,12069,0,0.741,3,TRUE,900,0.85,0.887,31,0,312267,libre_inversion,TRUE
CAND-03791,7/10/24,21,M,1369319,26,73630,9,0.469,2,FALSE,,0.804,0.507,34.2,0,926613,libre_inversion,TRUE
CAND-03054,7/10/24,37,H,760124,16,24594,11,0.611,4,TRUE,614,0.841,0.831,44.1,0,647026,avance_efectivo,TRUE
CAND-03562,7/10/24,28,M,845037,13,111975,7,0.454,4,TRUE,598,0.766,0.652,11.6,0,288251,compra_cartera,TRUE
CAND-03024,8/10/24,39,H,2061482,8,61893,3,0.385,2,FALSE,,0.574,0.59,16.8,11288,315028,libre_inversion,TRUE
CAND-03210,8/10/24,31,M,822534,5,87474,5,0.439,3,TRUE,687,0.668,0.546,22.2,0,2169717,libre_inversion,TRUE
CAND-03341,8/10/24,41,H,1503143,12,2814,5,0.366,4,TRUE,629,0.622,0.673,55.9,0,380704,libre_inversion,TRUE
CAND-03255,8/10/24,42,M,1738093,4,26143,2,0.53,4,FALSE,,0.861,0.449,0,0,425158,avance_efectivo,TRUE
CAND-03901,8/10/24,29,M,2220096,7,64028,3,0.538,3,FALSE,,0.751,0.568,61.3,0,671449,avance_efectivo,TRUE
CAND-03655,8/10/24,30,H,792254,5,46861,4,0.617,1,TRUE,625,0.688,0.668,35.6,0,375451,libre_inversion,TRUE
CAND-03038,8/10/24,27,H,873011,8,61422,6,0.486,1,FALSE,,0.758,0.403,31.3,0,707658,compra_cartera,TRUE
CAND-03740,8/10/24,44,H,762915,16,79757,7,0.336,3,TRUE,559,0.889,0.477,46.6,0,952861,libre_inversion,TRUE
CAND-03773,8/10/24,37,H,1167280,6,65937,4,0.12,1,FALSE,,0.656,0.78,70.7,0,510360,libre_inversion,TRUE
CAND-03852,8/10/24,55,H,1149141,1,72416,0,0.513,4,TRUE,667,0.875,0.695,61.2,0,262910,avance_efectivo,TRUE
CAND-03036,8/10/24,51,M,1343514,19,25090,8,0.446,5,FALSE,,0.278,0.527,26.5,0,799718,libre_inversion,TRUE
CAND-03822,8/10/24,47,H,659717,1,64774,1,0.754,1,TRUE,584,0.733,0.651,64.5,0,1362124,compra_cartera,TRUE
CAND-03435,9/10/24,34,H,672691,13,32146,5,0.632,2,TRUE,622,0.793,0.453,89.9,0,477578,libre_inversion,TRUE
CAND-03298,9/10/24,33,M,541223,28,10936,18,0.201,4,FALSE,,0.798,0.816,78.5,0,620169,libre_inversion,TRUE
CAND-03798,9/10/24,25,M,2325061,15,78073,8,0.582,1,TRUE,525,0.702,0.782,96.6,0,215821,avance_efectivo,TRUE
CAND-03805,9/10/24,26,H,1541788,24,40725,12,0.33,2,FALSE,,0.7,,49.7,0,784884,avance_efectivo,TRUE
CAND-03888,9/10/24,32,H,1252499,37,9599,19,0.329,2,FALSE,,0.874,0.494,80.5,0,1341721,avance_efectivo,TRUE
CAND-03602,9/10/24,30,H,1247079,15,45666,7,0.304,4,FALSE,,0.344,0.42,63.1,0,1213654,avance_efectivo,TRUE
CAND-03204,10/10/24,18,H,2901671,9,79361,5,0.784,1,FALSE,,0.845,0.738,28.9,0,687875,libre_inversion,TRUE
CAND-03940,10/10/24,38,M,1631995,5,19757,2,0.183,3,FALSE,,0.427,0.804,48.2,0,1101078,libre_inversion,TRUE
CAND-03434,10/10/24,44,M,1542796,13,12450,9,0.242,1,FALSE,,0.377,0.568,62.9,0,699680,libre_inversion,TRUE
CAND-03566,10/10/24,34,M,883472,35,50134,16,0.523,2,FALSE,,0.833,0.628,37.2,0,282662,avance_efectivo,TRUE
CAND-03978,10/10/24,46,H,1936646,33,41529,12,0.194,1,FALSE,,0.836,0.693,80.6,0,948737,compra_cartera,TRUE
CAND-03146,10/10/24,44,M,2294627,43,57680,23,0.428,1,TRUE,637,0.62,0.816,64.1,0,351680,compra_cartera,TRUE
CAND-03642,10/10/24,33,M,1652936,17,98927,13,0.695,5,FALSE,,0.386,0.793,60.8,0,974445,libre_inversion,TRUE
CAND-03893,10/10/24,22,H,1158713,2,63299,0,0.749,4,FALSE,,0.807,0.692,39.1,0,485675,avance_efectivo,TRUE
CAND-03194,10/10/24,38,H,1308014,7,89134,4,0.359,1,FALSE,,0.802,0.41,21.8,0,1060822,libre_inversion,TRUE
CAND-03795,11/10/24,37,M,1562875,3,192894,1,0.39,4,FALSE,,0.591,0.832,53.8,0,463432,compra_cartera,TRUE
CAND-03428,11/10/24,50,H,1832497,13,125317,5,0.326,2,TRUE,558,0.634,0.81,73.4,0,618449,avance_efectivo,TRUE
CAND-03118,11/10/24,48,M,2417896,32,133254,11,0.579,1,FALSE,,0.547,0.438,60.3,0,1192920,libre_inversion,TRUE
CAND-03455,11/10/24,33,H,865294,10,97085,4,0.686,1,TRUE,730,0.696,0.717,56.1,0,1251999,libre_inversion,TRUE
CAND-03663,11/10/24,24,H,821370,4,27722,1,0.287,2,FALSE,,,0.493,53.2,0,417402,libre_inversion,TRUE
CAND-03708,11/10/24,44,M,1415721,48,65766,17,0.677,3,TRUE,883,0.555,0.815,48.1,0,709329,compra_cartera,TRUE
CAND-03296,11/10/24,24,M,533379,16,19585,8,0.267,3,FALSE,,,0.35,59.8,0,751479,avance_efectivo,TRUE
CAND-03904,11/10/24,31,H,1695652,20,39902,8,0.432,1,TRUE,675,0.685,0.654,63.5,0,1044218,avance_efectivo,TRUE
CAND-03357,12/10/24,32,H,543069,12,35292,7,0.516,4,FALSE,,0.459,0.711,67.3,0,1150594,libre_inversion,TRUE
CAND-03418,12/10/24,42,H,1915937,18,25013,7,0.457,1,FALSE,,0.83,0.82,67.8,0,304398,compra_cartera,TRUE
CAND-03644,12/10/24,45,H,576321,23,71356,13,0.225,1,TRUE,531,0.652,,69.9,0,840927,libre_inversion,TRUE
CAND-03694,12/10/24,24,H,667722,5,33708,7,0.425,1,FALSE,,0.657,0.834,48.1,0,746005,compra_cartera,TRUE
CAND-03396,12/10/24,18,H,530938,4,167030,1,0.431,2,TRUE,845,0.724,0.798,41.2,0,1060677,avance_efectivo,TRUE
CAND-03944,12/10/24,25,H,622168,1,23475,0,0.114,3,FALSE,,0.828,0.738,58,0,1968271,compra_cartera,TRUE
CAND-03041,12/10/24,18,H,2218070,3,28269,0,0.652,1,TRUE,751,0.628,0.475,26.4,0,2693186,libre_inversion,TRUE
CAND-03864,12/10/24,37,H,947654,33,10187,11,0.048,2,FALSE,,0.733,0.526,49.2,0,698531,avance_efectivo,TRUE
CAND-03983,12/10/24,31,H,686785,6,108598,4,0.417,4,TRUE,715,0.443,0.741,62.1,0,747223,compra_cartera,TRUE
CAND-03992,12/10/24,31,M,1860288,1,57630,0,0.562,4,FALSE,,0.576,0.793,44.1,0,1048130,avance_efectivo,TRUE
CAND-03581,12/10/24,44,M,556775,10,33197,3,0.301,1,FALSE,,0.46,0.358,54.2,0,268125,avance_efectivo,TRUE
CAND-03669,12/10/24,38,M,1835877,4,11553,1,0.507,1,TRUE,619,0.82,0.885,77.5,0,652349,compra_cartera,TRUE
CAND-03109,12/10/24,25,H,2104693,1,27466,1,0.45,3,FALSE,,0.829,0.842,77.3,0,654650,libre_inversion,TRUE
CAND-03565,12/10/24,35,H,1280732,23,27923,9,0.571,1,FALSE,,0.907,0.789,22.4,0,100000,avance_efectivo,TRUE
CAND-03497,13/10/24,29,M,12.269.286.186.483.300,23,14983,12,0.499,4,FALSE,,0.662,0.851,53.5,0,322354,avance_efectivo,TRUE
CAND-03162,13/10/24,25,M,1750845,3,73930,1,0.311,2,TRUE,662,0.65,0.602,67.8,0,253472,libre_inversion,TRUE
CAND-03856,13/10/24,45,H,1553191,9,31173,6,0.648,4,FALSE,,0.41,0.694,100,0,923369,avance_efectivo,TRUE
CAND-03107,13/10/24,27,H,1114137,1,32109,1,0.626,2,TRUE,630,0.661,0.742,84.9,0,429222,libre_inversion,TRUE
CAND-03749,13/10/24,33,M,1652577,10,147418,4,0.29,1,FALSE,,0.539,0.682,64.3,0,288280,libre_inversion,TRUE
CAND-03005,13/10/24,27,H,1610259,2,19238,1,0.262,5,TRUE,683,0.732,0.557,40,0,845088,avance_efectivo,TRUE
CAND-03074,13/10/24,38,H,836230,30,34094,17,0.428,1,FALSE,,0.653,0.555,65.7,0,513046,libre_inversion,TRUE
CAND-03195,13/10/24,47,H,1153767,24,41653,11,0.232,2,FALSE,,,0.741,69.4,0,552146,libre_inversion,TRUE
CAND-03265,13/10/24,45,H,1400346,3,36363,0,0.79,4,TRUE,798,0.758,0.654,52,0,283788,libre_inversion,TRUE
CAND-03381,13/10/24,29,H,985198,5,12667,1,0.35,4,FALSE,,0.697,0.446,37.1,0,1175385,libre_inversion,TRUE
CAND-03603,13/10/24,50,M,655240,3,33381,2,0.1,2,FALSE,,0.279,0.809,55.8,0,1147036,compra_cartera,FALSE
CAND-03693,13/10/24,52,H,1679155,3,65783,0,0.543,1,FALSE,,0.883,0.699,42.4,0,468498,libre_inversion,TRUE
CAND-03471,13/10/24,22,M,1237005,2,29557,1,0.113,4,TRUE,688,0.569,0.821,65.3,0,602822,libre_inversion,TRUE
CAND-03419,14/10/24,19,H,718264,11,54732,3,0.389,1,FALSE,,0.56,0.833,66.8,0,661768,libre_inversion,TRUE
CAND-03837,14/10/24,37,M,587232,1,39224,1,0.192,2,TRUE,663,0.519,0.82,43.2,0,153242,libre_inversion,TRUE
CAND-03813,14/10/24,56,NB,1479110,8,45675,7,0.546,1,TRUE,792,0.804,0.562,43.2,0,1075855,avance_efectivo,TRUE
CAND-03814,14/10/24,32,H,1743448,9,23773,8,0.351,2,FALSE,,0.52,0.336,61.7,0,1524890,libre_inversion,TRUE
CAND-03827,14/10/24,47,M,1617136,15,12566,4,0.636,2,TRUE,652,0.47,0.799,51.6,0,324276,compra_cartera,TRUE
CAND-03046,14/10/24,46,H,2334285,1,35027,2,0.247,2,FALSE,,0.85,0.589,11.3,0,599087,libre_inversion,TRUE
CAND-03659,14/10/24,31,M,436382,16,33137,11,0.297,4,TRUE,713,0.536,,64.5,0,484470,compra_cartera,TRUE
CAND-03757,14/10/24,31,H,1812211,5,49508,5,0.487,1,TRUE,660,0.853,0.588,78.6,0,787936,libre_inversion,TRUE
CAND-03247,14/10/24,29,M,2851980,30,82229,18,0.506,2,TRUE,505,0.691,0.77,85,0,616227,libre_inversion,TRUE
CAND-03070,14/10/24,19,M,1497390,14,30203,7,0.472,3,FALSE,,0.366,0.707,69.1,0,686108,libre_inversion,TRUE
CAND-03254,14/10/24,52,M,1379062,14,59631,11,0.203,2,TRUE,699,0.525,0.747,77.9,0,917788,libre_inversion,TRUE
CAND-03094,14/10/24,34,H,787294,16,125404,3,0.279,2,FALSE,,0.796,0.835,60.1,0,1335062,libre_inversion,TRUE
CAND-03629,15/10/24,44,M,2617542,25,10483,17,0.824,3,FALSE,,0.702,0.672,67.2,0,555565,avance_efectivo,TRUE
CAND-03408,15/10/24,18,H,1299072,5,40393,3,0.657,2,FALSE,,0.831,0.836,69,0,355544,avance_efectivo,TRUE
CAND-03952,15/10/24,32,M,911185,12,121634,5,0.445,4,FALSE,,,0.585,47.2,0,244722,libre_inversion,TRUE
CAND-03358,15/10/24,40,H,1044435,7,52341,5,0.048,3,FALSE,,0.701,0.913,75.7,0,644509,libre_inversion,TRUE
CAND-03328,15/10/24,30,M,810567,27,53270,11,0.252,4,TRUE,682,0.567,0.607,52.4,0,410523,avance_efectivo,TRUE
CAND-03880,15/10/24,31,M,1818233,49,17640,25,0.662,3,FALSE,,0.385,,73.8,0,1338988,libre_inversion,TRUE
CAND-03860,15/10/24,20,H,683444,8,32088,6,0.559,2,FALSE,,,0.708,77.6,0,594975,libre_inversion,TRUE
CAND-03907,15/10/24,53,M,1394356,7,22327,4,0.136,2,TRUE,636,0.792,0.539,32.6,0,1097235,libre_inversion,TRUE
CAND-03770,15/10/24,48,M,1493569,1,43103,0,0.493,4,TRUE,644,0.417,0.542,50.6,0,283999,avance_efectivo,TRUE
CAND-03806,15/10/24,31,H,717167,17,52368,4,0.355,2,TRUE,663,0.661,0.9,14.9,0,761039,avance_efectivo,TRUE
CAND-03332,15/10/24,19,H,1626274,2,71972,3,0.591,4,FALSE,,,0.817,40.8,0,1248607,libre_inversion,TRUE
CAND-03261,16/10/24,28,H,1042542,3,27846,3,0.636,1,FALSE,,0.734,0.904,66.7,0,398174,libre_inversion,TRUE
CAND-03752,16/10/24,34,M,672213,1,2028,0,0.161,4,FALSE,,0.348,0.871,52.3,0,407229,libre_inversion,TRUE
CAND-03518,16/10/24,34,M,1937427,4,60732,2,0.111,1,FALSE,,0.821,0.759,23.4,0,623830,libre_inversion,TRUE
CAND-03630,16/10/24,36,H,2490882,6,14102,3,0.103,2,TRUE,545,0.705,0.794,40.3,0,1403551,compra_cartera,TRUE
CAND-03789,16/10/24,39,M,848182,15,48769,8,0.113,2,FALSE,,0.573,0.793,42.9,0,665714,libre_inversion,TRUE
CAND-03304,16/10/24,38,H,5.551.217.989.357.690,3,36717,1,0.466,3,FALSE,,0.528,0.446,56,0,892656,compra_cartera,TRUE
CAND-03353,16/10/24,28,M,1875083,3,76385,2,0.385,1,FALSE,,0.686,0.607,62.6,0,433606,libre_inversion,TRUE
CAND-03941,16/10/24,45,M,799487,11,43631,5,0.506,5,TRUE,675,0.402,0.724,58.8,0,654897,compra_cartera,TRUE
CAND-03343,16/10/24,51,H,1239793,38,37055,19,0.548,1,FALSE,,0.641,0.658,50.2,0,469372,compra_cartera,TRUE
CAND-03147,16/10/24,59,M,433905,27,96541,8,0.194,3,TRUE,564,0.588,0.707,48.4,0,936699,libre_inversion,TRUE
CAND-03360,16/10/24,32,H,634658,3,59495,3,0.236,1,FALSE,,0.881,0.651,55.1,0,277204,avance_efectivo,TRUE
CAND-03140,16/10/24,41,H,857320,7,52418,3,0.564,4,FALSE,,,0.82,14.8,0,737694,libre_inversion,TRUE
CAND-03679,17/10/24,33,M,491720,28,72909,12,0.357,3,FALSE,,0.63,0.648,52.8,0,995650,compra_cartera,TRUE
CAND-03285,17/10/24,46,M,1154343,19,38255,10,0.053,4,TRUE,623,,0.804,69.9,0,835082,libre_inversion,TRUE
CAND-03321,17/10/24,28,M,1627761,12,47805,8,0.635,2,FALSE,,0.791,0.386,62.6,0,273333,avance_efectivo,TRUE
CAND-03144,17/10/24,35,NB,1353059,37,117557,26,0.372,3,FALSE,,0.716,0.925,47.4,0,462034,avance_efectivo,TRUE
CAND-03781,17/10/24,32,M,883291,10,18736,7,0.266,3,FALSE,,0.638,0.798,51.9,0,442545,compra_cartera,TRUE
CAND-03549,17/10/24,21,H,2049485,5,98082,3,0.217,3,FALSE,,0.835,0.621,69.4,0,806302,libre_inversion,TRUE
CAND-03160,17/10/24,27,M,1050432,26,75336,14,0.841,4,FALSE,,0.362,0.671,36.5,0,269364,compra_cartera,TRUE
CAND-03689,17/10/24,25,M,495259,6,41946,2,0.242,2,TRUE,620,0.738,0.614,71.3,0,505773,compra_cartera,TRUE
CAND-03541,17/10/24,29,M,754801,11,19243,7,0.021,2,TRUE,605,0.82,,28.4,0,1035468,avance_efectivo,TRUE
CAND-03485,18/10/24,18,M,543278,2,80796,1,0.617,1,FALSE,,0.729,0.712,24.6,0,1307666,compra_cartera,TRUE
CAND-03441,18/10/24,50,M,863045,23,7135,13,0.568,5,FALSE,,,0.802,41.7,0,239608,libre_inversion,TRUE
CAND-03499,18/10/24,35,H,660163,22,17465,14,0.608,3,TRUE,491,0.64,0.585,26.1,0,516337,libre_inversion,TRUE
CAND-03430,18/10/24,37,M,1315565,22,57594,14,0.22,1,FALSE,,0.687,0.485,28.1,0,1928539,libre_inversion,TRUE
CAND-03279,18/10/24,32,M,1220491,3,33353,0,0.374,4,TRUE,633,0.814,0.846,80,0,1437646,compra_cartera,TRUE
CAND-03554,18/10/24,44,H,1240233,3,64843,2,0.409,2,TRUE,610,0.327,0.476,14.5,0,2382527,compra_cartera,TRUE
CAND-03297,18/10/24,28,M,1973613,22,51893,9,0.416,2,TRUE,706,0.527,0.421,48.5,0,483060,libre_inversion,TRUE
CAND-03426,18/10/24,31,H,310644,34,63770,16,0.593,5,TRUE,734,0.483,,63.8,0,1642334,libre_inversion,TRUE
CAND-03379,18/10/24,18,M,863666,18,13403,10,0.354,1,FALSE,,0.406,,43,0,782344,libre_inversion,TRUE
CAND-03422,18/10/24,29,H,667651,20,58730,11,0.301,1,TRUE,672,0.461,0.412,55.7,0,502109,compra_cartera,TRUE
CAND-03745,18/10/24,43,H,1212735,2,20448,0,0.193,4,TRUE,706,0.386,0.501,31.4,0,858371,avance_efectivo,TRUE
CAND-03129,18/10/24,18,M,2161365,6,78761,5,0.19,1,TRUE,685,0.781,0.825,84.6,0,1658756,avance_efectivo,TRUE
CAND-03239,18/10/24,18,H,3966881,1,18645,1,0.55,1,TRUE,623,0.612,0.503,34.4,0,785675,avance_efectivo,FALSE
CAND-03841,19/10/24,18,M,2464377,4,26162,6,0.393,3,TRUE,608,0.747,0.79,41.3,0,361116,libre_inversion,TRUE
CAND-03215,19/10/24,31,H,1220005,39,28475,14,0.207,1,FALSE,,0.683,0.583,44,0,956651,avance_efectivo,TRUE
CAND-03438,19/10/24,29,H,814624,7,32946,2,0.274,4,FALSE,,0.649,0.844,39.1,0,1238617,libre_inversion,TRUE
CAND-03136,19/10/24,38,H,1391959,2,55585,1,0.385,2,FALSE,,0.481,0.596,65.6,0,683281,compra_cartera,TRUE
CAND-03369,19/10/24,18,M,600573,14,61431,8,0.25,5,FALSE,,0.802,0.748,42.2,0,520811,libre_inversion,TRUE
CAND-03376,19/10/24,25,M,3149311,27,118781,15,0.697,3,TRUE,843,0.683,0.682,77.6,0,1041728,libre_inversion,TRUE
CAND-03390,19/10/24,36,M,1402333,6,30442,3,0.208,3,FALSE,,0.576,0.92,54.3,0,415866,libre_inversion,TRUE
CAND-03425,19/10/24,32,H,2681588,1,169244,2,0.521,3,FALSE,,0.56,0.425,13.9,0,941474,libre_inversion,TRUE
CAND-03009,19/10/24,27,M,988192,16,4666,7,0.454,2,FALSE,,,0.679,68.6,0,342998,libre_inversion,TRUE
CAND-03033,19/10/24,47,M,2229197,16,59174,6,0.696,2,TRUE,606,0.807,0.852,62.3,0,864068,libre_inversion,TRUE
CAND-03479,19/10/24,36,M,657182,51,19318,26,0.264,3,FALSE,,0.792,0.573,27.3,0,771267,avance_efectivo,TRUE
CAND-03579,19/10/24,42,M,1488629,1,52519,1,0.674,3,FALSE,,0.81,,44.4,0,426001,libre_inversion,TRUE
CAND-03834,19/10/24,50,H,932718,14,56458,6,0.241,2,TRUE,728,0.504,0.475,51.7,0,773653,libre_inversion,TRUE
CAND-03914,19/10/24,44,H,1772415,24,48747,12,0.405,1,FALSE,,0.575,0.721,47.4,0,735005,avance_efectivo,TRUE
CAND-03619,20/10/24,47,M,2081164,14,19260,6,0.436,3,FALSE,,,0.6,58.9,0,810474,avance_efectivo,TRUE
CAND-03885,20/10/24,58,M,1425733,4,20389,2,0.63,2,TRUE,650,0.836,0.803,43.4,0,1159909,avance_efectivo,TRUE
CAND-03113,20/10/24,27,H,1327088,20,33220,10,0.512,3,TRUE,689,,0.496,77.1,0,421960,libre_inversion,TRUE
CAND-03570,20/10/24,43,M,589040,1,13439,0,0.301,3,TRUE,627,0.815,0.91,38.3,0,348368,avance_efectivo,TRUE
CAND-03746,20/10/24,34,H,1165143,1,29852,0,0.462,1,TRUE,604,0.645,0.657,56.6,0,1123304,libre_inversion,TRUE
CAND-03684,20/10/24,36,NB,2471602,2,27828,1,0.569,1,TRUE,714,0.826,0.779,55.7,0,1311180,avance_efectivo,TRUE
CAND-03919,20/10/24,29,H,1089899,1,18778,0,0.35,3,FALSE,,0.767,0.872,50.7,0,491477,libre_inversion,TRUE
CAND-03489,20/10/24,48,H,1554583,3,41535,0,0.448,5,FALSE,,0.479,,50.2,0,375355,libre_inversion,TRUE
CAND-03429,20/10/24,46,M,1127169,7,126463,6,0.503,3,TRUE,756,0.817,0.592,67,0,370611,compra_cartera,TRUE
CAND-03220,20/10/24,31,NB,863639,39,34512,16,0.527,3,FALSE,,0.725,0.657,26.8,0,598788,libre_inversion,TRUE
CAND-03532,21/10/24,35,H,1538403,21,8570,4,0.765,3,FALSE,,0.866,0.565,53.5,0,606317,libre_inversion,TRUE
CAND-03741,21/10/24,38,M,1243270,8,27851,4,0.84,1,FALSE,,0.704,0.806,53.3,0,808700,avance_efectivo,TRUE
CAND-03735,21/10/24,35,M,1068069,17,51584,5,0.616,3,FALSE,,0.717,0.23,54.7,0,863112,libre_inversion,TRUE
CAND-03930,21/10/24,28,M,590589,13,26810,5,0.022,3,FALSE,,0.523,0.805,71.9,0,526522,avance_efectivo,TRUE
CAND-03714,21/10/24,35,H,2934231,3,203627,1,0.27,1,FALSE,,0.558,0.639,48,0,582942,libre_inversion,TRUE
CAND-03407,21/10/24,35,NB,1307751,4,10158,1,0.489,4,FALSE,,0.794,0.564,47.3,0,613183,compra_cartera,TRUE
CAND-03333,21/10/24,32,H,1259828,4,51995,1,0.798,5,TRUE,706,0.828,0.85,44.4,0,566730,libre_inversion,TRUE
CAND-03172,21/10/24,45,M,1925941,33,55950,18,0.216,1,TRUE,635,0.564,0.5,65.8,0,646019,libre_inversion,TRUE
CAND-03134,21/10/24,32,M,1246426,25,86320,18,0.285,2,TRUE,568,0.728,0.688,21.3,0,534452,compra_cartera,TRUE
CAND-03099,21/10/24,23,H,689311,7,119130,1,0.589,2,TRUE,787,0.781,0.783,24,0,194240,libre_inversion,TRUE
CAND-03117,21/10/24,34,H,1211675,7,57369,2,0.242,4,TRUE,549,0.907,0.384,57.4,0,391367,libre_inversion,TRUE
CAND-03563,22/10/24,38,M,575883,10,39323,4,0.034,1,TRUE,543,0.711,0.738,38.5,0,428462,compra_cartera,TRUE
CAND-03871,22/10/24,50,M,1342731,3,21561,1,0.328,4,TRUE,682,0.869,0.627,96,0,421563,avance_efectivo,TRUE
CAND-03681,22/10/24,32,M,1461867,49,76822,27,0.312,1,TRUE,641,0.772,0.82,61,0,143774,libre_inversion,TRUE
CAND-03156,22/10/24,49,M,1595708,34,35518,14,0.539,1,TRUE,608,0.622,0.859,14.6,0,278756,avance_efectivo,TRUE
CAND-03922,22/10/24,41,H,2423309,8,19739,2,0.591,3,FALSE,,0.423,0.689,62.1,0,369624,libre_inversion,TRUE
CAND-03398,22/10/24,29,H,1419934,3,19132,1,0.107,1,TRUE,689,0.477,0.458,38.2,0,429095,libre_inversion,TRUE
CAND-03660,22/10/24,25,H,542139,14,67951,12,0.407,2,FALSE,,0.479,0.554,14.1,0,1156289,compra_cartera,TRUE
CAND-03262,22/10/24,33,H,1039067,13,71609,2,0.194,1,FALSE,,0.59,0.772,90.4,0,1259096,avance_efectivo,TRUE
CAND-03889,22/10/24,38,M,1510168,12,73390,11,0.437,1,TRUE,530,0.563,0.72,42.5,0,1299030,libre_inversion,TRUE
CAND-03567,22/10/24,39,M,977372,1,17747,1,0.71,1,FALSE,,0.824,0.827,48.3,0,710663,libre_inversion,TRUE
CAND-03380,23/10/24,29,M,2079603,41,63149,24,0.656,1,FALSE,,0.768,0.922,66.2,0,482064,avance_efectivo,TRUE
CAND-03294,23/10/24,30,M,2173791,2,44463,0,0.157,1,TRUE,723,0.626,0.719,54.7,0,505716,libre_inversion,TRUE
CAND-03026,23/10/24,36,H,3105499,7,51503,3,0.362,1,TRUE,684,0.656,0.475,23.9,0,1657879,libre_inversion,TRUE
CAND-03384,23/10/24,39,H,1792902,20,68601,11,0.341,4,FALSE,,0.546,0.647,86.4,0,199540,avance_efectivo,TRUE
CAND-03743,23/10/24,30,M,1816990,13,30707,6,0.143,2,FALSE,,0.723,0.877,50.8,0,884146,libre_inversion,TRUE
CAND-03636,23/10/24,39,H,1597936,1,8306,2,0.508,5,TRUE,781,0.458,0.759,48.7,0,2268196,libre_inversion,TRUE
CAND-03853,23/10/24,32,M,1079876,2,138474,0,0.123,4,TRUE,688,0.805,0.775,94.9,0,550556,libre_inversion,TRUE
CAND-03690,23/10/24,47,H,1029517,17,40747,11,0.282,3,FALSE,,0.788,,61.8,0,285726,compra_cartera,TRUE
CAND-03590,23/10/24,24,H,639822,1,91485,1,0.416,2,TRUE,715,0.795,,40.6,0,501037,avance_efectivo,TRUE
CAND-03320,23/10/24,51,H,804141,2,13347,2,0.312,1,FALSE,,0.57,0.705,27.5,0,588808,libre_inversion,TRUE
CAND-03231,23/10/24,31,M,865408,8,18019,5,0.265,3,TRUE,685,0.813,0.862,14.5,0,538798,avance_efectivo,TRUE
CAND-03106,23/10/24,38,H,1351923,23,39712,11,0.328,4,TRUE,678,0.714,0.914,63.2,0,541312,libre_inversion,TRUE
CAND-03420,23/10/24,20,M,718361,11,50199,3,0.694,1,FALSE,,0.688,,49.6,0,359363,libre_inversion,TRUE
CAND-03839,23/10/24,44,M,844338,19,53663,8,0.246,1,FALSE,,0.754,0.695,61.6,0,223393,libre_inversion,FALSE
CAND-03019,23/10/24,21,H,800573,33,57723,21,0.634,2,FALSE,,0.585,0.875,75.3,0,238220,libre_inversion,TRUE
CAND-03704,23/10/24,31,M,1436242,38,11877,26,0.196,3,TRUE,737,0.751,0.917,66.3,0,911342,libre_inversion,TRUE
CAND-03493,24/10/24,33,H,541479,13,45693,3,0.112,5,FALSE,,0.619,0.814,85.8,0,515312,compra_cartera,TRUE
CAND-03508,24/10/24,18,M,1782504,4,7832,1,0.069,1,TRUE,612,0.764,0.686,57.8,0,307380,avance_efectivo,FALSE
CAND-03224,24/10/24,24,M,1782645,13,9557,8,0.528,4,TRUE,687,0.88,0.851,55.6,0,1207691,avance_efectivo,TRUE
CAND-03280,24/10/24,23,H,1414416,6,21297,3,0.201,3,TRUE,687,0.666,0.821,32,0,537364,libre_inversion,TRUE
CAND-03031,24/10/24,50,M,1200034,19,72993,10,0.669,1,TRUE,793,0.424,0.552,72.1,0,577699,libre_inversion,TRUE
CAND-03300,24/10/24,42,H,912381,10,79996,4,0.266,2,TRUE,625,0.486,0.84,47.5,0,419762,libre_inversion,TRUE
CAND-03640,24/10/24,57,M,3059668,5,30643,0,0.461,4,TRUE,586,0.804,0.474,13.7,0,671071,libre_inversion,TRUE
CAND-03462,24/10/24,32,H,1073890,7,39662,2,0.517,2,FALSE,,0.549,0.604,41.9,0,519762,compra_cartera,TRUE
CAND-03635,24/10/24,39,M,2590959,15,114569,4,0.727,3,FALSE,,0.344,0.524,35.9,0,769214,compra_cartera,TRUE
CAND-03290,24/10/24,24,H,594430,8,86720,4,0.263,4,FALSE,,0.553,,69.3,0,813343,avance_efectivo,FALSE
CAND-03742,25/10/24,28,H,1093383,1,14913,1,0.01,1,FALSE,,0.355,0.422,3.8,0,810,avance_efectivo,TRUE
CAND-03507,25/10/24,33,M,1540181,1,71645,0,0.214,2,FALSE,,0.679,0.879,45,0,728829,avance_efectivo,TRUE
CAND-03727,25/10/24,21,H,1225140,39,17551,31,0.271,2,FALSE,,0.426,0.932,71.2,0,566279,libre_inversion,TRUE
CAND-03076,25/10/24,33,M,1288056,28,8302,14,0.388,2,TRUE,617,0.817,0.691,59.6,0,783896,avance_efectivo,TRUE
CAND-03792,25/10/24,28,NB,753046,22,72696,9,0.072,1,FALSE,,,0.52,74.3,0,419522,libre_inversion,TRUE
CAND-03167,25/10/24,42,NB,2698145,1,99165,1,0.34,3,TRUE,524,0.72,0.247,68.3,0,275302,compra_cartera,TRUE
CAND-03819,25/10/24,28,M,1041346,13,2532,11,0.208,1,TRUE,705,0.575,0.827,78.7,0,398780,libre_inversion,TRUE
CAND-03943,25/10/24,18,H,615886,6,13264,2,0.498,1,FALSE,,0.297,0.77,24.3,0,666082,compra_cartera,TRUE
CAND-03133,26/10/24,33,H,1633494,1,66521,0,0.243,4,FALSE,,0.664,0.786,62.8,0,794017,avance_efectivo,TRUE
CAND-03883,26/10/24,36,M,1854905,1,91880,0,0.284,2,FALSE,,0.574,0.833,26.3,0,484838,libre_inversion,TRUE
CAND-03917,26/10/24,29,H,712263,5,41457,2,0.701,1,FALSE,,0.692,0.672,15.5,0,619881,avance_efectivo,TRUE
CAND-03734,26/10/24,30,M,1581394,4,40463,1,0.772,1,TRUE,671,0.735,0.707,57.4,0,2252688,avance_efectivo,TRUE
CAND-03776,26/10/24,36,NB,687797,1,30442,0,0.328,1,TRUE,647,0.725,0.732,50.8,0,702670,libre_inversion,FALSE
CAND-03894,26/10/24,29,M,1020922,19,22829,13,0.731,3,TRUE,611,0.588,0.736,50.8,0,671116,avance_efectivo,TRUE
CAND-03878,26/10/24,34,M,772445,5,25622,4,0.335,2,FALSE,,0.778,0.695,55,0,617919,libre_inversion,TRUE
CAND-03918,26/10/24,39,H,727565,3,57739,2,0.161,3,TRUE,711,0.83,0.491,69,0,345967,libre_inversion,TRUE
CAND-03802,26/10/24,19,H,1.535.046.355.904.670,3,28116,1,0.242,5,TRUE,723,0.795,0.77,76.9,0,361087,compra_cartera,TRUE
CAND-03641,26/10/24,33,M,2646464,2,12561,1,0.017,1,FALSE,,0.772,0.565,24.5,0,537741,libre_inversion,TRUE
CAND-03097,26/10/24,40,M,538244,4,32812,2,0.361,1,FALSE,,0.789,0.579,59.1,0,1136060,libre_inversion,TRUE
CAND-03432,27/10/24,53,M,688018,19,21630,4,0.316,1,TRUE,746,0.749,0.71,69.5,0,545617,libre_inversion,TRUE
CAND-03539,27/10/24,44,M,785360,1,48893,1,0.346,3,TRUE,633,0.823,0.831,41.4,0,437399,avance_efectivo,TRUE
CAND-03897,27/10/24,25,M,2235170,9,47329,4,0.249,1,FALSE,,0.81,0.864,22,0,378253,libre_inversion,TRUE
CAND-03711,27/10/24,37,M,1004246,17,65485,7,0.397,4,FALSE,,0.684,0.891,48.1,0,385043,libre_inversion,TRUE
CAND-03416,27/10/24,34,M,2056727,1,21395,1,0.356,2,FALSE,,0.546,0.574,39,0,543264,avance_efectivo,TRUE
CAND-03671,27/10/24,50,H,608608,4,95526,1,0.427,1,FALSE,,0.717,0.695,79.7,0,529128,libre_inversion,TRUE
CAND-03480,27/10/24,31,M,858948,28,38383,19,0.256,3,TRUE,603,,0.702,76.7,0,981687,libre_inversion,TRUE
CAND-03142,27/10/24,32,M,471894,33,34750,13,0.569,5,FALSE,,0.666,0.754,48.1,0,1005778,compra_cartera,TRUE
CAND-03063,27/10/24,45,H,712195,1,36480,1,0.386,4,FALSE,,0.582,0.502,36.4,0,680455,libre_inversion,TRUE
CAND-03088,28/10/24,52,NB,2372926,14,38967,8,0.279,3,FALSE,,0.674,0.75,19.3,0,967874,libre_inversion,TRUE
CAND-03753,28/10/24,39,H,1475190,17,71274,7,0.442,3,FALSE,,0.724,0.565,26.9,0,443968,libre_inversion,TRUE
CAND-03111,28/10/24,36,H,1072789,20,36829,6,0.322,2,FALSE,,0.655,0.715,37.9,0,714068,libre_inversion,TRUE
CAND-03011,28/10/24,20,H,936491,1,49192,1,0.673,3,TRUE,740,,0.7,53.2,0,947682,avance_efectivo,TRUE
CAND-03067,28/10/24,39,M,1355542,1,47710,1,0.191,3,FALSE,,,0.351,83.4,0,365431,libre_inversion,TRUE
CAND-03060,28/10/24,36,M,559418,13,46979,5,0.742,3,TRUE,804,0.715,0.729,52.4,0,125799,libre_inversion,TRUE
CAND-03973,28/10/24,49,M,1397854,1,21950,0,0.478,2,FALSE,,0.747,0.529,15.7,0,302676,libre_inversion,TRUE
CAND-03568,28/10/24,28,M,1517093,7,58154,4,0.394,3,TRUE,645,0.802,0.635,27.4,0,484281,libre_inversion,FALSE
CAND-03354,28/10/24,27,H,1361559,2,28494,0,0.113,2,FALSE,,0.692,,52.8,0,450883,libre_inversion,TRUE
CAND-03496,28/10/24,33,M,1998531,2,55257,1,0.161,3,FALSE,,0.504,0.669,30.5,0,454718,libre_inversion,TRUE
CAND-03218,28/10/24,20,H,2203534,32,127915,18,0.124,1,TRUE,716,0.846,0.505,57.2,0,753973,libre_inversion,TRUE
CAND-03645,29/10/24,25,H,533635,3,54880,3,0.235,1,FALSE,,0.802,0.85,52.6,0,595895,libre_inversion,TRUE
CAND-03017,29/10/24,25,NB,997209,24,97489,15,0.315,2,FALSE,,0.68,0.313,35.1,0,312296,libre_inversion,TRUE
CAND-03050,29/10/24,33,M,1093993,22,20805,11,0.528,1,TRUE,736,0.808,0.408,64.8,0,590829,avance_efectivo,TRUE
CAND-03571,29/10/24,34,H,657432,2,26582,1,0.368,1,TRUE,618,0.655,0.929,69.9,0,759670,compra_cartera,TRUE
CAND-03823,29/10/24,37,M,1457049,1,87341,0,0.416,1,TRUE,680,0.421,0.743,37.6,0,515332,compra_cartera,TRUE
CAND-03269,29/10/24,19,H,1000642,6,23294,2,0.482,5,FALSE,,0.728,0.726,46.8,0,732008,avance_efectivo,TRUE
CAND-03388,29/10/24,21,M,1142907,15,15739,6,0.452,1,FALSE,,0.645,0.692,70.4,0,117661,libre_inversion,TRUE
CAND-03249,29/10/24,26,H,1009763,13,32126,7,0.165,1,TRUE,640,0.784,0.861,61.6,0,285865,libre_inversion,TRUE
CAND-03906,29/10/24,28,H,1762985,5,44613,2,0.655,3,TRUE,744,0.735,0.8,28.4,0,312209,libre_inversion,TRUE
CAND-03364,29/10/24,21,H,1264662,7,44142,7,0.176,2,FALSE,,0.777,0.721,63.6,0,633477,libre_inversion,TRUE
CAND-03564,29/10/24,32,H,1449361,1,124175,0,0.23,5,FALSE,,0.847,0.748,35.1,0,1688397,compra_cartera,TRUE
CAND-03196,29/10/24,25,H,998422,13,19898,6,0.067,3,TRUE,640,0.389,0.775,100,0,1361938,compra_cartera,TRUE
CAND-03596,30/10/24,27,H,807232,28,27687,14,0.145,2,TRUE,673,0.793,0.597,56.8,0,510729,libre_inversion,TRUE
CAND-03397,30/10/24,51,H,1083857,7,3788,4,0.4,1,TRUE,610,,0.855,82.9,0,372979,libre_inversion,TRUE
CAND-03202,30/10/24,47,H,1862142,1,58919,0,0.665,1,FALSE,,0.811,0.736,37.5,0,926629,libre_inversion,TRUE
CAND-03517,30/10/24,28,H,735354,14,52185,8,0.457,2,TRUE,743,0.857,0.668,88.2,0,492015,libre_inversion,TRUE
CAND-03457,30/10/24,29,M,1156454,3,4529,2,0.771,1,FALSE,,,0.802,51.3,0,794534,compra_cartera,TRUE
CAND-03168,30/10/24,20,M,1947388,11,23425,4,0.383,2,FALSE,,0.535,0.775,55.2,0,300589,libre_inversion,TRUE
CAND-03470,30/10/24,39,M,717365,5,35399,1,0.345,2,FALSE,,0.804,0.739,29.3,0,318258,libre_inversion,TRUE
CAND-03190,30/10/24,46,M,1944226,13,39673,9,0.16,4,TRUE,508,0.751,0.674,50.1,0,1879,libre_inversion,TRUE
CAND-03189,30/10/24,39,M,615364,2,90661,0,0.345,1,TRUE,534,0.788,0.75,80.2,0,462879,avance_efectivo,TRUE
CAND-03414,30/10/24,45,M,1290438,6,36487,2,0.31,1,TRUE,686,0.273,0.81,57.9,0,564911,libre_inversion,TRUE
CAND-03700,30/10/24,24,H,1002448,2,59422,0,0.46,3,FALSE,,0.465,0.6,47.2,0,533125,avance_efectivo,TRUE
CAND-03731,30/10/24,25,H,1221178,1,23455,3,0.955,3,FALSE,,0.745,,73.1,0,1108006,libre_inversion,TRUE
CAND-03665,30/10/24,38,M,698019,17,115553,7,0.491,4,FALSE,,0.743,0.748,39.7,0,272629,libre_inversion,TRUE
CAND-03929,31/10/24,34,H,1552104,4,41660,0,0.355,1,FALSE,,0.736,0.904,66.8,0,523397,libre_inversion,TRUE
CAND-03245,31/10/24,46,H,3308465,8,35890,2,0.37,3,FALSE,,0.838,0.861,42.8,0,157416,avance_efectivo,TRUE
CAND-03244,31/10/24,60,M,1664202,1,49226,0,0.389,4,FALSE,,0.796,0.84,71.9,0,329407,avance_efectivo,TRUE
CAND-03012,31/10/24,48,M,1916538,4,200647,0,0.448,2,FALSE,,0.586,0.646,38,0,435618,libre_inversion,TRUE
CAND-03400,31/10/24,33,H,768027,60,57596,28,0.484,4,TRUE,752,0.298,0.583,59.4,0,736247,avance_efectivo,TRUE
CAND-03143,31/10/24,34,M,949944,24,86795,20,0.555,2,FALSE,,0.538,0.833,69.3,0,673308,libre_inversion,TRUE
CAND-03424,31/10/24,45,M,450299,41,66864,21,0.47,3,TRUE,722,,,73.8,0,314203,avance_efectivo,TRUE
CAND-03421,31/10/24,50,H,598487,1,15821,1,0.735,4,FALSE,,,0.803,43.3,0,915721,compra_cartera,TRUE
CAND-03881,31/10/24,48,H,870301,5,29602,4,0.244,2,FALSE,,0.437,0.611,50.7,0,1618461,libre_inversion,TRUE
CAND-03149,31/10/24,43,H,2309209,16,33264,6,0.712,3,TRUE,761,0.31,0.396,53.6,0,267914,compra_cartera,TRUE
CAND-03477,1/11/24,40,H,1061681,2,36198,0,0.169,2,TRUE,731,0.47,0.631,73.9,0,384553,compra_cartera,TRUE
CAND-03547,1/11/24,40,H,1371743,32,51698,13,0.429,2,FALSE,,,0.791,34.2,0,636683,compra_cartera,TRUE
CAND-03737,1/11/24,27,M,1148037,9,86359,4,0.408,2,FALSE,,0.33,,90,0,992144,compra_cartera,TRUE
CAND-03299,1/11/24,42,M,486596,15,128220,6,0.524,3,FALSE,,0.777,0.738,42.4,0,698936,libre_inversion,TRUE
CAND-03281,1/11/24,32,H,1710720,21,85721,12,0.584,1,TRUE,641,0.641,0.739,55.3,0,1176113,compra_cartera,TRUE
CAND-03064,1/11/24,34,H,1179318,2,69020,0,0.269,3,FALSE,,0.894,0.726,34.4,0,788752,compra_cartera,TRUE
CAND-03761,1/11/24,27,M,1049448,10,21830,9,0.314,4,FALSE,,0.831,0.804,47.5,0,479025,libre_inversion,TRUE
CAND-03521,1/11/24,37,H,575242,3,31610,4,0.719,5,TRUE,765,0.567,0.848,55.1,0,531305,libre_inversion,TRUE
CAND-03610,1/11/24,21,H,975839,1,42937,1,0.484,1,FALSE,,0.626,0.603,16.6,0,456044,avance_efectivo,TRUE
CAND-03953,1/11/24,24,H,744274,8,35147,3,0.153,2,FALSE,,0.475,0.893,26.1,0,1759474,libre_inversion,TRUE
CAND-03672,1/11/24,26,M,3967978,18,51415,12,0.456,1,FALSE,,0.697,0.807,73.7,0,483077,avance_efectivo,TRUE
CAND-03956,1/11/24,58,H,2712172,3,193807,2,0.588,4,FALSE,,0.248,0.803,73.5,0,617521,libre_inversion,TRUE
CAND-03100,1/11/24,22,M,1623984,2,64688,0,0.109,3,FALSE,,0.695,0.729,84.6,0,689454,compra_cartera,TRUE
CAND-03303,2/11/24,37,H,1048759,13,25132,6,0.721,3,TRUE,556,0.824,0.473,63.1,0,1266958,libre_inversion,TRUE
CAND-03890,2/11/24,43,H,3838573,4,33802,2,0.624,3,TRUE,748,0.753,0.773,43.3,0,784469,avance_efectivo,TRUE
CAND-03108,2/11/24,34,M,1376279,2,65892,0,0.306,1,FALSE,,0.659,0.651,56.1,0,812521,avance_efectivo,TRUE
CAND-03173,2/11/24,32,H,917144,4,67164,2,0.373,1,TRUE,635,0.738,0.842,46.1,0,755008,libre_inversion,TRUE
CAND-03608,2/11/24,21,M,1017410,9,57932,1,0.632,3,TRUE,555,0.65,0.815,39.6,0,279533,avance_efectivo,TRUE
CAND-03969,2/11/24,49,H,988487,18,20967,12,0.394,2,FALSE,,0.612,0.698,36.4,0,310012,compra_cartera,TRUE
CAND-03259,3/11/24,18,H,838061,20,48362,9,0.591,3,FALSE,,0.165,0.415,55.7,0,329390,compra_cartera,TRUE
CAND-03854,3/11/24,37,M,1493137,5,96607,0,0.699,1,TRUE,778,0.544,0.79,72.4,0,462910,avance_efectivo,TRUE
CAND-03392,3/11/24,22,M,3373640,1,66696,0,0.249,2,TRUE,832,0.429,0.765,32.5,0,375756,libre_inversion,TRUE
CAND-03512,3/11/24,25,M,1079545,6,18518,0,0.467,2,TRUE,515,0.596,0.788,60.8,0,761004,avance_efectivo,TRUE
CAND-03483,3/11/24,36,H,2270765,34,13024,17,0.629,1,FALSE,,0.781,0.72,33,0,523647,libre_inversion,TRUE
CAND-03101,3/11/24,43,M,602404,18,12898,5,0.577,2,FALSE,,0.696,0.361,32.9,0,510574,compra_cartera,TRUE
CAND-03609,3/11/24,30,M,2543514,22,21995,11,0.326,5,TRUE,671,0.74,0.756,68.4,0,873242,libre_inversion,TRUE
CAND-03647,3/11/24,38,H,1016706,31,27431,18,0.236,1,FALSE,,0.498,0.779,16.7,0,395677,libre_inversion,TRUE
CAND-03365,3/11/24,33,H,990873,42,50100,25,0.646,1,TRUE,650,0.484,0.782,30.7,0,1071775,avance_efectivo,TRUE
CAND-03723,3/11/24,39,M,1063412,40,40774,9,0.091,3,TRUE,669,0.379,0.78,99.8,0,281791,avance_efectivo,TRUE
CAND-03514,4/11/24,28,H,9.153.316.398.616.890,28,3537,15,0.456,1,FALSE,,0.81,0.665,52.6,0,1329632,avance_efectivo,TRUE
CAND-03626,4/11/24,38,NB,316785,10,80529,4,0.64,1,TRUE,739,0.873,0.53,41.8,0,546370,avance_efectivo,TRUE
CAND-03938,4/11/24,55,M,1143441,8,82483,4,0.539,1,FALSE,,0.482,0.825,63.5,0,797869,libre_inversion,TRUE
CAND-03052,4/11/24,44,M,3267127,12,27184,4,0.46,1,TRUE,600,0.635,0.514,61.3,0,1207777,libre_inversion,TRUE
CAND-03960,4/11/24,34,H,988638,15,26025,8,0.145,5,FALSE,,0.721,0.707,74.1,0,1040477,avance_efectivo,TRUE
CAND-03651,4/11/24,27,M,667248,15,26269,9,0.152,1,TRUE,726,0.529,0.74,38.5,0,322711,libre_inversion,TRUE
CAND-03561,4/11/24,18,M,1675626,4,52583,2,0.149,1,TRUE,613,0.612,0.721,60.5,0,801271,libre_inversion,TRUE
CAND-03159,4/11/24,60,H,777160,4,6488,1,0.62,2,TRUE,649,,0.459,100,0,361946,libre_inversion,TRUE
CAND-03226,4/11/24,33,M,1724456,12,24272,5,0.173,1,FALSE,,0.731,0.849,56.6,0,355127,compra_cartera,TRUE
CAND-03201,4/11/24,37,M,750014,7,25242,6,0.427,5,TRUE,657,0.814,0.532,33,0,883568,libre_inversion,TRUE
CAND-03200,5/11/24,44,M,884709,26,143708,16,0.055,1,FALSE,,0.673,0.693,42.8,0,581408,libre_inversion,TRUE
CAND-03949,5/11/24,27,M,1378916,23,14967,10,0.321,1,FALSE,,0.852,0.87,65.6,0,100000,libre_inversion,TRUE
CAND-03726,5/11/24,41,M,1597036,20,135326,10,0.251,1,FALSE,,0.51,0.842,20.8,0,710013,libre_inversion,TRUE
CAND-03573,5/11/24,28,M,2603783,31,22947,20,0.742,4,TRUE,516,0.64,0.623,43.9,0,564718,libre_inversion,TRUE
CAND-03286,5/11/24,43,H,1530256,14,137380,7,0.24,2,TRUE,513,0.792,0.821,55.3,0,653547,compra_cartera,TRUE
CAND-03744,5/11/24,38,H,750300,4,61855,1,0.496,2,FALSE,,0.461,0.632,44.3,0,358446,libre_inversion,TRUE
CAND-03705,5/11/24,24,M,1331297,26,1330,17,0.482,1,TRUE,682,0.791,0.787,58.1,0,138703,libre_inversion,TRUE
CAND-03452,5/11/24,18,M,2702283,4,7487,4,0.072,3,FALSE,,0.731,0.844,52.4,0,436932,libre_inversion,TRUE
CAND-03592,6/11/24,39,H,1125125,1,68883,0,0.108,3,FALSE,,0.747,0.643,41.7,0,661278,compra_cartera,TRUE
CAND-03617,6/11/24,30,H,1248265,2,31859,0,0.709,1,FALSE,,0.871,0.661,90.7,0,709459,libre_inversion,TRUE
CAND-03131,6/11/24,40,M,1274903,5,15153,2,0.514,1,TRUE,582,,,55.4,0,686837,libre_inversion,TRUE
CAND-03817,6/11/24,22,M,1157593,23,138897,12,0.451,2,TRUE,559,0.689,0.857,13,0,215866,libre_inversion,TRUE
CAND-03538,6/11/24,49,H,2040114,25,36764,18,0.298,2,FALSE,,0.902,0.914,74.2,0,636863,libre_inversion,TRUE
CAND-03367,6/11/24,37,H,1168772,4,45643,2,0.528,3,FALSE,,0.677,0.769,45.5,0,1108965,compra_cartera,TRUE
CAND-03760,7/11/24,31,H,567307,60,61744,38,0.396,2,TRUE,597,0.593,0.466,61.8,0,362891,compra_cartera,TRUE
CAND-03572,7/11/24,38,H,1263637,29,12112,13,0.667,2,TRUE,642,0.888,0.819,32.6,0,1000320,libre_inversion,TRUE
CAND-03675,7/11/24,23,NB,1077499,34,84133,13,0.126,2,TRUE,631,0.51,0.874,74.9,0,468513,libre_inversion,TRUE
CAND-03163,7/11/24,25,M,1397365,1,26781,1,0.614,3,TRUE,675,0.287,0.759,61.3,0,354989,libre_inversion,TRUE
CAND-03082,7/11/24,40,H,1125085,11,37760,7,0.694,3,FALSE,,0.406,,57.6,0,1230480,libre_inversion,TRUE
CAND-03721,7/11/24,51,H,1809731,15,6554,10,0.141,3,TRUE,570,0.408,0.627,65.2,0,973877,libre_inversion,TRUE
CAND-03876,7/11/24,18,H,1253976,19,37620,9,0.612,3,FALSE,,0.603,0.882,15.7,0,361124,compra_cartera,FALSE
CAND-03627,7/11/24,31,M,822356,11,54724,6,0.169,5,TRUE,699,0.604,0.919,44.3,0,828741,compra_cartera,TRUE
CAND-03588,7/11/24,31,M,1166700,16,19190,4,0.058,1,FALSE,,0.614,0.655,56.8,0,787894,libre_inversion,TRUE
CAND-03468,7/11/24,43,H,1060140,8,47838,1,0.344,2,TRUE,766,0.9,0.506,44.1,0,1314724,avance_efectivo,TRUE
CAND-03234,7/11/24,20,M,733615,1,27804,1,0.192,2,FALSE,,0.889,0.474,57.5,0,465857,libre_inversion,TRUE
CAND-03712,8/11/24,28,H,1037041,23,28251,13,0.564,1,FALSE,,0.489,,54.7,0,571107,avance_efectivo,TRUE
CAND-03238,8/11/24,33,H,1090796,6,66336,1,0.597,4,TRUE,801,0.788,0.736,37.7,0,185268,libre_inversion,TRUE
CAND-03004,8/11/24,40,M,1284443,9,67132,4,0.128,1,FALSE,,0.773,0.625,77.1,0,382492,libre_inversion,TRUE
CAND-03687,8/11/24,36,H,1053000,9,55661,3,0.436,3,TRUE,599,0.477,0.814,59.4,0,1724643,avance_efectivo,TRUE
CAND-03910,8/11/24,47,M,482215,1,70976,1,0.454,3,FALSE,,0.594,0.631,37.9,0,513350,libre_inversion,TRUE
CAND-03065,8/11/24,22,H,1767216,10,16434,8,0.825,1,FALSE,,,0.473,29.3,0,724316,compra_cartera,TRUE
CAND-03192,8/11/24,24,M,1227254,41,30119,20,0.179,4,FALSE,,0.493,0.793,26.5,0,218757,avance_efectivo,TRUE
CAND-03460,8/11/24,31,H,724418,12,56635,7,0.175,2,TRUE,717,0.446,0.708,34.1,0,915467,libre_inversion,TRUE
CAND-03165,8/11/24,18,M,4117383,5,54004,4,0.714,4,FALSE,,0.853,0.584,33.2,0,288920,avance_efectivo,TRUE
CAND-03072,8/11/24,18,M,1169777,5,28101,1,0.685,1,FALSE,,0.592,0.887,61.6,0,692014,libre_inversion,TRUE
CAND-03613,8/11/24,35,H,1339675,37,12722,18,0.129,2,FALSE,,0.393,0.62,31.9,0,381776,libre_inversion,TRUE
CAND-03810,9/11/24,26,H,1070194,22,13946,10,0.5,4,FALSE,,0.707,0.731,4.1,0,550667,libre_inversion,TRUE
CAND-03440,9/11/24,25,M,309002,4,14788,2,0.515,3,FALSE,,0.597,0.586,77.8,0,417206,libre_inversion,TRUE
CAND-03618,9/11/24,48,H,698805,11,6513,6,0.257,2,FALSE,,0.754,0.728,42.3,0,487863,libre_inversion,TRUE
CAND-03611,9/11/24,55,H,942620,2,17315,1,0.676,1,FALSE,,0.704,0.566,44.3,0,439442,avance_efectivo,TRUE
CAND-03606,9/11/24,37,M,559211,25,47576,12,0.422,1,FALSE,,0.477,0.766,53.1,0,518,avance_efectivo,TRUE
CAND-03010,9/11/24,34,M,1320617,17,41170,6,0.409,3,TRUE,626,0.655,0.569,48.1,0,661734,libre_inversion,TRUE
CAND-03951,9/11/24,18,NB,2354880,57,33206,27,0.081,2,FALSE,,0.617,0.424,100,0,1839016,compra_cartera,TRUE
CAND-03957,9/11/24,24,M,1229424,60,22237,29,0.732,1,FALSE,,0.667,0.462,5.6,0,513135,avance_efectivo,TRUE
CAND-03615,9/11/24,36,M,3708342,4,38941,1,0.454,1,TRUE,699,0.681,0.522,44.7,0,537079,libre_inversion,TRUE
CAND-03008,9/11/24,21,H,1127866,6,6479,1,0.428,2,FALSE,,0.855,0.602,62,0,144814,compra_cartera,TRUE
CAND-03484,9/11/24,43,H,967565,1,24538,0,0.272,2,TRUE,656,0.829,0.638,76.4,0,1421383,libre_inversion,TRUE
CAND-03001,9/11/24,56,H,1047463,3,8905,0,0.447,1,TRUE,640,0.768,0.697,51.8,0,681043,avance_efectivo,TRUE
CAND-03787,9/11/24,38,H,776278,39,47118,10,0.423,3,FALSE,,0.645,0.787,55.4,0,1088176,avance_efectivo,TRUE
CAND-03413,9/11/24,46,H,1051563,1,103718,0,0.85,2,TRUE,702,0.684,0.819,40.6,0,2588282,avance_efectivo,TRUE
CAND-03739,9/11/24,23,H,11.642.890.837.044.700,1,28661,2,0.166,1,TRUE,643,0.797,0.843,34.2,0,181114,avance_efectivo,TRUE
CAND-03799,9/11/24,52,H,875755,18,15631,15,0.268,1,TRUE,728,0.729,0.936,22.8,0,1534085,avance_efectivo,TRUE
CAND-03069,9/11/24,37,H,2094313,13,7385,8,0.171,2,FALSE,,0.725,0.727,37,0,280792,avance_efectivo,TRUE
CAND-03755,9/11/24,43,M,1675807,13,74590,15,0.543,5,TRUE,746,0.536,0.767,45.4,0,469868,compra_cartera,TRUE
CAND-03356,10/11/24,39,M,1344302,4,74879,6,0.538,1,FALSE,,0.731,0.758,0,0,506185,libre_inversion,TRUE
CAND-03362,10/11/24,42,M,707199,35,156021,25,0.382,2,FALSE,,,0.635,65.1,0,936896,libre_inversion,TRUE
CAND-03461,10/11/24,47,H,1560249,16,120568,4,0.04,4,TRUE,611,0.816,0.842,11,0,310147,avance_efectivo,TRUE
CAND-03179,10/11/24,28,H,674400,20,20716,14,0.203,1,FALSE,,0.652,0.632,50,0,255059,avance_efectivo,TRUE
CAND-03595,10/11/24,18,M,1050521,12,66282,3,0.179,3,FALSE,,0.557,0.731,49.9,0,694763,avance_efectivo,TRUE
CAND-03252,10/11/24,48,M,1736771,5,31138,1,0.215,1,FALSE,,0.662,0.793,70,0,806539,compra_cartera,TRUE
CAND-03981,10/11/24,50,M,1084914,9,41901,3,0.429,4,FALSE,,0.819,0.809,28.2,0,816070,avance_efectivo,TRUE
CAND-03282,10/11/24,18,H,1903190,15,25302,6,0.268,2,FALSE,,0.847,0.667,42,0,1263141,libre_inversion,TRUE
CAND-03909,10/11/24,34,H,1035984,6,61015,6,0.306,1,FALSE,,0.397,0.364,60.4,0,799710,libre_inversion,TRUE
CAND-03037,10/11/24,33,M,2503863,2,58638,1,0.286,5,TRUE,716,0.742,0.846,70.1,0,650692,libre_inversion,TRUE
CAND-03999,10/11/24,31,H,1602129,4,62655,1,0.27,2,FALSE,,0.585,0.833,57.2,0,605015,libre_inversion,TRUE
CAND-03091,10/11/24,28,H,1751324,9,29369,3,0.158,2,FALSE,,0.736,0.536,42.6,0,472222,avance_efectivo,TRUE
CAND-03818,10/11/24,37,M,1531526,9,36585,4,0.166,1,FALSE,,0.598,0.144,59.2,0,602127,libre_inversion,TRUE
CAND-03685,10/11/24,35,H,2564251,19,25619,9,0.725,5,TRUE,658,0.721,0.633,13.3,0,706014,libre_inversion,TRUE
CAND-03227,11/11/24,38,H,1812903,5,32296,1,0.145,1,TRUE,586,0.72,0.705,0.3,0,235639,avance_efectivo,TRUE
CAND-03751,11/11/24,28,M,734023,6,152147,4,0.507,2,FALSE,,0.877,0.802,51.1,0,638518,avance_efectivo,TRUE
CAND-03020,11/11/24,33,M,936334,4,45889,2,0.082,2,FALSE,,0.672,0.442,72.4,0,857821,avance_efectivo,TRUE
CAND-03861,11/11/24,36,M,1310768,10,52013,6,0.53,3,TRUE,709,0.444,0.795,55.9,0,465996,libre_inversion,TRUE
CAND-03325,11/11/24,31,M,959996,6,10145,3,0.508,1,FALSE,,0.367,0.643,52.3,0,595556,libre_inversion,TRUE
CAND-03758,11/11/24,24,M,1655838,34,155772,11,0.394,1,FALSE,,0.545,0.895,80,0,499170,compra_cartera,TRUE
CAND-03911,11/11/24,24,M,650168,1,36473,0,0.368,1,TRUE,605,0.733,0.901,61.7,0,469173,compra_cartera,TRUE
CAND-03784,11/11/24,29,H,2572875,23,30783,18,0.236,1,FALSE,,0.768,0.695,45.6,0,100000,libre_inversion,TRUE
CAND-03467,12/11/24,29,H,2261947,31,31012,15,0.392,3,FALSE,,0.68,0.927,61.8,0,791323,compra_cartera,TRUE
CAND-03765,12/11/24,26,H,1253972,9,47712,4,0.16,2,TRUE,594,0.462,0.833,43,0,618624,avance_efectivo,TRUE
CAND-03023,12/11/24,18,H,1371493,9,7769,4,0.75,1,FALSE,,0.704,0.67,23.1,0,391722,compra_cartera,TRUE
CAND-03772,12/11/24,34,H,883917,36,91101,17,0.426,2,FALSE,,0.565,0.423,57.8,0,907458,compra_cartera,TRUE
CAND-03240,12/11/24,28,H,491699,48,14402,27,0.423,2,FALSE,,,0.716,71.5,0,581712,libre_inversion,TRUE
CAND-03884,12/11/24,41,H,25.955.865.051.818.500,35,51578,15,0.383,1,FALSE,,0.3,0.648,94.5,0,1249534,libre_inversion,TRUE
CAND-03995,12/11/24,29,H,810525,21,14829,7,0.286,1,TRUE,576,0.804,,37.9,0,861875,libre_inversion,TRUE
CAND-03337,12/11/24,48,H,2.007.747.577.690.800,6,40770,2,0.513,1,FALSE,,0.765,,51.9,0,1146029,avance_efectivo,TRUE
CAND-03007,12/11/24,20,H,1587729,2,9840,0,0.119,3,TRUE,418,0.645,0.544,100,0,472399,libre_inversion,TRUE
CAND-03447,12/11/24,29,M,931894,25,7234,19,0.273,4,TRUE,761,0.916,0.661,41.2,0,152572,libre_inversion,TRUE
CAND-03211,12/11/24,55,H,911431,8,83300,5,0.207,2,FALSE,,0.736,0.59,45.7,0,899229,libre_inversion,TRUE
CAND-03284,12/11/24,18,H,440669,1,86310,0,0.1,5,FALSE,,0.525,0.653,45.5,0,586412,compra_cartera,TRUE
CAND-03569,13/11/24,39,M,734790,4,112178,2,0.138,2,FALSE,,0.74,0.625,12.5,0,983064,libre_inversion,TRUE
CAND-03769,13/11/24,32,H,621267,2,18709,1,0.03,4,FALSE,,0.864,0.783,76.8,0,146215,libre_inversion,TRUE
CAND-03225,13/11/24,44,NB,630914,29,22803,14,0.465,2,FALSE,,0.757,0.656,57.6,0,1001581,libre_inversion,TRUE
CAND-03961,13/11/24,47,H,1015793,3,8216,0,0.132,4,TRUE,641,0.851,,30.5,0,399240,libre_inversion,TRUE
CAND-03377,13/11/24,45,M,1158431,17,16724,8,0.226,2,TRUE,560,0.833,0.626,37.8,0,480734,avance_efectivo,TRUE
CAND-03216,13/11/24,57,H,1050009,11,45424,3,0.089,3,FALSE,,0.662,0.782,29.6,0,604435,libre_inversion,TRUE
CAND-03292,13/11/24,27,H,870489,16,38928,9,0.312,5,FALSE,,,0.783,38.2,0,416821,libre_inversion,TRUE
CAND-03213,13/11/24,36,M,544239,2,60879,1,0.248,3,TRUE,622,0.555,0.803,50.8,0,309902,libre_inversion,TRUE
CAND-03264,13/11/24,45,M,807648,14,60949,8,0.195,4,TRUE,550,0.806,0.806,35.6,0,1843158,libre_inversion,TRUE
CAND-03994,13/11/24,36,M,1109565,43,39471,23,0.14,1,FALSE,,0.789,0.838,25.1,0,732134,libre_inversion,TRUE
CAND-03768,14/11/24,18,M,641746,13,23950,7,0.373,3,FALSE,,0.535,0.713,47.8,0,484606,libre_inversion,TRUE
CAND-03935,14/11/24,42,M,604458,5,10064,3,0.407,4,FALSE,,0.81,0.886,63.1,0,369821,avance_efectivo,TRUE
CAND-03044,14/11/24,18,M,2308769,10,54020,11,0.599,1,TRUE,568,0.799,0.776,66.3,0,821623,avance_efectivo,TRUE
CAND-03153,14/11/24,39,H,1085900,1,48133,2,0.753,2,TRUE,727,0.784,0.749,29.4,0,1040768,libre_inversion,TRUE
CAND-03084,14/11/24,30,H,916195,24,26533,13,0.789,3,TRUE,462,0.705,0.374,72.9,0,184907,libre_inversion,TRUE
CAND-03402,14/11/24,28,M,1677703,30,47873,7,0.196,3,FALSE,,0.504,0.644,28.6,0,842273,avance_efectivo,TRUE
CAND-03543,14/11/24,31,M,1968231,15,34961,7,0.177,4,FALSE,,0.561,0.481,79.9,0,279905,libre_inversion,TRUE
CAND-03488,14/11/24,49,M,2162130,1,9646,2,0.507,4,FALSE,,0.695,0.781,49.3,0,182422,libre_inversion,TRUE
CAND-03959,14/11/24,35,M,1016880,15,12367,9,0.281,3,TRUE,658,0.501,0.78,48,0,1175479,avance_efectivo,TRUE
CAND-03293,14/11/24,31,M,2189631,37,53584,22,0.086,3,FALSE,,0.912,0.693,71.5,0,1629350,avance_efectivo,TRUE
CAND-03501,15/11/24,27,M,1296602,41,16900,20,0.235,4,FALSE,,0.769,0.593,56.4,0,1824785,avance_efectivo,TRUE
CAND-03271,15/11/24,49,H,1051220,40,27052,15,0.415,5,FALSE,,0.884,0.801,44.2,0,348944,avance_efectivo,TRUE
CAND-03913,15/11/24,39,NB,1134426,3,59199,3,0.439,1,FALSE,,0.717,0.833,65,0,787651,avance_efectivo,TRUE
CAND-03926,15/11/24,30,H,1156194,26,107039,16,0.148,5,FALSE,,0.694,0.663,40.5,0,486551,libre_inversion,TRUE
CAND-03607,15/11/24,31,M,1288708,1,9235,1,0.451,5,FALSE,,0.699,0.536,52.1,0,383788,avance_efectivo,TRUE
CAND-03748,15/11/24,26,H,2121908,17,65509,8,0.192,3,TRUE,825,0.787,0.584,63.5,0,596282,libre_inversion,TRUE
CAND-03631,15/11/24,30,H,1624323,12,18643,5,0.456,2,FALSE,,0.781,0.794,34.9,0,2265667,compra_cartera,TRUE
CAND-03628,15/11/24,41,H,1954676,27,116491,15,0.666,1,TRUE,596,0.559,0.595,0,0,532492,compra_cartera,TRUE
CAND-03439,15/11/24,40,H,586642,18,25345,7,0.431,3,TRUE,687,0.693,0.725,32.3,0,236993,compra_cartera,TRUE
CAND-03476,15/11/24,20,M,1358254,27,78677,14,0.159,1,FALSE,,0.802,0.839,46.2,0,104554,libre_inversion,TRUE
CAND-03138,15/11/24,33,H,725596,2,54400,2,0.296,2,FALSE,,0.288,0.771,65,0,1039680,avance_efectivo,TRUE
CAND-03417,15/11/24,53,H,789969,16,46365,6,0.58,4,TRUE,582,0.819,0.906,75.4,0,478037,compra_cartera,TRUE
CAND-03456,15/11/24,18,H,514999,7,18324,2,0.174,4,TRUE,709,0.846,0.585,53.7,0,558823,avance_efectivo,TRUE
CAND-03266,16/11/24,51,M,1237379,7,32022,3,0.458,5,TRUE,644,,0.568,8.5,0,1508439,compra_cartera,TRUE
CAND-03348,16/11/24,56,M,1265684,20,85620,16,0.517,5,TRUE,595,0.769,0.592,25.1,0,582654,compra_cartera,TRUE
CAND-03236,16/11/24,27,M,3394095,6,27921,3,0.634,1,FALSE,,0.584,0.885,34.5,0,940227,avance_efectivo,TRUE
CAND-03583,16/11/24,37,M,1059621,18,11061,12,0.368,4,FALSE,,0.769,0.509,66.3,0,190021,compra_cartera,TRUE
CAND-03075,16/11/24,18,M,1568121,21,69420,12,0.835,4,FALSE,,0.811,0.599,13.5,0,763455,libre_inversion,TRUE
CAND-03848,16/11/24,38,H,2292621,16,41604,13,0.589,4,TRUE,696,0.844,0.586,40.8,13365,500243,libre_inversion,FALSE
CAND-03866,16/11/24,25,H,741872,44,60913,24,0.436,1,TRUE,432,0.56,0.857,83.2,0,2434285,libre_inversion,TRUE
CAND-03985,16/11/24,25,M,1127376,17,16656,8,0.379,1,FALSE,,0.865,0.715,72.9,0,825887,compra_cartera,TRUE
CAND-03469,16/11/24,46,M,1188961,12,9561,5,0.615,2,FALSE,,0.434,0.385,56.5,0,498846,compra_cartera,TRUE
CAND-03821,16/11/24,38,M,684542,4,80139,1,0.736,3,FALSE,,0.778,0.786,46.7,0,671496,libre_inversion,TRUE
CAND-03500,16/11/24,18,H,366718,7,40171,4,0.313,3,TRUE,694,0.858,0.782,44.7,0,268659,libre_inversion,TRUE
CAND-03472,16/11/24,27,M,1193557,13,35193,5,0.707,4,FALSE,,0.897,0.295,34.5,0,231039,libre_inversion,TRUE
CAND-03222,16/11/24,42,H,1972386,15,64216,7,0.216,3,FALSE,,0.66,0.639,36.6,0,290972,avance_efectivo,TRUE
CAND-03697,16/11/24,47,H,1414000,22,17999,12,0.438,4,FALSE,,0.675,0.506,56,0,540816,compra_cartera,TRUE
CAND-03188,16/11/24,18,H,568310,2,23018,0,0.835,2,TRUE,807,0.851,0.879,30.6,0,885838,libre_inversion,TRUE
CAND-03373,16/11/24,40,H,1137345,28,42003,10,0.081,4,TRUE,685,0.473,0.812,27.8,0,322798,libre_inversion,TRUE
CAND-03123,16/11/24,39,H,1405214,2,16768,2,0.522,2,TRUE,586,0.84,0.721,37.6,0,336180,libre_inversion,TRUE
CAND-03184,17/11/24,38,H,835692,17,10940,8,0.188,1,FALSE,,0.858,0.772,55.4,0,3356743,libre_inversion,TRUE
CAND-03206,17/11/24,29,M,2592519,19,151897,9,0.172,4,FALSE,,0.459,0.884,58.4,0,189685,libre_inversion,TRUE
CAND-03260,17/11/24,30,M,811722,2,59703,2,0.368,2,FALSE,,0.751,0.569,7.6,0,516933,avance_efectivo,TRUE
CAND-03346,17/11/24,41,M,1492087,25,34575,18,0.385,3,TRUE,618,0.42,0.502,7.6,0,2494596,compra_cartera,TRUE
CAND-03986,17/11/24,18,M,998965,13,11183,13,0.32,1,FALSE,,0.766,0.882,70.2,0,376575,avance_efectivo,TRUE
CAND-03662,17/11/24,40,H,2477152,22,78933,13,0.624,5,TRUE,848,0.832,0.648,36.6,0,993608,libre_inversion,TRUE
CAND-03157,17/11/24,50,H,1342313,4,82434,2,0.5,3,FALSE,,0.587,0.624,86.5,0,378424,compra_cartera,TRUE
CAND-03682,17/11/24,36,H,874455,2,24521,1,0.622,1,TRUE,611,0.649,0.8,45.6,0,631917,libre_inversion,TRUE
CAND-03121,17/11/24,35,H,934520,3,108077,2,0.633,1,TRUE,744,0.732,0.834,51.4,0,1927598,avance_efectivo,TRUE
CAND-03535,17/11/24,20,H,1211233,50,25226,29,0.353,3,FALSE,,0.821,0.588,75.1,0,1282992,libre_inversion,TRUE
CAND-03625,17/11/24,28,M,1737871,23,49796,16,0.257,5,FALSE,,0.597,0.512,62.6,0,690977,avance_efectivo,TRUE
CAND-03523,17/11/24,27,H,1318307,14,17860,9,0.109,2,TRUE,687,0.881,0.825,25.9,0,1226103,libre_inversion,TRUE
CAND-03954,17/11/24,50,H,817377,26,47381,19,0.438,4,TRUE,616,0.826,0.48,27,0,349682,libre_inversion,TRUE
CAND-03013,17/11/24,32,M,1193244,18,25624,13,0.599,5,TRUE,813,0.448,0.648,47.3,0,870689,avance_efectivo,TRUE
CAND-03368,17/11/24,40,M,1035347,23,27031,15,0.335,1,FALSE,,0.85,0.796,73.5,0,1077974,avance_efectivo,TRUE
CAND-03955,17/11/24,28,H,1240000,3,99585,3,0.437,1,TRUE,706,0.792,0.716,61.6,0,225868,compra_cartera,FALSE
CAND-03385,18/11/24,35,H,1093051,42,57325,14,0.157,1,FALSE,,,0.826,74,17349,186185,libre_inversion,TRUE
CAND-03979,18/11/24,31,M,1566687,2,87143,1,0.425,1,FALSE,,0.615,0.586,74.5,0,1898548,compra_cartera,TRUE
CAND-03122,18/11/24,34,H,955221,17,21895,10,0.114,1,TRUE,797,0.813,0.785,47.3,0,365741,libre_inversion,TRUE
CAND-03043,18/11/24,28,M,1108111,11,114200,4,0.227,1,FALSE,,0.8,0.691,61.6,0,1082137,libre_inversion,TRUE
CAND-03034,18/11/24,26,M,1014351,13,38575,3,0.444,1,FALSE,,0.891,0.756,98.6,0,406924,avance_efectivo,TRUE
CAND-03692,18/11/24,51,M,976928,8,76701,3,0.094,1,FALSE,,0.711,0.778,35.2,0,583880,libre_inversion,TRUE
CAND-03793,18/11/24,36,H,1444466,8,41403,6,0.629,3,FALSE,,0.652,0.756,39.6,0,363987,libre_inversion,TRUE
CAND-03851,19/11/24,31,M,593101,1,56815,2,0.506,1,TRUE,615,0.851,0.804,36.1,0,614679,libre_inversion,TRUE
CAND-03578,19/11/24,25,H,797786,1,23600,2,0.436,3,TRUE,621,0.777,0.573,54.4,0,672377,libre_inversion,TRUE
CAND-03892,19/11/24,22,H,1773943,52,16196,16,0.614,1,TRUE,588,0.441,0.79,87,0,243842,libre_inversion,TRUE
CAND-03315,19/11/24,34,M,2464817,29,106014,15,0.772,1,FALSE,,0.621,0.749,47.6,0,286366,avance_efectivo,TRUE
CAND-03494,19/11/24,39,H,1036404,2,44735,3,0.546,1,FALSE,,0.758,0.622,57.7,22869,216859,libre_inversion,TRUE
CAND-03257,20/11/24,24,M,1075080,8,46834,5,0.247,5,TRUE,738,0.868,,44.1,0,383105,avance_efectivo,TRUE
CAND-03574,20/11/24,29,M,1432428,12,71476,7,0.515,3,TRUE,645,0.894,0.725,20.8,0,1399942,compra_cartera,TRUE
CAND-03605,20/11/24,56,M,1029000,9,50250,2,0.672,3,FALSE,,0.577,0.638,20.4,0,508035,libre_inversion,TRUE
CAND-03155,20/11/24,30,M,783751,5,36151,1,0.571,4,TRUE,642,0.606,0.642,33.4,0,1222978,compra_cartera,TRUE
CAND-03030,20/11/24,20,H,986067,6,51184,3,0.548,1,TRUE,577,0.883,0.688,74.4,0,1272931,libre_inversion,TRUE
CAND-03263,20/11/24,32,H,900041,1,20324,0,0.631,2,TRUE,616,0.518,0.841,57.7,0,473608,avance_efectivo,TRUE
CAND-03622,20/11/24,24,M,1583148,52,48334,23,0.366,2,TRUE,632,0.457,0.704,50.3,0,513349,avance_efectivo,TRUE
CAND-03668,20/11/24,18,M,651781,60,19450,30,0.522,1,TRUE,708,0.741,0.39,50,0,1436298,avance_efectivo,TRUE
CAND-03996,20/11/24,35,H,1256494,5,64552,3,0.193,3,FALSE,,0.429,0.438,66.8,0,600684,avance_efectivo,TRUE
CAND-03176,20/11/24,49,H,1089154,38,44185,23,0.433,1,TRUE,615,0.731,0.467,27.1,0,788939,libre_inversion,TRUE
CAND-03276,20/11/24,41,M,810007,14,39471,5,0.779,2,TRUE,700,0.609,0.448,48.3,0,356980,libre_inversion,TRUE
CAND-03047,20/11/24,32,H,1795521,8,46019,4,0.803,2,TRUE,703,0.561,0.761,40.2,0,569462,avance_efectivo,TRUE
CAND-03478,20/11/24,36,H,1268769,19,77672,9,0.143,3,FALSE,,0.686,0.781,43,0,1377179,libre_inversion,TRUE
CAND-03553,20/11/24,34,M,1414174,31,60556,15,0.298,2,FALSE,,0.859,0.742,69.5,0,521905,libre_inversion,TRUE
CAND-03947,21/11/24,38,H,2882092,3,26400,0,0.802,3,TRUE,639,0.838,0.678,44.3,0,286627,libre_inversion,TRUE
CAND-03115,21/11/24,29,M,733859,27,24926,13,0.104,1,FALSE,,0.538,0.742,73.5,0,331063,libre_inversion,TRUE
CAND-03987,21/11/24,42,M,1085445,4,61281,0,0.416,1,TRUE,560,0.634,0.486,88.3,0,711395,compra_cartera,TRUE
CAND-03124,21/11/24,47,H,984013,6,56218,1,0.535,3,TRUE,681,0.69,0.723,31.5,0,905807,avance_efectivo,TRUE
CAND-03371,21/11/24,34,H,724848,28,17456,10,0.538,2,TRUE,727,,0.828,40.6,0,658855,libre_inversion,TRUE
CAND-03212,21/11/24,31,H,2052443,7,25964,1,0.796,1,FALSE,,0.868,0.688,41.6,0,667302,compra_cartera,TRUE
CAND-03836,21/11/24,18,H,1123745,5,56899,2,0.228,2,TRUE,573,0.624,0.703,53,0,309050,avance_efectivo,FALSE
CAND-03874,21/11/24,27,H,1563643,43,27325,15,0.407,4,TRUE,679,0.466,0.372,64,0,666834,libre_inversion,TRUE
CAND-03305,21/11/24,33,H,1479923,1,41157,0,0.469,2,FALSE,,0.614,0.667,16.1,0,1635491,libre_inversion,TRUE
CAND-03575,21/11/24,29,H,1019754,5,50379,1,0.631,4,TRUE,604,0.805,0.653,67.6,0,673230,libre_inversion,TRUE
CAND-03790,21/11/24,35,H,856125,2,153516,0,0.264,3,TRUE,760,0.841,0.76,42.7,0,233234,compra_cartera,TRUE
CAND-03966,22/11/24,38,H,908204,14,124671,6,0.295,2,FALSE,,0.828,0.732,39.4,0,528076,libre_inversion,TRUE
CAND-03241,22/11/24,40,M,1383224,7,31398,1,0.394,1,FALSE,,0.809,0.535,50.5,0,377697,libre_inversion,TRUE
CAND-03701,22/11/24,37,M,1186668,6,51007,5,0.176,4,TRUE,560,0.838,0.686,70,0,692516,libre_inversion,TRUE
CAND-03600,22/11/24,39,M,864167,4,69207,2,0.669,2,FALSE,,0.675,0.822,28.4,0,178659,avance_efectivo,TRUE
CAND-03077,22/11/24,49,H,1868232,27,19769,15,0.511,5,TRUE,513,0.577,0.543,94.6,0,1215057,compra_cartera,TRUE
CAND-03785,22/11/24,35,M,551174,22,81982,14,0.501,2,FALSE,,0.62,0.721,38,0,650720,libre_inversion,TRUE
CAND-03674,22/11/24,23,H,1800815,2,41335,1,0.076,1,FALSE,,0.724,0.589,83.7,0,169740,libre_inversion,TRUE
CAND-03347,23/11/24,34,H,1818644,3,43306,1,0.207,1,FALSE,,0.446,0.861,29,0,331759,libre_inversion,TRUE
CAND-03506,23/11/24,30,M,1420539,24,122642,9,0.506,3,FALSE,,0.647,0.801,40.2,0,780728,avance_efectivo,TRUE
CAND-03899,23/11/24,45,H,1322909,6,83834,0,0.327,4,TRUE,760,0.916,0.546,47,0,2482525,libre_inversion,TRUE
CAND-03288,23/11/24,46,M,546711,4,63931,4,0.467,2,TRUE,695,0.573,0.584,8.7,0,353178,libre_inversion,TRUE
CAND-03071,23/11/24,44,NB,714134,7,14993,3,0.511,3,TRUE,610,0.466,0.614,35.7,0,103603,libre_inversion,TRUE
CAND-03529,23/11/24,31,H,2866542,24,18338,13,0.33,2,FALSE,,0.648,0.776,41.7,0,1054030,compra_cartera,TRUE
CAND-03559,23/11/24,27,M,1188263,4,234918,2,0.41,1,TRUE,682,0.751,0.458,39.7,0,863656,avance_efectivo,TRUE
CAND-03313,24/11/24,23,M,732090,36,32375,16,0.204,1,FALSE,,0.664,0.634,64.7,0,2074960,compra_cartera,TRUE
CAND-03166,24/11/24,31,M,767621,2,9048,1,0.435,2,TRUE,547,0.671,0.541,57.4,0,742098,compra_cartera,TRUE
CAND-03808,24/11/24,46,M,826021,37,10729,21,0.253,2,TRUE,653,0.805,0.511,73,0,927345,avance_efectivo,TRUE
CAND-03350,24/11/24,35,NB,2088418,49,114480,19,0.172,2,FALSE,,0.665,0.835,36.2,0,395692,avance_efectivo,FALSE
CAND-03092,24/11/24,29,M,410575,17,33960,10,0.341,2,FALSE,,0.67,0.728,24.3,0,852845,compra_cartera,TRUE
CAND-03688,24/11/24,18,M,897992,4,7171,2,0.339,3,FALSE,,0.356,0.665,53.4,0,212306,avance_efectivo,TRUE
CAND-03816,24/11/24,40,M,2820642,20,58322,15,0.202,1,FALSE,,0.859,0.77,49.1,0,351786,avance_efectivo,TRUE
CAND-03778,24/11/24,23,NB,930216,4,52695,3,0.081,5,TRUE,714,0.725,0.722,11.5,0,507673,avance_efectivo,TRUE
CAND-03475,24/11/24,36,M,815375,31,41715,22,0.446,4,TRUE,789,0.401,0.584,56.7,0,999848,avance_efectivo,TRUE
CAND-03128,24/11/24,49,H,994636,6,83117,1,0.343,3,FALSE,,0.821,0.749,57.6,0,221705,libre_inversion,TRUE
CAND-03250,24/11/24,53,M,902519,1,68606,0,0.589,3,FALSE,,0.664,0.919,19.9,0,811739,libre_inversion,TRUE
CAND-03399,24/11/24,27,H,1402432,19,61985,7,0.558,1,FALSE,,0.387,0.828,24.1,0,533508,libre_inversion,TRUE
CAND-03638,24/11/24,55,H,1906124,29,37654,17,0.405,1,TRUE,684,0.696,0.793,58.6,0,494786,libre_inversion,TRUE
CAND-03661,25/11/24,45,H,1958524,5,21356,1,0.369,3,FALSE,,0.626,0.637,44,0,251964,libre_inversion,TRUE
CAND-03243,25/11/24,30,NB,1039188,9,99711,3,0.361,1,FALSE,,0.828,0.858,59.8,0,259720,libre_inversion,TRUE
CAND-03487,25/11/24,43,M,1638127,7,92366,2,0.33,3,FALSE,,0.841,0.692,47.8,0,508478,avance_efectivo,TRUE
CAND-03847,25/11/24,44,M,1013117,14,25190,12,0.253,2,FALSE,,0.532,0.735,39.1,0,898820,compra_cartera,TRUE
CAND-03828,25/11/24,22,M,975886,6,31391,2,0.356,2,TRUE,548,0.589,0.506,50.6,0,606608,compra_cartera,TRUE
CAND-03444,25/11/24,41,M,1069034,2,18763,2,0.528,1,FALSE,,0.644,,63.8,0,1122288,avance_efectivo,TRUE
CAND-03537,25/11/24,46,M,864804,17,28107,5,0.295,1,TRUE,530,0.846,0.737,18.8,0,458999,libre_inversion,TRUE
CAND-03989,25/11/24,35,H,493167,18,45279,12,0.348,1,TRUE,666,,0.78,53.3,0,653681,compra_cartera,TRUE
CAND-03815,25/11/24,41,H,1466173,13,76135,9,0.134,4,FALSE,,,0.677,41.8,0,442179,compra_cartera,TRUE
CAND-03550,25/11/24,30,M,844577,36,82047,21,0.543,3,TRUE,605,0.739,0.641,44,0,999513,compra_cartera,TRUE
CAND-03788,25/11/24,29,M,1204138,15,45827,4,0.705,3,TRUE,745,0.858,0.548,35.5,0,435714,compra_cartera,TRUE
CAND-03845,25/11/24,25,M,583816,11,16338,7,0.86,1,TRUE,723,,0.765,85.8,0,416725,compra_cartera,TRUE
CAND-03677,26/11/24,47,NB,1103617,12,26559,2,0.604,3,FALSE,,,,31.1,0,1312219,libre_inversion,TRUE
CAND-03965,26/11/24,37,H,1904128,14,61672,5,0.323,1,TRUE,667,0.693,0.924,45.3,0,713769,libre_inversion,TRUE
CAND-03127,26/11/24,19,H,895867,12,74927,6,0.034,5,FALSE,,0.674,0.599,42.5,0,1137988,libre_inversion,TRUE
CAND-03796,26/11/24,25,H,672941,1,64276,1,0.782,2,TRUE,561,0.789,0.753,37.3,0,1626558,avance_efectivo,TRUE
CAND-03137,26/11/24,53,M,1668195,1,99445,0,0.061,1,FALSE,,0.786,0.823,16.3,0,579015,avance_efectivo,TRUE
CAND-03709,26/11/24,43,H,1456410,25,88537,17,0.084,4,TRUE,715,0.821,0.803,68.8,0,397114,libre_inversion,TRUE
CAND-03221,26/11/24,44,H,1295864,9,59817,4,0.557,2,FALSE,,0.583,0.68,53.3,0,554280,libre_inversion,TRUE
CAND-03331,26/11/24,30,M,1365148,5,35530,1,0.645,4,TRUE,804,0.652,0.613,56.3,0,465104,libre_inversion,TRUE
CAND-03730,26/11/24,38,M,524124,7,32891,0,0.171,2,FALSE,,0.851,0.63,28.2,0,225751,compra_cartera,TRUE
CAND-03112,26/11/24,44,H,1838553,21,27228,9,0.515,1,TRUE,485,0.691,0.803,36.1,0,306140,libre_inversion,TRUE
CAND-03481,26/11/24,24,M,683813,9,21004,4,0.371,5,FALSE,,0.759,0.686,33.5,0,589208,libre_inversion,TRUE
CAND-03720,26/11/24,19,M,3636931,23,43001,8,0.317,1,FALSE,,0.754,0.852,50.5,0,832705,libre_inversion,TRUE
CAND-03223,26/11/24,37,H,1697382,11,64364,7,0.608,1,FALSE,,0.484,0.675,57.5,0,550714,libre_inversion,TRUE
CAND-03307,26/11/24,34,M,489503,16,9530,7,0.334,1,TRUE,679,0.587,0.652,90.7,0,326611,libre_inversion,TRUE
CAND-03235,26/11/24,41,H,1076566,40,11067,14,0.307,3,FALSE,,0.642,0.814,36.6,0,2114605,libre_inversion,TRUE
CAND-03967,26/11/24,46,H,2183860,7,45488,5,0.511,4,FALSE,,0.838,0.766,60.9,0,859946,compra_cartera,TRUE
CAND-03527,27/11/24,18,H,3132892,16,60466,8,0.37,2,FALSE,,0.822,0.872,70.7,0,1560083,libre_inversion,TRUE
CAND-03045,27/11/24,45,H,1606224,32,19456,11,0.511,1,TRUE,757,0.766,0.806,67.6,0,313154,avance_efectivo,TRUE
CAND-03873,27/11/24,37,M,1612876,60,23454,34,0.315,1,TRUE,589,0.302,0.698,60.1,0,235715,libre_inversion,TRUE
CAND-03446,27/11/24,43,NB,948508,12,8250,6,0.163,3,FALSE,,0.716,0.594,68,0,576153,libre_inversion,TRUE
CAND-03375,27/11/24,48,M,1248481,19,1632,10,0.316,1,TRUE,483,0.395,0.418,73.1,0,578081,libre_inversion,TRUE
CAND-03831,27/11/24,44,H,917839,38,49567,15,0.412,2,TRUE,689,0.893,0.541,54.5,0,968767,avance_efectivo,TRUE
CAND-03666,27/11/24,39,M,997966,10,24138,4,0.314,5,FALSE,,0.62,0.9,45,0,662305,libre_inversion,TRUE
CAND-03355,27/11/24,43,M,1588642,9,54415,8,0.836,1,TRUE,547,0.497,0.501,59,0,426426,libre_inversion,TRUE
CAND-03345,27/11/24,53,M,1444096,32,92059,18,0.383,2,FALSE,,0.402,,46.6,0,372448,avance_efectivo,TRUE
CAND-03869,27/11/24,30,M,2072810,35,8786,19,0.228,4,FALSE,,0.623,0.645,41.4,0,914476,libre_inversion,TRUE
CAND-03291,28/11/24,43,M,598937,5,32174,3,0.756,1,TRUE,600,0.879,0.679,71.1,0,702505,libre_inversion,TRUE
CAND-03048,28/11/24,34,M,1573559,8,24862,2,0.227,3,TRUE,649,0.588,0.78,14.9,0,998489,libre_inversion,TRUE
CAND-03319,28/11/24,50,H,1075085,29,28330,15,0.157,5,TRUE,646,0.732,0.619,45.6,34072,868589,avance_efectivo,TRUE
CAND-03775,28/11/24,29,M,1111263,11,17789,4,0.18,2,FALSE,,0.754,0.471,19.7,0,470022,avance_efectivo,TRUE
CAND-03403,28/11/24,31,M,2305591,8,93857,5,0.334,2,TRUE,530,0.572,0.488,47.7,0,708863,compra_cartera,TRUE
CAND-03278,28/11/24,18,H,505333,26,65401,8,0.343,2,FALSE,,0.531,0.793,70.1,0,122412,compra_cartera,TRUE
CAND-03728,28/11/24,48,H,966617,7,18540,3,0.19,3,TRUE,643,0.812,0.904,69.5,0,476142,libre_inversion,TRUE
CAND-03458,28/11/24,37,H,975677,10,26976,4,0.669,1,FALSE,,,0.851,31.1,0,525647,libre_inversion,TRUE
CAND-03035,28/11/24,50,H,975239,9,21473,3,0.196,3,TRUE,578,0.507,0.896,28.9,0,665293,libre_inversion,TRUE
CAND-03623,28/11/24,31,H,1704203,55,24600,27,0.729,1,TRUE,536,0.808,0.522,63.9,0,964981,compra_cartera,TRUE
CAND-03027,28/11/24,48,M,937906,9,105419,7,0.383,4,FALSE,,0.778,0.636,82.5,0,556910,avance_efectivo,TRUE
CAND-03824,28/11/24,18,M,4177437,1,36455,1,0.556,2,TRUE,597,0.757,,61.8,0,307464,compra_cartera,TRUE
CAND-03900,28/11/24,37,H,2426807,1,83579,0,0.478,1,TRUE,618,0.532,0.685,50.5,0,425541,libre_inversion,TRUE
CAND-03151,29/11/24,34,H,628332,40,40520,20,0.228,2,FALSE,,0.715,0.575,25.3,0,1175271,compra_cartera,TRUE
CAND-03937,29/11/24,34,NB,570131,14,101027,2,0.525,3,TRUE,627,0.744,0.856,56.1,0,313253,libre_inversion,TRUE
CAND-03875,29/11/24,38,H,1314375,13,89977,8,0.324,5,TRUE,710,0.731,0.886,88.9,0,330537,libre_inversion,TRUE
CAND-03095,29/11/24,31,M,579597,7,36150,2,0.303,2,TRUE,519,0.405,0.877,70.1,0,305730,libre_inversion,TRUE
CAND-03850,30/11/24,54,M,536815,1,24857,1,0.574,2,TRUE,751,0.785,0.723,61.6,0,928837,libre_inversion,TRUE
CAND-03283,30/11/24,48,M,1230009,8,49938,3,0.197,2,FALSE,,,0.616,56.7,0,432782,avance_efectivo,TRUE
CAND-03311,30/11/24,26,M,3228074,17,22492,6,0.195,5,FALSE,,0.84,0.642,48.1,0,1175806,compra_cartera,TRUE
CAND-03086,30/11/24,33,H,1342328,2,22913,2,0.165,3,TRUE,578,0.455,0.353,47.3,0,986105,avance_efectivo,TRUE
CAND-03314,30/11/24,46,M,1033857,11,34255,6,0.558,1,TRUE,639,0.53,0.804,24.5,0,296311,libre_inversion,TRUE
CAND-03646,30/11/24,20,H,1524679,10,43269,3,0.419,4,TRUE,629,0.579,0.874,35.9,0,267187,compra_cartera,TRUE
CAND-03924,30/11/24,32,M,1247483,1,36355,0,0.624,1,FALSE,,0.383,0.718,33.3,0,820493,libre_inversion,TRUE
CAND-03372,30/11/24,48,M,1857182,6,41566,2,0.093,2,FALSE,,0.501,0.388,42.1,0,738065,avance_efectivo,TRUE
CAND-03585,30/11/24,28,H,2253400,19,15275,8,0.302,3,TRUE,650,0.714,0.615,52.9,0,679546,avance_efectivo,TRUE
CAND-03510,30/11/24,40,H,1053212,34,107137,18,0.847,1,FALSE,,0.536,0.727,64.7,0,422945,compra_cartera,TRUE
CAND-03185,30/11/24,34,M,1558974,12,32381,8,0.565,3,TRUE,615,0.828,0.527,44.8,0,656736,libre_inversion,TRUE
CAND-03003,30/11/24,41,H,1106875,28,74067,14,0.333,1,TRUE,588,0.789,0.535,14.3,0,428512,libre_inversion,TRUE
CAND-03318,1/12/24,25,H,1443654,35,130939,18,0.505,2,TRUE,481,0.778,0.56,63.2,0,466213,compra_cartera,TRUE
CAND-03990,1/12/24,26,M,609477,7,40039,3,0.039,1,FALSE,,0.617,0.725,5.9,0,558783,libre_inversion,TRUE
CAND-03962,1/12/24,44,H,1135135,11,72042,5,0.238,3,FALSE,,0.611,0.592,47.2,0,2267752,compra_cartera,TRUE
CAND-03437,1/12/24,27,H,1624325,1,39446,1,0.082,1,TRUE,757,0.578,0.598,19.1,0,727441,libre_inversion,TRUE
CAND-03383,1/12/24,41,H,814650,5,51252,3,0.143,1,FALSE,,,0.787,84,0,1311350,libre_inversion,TRUE
CAND-03032,1/12/24,61,H,1662239,38,15660,17,0.385,1,TRUE,664,0.758,0.775,21.3,0,268784,compra_cartera,TRUE
CAND-03560,1/12/24,47,M,964287,57,38975,30,0.418,4,FALSE,,0.705,,75.1,9288,656354,compra_cartera,TRUE
CAND-03258,1/12/24,34,H,2284682,4,100643,1,0.424,1,TRUE,622,0.721,0.834,41.6,0,318486,libre_inversion,TRUE
CAND-03558,1/12/24,34,H,1893153,2,71547,1,0.669,1,FALSE,,0.681,,60.4,0,460360,avance_efectivo,TRUE
CAND-03453,1/12/24,47,H,1572895,3,45772,0,0.564,4,TRUE,740,0.501,,0,0,619589,libre_inversion,TRUE
CAND-03389,1/12/24,35,H,1371298,45,48602,33,0.305,1,FALSE,,0.594,0.497,76,0,801753,compra_cartera,TRUE
CAND-03228,1/12/24,25,M,1341063,7,24063,5,0.098,1,TRUE,686,0.767,0.479,24.2,0,100000,compra_cartera,TRUE
CAND-03104,1/12/24,27,NB,560411,4,13017,4,0.221,5,TRUE,826,0.559,0.736,65.9,0,689973,libre_inversion,TRUE
CAND-03794,2/12/24,25,H,1980582,49,43111,23,0.481,4,TRUE,651,0.372,0.625,69.5,0,1141722,compra_cartera,TRUE
CAND-03886,2/12/24,18,H,514542,15,92815,6,0.688,1,TRUE,602,0.678,,91.1,0,836760,libre_inversion,TRUE
CAND-03338,2/12/24,45,H,892174,1,15604,1,0.374,5,FALSE,,0.599,0.711,43,0,685543,libre_inversion,TRUE
CAND-03459,2/12/24,35,H,1533869,25,69192,18,0.264,1,TRUE,785,0.683,0.764,20.5,0,3324179,libre_inversion,TRUE
CAND-03718,2/12/24,42,H,910931,5,19463,1,0.504,2,TRUE,718,0.748,0.64,46.6,0,998708,avance_efectivo,TRUE
CAND-03803,2/12/24,37,H,1270735,14,18315,8,0.167,2,FALSE,,0.743,,78.8,0,756515,libre_inversion,TRUE
CAND-03774,2/12/24,34,M,1198416,43,23293,20,0.498,2,FALSE,,0.811,0.77,40.1,0,690551,libre_inversion,TRUE
CAND-03696,2/12/24,40,M,2115182,14,17479,4,0.525,2,TRUE,560,0.894,0.762,73.3,0,1653511,libre_inversion,TRUE
CAND-03840,2/12/24,18,M,1821446,46,17572,23,0.813,3,FALSE,,0.541,0.815,15.4,8193,383795,libre_inversion,TRUE
CAND-03387,2/12/24,33,H,1371384,8,39526,4,0.458,2,FALSE,,0.614,0.796,42.6,0,1033374,avance_efectivo,TRUE
CAND-03891,2/12/24,49,H,1627411,2,16421,1,0.413,2,FALSE,,0.753,0.541,73.5,0,523623,libre_inversion,TRUE
CAND-03370,3/12/24,46,M,731817,22,43153,7,0.197,2,FALSE,,0.734,0.737,53.9,0,473733,compra_cartera,TRUE
CAND-03653,3/12/24,27,H,712002,15,107799,4,0.319,5,TRUE,642,0.83,0.427,64.9,0,656222,libre_inversion,TRUE
CAND-03404,3/12/24,18,H,1757878,12,31310,6,0.064,1,TRUE,745,0.615,0.873,40.1,0,429678,libre_inversion,TRUE
CAND-03868,3/12/24,38,M,719955,28,44389,12,0.138,4,FALSE,,0.713,0.469,53.8,0,873672,libre_inversion,TRUE
CAND-03096,3/12/24,45,M,1439609,1,41178,3,0.286,3,TRUE,617,0.708,0.499,40,0,506005,libre_inversion,TRUE
CAND-03415,3/12/24,44,H,1195904,21,51429,13,0.609,4,TRUE,574,0.593,0.723,47.7,0,309705,avance_efectivo,TRUE
CAND-03139,4/12/24,20,M,727319,1,13698,0,0.662,3,TRUE,688,0.816,0.861,59.5,0,750291,avance_efectivo,TRUE
CAND-03287,4/12/24,26,M,1135081,25,35450,18,0.032,1,FALSE,,0.397,0.652,56.9,0,200672,libre_inversion,TRUE
CAND-03980,4/12/24,35,H,908590,4,57840,1,0.778,1,TRUE,647,0.685,0.84,85.2,0,244365,libre_inversion,TRUE
CAND-03599,4/12/24,41,M,806282,6,58778,4,0.583,5,FALSE,,0.861,0.849,61.7,0,441543,avance_efectivo,TRUE
CAND-03248,4/12/24,47,H,4005815,17,68033,3,0.667,3,FALSE,,0.639,0.853,0,0,700624,compra_cartera,TRUE
CAND-03406,4/12/24,30,M,1151801,3,9596,1,0.791,2,FALSE,,0.735,0.654,38.9,0,368721,compra_cartera,TRUE
CAND-03306,4/12/24,31,NB,1546298,1,86059,2,0.603,2,TRUE,579,0.562,0.595,58.1,0,342564,libre_inversion,TRUE
CAND-03594,4/12/24,18,H,1038652,6,17933,2,0.142,1,FALSE,,,0.706,35.1,0,620958,libre_inversion,TRUE
CAND-03401,4/12/24,26,H,1776322,10,66741,6,0.174,4,FALSE,,0.351,0.467,53.9,0,1483423,avance_efectivo,TRUE
CAND-03042,4/12/24,51,M,1522292,7,39275,1,0.525,2,TRUE,705,0.494,0.73,78.7,0,661341,avance_efectivo,TRUE
CAND-03309,4/12/24,22,H,2015987,1,12067,2,0.473,2,FALSE,,0.569,0.723,27.3,0,816821,compra_cartera,TRUE
CAND-03698,4/12/24,36,M,504960,33,23586,23,0.586,1,TRUE,597,0.308,0.478,16.4,0,4225433,avance_efectivo,TRUE
CAND-03272,4/12/24,32,M,1348889,12,10926,4,0.446,4,FALSE,,0.775,,64,0,347984,compra_cartera,TRUE
CAND-03707,4/12/24,28,H,2318501,14,46815,8,0.23,3,FALSE,,0.637,0.671,33.7,0,359087,libre_inversion,TRUE
CAND-03936,5/12/24,37,H,799257,11,40838,1,0.576,3,FALSE,,0.417,0.904,64.2,0,370629,libre_inversion,TRUE
CAND-03524,5/12/24,41,M,1052429,15,43469,6,0.274,2,FALSE,,0.614,0.733,57.7,0,831713,libre_inversion,TRUE
CAND-03256,5/12/24,34,H,1137446,11,36195,6,0.148,2,TRUE,670,,0.652,69.3,0,1187059,compra_cartera,TRUE
CAND-03393,5/12/24,38,M,3443676,38,3541,22,0.364,1,TRUE,597,0.855,0.756,34.1,0,450265,avance_efectivo,TRUE
CAND-03546,5/12/24,32,H,1377340,5,92369,1,0.369,2,TRUE,586,0.632,0.728,56.1,0,777272,libre_inversion,TRUE
CAND-03616,5/12/24,22,M,1529434,3,23874,0,0.029,2,TRUE,471,0.747,0.654,60,14188,562961,libre_inversion,TRUE
CAND-03759,5/12/24,49,H,1608799,7,26235,1,0.255,3,FALSE,,0.607,,8.4,0,395920,compra_cartera,TRUE
CAND-03680,5/12/24,37,M,1348352,10,21634,3,0.444,5,TRUE,515,0.613,0.812,49.9,0,1029291,libre_inversion,TRUE
CAND-03182,5/12/24,23,H,1102154,15,21632,7,0.483,2,TRUE,440,0.913,,46.8,0,916842,libre_inversion,TRUE
CAND-03780,5/12/24,20,M,1027690,3,30719,0,0.329,1,FALSE,,0.91,0.89,63.1,0,694872,avance_efectivo,TRUE
CAND-03777,6/12/24,39,M,1252177,7,47008,5,0.382,2,TRUE,752,0.871,0.576,39.5,0,500678,libre_inversion,TRUE
CAND-03171,6/12/24,39,M,983070,11,30621,10,0.269,1,FALSE,,0.744,0.689,60.4,0,1041515,compra_cartera,TRUE
CAND-03126,6/12/24,37,H,1585722,10,15503,6,0.269,3,TRUE,616,0.528,0.779,28.7,0,637681,libre_inversion,TRUE
CAND-03993,6/12/24,37,H,383318,20,51331,10,0.343,2,FALSE,,0.775,0.729,74.5,0,287529,compra_cartera,TRUE
CAND-03997,6/12/24,21,H,952553,10,26195,10,0.095,1,TRUE,695,0.715,0.526,29.3,0,320809,libre_inversion,TRUE
CAND-03766,6/12/24,59,M,9.101.048.054.918.660,3,31686,2,0.545,1,TRUE,584,0.839,0.387,32,0,218794,libre_inversion,TRUE
CAND-03974,6/12/24,36,M,1740397,5,17153,4,0.213,1,FALSE,,0.667,0.807,19.9,0,405544,libre_inversion,TRUE
CAND-03783,6/12/24,32,H,2339284,3,40967,1,0.502,1,FALSE,,0.766,0.705,61.2,0,1970566,libre_inversion,TRUE
CAND-03080,6/12/24,55,M,1501878,4,34567,3,0.581,4,FALSE,,0.576,0.606,75,0,755802,libre_inversion,TRUE
CAND-03829,6/12/24,27,M,863238,14,33027,5,0.674,1,TRUE,659,0.58,0.66,74.5,0,869401,libre_inversion,TRUE
CAND-03055,6/12/24,32,M,2105635,1,69985,3,0.16,3,FALSE,,0.685,0.263,37,0,814268,libre_inversion,TRUE
CAND-03614,6/12/24,48,H,917306,13,70888,3,0.469,5,TRUE,566,0.722,0.739,50.4,0,1768187,libre_inversion,TRUE
CAND-03877,6/12/24,38,H,1756606,19,98550,5,0.344,4,FALSE,,0.596,0.805,19.9,0,978368,libre_inversion,TRUE
CAND-03612,6/12/24,38,H,2363251,1,70283,0,0.285,3,TRUE,656,0.663,0.769,51.4,0,1005629,avance_efectivo,TRUE
CAND-03800,6/12/24,35,M,2265843,13,21835,9,0.729,3,FALSE,,0.782,0.433,50.6,0,281930,libre_inversion,FALSE
CAND-03896,7/12/24,41,H,1495882,6,64181,5,0.259,1,FALSE,,0.745,0.772,63.2,0,280931,libre_inversion,TRUE
CAND-03855,7/12/24,34,H,837024,5,53001,3,0.557,4,FALSE,,0.459,0.834,48.2,0,461410,avance_efectivo,TRUE
CAND-03857,7/12/24,24,M,1779859,2,17113,2,0.744,4,FALSE,,0.653,0.371,59.7,0,1182336,avance_efectivo,TRUE
CAND-03366,7/12/24,38,M,1974744,14,54186,8,0.617,3,TRUE,717,0.722,0.745,61.9,0,1609636,avance_efectivo,TRUE
CAND-03915,7/12/24,38,H,907163,1,25188,1,0.297,2,FALSE,,0.751,0.798,67.6,0,160606,avance_efectivo,TRUE
CAND-03205,7/12/24,29,M,1864864,6,84945,1,0.688,2,FALSE,,0.626,0.755,89.6,0,143015,compra_cartera,TRUE
CAND-03544,7/12/24,54,H,2779631,7,57545,5,0.563,3,FALSE,,0.817,0.802,37.2,0,492034,avance_efectivo,TRUE
CAND-03251,7/12/24,53,M,972185,1,57252,1,0.64,2,FALSE,,0.526,0.673,42.6,0,1425466,libre_inversion,TRUE
CAND-03750,7/12/24,23,H,1021093,60,131033,33,0.795,4,FALSE,,0.658,,81.5,0,638012,avance_efectivo,TRUE
CAND-03395,7/12/24,37,M,1737333,24,8550,11,0.794,4,FALSE,,0.619,,38.6,0,679554,libre_inversion,TRUE
CAND-03582,7/12/24,30,H,943860,5,43112,0,0.553,3,TRUE,576,0.768,0.811,32.1,0,880174,compra_cartera,TRUE
CAND-03302,7/12/24,18,H,586094,5,3369,1,0.145,4,FALSE,,0.692,0.632,37.3,0,800587,compra_cartera,TRUE
CAND-03349,7/12/24,40,M,475972,2,10734,1,0.136,3,TRUE,706,0.672,0.58,52.3,0,546431,compra_cartera,TRUE
CAND-03130,7/12/24,31,H,1440476,3,90774,1,0.518,3,FALSE,,0.699,0.807,43.8,0,1066983,libre_inversion,TRUE
CAND-03533,7/12/24,18,M,1376106,14,86562,9,0.127,1,TRUE,684,0.586,,100,0,1539423,libre_inversion,TRUE
CAND-03939,7/12/24,64,H,2337162,14,27133,7,0.359,3,TRUE,766,0.723,0.756,61.7,0,1406,libre_inversion,TRUE
CAND-03219,7/12/24,47,NB,1372805,4,78747,1,0.395,2,TRUE,496,,0.715,58.2,0,235226,libre_inversion,TRUE
CAND-03310,8/12/24,28,H,2050175,30,38856,18,0.256,2,TRUE,564,0.854,0.587,68.3,0,525965,libre_inversion,TRUE
CAND-03717,8/12/24,20,H,2586227,9,72826,2,0.715,1,FALSE,,0.701,,58.7,0,453852,compra_cartera,TRUE
CAND-03945,8/12/24,34,M,867854,8,36662,9,0.155,4,TRUE,680,0.677,0.637,35.2,0,994062,avance_efectivo,TRUE
CAND-03056,8/12/24,42,H,1285738,21,45774,14,0.325,5,FALSE,,0.599,0.847,70.7,0,230594,libre_inversion,TRUE
CAND-03975,8/12/24,23,M,704285,1,36610,3,0.516,2,FALSE,,0.608,0.534,49.7,0,443800,compra_cartera,TRUE
CAND-03736,8/12/24,35,H,1754900,21,193953,16,0.248,1,FALSE,,0.807,0.931,44.9,0,671331,libre_inversion,TRUE
CAND-03079,8/12/24,52,M,783822,12,10072,10,0.755,1,TRUE,740,0.643,0.48,72.6,0,311698,avance_efectivo,TRUE
CAND-03764,8/12/24,50,H,1776292,58,101005,26,0.358,3,FALSE,,0.519,0.402,66.6,0,385074,libre_inversion,TRUE
CAND-03843,8/12/24,34,M,2027883,1,18539,1,0.598,3,TRUE,654,0.686,0.903,74.3,0,534085,libre_inversion,TRUE
CAND-03040,9/12/24,18,H,1297594,1,65285,1,0.034,2,TRUE,639,0.513,0.678,18.8,0,297822,compra_cartera,TRUE
CAND-03021,9/12/24,30,H,1826262,7,8460,2,0.218,2,FALSE,,0.873,0.305,74.5,0,357119,libre_inversion,TRUE
CAND-03268,9/12/24,28,H,1256757,3,26712,0,0.448,1,TRUE,643,0.606,0.683,14,0,736606,libre_inversion,TRUE
CAND-04000,9/12/24,27,H,758228,2,31774,1,0.396,3,FALSE,,0.867,0.822,50.8,0,407798,libre_inversion,TRUE
CAND-03710,9/12/24,38,M,751304,14,63075,2,0.513,3,TRUE,676,0.439,0.752,75.6,0,1339884,libre_inversion,TRUE
CAND-03530,9/12/24,36,H,774258,6,58981,2,0.662,3,FALSE,,0.827,0.819,36.6,0,438962,avance_efectivo,TRUE
CAND-03324,9/12/24,41,NB,1277433,2,61416,0,0.454,2,TRUE,669,0.589,0.44,90.2,0,1678612,avance_efectivo,TRUE
CAND-03650,9/12/24,37,H,1155917,60,35830,31,0.11,1,TRUE,569,0.635,0.66,67.1,0,636672,libre_inversion,TRUE
CAND-03085,9/12/24,20,H,1207021,7,36205,2,0.206,2,TRUE,677,0.536,0.81,60.5,0,408690,avance_efectivo,TRUE
CAND-03716,9/12/24,29,H,1503699,1,7471,1,0.089,3,TRUE,620,0.891,0.764,48.3,0,888099,libre_inversion,TRUE
CAND-03323,9/12/24,40,M,680390,10,124428,4,0.513,3,FALSE,,0.787,0.75,56.9,0,1190458,libre_inversion,TRUE
CAND-03098,9/12/24,30,M,2380793,2,60563,0,0.386,1,FALSE,,0.734,0.813,34,0,551983,avance_efectivo,TRUE
CAND-03164,9/12/24,46,H,2349957,3,22563,2,0.055,2,TRUE,607,0.652,0.801,65.5,0,431943,libre_inversion,TRUE
CAND-03473,9/12/24,44,H,1755769,4,54619,3,0.604,3,FALSE,,0.528,0.64,54.4,0,348289,libre_inversion,TRUE
CAND-03624,9/12/24,19,M,889302,2,65585,0,0.339,1,TRUE,631,0.861,0.635,83.2,0,604210,avance_efectivo,TRUE
CAND-03199,9/12/24,30,H,1761671,1,10516,1,0.225,5,TRUE,662,0.571,0.862,60.3,0,450926,avance_efectivo,TRUE
CAND-03229,10/12/24,45,H,1254274,24,52098,12,0.255,3,TRUE,409,0.751,0.494,45,0,831443,libre_inversion,TRUE
CAND-03576,10/12/24,23,H,1154320,1,32093,0,0.158,2,TRUE,794,0.574,,75.5,0,299669,libre_inversion,TRUE
CAND-03193,10/12/24,40,H,1309749,4,120397,1,0.524,4,FALSE,,0.734,,23,0,477522,libre_inversion,TRUE
CAND-03057,10/12/24,33,M,596377,15,84266,2,0.407,1,TRUE,742,0.844,0.751,95.2,0,731047,libre_inversion,TRUE
CAND-03317,10/12/24,42,M,969792,3,29770,1,0.16,4,FALSE,,0.889,0.629,62.1,0,589805,libre_inversion,TRUE
CAND-03089,10/12/24,33,H,1522489,1,102777,0,0.498,2,FALSE,,0.7,0.767,75.1,0,738486,libre_inversion,TRUE
CAND-03209,10/12/24,46,H,935666,8,43539,5,0.453,4,TRUE,567,,0.657,65,0,337580,compra_cartera,TRUE
CAND-03634,10/12/24,29,M,1012436,30,20686,10,0.297,5,TRUE,692,0.224,0.511,30.5,0,637960,avance_efectivo,TRUE
CAND-03330,10/12/24,35,M,1997279,1,26892,1,0.186,4,TRUE,604,0.893,0.489,77.4,0,293907,compra_cartera,TRUE
CAND-03637,10/12/24,28,H,3749751,3,15627,3,0.78,4,FALSE,,0.879,0.869,25.3,0,330207,avance_efectivo,TRUE
CAND-03511,11/12/24,38,M,660590,21,59040,11,0.051,1,FALSE,,0.907,0.837,55.4,0,1995866,libre_inversion,TRUE
CAND-03505,11/12/24,19,M,1409646,27,4466,6,0.786,1,FALSE,,0.767,0.667,60.8,0,335982,libre_inversion,TRUE
CAND-03423,11/12/24,37,M,1675916,29,32920,15,0.556,2,FALSE,,0.742,0.767,99.2,0,531008,libre_inversion,TRUE
CAND-03253,11/12/24,36,H,968346,1,110781,3,0.488,3,FALSE,,0.604,0.793,43.7,0,308449,avance_efectivo,TRUE
CAND-03073,11/12/24,52,M,1319243,13,14162,9,0.721,1,TRUE,656,,0.77,37.7,0,269737,libre_inversion,TRUE
CAND-03177,11/12/24,32,H,905465,1,32184,1,0.427,1,FALSE,,0.562,0.87,50.7,0,1103044,libre_inversion,TRUE
CAND-03683,11/12/24,28,H,2081248,4,22173,2,0.429,1,FALSE,,0.627,0.802,50.5,0,1073114,libre_inversion,TRUE
CAND-03934,11/12/24,29,M,2291077,23,51273,16,0.139,2,TRUE,706,0.707,0.628,71,0,302336,libre_inversion,TRUE
CAND-03103,11/12/24,55,M,1423920,1,15072,0,0.424,4,TRUE,594,0.806,0.685,33.3,0,727478,compra_cartera,TRUE
CAND-03394,11/12/24,34,H,1232170,8,42549,8,0.192,1,TRUE,570,0.629,0.764,56.3,0,1123814,libre_inversion,TRUE
CAND-03849,11/12/24,41,M,514585,2,10115,4,0.242,2,FALSE,,0.916,0.683,31.9,0,405480,avance_efectivo,TRUE
CAND-03148,11/12/24,32,M,863621,15,37033,7,0.128,1,FALSE,,0.77,0.801,42.3,0,569457,libre_inversion,TRUE
CAND-03649,12/12/24,46,M,1179582,46,45378,27,0.735,1,TRUE,567,0.764,0.556,72.5,0,492846,compra_cartera,TRUE
CAND-03963,12/12/24,49,M,2616822,7,59957,2,0.629,1,FALSE,,0.871,0.871,55.3,0,610906,compra_cartera,TRUE
CAND-03652,12/12/24,34,M,1300769,15,27490,9,0.298,3,FALSE,,0.686,0.789,62.7,0,1467535,libre_inversion,TRUE
CAND-03490,12/12/24,18,M,346295,29,47971,19,0.554,1,TRUE,524,0.773,0.473,19.9,0,161324,compra_cartera,TRUE
CAND-03838,12/12/24,32,H,1353716,6,16059,1,0.428,3,TRUE,701,0.837,0.492,74.9,0,1070716,libre_inversion,TRUE
CAND-03844,12/12/24,37,M,753348,8,18937,1,0.467,3,FALSE,,0.833,0.553,60.9,0,268136,libre_inversion,TRUE
CAND-03948,13/12/24,31,NB,603485,7,20514,0,0.293,1,FALSE,,0.672,0.531,72.8,0,144632,libre_inversion,TRUE
CAND-03676,13/12/24,39,H,1119268,12,65747,9,0.576,2,TRUE,703,0.499,0.682,25,0,532893,libre_inversion,TRUE
CAND-03525,13/12/24,31,M,1685410,42,26079,18,0.378,2,FALSE,,0.744,0.491,58.5,0,329408,libre_inversion,TRUE
CAND-03275,13/12/24,39,M,571536,22,77962,10,0.658,1,TRUE,507,0.511,0.573,47.7,0,1548715,libre_inversion,TRUE
CAND-03498,13/12/24,18,H,1495484,17,71732,7,0.418,2,TRUE,647,0.724,0.678,75.4,0,1052443,libre_inversion,TRUE
CAND-03016,13/12/24,35,H,1332729,12,69786,3,0.462,2,TRUE,474,0.798,0.836,80.5,0,952167,libre_inversion,TRUE
CAND-03363,13/12/24,37,H,1261765,18,29924,4,0.1,5,TRUE,507,0.746,0.749,65.6,0,528446,libre_inversion,TRUE
CAND-03308,13/12/24,39,H,1558119,35,83317,23,0.552,1,FALSE,,,0.507,50.8,0,361962,libre_inversion,TRUE
CAND-03540,13/12/24,37,M,1840823,6,58863,5,0.536,1,TRUE,548,0.797,0.91,34.2,0,267350,libre_inversion,TRUE
CAND-03830,13/12/24,45,M,1350247,6,100358,3,0.463,1,FALSE,,0.703,0.858,39.7,0,2348724,libre_inversion,TRUE
CAND-03526,14/12/24,44,M,676795,12,13990,5,0.283,1,TRUE,594,0.758,0.914,71.7,0,710830,avance_efectivo,TRUE
CAND-03905,14/12/24,36,M,999921,1,20998,4,0.452,1,TRUE,651,0.737,0.613,69.5,0,1897083,libre_inversion,TRUE
CAND-03591,14/12/24,42,H,927211,6,70612,2,0.686,2,FALSE,,0.787,0.711,27.8,0,458153,avance_efectivo,TRUE
CAND-03826,14/12/24,26,M,1222896,20,29065,11,0.486,3,TRUE,765,0.653,,43.7,0,756413,avance_efectivo,TRUE
CAND-03601,14/12/24,18,H,451691,17,32375,5,0.028,2,TRUE,505,0.722,0.435,58.8,0,958929,libre_inversion,TRUE
CAND-03942,14/12/24,26,H,1177867,8,103217,3,0.346,2,TRUE,560,0.49,0.796,68.5,0,627766,libre_inversion,TRUE
CAND-03782,14/12/24,39,M,900054,22,104781,14,0.222,4,TRUE,551,0.509,0.677,51.2,0,536947,avance_efectivo,TRUE
CAND-03486,14/12/24,27,H,1033980,2,66018,0,0.493,3,FALSE,,0.769,0.891,44,0,1792425,compra_cartera,TRUE
CAND-03409,15/12/24,44,H,1443247,18,60331,8,0.275,3,FALSE,,0.67,0.826,76.6,0,1002424,avance_efectivo,TRUE
CAND-03114,15/12/24,45,H,928458,23,12316,15,0.182,2,TRUE,478,0.528,0.652,47.5,13778,246883,avance_efectivo,TRUE
CAND-03374,15/12/24,37,H,2463030,41,24777,20,0.315,2,FALSE,,0.698,0.453,25.5,0,453974,libre_inversion,TRUE
CAND-03083,15/12/24,30,H,721106,33,111887,14,0.725,1,TRUE,658,0.681,0.432,40.9,0,1409455,compra_cartera,TRUE
CAND-03342,15/12/24,23,M,1559987,6,52810,3,0.402,2,FALSE,,0.77,0.648,63.3,0,602993,compra_cartera,TRUE
CAND-03207,15/12/24,47,NB,1469281,10,33376,1,0.223,2,FALSE,,0.745,0.642,58.8,0,1052387,compra_cartera,TRUE
CAND-03725,15/12/24,43,H,683526,6,62038,2,0.169,2,FALSE,,0.704,0.816,50.6,0,503425,libre_inversion,TRUE
CAND-03186,15/12/24,18,NB,1106320,5,24111,0,0.283,3,FALSE,,0.853,0.882,23.6,0,1083890,libre_inversion,TRUE
CAND-03513,15/12/24,30,M,1145362,16,13299,13,0.387,3,FALSE,,0.585,0.476,59.4,0,467756,libre_inversion,TRUE
CAND-03267,16/12/24,27,H,3258108,6,27898,3,0.267,1,FALSE,,0.621,0.65,30.3,0,222871,libre_inversion,TRUE
CAND-03178,16/12/24,43,H,744933,1,49307,1,0.822,3,TRUE,612,0.539,0.825,52.2,0,648191,libre_inversion,TRUE
CAND-03336,16/12/24,45,M,964007,10,12471,9,0.391,2,FALSE,,0.452,0.555,35.5,0,466841,libre_inversion,TRUE
CAND-03361,16/12/24,19,H,1089742,21,23993,5,0.423,5,TRUE,660,0.741,0.77,56.8,0,306025,compra_cartera,TRUE
CAND-03025,16/12/24,42,H,960546,29,21530,11,0.585,3,FALSE,,0.821,0.927,71,0,324673,libre_inversion,TRUE
CAND-03639,16/12/24,32,M,742595,4,43718,3,0.724,3,TRUE,690,0.702,0.713,78.9,0,614000,libre_inversion,TRUE
CAND-03903,16/12/24,38,M,891012,9,44472,4,0.404,3,TRUE,663,0.638,0.406,52.8,0,510859,libre_inversion,TRUE
CAND-03068,16/12/24,34,H,2029647,6,56487,3,0.759,4,TRUE,615,0.622,0.749,53.1,0,1484762,libre_inversion,TRUE
CAND-03504,17/12/24,58,H,770479,22,32133,9,0.399,2,TRUE,635,0.745,0.698,93,0,231303,libre_inversion,TRUE
CAND-03703,17/12/24,37,H,761305,16,34127,8,0.348,1,TRUE,617,0.752,0.488,52,0,609433,libre_inversion,TRUE
CAND-03175,17/12/24,24,H,2796306,6,40563,3,0.271,1,FALSE,,0.55,0.507,38.9,0,745696,avance_efectivo,TRUE
CAND-03586,17/12/24,59,H,1220272,6,25592,2,0.686,2,TRUE,687,0.864,0.421,56.6,0,1214747,libre_inversion,TRUE
CAND-03920,17/12/24,18,H,1187829,41,25041,22,0.484,5,TRUE,641,0.546,0.714,37.2,0,1353226,libre_inversion,TRUE
CAND-03809,17/12/24,43,H,2228090,5,19148,3,0.361,4,FALSE,,0.806,,39.8,0,361548,compra_cartera,TRUE
CAND-03763,17/12/24,33,M,1190432,3,33082,5,0.261,2,TRUE,598,0.606,0.644,78.1,8633,414422,libre_inversion,TRUE
CAND-03274,17/12/24,37,H,914457,2,17202,1,0.324,2,TRUE,527,0.587,0.834,81.3,0,421676,libre_inversion,TRUE
CAND-03203,17/12/24,32,H,1549826,3,41508,1,0.223,2,TRUE,586,0.849,0.888,43.8,0,429972,compra_cartera,TRUE
CAND-03344,17/12/24,18,M,884485,13,64748,8,0.085,2,TRUE,794,0.761,0.771,42.6,0,834241,libre_inversion,TRUE
CAND-03542,17/12/24,30,H,1158979,5,147978,3,0.239,1,TRUE,563,0.343,0.798,74.4,0,617951,libre_inversion,TRUE
CAND-03972,17/12/24,31,M,1415888,13,78549,6,0.397,1,TRUE,620,0.909,0.705,43.6,0,553034,libre_inversion,TRUE
CAND-03970,17/12/24,34,H,1093546,1,102772,1,0.336,4,FALSE,,0.536,0.592,59.5,0,754233,compra_cartera,TRUE
CAND-03812,17/12/24,39,M,1171007,28,17626,17,0.755,5,TRUE,533,0.723,0.388,58.1,0,329276,libre_inversion,TRUE
CAND-03474,17/12/24,42,M,1350292,7,39879,1,0.257,2,FALSE,,0.68,0.663,40.2,0,1530388,libre_inversion,TRUE
CAND-03916,17/12/24,38,M,1782667,10,14283,7,0.253,3,TRUE,647,0.845,0.778,21.2,0,1071967,libre_inversion,TRUE
CAND-03673,17/12/24,51,M,1727068,6,43840,6,0.158,4,FALSE,,0.769,0.742,44.6,0,906217,compra_cartera,TRUE
CAND-03747,18/12/24,38,H,902367,48,15557,26,0.289,3,FALSE,,0.574,0.75,43.1,0,397588,libre_inversion,TRUE
CAND-03833,18/12/24,38,M,1664659,10,40567,4,0.777,4,FALSE,,0.574,0.747,100,0,1018208,compra_cartera,TRUE
CAND-03277,18/12/24,41,H,1588978,3,22574,1,0.2,1,FALSE,,,0.89,54.4,0,884280,libre_inversion,TRUE
CAND-03181,18/12/24,32,H,1315093,1,79995,1,0.406,1,TRUE,816,0.59,0.743,29.9,0,542695,libre_inversion,TRUE
CAND-03502,18/12/24,46,H,1306294,5,27868,3,0.447,2,TRUE,646,0.775,0.599,82.7,0,1067455,libre_inversion,TRUE
CAND-03029,19/12/24,22,M,1356300,10,39474,6,0.081,1,TRUE,679,0.547,0.849,66.2,0,468296,libre_inversion,TRUE
CAND-03870,19/12/24,47,H,2017124,60,56717,30,0.383,2,FALSE,,0.613,0.754,76.4,0,1416228,compra_cartera,TRUE
CAND-03528,19/12/24,58,H,1615821,19,101572,5,0.365,2,FALSE,,0.518,0.656,32.8,0,1209670,avance_efectivo,TRUE
CAND-03865,19/12/24,35,M,2814101,1,24904,0,0.621,3,FALSE,,0.705,,56.2,0,694455,compra_cartera,TRUE
CAND-03923,19/12/24,18,NB,2087764,4,6619,3,0.558,1,TRUE,520,0.618,0.808,84.1,0,488869,compra_cartera,TRUE
CAND-03858,19/12/24,44,H,1020269,7,85898,4,0.163,2,FALSE,,0.87,0.835,29.9,0,720731,avance_efectivo,TRUE
CAND-03449,19/12/24,37,M,1526842,25,31418,9,0.27,2,TRUE,682,0.45,0.748,75.6,0,1535733,libre_inversion,TRUE
CAND-03648,19/12/24,21,H,2452460,3,44685,0,0.652,5,FALSE,,0.711,0.707,63.6,0,600732,compra_cartera,TRUE
CAND-03180,19/12/24,47,H,2646103,2,23754,1,0.425,3,TRUE,611,0.385,0.639,48,0,435414,libre_inversion,TRUE
CAND-03686,19/12/24,40,H,505029,8,41144,5,0.515,1,TRUE,628,,0.54,92.4,0,445314,libre_inversion,TRUE
CAND-03598,20/12/24,23,M,986750,26,41212,11,0.355,4,FALSE,,0.909,0.647,70.8,0,157969,libre_inversion,TRUE
CAND-03964,20/12/24,18,M,784651,5,35204,5,0.523,5,TRUE,651,0.675,0.445,58.7,0,577677,libre_inversion,TRUE
CAND-03984,20/12/24,39,M,1443543,24,8183,11,0.57,5,TRUE,704,0.588,0.811,74.9,0,685323,libre_inversion,TRUE
CAND-03141,20/12/24,54,M,853934,52,18204,35,0.421,4,FALSE,,0.583,0.762,33.3,0,194896,compra_cartera,TRUE
CAND-03902,20/12/24,50,M,1209761,9,86898,2,0.885,4,FALSE,,,0.422,49.2,0,1038813,libre_inversion,TRUE
CAND-03464,20/12/24,18,M,3310123,11,58964,3,0.459,3,FALSE,,0.338,0.648,36.1,0,735812,compra_cartera,TRUE
CAND-03411,20/12/24,27,H,1950246,10,86737,6,0.295,4,FALSE,,0.736,0.823,79.5,0,1454753,libre_inversion,TRUE
CAND-03667,20/12/24,43,M,1806101,43,12265,17,0.228,3,TRUE,704,0.767,0.777,46.4,0,1714506,avance_efectivo,TRUE
CAND-03733,20/12/24,44,H,1051541,2,22983,2,0.229,2,TRUE,729,0.714,0.727,41.6,0,368769,avance_efectivo,TRUE
CAND-03695,20/12/24,39,H,694008,5,37363,4,0.289,4,TRUE,699,0.561,0.766,46.4,0,1525904,libre_inversion,TRUE
CAND-03724,21/12/24,35,M,1047447,1,2559,1,0.223,3,TRUE,522,0.816,0.716,26.1,0,469218,compra_cartera,TRUE
CAND-03450,21/12/24,36,H,1162139,3,31739,2,0.438,1,TRUE,705,0.558,0.728,48.3,0,434196,avance_efectivo,TRUE
CAND-03197,21/12/24,43,H,692820,2,40456,0,0.255,3,FALSE,,0.836,0.556,18.5,0,925865,libre_inversion,TRUE
CAND-03867,21/12/24,26,H,2086133,6,68301,1,0.396,4,FALSE,,0.844,0.828,29.6,0,666375,libre_inversion,TRUE
CAND-03977,21/12/24,25,M,1937927,24,137150,15,0.425,3,TRUE,677,0.697,0.623,66.5,0,927920,libre_inversion,TRUE
CAND-03090,21/12/24,19,H,541099,10,13239,7,0.243,1,TRUE,709,0.917,0.848,57.2,0,592572,compra_cartera,TRUE
CAND-03161,21/12/24,37,M,641475,10,66491,6,0.561,2,FALSE,,0.633,,52.8,0,314248,libre_inversion,TRUE
CAND-03058,21/12/24,29,H,1495776,14,11992,5,0.27,1,TRUE,848,0.872,0.621,14.6,0,701112,avance_efectivo,TRUE
CAND-03797,21/12/24,31,M,1297219,40,16108,25,0.292,3,TRUE,649,,0.637,57.3,0,413886,avance_efectivo,TRUE
CAND-03589,21/12/24,24,NB,1618657,1,40057,2,0.3,1,FALSE,,0.71,0.704,44.5,0,511861,compra_cartera,TRUE
CAND-03832,21/12/24,43,M,1211151,39,56776,19,0.547,4,FALSE,,0.538,0.594,67.8,0,1573316,libre_inversion,TRUE
CAND-03515,21/12/24,29,H,810544,7,70799,5,0.046,1,FALSE,,0.854,0.457,33.8,0,779789,libre_inversion,TRUE
CAND-03125,21/12/24,34,M,1745328,3,15823,1,0.545,2,TRUE,465,0.324,0.522,41.7,0,753844,avance_efectivo,TRUE
CAND-03835,22/12/24,23,NB,1815172,8,191484,6,0.445,4,TRUE,824,0.804,0.727,19.9,0,447048,libre_inversion,TRUE
CAND-03925,22/12/24,18,H,1679976,12,137541,7,0.441,1,FALSE,,0.638,0.781,25.1,0,1110836,avance_efectivo,TRUE
CAND-03982,22/12/24,51,H,632806,16,71895,10,0.743,3,FALSE,,0.835,0.704,37.7,0,495895,libre_inversion,TRUE
CAND-03242,22/12/24,24,H,1307940,33,84934,13,0.352,3,FALSE,,0.529,0.835,20,0,357797,libre_inversion,TRUE
CAND-03327,23/12/24,31,H,1307243,1,59187,1,0.553,3,FALSE,,0.728,0.739,70.7,0,1354291,compra_cartera,TRUE
CAND-03520,23/12/24,53,H,1088070,37,90171,18,0.739,2,FALSE,,0.68,0.929,80.1,0,884569,libre_inversion,TRUE
CAND-03340,23/12/24,26,H,1490908,4,21091,2,0.754,4,TRUE,730,0.887,0.886,56.1,0,1056244,compra_cartera,TRUE
CAND-03503,23/12/24,34,M,966472,16,106331,7,0.799,1,FALSE,,,0.69,27.6,0,585910,compra_cartera,TRUE
CAND-03053,23/12/24,35,H,1597976,37,22489,12,0.066,1,TRUE,729,0.692,0.412,30.4,0,889238,avance_efectivo,TRUE
CAND-03495,23/12/24,49,M,1354831,15,47689,11,0.293,4,FALSE,,0.43,0.632,44.3,0,227218,libre_inversion,TRUE
CAND-03232,23/12/24,18,M,1840572,11,20128,6,0.454,3,FALSE,,0.77,0.717,24.5,0,437157,compra_cartera,TRUE
CAND-03702,23/12/24,32,H,1487526,7,29269,3,0.344,2,FALSE,,0.769,0.537,9.4,0,457296,avance_efectivo,TRUE
CAND-03656,23/12/24,45,H,1086331,48,38590,28,0.265,1,FALSE,,0.885,0.752,73.3,0,712163,libre_inversion,TRUE
CAND-03431,23/12/24,45,H,726426,1,17979,0,0.589,1,FALSE,,0.727,0.551,61.4,0,216261,libre_inversion,TRUE
CAND-03587,24/12/24,29,NB,867965,12,30525,5,0.343,3,FALSE,,0.814,0.528,38.1,0,907551,libre_inversion,TRUE
CAND-03386,24/12/24,20,M,1928335,4,83507,1,0.374,3,TRUE,652,0.661,0.744,48.8,0,1170995,avance_efectivo,TRUE
CAND-03534,24/12/24,35,M,664575,18,81253,10,0.231,4,TRUE,676,0.647,0.569,56.5,0,869180,avance_efectivo,TRUE
CAND-03448,24/12/24,39,M,559305,46,33288,18,0.231,5,TRUE,672,0.501,0.766,51,0,354804,compra_cartera,TRUE
CAND-03006,24/12/24,51,H,1646239,9,10500,5,0.023,5,TRUE,645,,0.512,25.1,0,639,compra_cartera,TRUE
CAND-03454,24/12/24,47,H,11.244.004.820.438.900,25,18460,13,0.463,4,FALSE,,0.856,0.868,68.4,0,638791,libre_inversion,TRUE
CAND-03316,25/12/24,57,M,2020228,27,18233,14,0.58,3,TRUE,686,0.607,0.718,31,0,185040,libre_inversion,TRUE
CAND-03767,25/12/24,31,H,834712,29,2280,10,0.383,2,FALSE,,0.498,0.59,29.8,0,345994,avance_efectivo,TRUE
CAND-03786,25/12/24,31,H,724525,1,33526,0,0.594,2,TRUE,654,0.707,0.792,43.2,0,733712,libre_inversion,TRUE
CAND-03729,25/12/24,33,M,1037647,2,28965,1,0.175,4,TRUE,684,0.825,0.567,45.9,0,598686,libre_inversion,TRUE
CAND-03807,25/12/24,45,H,1053641,14,18763,5,0.345,3,TRUE,708,0.755,0.381,55.8,0,192266,libre_inversion,TRUE
CAND-03445,25/12/24,34,H,552964,31,62698,19,0.204,4,FALSE,,0.71,,67.1,0,280009,compra_cartera,TRUE
CAND-03237,25/12/24,20,H,697818,7,16764,4,0.296,4,FALSE,,,0.824,40.3,10631,900532,avance_efectivo,TRUE
CAND-03927,26/12/24,37,M,1121367,22,30497,14,0.565,1,FALSE,,0.634,0.539,48.5,0,1157570,avance_efectivo,TRUE
CAND-03658,26/12/24,36,M,1530404,1,28897,0,0.32,2,FALSE,,0.49,0.559,31.8,0,788447,libre_inversion,TRUE
CAND-03339,26/12/24,33,H,999429,11,43195,13,0.797,1,TRUE,579,0.794,0.845,64.4,0,253600,libre_inversion,TRUE
CAND-03135,26/12/24,34,M,976835,14,15161,12,0.835,2,TRUE,679,0.613,0.798,43.6,0,694223,avance_efectivo,TRUE
CAND-03912,26/12/24,53,H,796241,31,8699,15,0.636,3,FALSE,,0.841,,61,0,361835,libre_inversion,TRUE
CAND-03334,26/12/24,21,H,1350417,2,18236,0,0.527,4,FALSE,,0.75,0.364,51.9,0,666210,libre_inversion,TRUE
CAND-03145,26/12/24,39,H,1830299,16,40425,7,0.265,2,FALSE,,0.454,0.765,65.3,0,313403,compra_cartera,TRUE
CAND-03621,26/12/24,34,H,2019369,10,71346,5,0.668,1,TRUE,706,0.628,0.681,68.9,0,669177,avance_efectivo,TRUE
CAND-03116,26/12/24,27,M,1065015,30,16439,20,0.293,2,TRUE,580,0.643,0.788,74.3,0,404309,libre_inversion,TRUE
CAND-03556,26/12/24,33,M,564349,1,111029,0,0.642,2,TRUE,733,0.882,0.747,26.1,0,416860,libre_inversion,TRUE
CAND-03811,27/12/24,40,M,956451,13,20404,7,0.425,2,TRUE,750,0.853,0.313,26.6,0,716933,avance_efectivo,TRUE
CAND-03950,27/12/24,34,M,640540,30,52497,14,0.328,2,TRUE,593,0.688,0.542,84.2,0,396644,compra_cartera,TRUE
CAND-03049,27/12/24,35,H,511414,1,84692,1,0.423,2,FALSE,,0.813,,82.8,0,868762,libre_inversion,TRUE
CAND-03971,27/12/24,34,NB,740842,12,22000,4,0.455,3,TRUE,676,0.47,,79.1,0,331988,compra_cartera,TRUE
CAND-03183,27/12/24,37,H,2100688,13,259976,10,0.393,3,TRUE,604,0.649,0.653,22,0,1918569,libre_inversion,TRUE
CAND-03754,27/12/24,33,M,636686,39,46457,22,0.354,3,FALSE,,0.735,0.743,35.6,0,479557,compra_cartera,TRUE
CAND-03691,27/12/24,48,M,1901671,1,44459,1,0.608,4,TRUE,532,0.856,0.844,75.3,0,966409,libre_inversion,TRUE
CAND-03678,27/12/24,37,M,1592012,1,15411,0,0.184,5,TRUE,660,0.463,0.874,30.1,0,831758,libre_inversion,TRUE
CAND-03597,27/12/24,54,M,756138,10,51313,7,0.918,2,FALSE,,0.786,0.749,87.4,0,354812,compra_cartera,TRUE
CAND-03654,27/12/24,22,H,1933150,1,89195,1,0.36,2,TRUE,600,0.854,0.705,74.6,0,435223,compra_cartera,TRUE
CAND-03022,27/12/24,44,M,853957,59,19406,22,0.289,2,TRUE,743,0.764,0.356,9.9,0,545953,libre_inversion,TRUE
CAND-03548,27/12/24,27,NB,1412385,18,65147,14,0.365,4,TRUE,705,0.807,0.773,54.4,0,746241,avance_efectivo,TRUE
CAND-03516,27/12/24,27,M,1006264,9,22623,4,0.279,3,TRUE,570,0.705,0.77,91.5,0,1387876,libre_inversion,TRUE
CAND-03862,27/12/24,54,M,1021712,24,110482,9,0.134,2,TRUE,679,0.817,0.535,86.9,0,342472,libre_inversion,TRUE
CAND-03352,27/12/24,43,NB,2150371,11,263585,2,0.379,2,FALSE,,,0.649,57,0,350421,compra_cartera,TRUE
CAND-03326,27/12/24,43,M,891556,1,59660,2,0.398,2,TRUE,676,0.57,0.871,27.3,0,513365,libre_inversion,TRUE
CAND-03879,28/12/24,35,M,1199918,27,29522,11,0.267,1,FALSE,,0.661,0.774,50,0,620347,libre_inversion,TRUE
CAND-03410,28/12/24,20,M,1330452,36,11325,18,0.647,2,TRUE,755,0.809,0.837,31.8,0,285887,libre_inversion,TRUE
CAND-03633,28/12/24,37,H,1264620,15,86630,5,0.408,2,FALSE,,0.859,,0,0,462814,avance_efectivo,TRUE
CAND-03732,28/12/24,39,H,2161969,2,10621,0,0.293,3,TRUE,701,0.803,0.774,32.3,0,359776,compra_cartera,TRUE
CAND-03028,28/12/24,30,M,2608905,8,19244,6,0.204,2,TRUE,642,0.637,0.632,47.8,0,376892,libre_inversion,TRUE
CAND-03081,28/12/24,46,M,2421525,15,27962,11,0.677,3,FALSE,,0.464,0.794,74.2,0,698851,compra_cartera,TRUE
CAND-03301,28/12/24,35,M,643917,13,22165,7,0.428,3,TRUE,618,0.417,0.743,30.1,0,678439,libre_inversion,TRUE
CAND-03933,28/12/24,45,M,606206,14,83345,5,0.624,2,TRUE,670,0.732,0.854,76.8,0,602388,avance_efectivo,TRUE
CAND-03887,28/12/24,46,H,673342,1,100398,0,0.22,1,FALSE,,0.733,0.635,59.7,0,190738,avance_efectivo,TRUE
CAND-03825,28/12/24,32,M,1348600,7,10656,1,0.649,1,TRUE,798,0.664,0.619,57.4,0,173504,libre_inversion,TRUE
CAND-03289,28/12/24,40,NB,1308470,26,91384,13,0.445,1,TRUE,729,0.799,0.749,57,0,283037,libre_inversion,TRUE
CAND-03246,28/12/24,41,NB,1037274,1,29655,2,0.824,3,TRUE,599,,0.709,50.3,0,767517,libre_inversion,TRUE
CAND-03509,28/12/24,42,H,643078,1,78192,0,0.39,5,TRUE,699,0.513,0.661,44.5,0,440066,libre_inversion,TRUE
CAND-03169,28/12/24,30,H,1322568,11,9756,5,0.568,4,TRUE,694,0.571,0.589,42.4,0,1280455,avance_efectivo,TRUE
CAND-03762,29/12/24,44,H,863958,1,16852,2,0.189,1,FALSE,,0.725,0.592,44.1,0,840300,libre_inversion,TRUE
CAND-03738,29/12/24,37,M,1347725,8,18227,7,0.403,1,FALSE,,0.841,0.771,31.3,0,505545,avance_efectivo,TRUE
CAND-03946,29/12/24,53,H,1020876,10,72060,10,0.614,4,TRUE,757,0.86,0.718,25.4,0,275260,libre_inversion,TRUE
CAND-03536,29/12/24,34,H,881922,32,10051,10,0.172,4,TRUE,798,0.786,0.59,38.1,0,399190,avance_efectivo,TRUE
CAND-03018,29/12/24,34,H,188.460.920.093.132,46,98572,13,0.404,1,FALSE,,0.65,0.685,73.8,0,552686,avance_efectivo,TRUE
CAND-03522,29/12/24,33,H,1133393,3,58319,1,0.732,3,FALSE,,,0.745,52.4,0,687671,libre_inversion,TRUE
CAND-03657,29/12/24,37,H,1124690,9,58103,4,0.43,2,FALSE,,0.667,0.761,84.4,0,403055,compra_cartera,TRUE
CAND-03719,30/12/24,37,M,1390652,3,37441,2,0.407,2,TRUE,647,0.753,0.589,68,0,1025184,libre_inversion,TRUE
CAND-03670,30/12/24,42,M,818117,11,62877,2,0.472,1,FALSE,,0.169,0.74,32,0,1964732,libre_inversion,TRUE
CAND-03295,30/12/24,33,M,660326,4,34967,3,0.557,1,FALSE,,0.537,0.849,32.4,0,201944,libre_inversion,TRUE
CAND-03443,30/12/24,22,M,1757906,28,80893,16,0.575,1,FALSE,,0.577,0.681,56,0,326379,libre_inversion,TRUE
CAND-03842,30/12/24,37,M,1578529,10,79517,8,0.18,5,TRUE,635,0.551,0.422,53.2,0,435326,compra_cartera,TRUE
CAND-03804,30/12/24,36,H,1341386,14,142568,4,0.329,1,TRUE,649,0.723,0.839,42.3,0,359279,compra_cartera,TRUE
CAND-03863,30/12/24,32,M,1892558,12,21109,8,0.419,4,TRUE,752,0.614,0.76,35.9,0,1331711,avance_efectivo,TRUE
CAND-03132,30/12/24,24,M,2004155,1,31167,0,0.451,3,FALSE,,0.748,0.885,59.1,0,1669336,libre_inversion,TRUE
CAND-03154,30/12/24,40,M,689879,8,6012,2,0.265,3,FALSE,,,0.769,34.8,0,641190,libre_inversion,TRUE
CAND-03801,30/12/24,29,H,459773,1,122124,0,0.45,5,TRUE,649,0.721,0.615,75,0,172737,avance_efectivo,TRUE
CAND-03820,30/12/24,38,M,902101,25,29456,11,0.197,4,FALSE,,0.671,0.902,100,0,557276,libre_inversion,TRUE
CAND-03664,30/12/24,40,M,1460905,3,42158,0,0.362,3,TRUE,664,0.57,0.488,48,0,804191,libre_inversion,TRUE
CAND-03412,31/12/24,32,M,1173126,10,38957,5,0.395,2,FALSE,,0.854,0.599,60.9,0,777024,avance_efectivo,TRUE
CAND-03882,31/12/24,38,M,1895527,5,70055,1,0.456,1,FALSE,,0.721,0.559,50.5,0,436196,compra_cartera,TRUE
CAND-03846,31/12/24,40,H,1866581,14,34791,6,0.298,1,FALSE,,0.902,0.748,30.3,0,1276104,libre_inversion,TRUE
CAND-03756,31/12/24,30,H,611602,4,12844,1,0.484,3,TRUE,721,0.717,0.853,83.8,0,865622,libre_inversion,TRUE
CAND-03191,31/12/24,54,M,1372875,1,25275,1,0.627,3,FALSE,,0.599,0.578,41.9,0,1496147,avance_efectivo,TRUE
CAND-03217,31/12/24,21,M,664791,12,55265,7,0.242,1,TRUE,653,0.703,0.427,57.5,0,651272,libre_inversion,TRUE
CAND-03531,31/12/24,25,M,946024,21,19460,11,0.235,2,FALSE,,0.8,0.556,81.2,0,918812,libre_inversion,TRUE
CAND-03580,31/12/24,49,H,1868891,1,81049,1,0.454,1,FALSE,,0.689,0.26,55.3,0,905038,compra_cartera,TRUE
CAND-03545,31/12/24,38,H,839889,27,85899,10,0.319,4,FALSE,,0.429,0.423,51.6,0,740963,libre_inversion,TRUE
CAND-03620,31/12/24,35,NB,856366,7,16320,2,0.225,3,TRUE,651,0.699,0.644,27.9,0,1129268,libre_inversion,TRUE
CAND-03908,31/12/24,44,H,927812,19,46026,9,0.47,1,TRUE,519,0.706,0.682,18,0,2102800,compra_cartera,TRUE
CAND-03039,31/12/24,60,M,693143,10,25025,3,0.523,5,FALSE,,0.594,0.575,37.4,0,400027,libre_inversion,TRUE
CAND-03102,31/12/24,46,H,1476467,10,28158,6,0.32,3,TRUE,620,0.227,0.791,42.3,0,964137,libre_inversion,TRUE
CAND-03931,31/12/24,31,H,1690130,50,36080,35,0.155,3,FALSE,,0.476,0.905,43.1,0,250603,libre_inversion,TRUE
CAND-03087,31/12/24,29,H,887347,5,63897,3,0.424,3,FALSE,,,0.659,46.6,0,350775,libre_inversion,TRUE